show_id,title,type,release_year,rating,target_audience,duration_int,primary_genre,primary_country,cluster,cluster_label
s1,3%,TV Show,2020,TV-MA,Adults,4,International TV Shows,Brazil,3,Multi-season continuing series
s6,46,TV Show,2016,TV-MA,Adults,1,International TV Shows,Turkey,1,Contemporary mostly single-season series
s12,1983,TV Show,2018,TV-MA,Adults,1,Crime TV Shows,Poland,1,Contemporary mostly single-season series
s13,1994,TV Show,2019,TV-MA,Adults,1,Crime TV Shows,Mexico,1,Contemporary mostly single-season series
s17,Feb-09,TV Show,2018,TV-14,Teens,1,International TV Shows,Unknown Country,1,Contemporary mostly single-season series
s25,​SAINT SEIYA: Knights of the Zodiac,TV Show,2020,TV-14,Teens,2,Anime Series,Japan,1,Contemporary mostly single-season series
s27,(Un)Well,TV Show,2020,TV-MA,Adults,1,Reality TV,United States,1,Contemporary mostly single-season series
s30,#blackAF,TV Show,2020,TV-MA,Adults,1,TV Comedies,United States,1,Contemporary mostly single-season series
s39,แผนร้ายนายเจ้าเล่ห์,TV Show,2016,TV-14,Teens,1,International TV Shows,Unknown Country,1,Contemporary mostly single-season series
s46,Şubat,TV Show,2013,TV-MA,Adults,1,Crime TV Shows,Turkey,1,Contemporary mostly single-season series
s52,100 Days My Prince,TV Show,2018,TV-14,Teens,1,International TV Shows,South Korea,1,Contemporary mostly single-season series
s54,100 Humans,TV Show,2020,TV-14,Teens,1,Docuseries,United States,1,Contemporary mostly single-season series
s59,100% Hotter,TV Show,2017,TV-14,Teens,1,British TV Shows,United Kingdom,1,Contemporary mostly single-season series
s62,12 Years Promise,TV Show,2014,TV-14,Teens,1,International TV Shows,South Korea,1,Contemporary mostly single-season series
s64,13 Reasons Why,TV Show,2020,TV-MA,Adults,4,Crime TV Shows,United States,3,Multi-season continuing series
s65,13 Reasons Why: Beyond the Reasons,TV Show,2019,TV-MA,Adults,3,Crime TV Shows,United States,1,Contemporary mostly single-season series
s81,20 Minutes,TV Show,2013,TV-MA,Adults,1,Crime TV Shows,Turkey,1,Contemporary mostly single-season series
s86,21 Again,TV Show,2019,TV-MA,Adults,1,British TV Shows,United Kingdom,1,Contemporary mostly single-season series
s87,21 Sarfarosh: Saragarhi 1897,TV Show,2018,TV-14,Teens,1,International TV Shows,India,1,Contemporary mostly single-season series
s88,21 Thunder,TV Show,2017,TV-MA,Adults,1,Crime TV Shows,Canada,1,Contemporary mostly single-season series
s96,28 Moons,TV Show,2016,TV-PG,Adults,1,International TV Shows,South Korea,1,Contemporary mostly single-season series
s109,3Below: Tales of Arcadia,TV Show,2019,TV-Y7,Teens,2,Kids' TV,United States,1,Contemporary mostly single-season series
s112,44 Cats,TV Show,2018,TV-Y7,Teens,2,Kids' TV,Italy,1,Contemporary mostly single-season series
s113,45 rpm,TV Show,2019,TV-MA,Adults,1,International TV Shows,Spain,1,Contemporary mostly single-season series
s131,60 Days In,TV Show,2019,TV-MA,Adults,1,Reality TV,United States,1,Contemporary mostly single-season series
s133,7 (Seven),TV Show,2019,TV-14,Teens,1,TV Shows,India,1,Contemporary mostly single-season series
s135,7 Days Out,TV Show,2018,TV-PG,Adults,1,Docuseries,United States,1,Contemporary mostly single-season series
s138,72 Cutest Animals,TV Show,2016,TV-PG,Adults,1,Docuseries,Australia,1,Contemporary mostly single-season series
s139,72 Dangerous Animals: Asia,TV Show,2018,TV-14,Teens,1,Docuseries,Australia,1,Contemporary mostly single-season series
s140,72 Dangerous Animals: Latin America,TV Show,2017,TV-14,Teens,1,Docuseries,Australia,1,Contemporary mostly single-season series
s141,72 Dangerous Places to Live,TV Show,2016,TV-PG,Adults,1,Docuseries,Australia,1,Contemporary mostly single-season series
s142,7SEEDS,TV Show,2020,TV-MA,Adults,2,Anime Series,Unknown Country,1,Contemporary mostly single-season series
s143,9 Months That Made You,TV Show,2016,TV-PG,Adults,1,British TV Shows,United States,1,Contemporary mostly single-season series
s153,A Boy Name Flora A,TV Show,2017,TV-MA,Adults,1,International TV Shows,Taiwan,1,Contemporary mostly single-season series
s181,A Good Wife,TV Show,2013,TV-14,Teens,1,International TV Shows,Taiwan,1,Contemporary mostly single-season series
s189,A House of Blocks,TV Show,2017,TV-PG,Adults,1,International TV Shows,Taiwan,1,Contemporary mostly single-season series
s192,A Korean Odyssey,TV Show,2017,TV-MA,Adults,1,International TV Shows,South Korea,1,Contemporary mostly single-season series
s196,A Lion in the House,TV Show,2006,TV-14,Teens,1,TV Shows,United States,0,Older acquired television catalogue
s198,A Little Help with Carol Burnett,TV Show,2018,TV-G,Kids,1,Stand-Up Comedy & Talk Shows,United States,1,Contemporary mostly single-season series
s199,A Little Thing Called First Love,TV Show,2019,TV-G,Kids,1,International TV Shows,China,1,Contemporary mostly single-season series
s200,A Love So Beautiful,TV Show,2020,TV-PG,Adults,1,International TV Shows,South Korea,1,Contemporary mostly single-season series
s203,A Man Called God,TV Show,2010,TV-14,Teens,1,Crime TV Shows,South Korea,0,Older acquired television catalogue
s214,A Perfect Crime,TV Show,2020,TV-14,Teens,1,Crime TV Shows,Germany,1,Contemporary mostly single-season series
s219,A Queen Is Born,TV Show,2020,TV-14,Teens,1,International TV Shows,Brazil,1,Contemporary mostly single-season series
s226,A Series of Unfortunate Events,TV Show,2019,TV-PG,Adults,3,Kids' TV,United States,1,Contemporary mostly single-season series
s236,A Taiwanese Tale of Two Cities,TV Show,2018,TV-MA,Adults,1,International TV Shows,Taiwan,1,Contemporary mostly single-season series
s240,A Thousand Goodnights,TV Show,2019,TV-14,Teens,1,International TV Shows,Taiwan,1,Contemporary mostly single-season series
s242,A Touch of Green,TV Show,2016,TV-MA,Adults,1,International TV Shows,Taiwan,1,Contemporary mostly single-season series
s249,A Very Secret Service,TV Show,2018,TV-MA,Adults,2,International TV Shows,France,1,Contemporary mostly single-season series
s257,A Year In Space,TV Show,2015,TV-PG,Adults,1,Docuseries,United States,1,Contemporary mostly single-season series
s259,A Young Doctor's Notebook and Other Stories,TV Show,2013,TV-MA,Adults,2,British TV Shows,United Kingdom,1,Contemporary mostly single-season series
s260,A.D. Kingdom and Empire,TV Show,2015,TV-14,Teens,1,TV Dramas,United States,1,Contemporary mostly single-season series
s261,A.I.C.O.,TV Show,2018,TV-14,Teens,1,Anime Series,Japan,1,Contemporary mostly single-season series
s277,Abby Hatcher,TV Show,2019,TV-Y,Kids,1,Kids' TV,United States,1,Contemporary mostly single-season series
s285,Abnormal Summit,TV Show,2017,TV-PG,Adults,2,International TV Shows,South Korea,1,Contemporary mostly single-season series
s289,Abstract: The Art of Design,TV Show,2019,TV-14,Teens,2,Docuseries,United States,1,Contemporary mostly single-season series
s290,Absurd Planet,TV Show,2020,TV-PG,Adults,1,Docuseries,United States,1,Contemporary mostly single-season series
s291,Abyss,TV Show,2019,TV-14,Teens,1,Crime TV Shows,South Korea,1,Contemporary mostly single-season series
s295,Accidentally in Love,TV Show,2018,TV-14,Teens,1,International TV Shows,China,1,Contemporary mostly single-season series
s304,Ad Vitam,TV Show,2018,TV-MA,Adults,1,Crime TV Shows,France,1,Contemporary mostly single-season series
s307,Adam Ruins Everything,TV Show,2018,TV-14,Teens,1,TV Comedies,United States,1,Contemporary mostly single-season series
s320,Afflicted,TV Show,2018,TV-MA,Adults,1,Docuseries,United States,1,Contemporary mostly single-season series
s322,Africa,TV Show,2013,TV-PG,Adults,1,British TV Shows,United Kingdom,1,Contemporary mostly single-season series
s323,Afronta! Facing It!,TV Show,2017,TV-PG,Adults,1,Docuseries,Brazil,1,Contemporary mostly single-season series
s325,After Life,TV Show,2020,TV-MA,Adults,2,British TV Shows,United Kingdom,1,Contemporary mostly single-season series
s334,Against the Tide,TV Show,2014,TV-14,Teens,1,Crime TV Shows,Singapore,1,Contemporary mostly single-season series
s336,Age Gap Love,TV Show,2017,TV-MA,Adults,1,British TV Shows,United Kingdom,1,Contemporary mostly single-season series
s337,Age of Glory,TV Show,2010,TV-MA,Adults,2,International TV Shows,Unknown Country,0,Older acquired television catalogue
s338,Age of Rebellion,TV Show,2018,TV-MA,Adults,1,Crime TV Shows,Taiwan,1,Contemporary mostly single-season series
s339,Age of Tanks,TV Show,2017,TV-PG,Adults,1,Docuseries,Germany,1,Contemporary mostly single-season series
s340,Agent,TV Show,2019,TV-MA,Adults,1,International TV Shows,Mauritius,1,Contemporary mostly single-season series
s341,Agent Raghav,TV Show,2015,TV-14,Teens,1,Crime TV Shows,India,1,Contemporary mostly single-season series
s342,Aggretsuko,TV Show,2020,TV-14,Teens,3,Anime Series,Japan,1,Contemporary mostly single-season series
s349,Ainori Love Wagon: African Journey,TV Show,2019,TV-14,Teens,1,International TV Shows,Japan,1,Contemporary mostly single-season series
s350,Ainori Love Wagon: Asian Journey,TV Show,2018,TV-MA,Adults,2,International TV Shows,Japan,1,Contemporary mostly single-season series
s351,Ainsley Eats the Streets,TV Show,2014,TV-PG,Adults,1,British TV Shows,United Kingdom,1,Contemporary mostly single-season series
s358,AJ and the Queen,TV Show,2020,TV-14,Teens,1,TV Comedies,United States,1,Contemporary mostly single-season series
s360,Ajaibnya Cinta,TV Show,2015,TV-PG,Adults,1,International TV Shows,Unknown Country,1,Contemporary mostly single-season series
s361,AJIN: Demi-Human,TV Show,2016,TV-MA,Adults,2,Anime Series,Japan,1,Contemporary mostly single-season series
s364,Akame ga Kill!,TV Show,2014,TV-14,Teens,1,Anime Series,Japan,0,Older acquired television catalogue
s365,Akbar Birbal,TV Show,2019,TV-G,Kids,1,Kids' TV,India,1,Contemporary mostly single-season series
s366,Akulah Balqis,TV Show,2015,TV-14,Teens,1,International TV Shows,Unknown Country,1,Contemporary mostly single-season series
s368,Al Hayba,TV Show,2017,TV-14,Teens,1,Crime TV Shows,Lebanon,1,Contemporary mostly single-season series
s381,Alexa & Katie,TV Show,2020,TV-G,Kids,4,Kids' TV,United States,3,Multi-season continuing series
s390,Alias Grace,TV Show,2017,TV-MA,Adults,1,Crime TV Shows,Canada,1,Contemporary mostly single-season series
s394,Alice in Borderland,TV Show,2020,TV-MA,Adults,1,International TV Shows,Japan,1,Contemporary mostly single-season series
s397,Alien TV,TV Show,2020,TV-Y7,Teens,1,Kids' TV,Unknown Country,1,Contemporary mostly single-season series
s399,Alien Worlds,TV Show,2020,TV-PG,Adults,1,British TV Shows,United Kingdom,1,Contemporary mostly single-season series
s405,All About the Washingtons,TV Show,2018,TV-PG,Adults,1,TV Comedies,United States,1,Contemporary mostly single-season series
s406,All American,TV Show,2019,TV-14,Teens,2,TV Dramas,United States,1,Contemporary mostly single-season series
s410,All For Love,TV Show,2020,TV-MA,Adults,1,International TV Shows,Colombia,1,Contemporary mostly single-season series
s412,All Hail King Julien,TV Show,2017,TV-Y7,Teens,5,Kids' TV,United States,3,Multi-season continuing series
s413,All Hail King Julien: Exiled,TV Show,2017,TV-Y7,Teens,1,Kids' TV,Unknown Country,1,Contemporary mostly single-season series
s427,Almost Happy,TV Show,2020,TV-MA,Adults,1,International TV Shows,Argentina,1,Contemporary mostly single-season series
s429,Alone,TV Show,2019,TV-14,Teens,1,Reality TV,Unknown Country,1,Contemporary mostly single-season series
s435,Alphablocks,TV Show,2014,TV-Y,Kids,5,Kids' TV,United Kingdom,3,Multi-season continuing series
s438,Altered Carbon,TV Show,2020,TV-MA,Adults,2,Crime TV Shows,United States,1,Contemporary mostly single-season series
s441,Always a Witch,TV Show,2019,TV-14,Teens,2,International TV Shows,Colombia,1,Contemporary mostly single-season series
s450,Amazing Interiors,TV Show,2018,TV-PG,Adults,1,British TV Shows,United Kingdom,1,Contemporary mostly single-season series
s452,America's Book of Secrets,TV Show,2014,TV-14,Teens,1,Docuseries,United States,1,Contemporary mostly single-season series
s453,America's Next Top Model,TV Show,2013,TV-14,Teens,2,Reality TV,United States,0,Older acquired television catalogue
s458,American Crime,TV Show,2017,TV-MA,Adults,3,Crime TV Shows,United States,1,Contemporary mostly single-season series
s459,American Crime Story: The People v. O.J. Simpson,TV Show,2016,TV-MA,Adults,1,Crime TV Shows,United States,1,Contemporary mostly single-season series
s461,American Experience: The Circus,TV Show,2018,TV-PG,Adults,1,Docuseries,United States,1,Contemporary mostly single-season series
s469,American Horror Story,TV Show,2019,TV-MA,Adults,9,TV Horror,United States,3,Multi-season continuing series
s472,American Odyssey,TV Show,2015,TV-14,Teens,1,TV Dramas,United States,1,Contemporary mostly single-season series
s476,American Vandal,TV Show,2018,TV-MA,Adults,2,Crime TV Shows,United States,1,Contemporary mostly single-season series
s479,AMO,TV Show,2017,TV-MA,Adults,1,International TV Shows,Philippines,1,Contemporary mostly single-season series
s495,An Innocent Mistake,TV Show,2012,TV-14,Teens,1,International TV Shows,Taiwan,1,Contemporary mostly single-season series
s505,Ancient Aliens,TV Show,2018,TV-14,Teens,1,Docuseries,United States,1,Contemporary mostly single-season series
s516,Angel 'N' Devil,TV Show,2014,TV-14,Teens,1,International TV Shows,Taiwan,1,Contemporary mostly single-season series
s517,Angel Beats!,TV Show,2010,TV-PG,Adults,1,Anime Series,Japan,0,Older acquired television catalogue
s524,Angry Birds,TV Show,2018,TV-Y7,Teens,3,Kids' TV,Finland,1,Contemporary mostly single-season series
s532,Anitta: Made In Honório,TV Show,2020,TV-MA,Adults,1,Docuseries,Brazil,1,Contemporary mostly single-season series
s534,Anjaan: Rural Myths,TV Show,2018,TV-14,Teens,1,International TV Shows,India,1,Contemporary mostly single-season series
s535,Anjaan: Special Crimes Unit,TV Show,2018,TV-14,Teens,1,International TV Shows,India,1,Contemporary mostly single-season series
s540,Anne with an E,TV Show,2019,TV-PG,Adults,3,International TV Shows,Canada,1,Contemporary mostly single-season series
s541,Anohana: The Flower We Saw That Day,TV Show,2011,TV-14,Teens,1,Anime Series,Japan,0,Older acquired television catalogue
s544,Another Life,TV Show,2019,TV-MA,Adults,1,TV Action & Adventure,United States,1,Contemporary mostly single-season series
s545,Another Miss Oh,TV Show,2016,TV-MA,Adults,1,International TV Shows,South Korea,1,Contemporary mostly single-season series
s546,Answer for Heaven,TV Show,2019,TV-MA,Adults,1,Crime TV Shows,Unknown Country,1,Contemporary mostly single-season series
s550,Anthony Bourdain: Parts Unknown,TV Show,2018,TV-PG,Adults,5,Docuseries,United States,3,Multi-season continuing series
s557,忍者ハットリくん,TV Show,2012,TV-Y7,Teens,2,Anime Series,Japan,0,Older acquired television catalogue
s559,Apache: The Life of Carlos Tevez,TV Show,2019,TV-MA,Adults,1,Crime TV Shows,Argentina,1,Contemporary mostly single-season series
s560,Apaches,TV Show,2016,TV-MA,Adults,1,Crime TV Shows,Spain,1,Contemporary mostly single-season series
s566,Aquarius,TV Show,2016,TV-MA,Adults,2,Crime TV Shows,United States,1,Contemporary mostly single-season series
s570,ARASHI's Diary -Voyage-,TV Show,2019,TV-PG,Adults,1,Docuseries,Japan,1,Contemporary mostly single-season series
s571,Archibald's Next Big Thing,TV Show,2020,TV-Y7,Teens,2,Kids' TV,Unknown Country,1,Contemporary mostly single-season series
s575,Are You The One,TV Show,2014,TV-14,Teens,2,Reality TV,United States,0,Older acquired television catalogue
s576,Ares,TV Show,2020,TV-MA,Adults,1,International TV Shows,Netherlands,1,Contemporary mostly single-season series
s577,Argon,TV Show,2017,TV-MA,Adults,1,International TV Shows,South Korea,1,Contemporary mostly single-season series
s579,Ari Shaffir: Double Negative,TV Show,2017,TV-MA,Adults,1,Stand-Up Comedy & Talk Shows,United States,1,Contemporary mostly single-season series
s584,Arrested Development,TV Show,2019,TV-MA,Adults,5,TV Comedies,United States,3,Multi-season continuing series
s585,Arrow,TV Show,2019,TV-14,Teens,8,Crime TV Shows,United States,3,Multi-season continuing series
s587,Arthdal Chronicles,TV Show,2019,TV-MA,Adults,1,International TV Shows,South Korea,1,Contemporary mostly single-season series
s596,Ash vs. Evil Dead,TV Show,2018,TV-MA,Adults,3,TV Action & Adventure,United States,1,Contemporary mostly single-season series
s597,Ashes of Love,TV Show,2018,TV-14,Teens,1,International TV Shows,China,1,Contemporary mostly single-season series
s598,Ask the Doctor,TV Show,2017,TV-PG,Adults,1,Docuseries,Australia,1,Contemporary mostly single-season series
s599,Ask the StoryBots,TV Show,2019,TV-Y,Kids,3,Kids' TV,United States,1,Contemporary mostly single-season series
s604,Astronomy Club: The Sketch Show,TV Show,2019,TV-MA,Adults,1,TV Comedies,United States,1,Contemporary mostly single-season series
s610,At the Dolphin Bay,TV Show,2003,TV-14,Teens,1,International TV Shows,Taiwan,0,Older acquired television catalogue
s611,Atelier,TV Show,2015,TV-PG,Adults,1,International TV Shows,Japan,1,Contemporary mostly single-season series
s616,Atomic Puppet,TV Show,2016,TV-Y7,Teens,1,Crime TV Shows,Canada,1,Contemporary mostly single-season series
s617,Attack on Titan,TV Show,2013,TV-MA,Adults,1,Anime Series,Japan,0,Older acquired television catalogue
s620,Atypical,TV Show,2019,TV-14,Teens,3,TV Comedies,United States,1,Contemporary mostly single-season series
s622,Aunty Donna's Big Ol' House of Fun,TV Show,2020,TV-MA,Adults,1,TV Comedies,Australia,1,Contemporary mostly single-season series
s625,Aussie Gold Hunters,TV Show,2016,TV-MA,Adults,1,Docuseries,Australia,1,Contemporary mostly single-season series
s631,Autumn's Concerto,TV Show,2009,TV-14,Teens,1,International TV Shows,Taiwan,0,Older acquired television catalogue
s633,Avatar: The Last Airbender,TV Show,2007,TV-Y7,Teens,3,Classic & Cult TV,United States,0,Older acquired television catalogue
s640,Awake: The Million Dollar Game,TV Show,2019,TV-PG,Adults,1,Reality TV,United States,1,Contemporary mostly single-season series
s641,Away,TV Show,2020,TV-14,Teens,1,Romantic TV Shows,United States,1,Contemporary mostly single-season series
s642,Away From Home,TV Show,2015,TV-PG,Adults,1,International TV Shows,Unknown Country,1,Contemporary mostly single-season series
s652,B: The Beginning,TV Show,2018,TV-MA,Adults,1,Anime Series,Japan,1,Contemporary mostly single-season series
s668,Babies,TV Show,2020,TV-14,Teens,2,Docuseries,United States,1,Contemporary mostly single-season series
s669,Baby,TV Show,2020,TV-MA,Adults,3,International TV Shows,Italy,1,Contemporary mostly single-season series
s670,Baby Ballroom,TV Show,2018,TV-MA,Adults,2,British TV Shows,United Kingdom,1,Contemporary mostly single-season series
s673,Babylon Berlin,TV Show,2020,TV-MA,Adults,3,Crime TV Shows,Germany,1,Contemporary mostly single-season series
s677,Back Street Girls -GOKUDOLS-,TV Show,2018,TV-MA,Adults,1,Anime Series,Japan,1,Contemporary mostly single-season series
s678,Back to 1989,TV Show,2016,TV-PG,Adults,1,International TV Shows,Taiwan,1,Contemporary mostly single-season series
s681,Back with the Ex,TV Show,2018,TV-MA,Adults,1,International TV Shows,Unknown Country,1,Contemporary mostly single-season series
s686,Bad Blood,TV Show,2019,TV-MA,Adults,2,Crime TV Shows,Canada,1,Contemporary mostly single-season series
s687,Bad Boy Billionaires: India,TV Show,2020,TV-14,Teens,1,British TV Shows,India,1,Contemporary mostly single-season series
s691,Bad Education,TV Show,2014,TV-MA,Adults,3,British TV Shows,United Kingdom,1,Contemporary mostly single-season series
s694,Bad Guys,TV Show,2014,TV-MA,Adults,1,Crime TV Shows,South Korea,1,Contemporary mostly single-season series
s695,Bad Guys: Vile City,TV Show,2018,TV-MA,Adults,1,Crime TV Shows,South Korea,1,Contemporary mostly single-season series
s699,Badalte Rishton Ki Dastaan,TV Show,2013,TV-14,Teens,1,International TV Shows,India,1,Contemporary mostly single-season series
s703,Baewatch: Parental Guidance,TV Show,2019,TV-MA,Adults,1,British TV Shows,Unknown Country,1,Contemporary mostly single-season series
s704,BAKI,TV Show,2020,TV-MA,Adults,3,Anime Series,Japan,1,Contemporary mostly single-season series
s705,Bakugan: Armored Alliance,TV Show,2020,TV-Y7,Teens,1,Anime Series,Unknown Country,1,Contemporary mostly single-season series
s706,Bakugan: Battle Planet,TV Show,2018,TV-PG,Adults,1,Anime Series,Japan,1,Contemporary mostly single-season series
s707,Bal Ganesh,TV Show,2019,TV-Y7,Teens,1,Kids' TV,Unknown Country,1,Contemporary mostly single-season series
s708,Bala Loca,TV Show,2016,TV-MA,Adults,1,International TV Shows,Chile,1,Contemporary mostly single-season series
s721,Bangkok Bachelors,TV Show,2016,TV-MA,Adults,1,International TV Shows,Unknown Country,1,Contemporary mostly single-season series
s722,Bangkok Buddies,TV Show,2019,TV-MA,Adults,1,International TV Shows,Thailand,1,Contemporary mostly single-season series
s724,Bangkok Love Stories: Hey You!,TV Show,2018,TV-14,Teens,1,International TV Shows,Unknown Country,1,Contemporary mostly single-season series
s725,Bangkok Love Stories: Innocence,TV Show,2018,TV-14,Teens,1,International TV Shows,Thailand,1,Contemporary mostly single-season series
s726,Bangkok Love Stories: Objects of Affection,TV Show,2019,TV-14,Teens,1,International TV Shows,Thailand,1,Contemporary mostly single-season series
s727,Bangkok Love Stories: Plead,TV Show,2019,TV-14,Teens,1,International TV Shows,Thailand,1,Contemporary mostly single-season series
s732,Barbarians,TV Show,2020,TV-MA,Adults,1,International TV Shows,Germany,1,Contemporary mostly single-season series
s736,Barbie Dreamhouse Adventures,TV Show,2018,TV-Y,Kids,3,Kids' TV,United States,1,Contemporary mostly single-season series
s737,Barbie Dreamhouse Adventures: Go Team Roberts,TV Show,2020,TV-Y,Kids,2,Kids' TV,Unknown Country,1,Contemporary mostly single-season series
s741,Barbie Life in the Dreamhouse,TV Show,2012,TV-Y,Kids,1,Kids' TV,United States,1,Contemporary mostly single-season series
s751,Bard of Blood,TV Show,2019,TV-MA,Adults,1,International TV Shows,India,1,Contemporary mostly single-season series
s760,Basketball or Nothing,TV Show,2019,TV-PG,Adults,1,Docuseries,United States,1,Contemporary mostly single-season series
s761,Bat Pat,TV Show,2016,TV-Y,Kids,1,Kids' TV,Italy,1,Contemporary mostly single-season series
s762,Bates Motel,TV Show,2017,TV-MA,Adults,5,Crime TV Shows,United States,3,Multi-season continuing series
s767,Battle Creek,TV Show,2015,TV-14,Teens,1,Crime TV Shows,United States,1,Contemporary mostly single-season series
s769,Battlefield Recovery,TV Show,2016,TV-PG,Adults,1,British TV Shows,United Kingdom,1,Contemporary mostly single-season series
s770,Battlefish,TV Show,2018,TV-MA,Adults,1,Reality TV,Unknown Country,1,Contemporary mostly single-season series
s778,Be with Me,TV Show,2015,TV-PG,Adults,1,International TV Shows,Taiwan,1,Contemporary mostly single-season series
s779,Be with You,TV Show,2015,TV-14,Teens,1,International TV Shows,Taiwan,1,Contemporary mostly single-season series
s780,Be-Be-Bears,TV Show,2018,TV-Y,Kids,1,Kids' TV,Russia,1,Contemporary mostly single-season series
s784,Beast Legends,TV Show,2010,TV-PG,Adults,1,Docuseries,Canada,0,Older acquired television catalogue
s785,BEASTARS,TV Show,2019,TV-MA,Adults,1,Anime Series,Japan,1,Contemporary mostly single-season series
s787,Beat Bugs,TV Show,2018,TV-Y,Kids,3,Kids' TV,Australia,1,Contemporary mostly single-season series
s789,Beating Again,TV Show,2015,TV-14,Teens,1,International TV Shows,South Korea,1,Contemporary mostly single-season series
s792,Beauty & the Beast,TV Show,2016,TV-14,Teens,4,Crime TV Shows,Canada,3,Multi-season continuing series
s794,Beauty and the Bitches,TV Show,2016,TV-MA,Adults,2,International TV Shows,Unknown Country,1,Contemporary mostly single-season series
s798,Because This Is My First Life,TV Show,2017,TV-14,Teens,1,International TV Shows,South Korea,1,Contemporary mostly single-season series
s801,Becoming Champions,TV Show,2018,TV-G,Kids,1,Docuseries,Mexico,1,Contemporary mostly single-season series
s806,Before 30,TV Show,2015,TV-MA,Adults,1,International TV Shows,Nigeria,1,Contemporary mostly single-season series
s812,Behind Enemy Lines,TV Show,2001,TV-14,Teens,1,British TV Shows,United States,0,Older acquired television catalogue
s815,Behind the Newsroom,TV Show,2015,TV-MA,Adults,1,International TV Shows,Unknown Country,1,Contemporary mostly single-season series
s816,Behzat Ç.,TV Show,2010,TV-MA,Adults,1,Crime TV Shows,Turkey,0,Older acquired television catalogue
s820,Being Mary Jane: The Series,TV Show,2016,TV-14,Teens,4,Romantic TV Shows,United States,3,Multi-season continuing series
s826,Bella and the Bulldogs,TV Show,2015,TV-G,Kids,1,Kids' TV,United States,1,Contemporary mostly single-season series
s829,Ben & Holly's Little Kingdom,TV Show,2009,TV-Y,Kids,1,Kids' TV,United Kingdom,0,Older acquired television catalogue
s830,Ben 10,TV Show,2016,TV-Y7,Teens,1,Kids' TV,United States,1,Contemporary mostly single-season series
s850,Best Leftovers Ever!,TV Show,2020,TV-G,Kids,1,Reality TV,United States,1,Contemporary mostly single-season series
s851,Best Lover,TV Show,2016,TV-14,Teens,1,International TV Shows,South Korea,1,Contemporary mostly single-season series
s856,Best.Worst.Weekend.Ever.,TV Show,2018,TV-PG,Adults,1,Kids' TV,United States,1,Contemporary mostly single-season series
s857,Betaal,TV Show,2020,TV-MA,Adults,1,International TV Shows,India,1,Contemporary mostly single-season series
s859,Better Call Saul,TV Show,2018,TV-MA,Adults,4,Crime TV Shows,United States,3,Multi-season continuing series
s860,Better Than Us,TV Show,2019,TV-MA,Adults,1,Crime TV Shows,Russia,1,Contemporary mostly single-season series
s863,Between,TV Show,2016,TV-14,Teens,2,International TV Shows,Canada,1,Contemporary mostly single-season series
s869,Beyblade Burst,TV Show,2016,TV-Y7,Teens,1,Anime Series,Japan,1,Contemporary mostly single-season series
s870,Beyblade Burst Evolution,TV Show,2017,TV-Y,Kids,1,Anime Series,Unknown Country,1,Contemporary mostly single-season series
s871,Beyblade Burst Rise,TV Show,2019,TV-Y7,Teens,1,Anime Series,Japan,1,Contemporary mostly single-season series
s872,Beyblade Burst Turbo,TV Show,2018,TV-Y7,Teens,1,Anime Series,Unknown Country,1,Contemporary mostly single-season series
s873,Beyblade: Metal Fusion,TV Show,2009,TV-Y7,Teens,1,Anime Series,Japan,0,Older acquired television catalogue
s877,Beyond Stranger Things,TV Show,2017,TV-14,Teens,1,Stand-Up Comedy & Talk Shows,United States,1,Contemporary mostly single-season series
s880,Bh Se Bhade,TV Show,2013,TV-PG,Adults,1,International TV Shows,India,1,Contemporary mostly single-season series
s881,Bhaag Beanie Bhaag,TV Show,2020,TV-MA,Adults,1,International TV Shows,India,1,Contemporary mostly single-season series
s882,Bhaage Re Mann,TV Show,2015,TV-14,Teens,1,International TV Shows,India,1,Contemporary mostly single-season series
s899,Bibik-Bibikku,TV Show,2016,TV-PG,Adults,1,International TV Shows,Unknown Country,1,Contemporary mostly single-season series
s900,Big Bad Beetleborgs,TV Show,1997,TV-G,Kids,2,Kids' TV,United States,0,Older acquired television catalogue
s903,"Big Dreams, Small Spaces",TV Show,2017,TV-G,Kids,3,British TV Shows,United Kingdom,1,Contemporary mostly single-season series
s907,Big Mouth,TV Show,2020,TV-MA,Adults,4,TV Comedies,United States,3,Multi-season continuing series
s925,Bill Nye Saves the World,TV Show,2018,TV-14,Teens,3,Stand-Up Comedy & Talk Shows,United States,1,Contemporary mostly single-season series
s930,Billy on the Street,TV Show,2016,TV-14,Teens,4,International TV Shows,United States,3,Multi-season continuing series
s932,Biohackers,TV Show,2020,TV-MA,Adults,1,International TV Shows,Germany,1,Contemporary mostly single-season series
s941,Bitten,TV Show,2016,TV-MA,Adults,3,International TV Shows,Canada,1,Contemporary mostly single-season series
s942,Bitter Daisies,TV Show,2018,TV-MA,Adults,1,Crime TV Shows,Spain,1,Contemporary mostly single-season series
s948,Black Butler,TV Show,2010,TV-MA,Adults,3,Anime Series,Japan,0,Older acquired television catalogue
s949,Black Crows,TV Show,2017,TV-14,Teens,1,International TV Shows,Saudi Arabia,1,Contemporary mostly single-season series
s950,Black Earth Rising,TV Show,2018,TV-MA,Adults,1,British TV Shows,United Kingdom,1,Contemporary mostly single-season series
s953,Black Heart,TV Show,2014,TV-14,Teens,1,Crime TV Shows,Turkey,1,Contemporary mostly single-season series
s954,Black Ink Crew New York,TV Show,2014,TV-14,Teens,2,Reality TV,United States,0,Older acquired television catalogue
s955,Black Lightning,TV Show,2019,TV-14,Teens,3,TV Action & Adventure,United States,1,Contemporary mostly single-season series
s957,Black Mirror,TV Show,2019,TV-MA,Adults,5,British TV Shows,United Kingdom,3,Multi-season continuing series
s959,Black Money Love,TV Show,2014,TV-MA,Adults,1,Crime TV Shows,Turkey,1,Contemporary mostly single-season series
s966,Black Spot,TV Show,2019,TV-MA,Adults,2,Crime TV Shows,France,1,Contemporary mostly single-season series
s967,Black Summer,TV Show,2019,TV-MA,Adults,1,TV Action & Adventure,Canada,1,Contemporary mostly single-season series
s973,Blazing Transfer Students,TV Show,2017,TV-MA,Adults,1,International TV Shows,Japan,1,Contemporary mostly single-season series
s974,Bleach,TV Show,2006,TV-14,Teens,5,Anime Series,Japan,0,Older acquired television catalogue
s981,Bling Empire,TV Show,2021,TV-MA,Adults,1,Reality TV,Unknown Country,1,Contemporary mostly single-season series
s985,Blood & Treasures,TV Show,2016,TV-14,Teens,1,International TV Shows,Thailand,1,Contemporary mostly single-season series
s986,Blood & Water,TV Show,2020,TV-MA,Adults,1,International TV Shows,South Africa,1,Contemporary mostly single-season series
s989,Blood of Zeus,TV Show,2020,TV-MA,Adults,1,Anime Series,United States,1,Contemporary mostly single-season series
s990,Blood Pact,TV Show,2018,TV-MA,Adults,1,Crime TV Shows,Brazil,1,Contemporary mostly single-season series
s992,Bloodline,TV Show,2017,TV-MA,Adults,3,TV Dramas,United States,1,Contemporary mostly single-season series
s993,Bloodride,TV Show,2020,TV-MA,Adults,1,International TV Shows,Norway,1,Contemporary mostly single-season series
s995,Blown Away,TV Show,2019,TV-14,Teens,1,International TV Shows,Canada,1,Contemporary mostly single-season series
s996,Blue Exorcist,TV Show,2017,TV-MA,Adults,2,Anime Series,Japan,1,Contemporary mostly single-season series
s1001,Blue Planet II,TV Show,2017,TV-G,Kids,1,British TV Shows,United Kingdom,1,Contemporary mostly single-season series
s1007,BNA,TV Show,2020,TV-14,Teens,1,Anime Series,Japan,1,Contemporary mostly single-season series
s1011,Bo on the Go!,TV Show,2007,TV-Y,Kids,1,Kids' TV,Canada,0,Older acquired television catalogue
s1013,Bob Ross: Beauty Is Everywhere,TV Show,1991,TV-G,Kids,1,TV Shows,Unknown Country,2,Legacy and vintage television
s1019,Bobby Kennedy for President,TV Show,2018,TV-MA,Adults,1,Docuseries,Unknown Country,1,Contemporary mostly single-season series
s1022,Boca Juniors Confidential,TV Show,2018,TV-PG,Adults,1,Docuseries,Unknown Country,1,Contemporary mostly single-season series
s1026,BoJack Horseman,TV Show,2020,TV-MA,Adults,6,TV Comedies,United States,3,Multi-season continuing series
s1029,Bolívar,TV Show,2019,TV-MA,Adults,1,International TV Shows,Colombia,1,Contemporary mostly single-season series
s1040,Bondi Rescue,TV Show,2016,TV-PG,Adults,1,Reality TV,Australia,1,Contemporary mostly single-season series
s1041,BONDING,TV Show,2019,TV-MA,Adults,1,TV Comedies,United States,1,Contemporary mostly single-season series
s1043,Bonus Family,TV Show,2019,TV-MA,Adults,3,International TV Shows,Sweden,1,Contemporary mostly single-season series
s1044,Booba,TV Show,2019,TV-Y7,Teens,3,Kids' TV,Russia,1,Contemporary mostly single-season series
s1045,Bookmarks,TV Show,2020,TV-Y,Kids,1,Kids' TV,United States,1,Contemporary mostly single-season series
s1047,Border Patrol,TV Show,2016,TV-PG,Adults,1,Reality TV,Unknown Country,1,Contemporary mostly single-season series
s1048,Border Security: America's Front Line,TV Show,2018,TV-14,Teens,1,Crime TV Shows,Canada,1,Contemporary mostly single-season series
s1049,Borderline,TV Show,2017,TV-14,Teens,2,British TV Shows,United Kingdom,1,Contemporary mostly single-season series
s1050,Borderliner,TV Show,2017,TV-MA,Adults,1,Crime TV Shows,Norway,1,Contemporary mostly single-season series
s1051,Bordertown,TV Show,2019,TV-MA,Adults,3,Crime TV Shows,Finland,1,Contemporary mostly single-season series
s1052,Borgen,TV Show,2012,TV-MA,Adults,3,International TV Shows,Denmark,0,Older acquired television catalogue
s1053,Borges,TV Show,2018,TV-MA,Adults,1,International TV Shows,Brazil,1,Contemporary mostly single-season series
s1062,Botched Up Bodies,TV Show,2013,TV-MA,Adults,1,British TV Shows,United Kingdom,0,Older acquired television catalogue
s1063,Bottersnikes & Gumbles,TV Show,2017,TV-Y7,Teens,2,British TV Shows,United States,1,Contemporary mostly single-season series
s1065,Bountiful Blessings,TV Show,2011,TV-14,Teens,1,International TV Shows,Singapore,0,Older acquired television catalogue
s1071,Boys Over Flowers,TV Show,2009,TV-14,Teens,1,International TV Shows,South Korea,0,Older acquired television catalogue
s1074,Brain Games,TV Show,2016,TV-G,Kids,3,Docuseries,United States,1,Contemporary mostly single-season series
s1076,Brainchild,TV Show,2018,TV-G,Kids,1,Kids' TV,Unknown Country,1,Contemporary mostly single-season series
s1080,Brave Miss World,TV Show,2013,TV-14,Teens,1,Crime TV Shows,United States,1,Contemporary mostly single-season series
s1083,Braxton Family Values,TV Show,2014,TV-PG,Adults,2,Reality TV,United States,0,Older acquired television catalogue
s1084,Bread Barbershop,TV Show,2020,TV-Y,Kids,1,Kids' TV,Unknown Country,1,Contemporary mostly single-season series
s1086,BREAK IT ALL: The History of Rock in Latin America,TV Show,2020,TV-MA,Adults,1,Docuseries,Unknown Country,1,Contemporary mostly single-season series
s1089,"Breakfast, Lunch & Dinner",TV Show,2019,TV-MA,Adults,1,Docuseries,United States,1,Contemporary mostly single-season series
s1090,Breaking Bad,TV Show,2013,TV-MA,Adults,5,Crime TV Shows,United States,3,Multi-season continuing series
s1093,Breakout,TV Show,2010,TV-14,Teens,1,International TV Shows,Unknown Country,0,Older acquired television catalogue
s1096,Brews Brothers,TV Show,2020,TV-MA,Adults,1,TV Comedies,United States,1,Contemporary mostly single-season series
s1101,Bridgerton,TV Show,2020,TV-MA,Adults,1,Romantic TV Shows,United States,1,Contemporary mostly single-season series
s1104,Bright: The Music Videos,TV Show,2017,TV-MA,Adults,1,TV Shows,Unknown Country,1,Contemporary mostly single-season series
s1106,"Bring It On, Ghost",TV Show,2016,TV-14,Teens,1,International TV Shows,South Korea,1,Contemporary mostly single-season series
s1108,Bringing Sexy Back,TV Show,2015,TV-14,Teens,1,International TV Shows,Unknown Country,1,Contemporary mostly single-season series
s1109,Broadchurch,TV Show,2017,TV-MA,Adults,3,British TV Shows,United Kingdom,1,Contemporary mostly single-season series
s1110,Broken,TV Show,2019,TV-14,Teens,1,Docuseries,United States,1,Contemporary mostly single-season series
s1111,Bromance,TV Show,2015,TV-PG,Adults,1,International TV Shows,Taiwan,1,Contemporary mostly single-season series
s1116,Brotherhood,TV Show,2019,TV-MA,Adults,1,Crime TV Shows,Brazil,1,Contemporary mostly single-season series
s1119,Brown Nation,TV Show,2016,TV-14,Teens,1,TV Comedies,United States,1,Contemporary mostly single-season series
s1125,Buddha,TV Show,2013,TV-PG,Adults,1,International TV Shows,Unknown Country,1,Contemporary mostly single-season series
s1126,Buddi,TV Show,2020,TV-Y,Kids,2,British TV Shows,United Kingdom,1,Contemporary mostly single-season series
s1128,Buddy Thunderstruck,TV Show,2017,TV-Y7,Teens,1,Kids' TV,United States,1,Contemporary mostly single-season series
s1139,Bumping Mics with Jeff Ross & Dave Attell,TV Show,2018,TV-MA,Adults,1,Stand-Up Comedy & Talk Shows,United States,1,Contemporary mostly single-season series
s1140,Bunk'd,TV Show,2020,TV-G,Kids,4,Kids' TV,United States,3,Multi-season continuing series
s1141,"Bure Kaam Bura Natija, Kyun Bhai Chacha Haan Bhatija",TV Show,2017,TV-PG,Adults,1,Kids' TV,Unknown Country,1,Contemporary mostly single-season series
s1145,Burned Cocoon,TV Show,2005,TV-MA,Adults,1,International TV Shows,Turkey,0,Older acquired television catalogue
s1149,Burnistoun,TV Show,2012,TV-MA,Adults,2,British TV Shows,United Kingdom,0,Older acquired television catalogue
s1151,Busted!,TV Show,2019,TV-14,Teens,2,Crime TV Shows,South Korea,1,Contemporary mostly single-season series
s1163,Cabins in the Wild with Dick Strawbridge,TV Show,2017,TV-PG,Adults,1,British TV Shows,United Kingdom,1,Contemporary mostly single-season series
s1164,Cable Girls,TV Show,2019,TV-MA,Adults,6,International TV Shows,Spain,3,Multi-season continuing series
s1166,Cagaster of an Insect Cage,TV Show,2020,TV-MA,Adults,1,Anime Series,Japan,1,Contemporary mostly single-season series
s1169,Cain and Abel,TV Show,2009,TV-MA,Adults,1,International TV Shows,South Korea,0,Older acquired television catalogue
s1174,Calico Critters,TV Show,2018,TV-Y,Kids,1,Kids' TV,Unknown Country,1,Contemporary mostly single-season series
s1175,Calico Critters Mini Episodes Clover,TV Show,2020,TV-Y,Kids,1,Kids' TV,Unknown Country,1,Contemporary mostly single-season series
s1179,Caliphate,TV Show,2020,TV-MA,Adults,1,International TV Shows,Sweden,1,Contemporary mostly single-season series
s1180,Call Me Francis,TV Show,2016,TV-14,Teens,1,International TV Shows,Italy,1,Contemporary mostly single-season series
s1181,Call My Agent!,TV Show,2018,TV-MA,Adults,3,International TV Shows,France,1,Contemporary mostly single-season series
s1182,Call the Midwife,TV Show,2020,TV-MA,Adults,9,British TV Shows,United Kingdom,3,Multi-season continuing series
s1185,Camarón Revolution,TV Show,2018,TV-14,Teens,1,Docuseries,Unknown Country,1,Contemporary mostly single-season series
s1187,Camelia la Texana,TV Show,2014,TV-14,Teens,1,Crime TV Shows,Mexico,1,Contemporary mostly single-season series
s1190,Camp X,TV Show,2014,TV-MA,Adults,1,Docuseries,Canada,1,Contemporary mostly single-season series
s1192,Can We Get Married?,TV Show,2012,TV-14,Teens,1,International TV Shows,South Korea,1,Contemporary mostly single-season series
s1193,Can You Hear Me?,TV Show,2020,TV-MA,Adults,2,International TV Shows,Canada,1,Contemporary mostly single-season series
s1194,"Can't Cope, Won't Cope",TV Show,2018,TV-MA,Adults,2,TV Comedies,Ireland,1,Contemporary mostly single-season series
s1199,Candy Online,TV Show,2019,TV-MA,Adults,1,International TV Shows,Taiwan,1,Contemporary mostly single-season series
s1202,Cannabis,TV Show,2016,TV-MA,Adults,1,Crime TV Shows,France,1,Contemporary mostly single-season series
s1203,Cannon Busters,TV Show,2019,TV-MA,Adults,1,Anime Series,United States,1,Contemporary mostly single-season series
s1209,Captive,TV Show,2016,TV-MA,Adults,1,Crime TV Shows,United Kingdom,1,Contemporary mostly single-season series
s1210,Car Masters: Rust to Riches,TV Show,2020,TV-PG,Adults,2,Reality TV,Unknown Country,1,Contemporary mostly single-season series
s1213,Cardcaptor Sakura,TV Show,1999,TV-Y7,Teens,2,Anime Series,Japan,0,Older acquired television catalogue
s1214,Care Bears & Cousins,TV Show,2016,TV-Y,Kids,2,Kids' TV,United States,1,Contemporary mostly single-season series
s1215,Care Bears: Welcome to Care-a-Lot,TV Show,2012,TV-Y,Kids,1,Kids' TV,United States,0,Older acquired television catalogue
s1222,Carmel: Who Killed Maria Marta?,TV Show,2020,TV-14,Teens,1,Crime TV Shows,Argentina,1,Contemporary mostly single-season series
s1223,Carmen Sandiego,TV Show,2021,TV-Y7,Teens,4,Kids' TV,United States,3,Multi-season continuing series
s1226,CAROLE & TUESDAY,TV Show,2019,TV-MA,Adults,2,Anime Series,Japan,1,Contemporary mostly single-season series
s1232,Case,TV Show,2015,TV-MA,Adults,1,Crime TV Shows,Iceland,1,Contemporary mostly single-season series
s1234,Case Closed,TV Show,2015,TV-14,Teens,1,Anime Series,Japan,1,Contemporary mostly single-season series
s1239,Castle and Castle,TV Show,2018,TV-MA,Adults,1,International TV Shows,Nigeria,1,Contemporary mostly single-season series
s1240,Castle of Stars,TV Show,2015,TV-MA,Adults,1,International TV Shows,Unknown Country,1,Contemporary mostly single-season series
s1241,Castlevania,TV Show,2020,TV-MA,Adults,3,Anime Series,United States,1,Contemporary mostly single-season series
s1247,Cathedral of the Sea,TV Show,2017,TV-MA,Adults,1,International TV Shows,Spain,1,Contemporary mostly single-season series
s1250,Caught on Camera,TV Show,2015,TV-MA,Adults,3,British TV Shows,United Kingdom,1,Contemporary mostly single-season series
s1254,Cells at Work!,TV Show,2018,TV-PG,Adults,1,Anime Series,Japan,1,Contemporary mostly single-season series
s1265,Challenger,TV Show,2020,TV-14,Teens,1,Docuseries,United States,1,Contemporary mostly single-season series
s1269,Chambers,TV Show,2019,TV-MA,Adults,1,TV Horror,United States,1,Contemporary mostly single-season series
s1271,Champions,TV Show,2018,TV-14,Teens,1,TV Comedies,United States,1,Contemporary mostly single-season series
s1278,Charité,TV Show,2017,TV-MA,Adults,1,International TV Shows,Germany,1,Contemporary mostly single-season series
s1279,Charité at War,TV Show,2019,TV-MA,Adults,1,International TV Shows,Unknown Country,1,Contemporary mostly single-season series
s1283,Charlie's Colorforms City,TV Show,2019,TV-Y,Kids,1,Kids' TV,United States,1,Contemporary mostly single-season series
s1285,Charmed,TV Show,2019,TV-14,Teens,2,TV Dramas,United States,1,Contemporary mostly single-season series
s1290,Chasing Cameron,TV Show,2016,TV-14,Teens,1,Reality TV,United States,1,Contemporary mostly single-season series
s1292,Chasing Monsters,TV Show,2016,TV-PG,Adults,2,Docuseries,Canada,1,Contemporary mostly single-season series
s1297,Cheapest Weddings,TV Show,2016,TV-14,Teens,1,International TV Shows,Australia,1,Contemporary mostly single-season series
s1298,Check The Store Next Door: The Next Chapter,TV Show,2020,TV-14,Teens,2,International TV Shows,Indonesia,1,Contemporary mostly single-season series
s1299,Cheer,TV Show,2020,TV-MA,Adults,1,Docuseries,United States,1,Contemporary mostly single-season series
s1300,Cheer Squad,TV Show,2016,TV-PG,Adults,1,Reality TV,United States,1,Contemporary mostly single-season series
s1301,Cheers,TV Show,1992,TV-PG,Adults,11,Classic & Cult TV,United States,2,Legacy and vintage television
s1302,Cheese in the Trap,TV Show,2016,TV-14,Teens,1,International TV Shows,South Korea,1,Contemporary mostly single-season series
s1304,Chef & My Fridge,TV Show,2017,TV-PG,Adults,2,International TV Shows,South Korea,1,Contemporary mostly single-season series
s1305,Chef's Table,TV Show,2019,TV-MA,Adults,6,Docuseries,United States,3,Multi-season continuing series
s1306,Chef's Table: BBQ,TV Show,2020,TV-14,Teens,1,Docuseries,United States,1,Contemporary mostly single-season series
s1307,Chef's Table: France,TV Show,2016,TV-14,Teens,1,Docuseries,Unknown Country,1,Contemporary mostly single-season series
s1308,Chelsea,TV Show,2017,TV-MA,Adults,2,Stand-Up Comedy & Talk Shows,United States,1,Contemporary mostly single-season series
s1309,Chelsea Does,TV Show,2016,TV-MA,Adults,1,Docuseries,United States,1,Contemporary mostly single-season series
s1314,Cheuk Wan-Chi: Two Night Stand,TV Show,2015,TV-MA,Adults,1,International TV Shows,Unknown Country,1,Contemporary mostly single-season series
s1315,Chewin' the Fat,TV Show,1999,TV-14,Teens,1,British TV Shows,United Kingdom,0,Older acquired television catalogue
s1316,Chewing Gum,TV Show,2017,TV-MA,Adults,2,British TV Shows,United Kingdom,1,Contemporary mostly single-season series
s1317,Chhota Bheem,TV Show,2019,TV-Y,Kids,1,Kids' TV,India,1,Contemporary mostly single-season series
s1322,Chhota Bheem Kung Fu Dhamaka Series,TV Show,2019,TV-Y7,Teens,1,Kids' TV,Unknown Country,1,Contemporary mostly single-season series
s1324,Chicago Typewriter,TV Show,2017,TV-14,Teens,1,International TV Shows,South Korea,1,Contemporary mostly single-season series
s1327,Chicken Soup for the Soul's Being Dad,TV Show,2018,TV-MA,Adults,1,Docuseries,United States,1,Contemporary mostly single-season series
s1329,Chico Bon Bon: Monkey with a Tool Belt,TV Show,2020,TV-Y,Kids,4,Kids' TV,United States,3,Multi-season continuing series
s1331,Chief of Staff,TV Show,2019,TV-14,Teens,2,International TV Shows,South Korea,1,Contemporary mostly single-season series
s1333,Children of Adam,TV Show,2020,TV-14,Teens,1,International TV Shows,Lebanon,1,Contemporary mostly single-season series
s1336,Children of the Whales,TV Show,2017,TV-14,Teens,1,Anime Series,Japan,1,Contemporary mostly single-season series
s1337,Chill with Bob Ross,TV Show,1994,TV-G,Kids,1,TV Shows,Unknown Country,0,Older acquired television catalogue
s1339,Chilling Adventures of Sabrina,TV Show,2020,TV-14,Teens,4,TV Horror,United States,3,Multi-season continuing series
s1342,Chip and Potato,TV Show,2019,TV-Y,Kids,2,Kids' TV,United Kingdom,1,Contemporary mostly single-season series
s1347,Chocolate,TV Show,2019,TV-14,Teens,1,International TV Shows,South Korea,1,Contemporary mostly single-season series
s1351,Chosen,TV Show,2019,TV-14,Teens,2,Crime TV Shows,China,1,Contemporary mostly single-season series
s1360,Christiane Amanpour: Sex & Love Around the World,TV Show,2018,TV-MA,Adults,1,Docuseries,United States,1,Contemporary mostly single-season series
s1377,"ChuChu TV Kids Songs, Learning Videos & Bedtime Stories",TV Show,2019,TV-Y,Kids,1,Kids' TV,Unknown Country,1,Contemporary mostly single-season series
s1378,ChuChu TV Nursery Rhymes & Kids Songs (Hindi),TV Show,2019,TV-Y,Kids,1,Kids' TV,India,1,Contemporary mostly single-season series
s1383,Chuck Chicken,TV Show,2017,TV-Y7,Teens,1,Kids' TV,Malaysia,1,Contemporary mostly single-season series
s1387,Churchill’s Secret Agents: The New Recruits,TV Show,2018,TV-MA,Adults,1,British TV Shows,United Kingdom,1,Contemporary mostly single-season series
s1390,Cinderella and the Four Knights,TV Show,2016,TV-PG,Adults,1,International TV Shows,South Korea,1,Contemporary mostly single-season series
s1391,Cinta 100KG,TV Show,2016,TV-14,Teens,1,International TV Shows,Unknown Country,1,Contemporary mostly single-season series
s1392,Cinta Iris,TV Show,2015,TV-PG,Adults,1,International TV Shows,Unknown Country,1,Contemporary mostly single-season series
s1393,Cinta Si Wedding Planner,TV Show,2015,TV-14,Teens,1,International TV Shows,Unknown Country,1,Contemporary mostly single-season series
s1394,Cinta Teruna Kimchi,TV Show,2016,TV-PG,Adults,1,International TV Shows,Unknown Country,1,Contemporary mostly single-season series
s1400,City in the Sky,TV Show,2016,TV-PG,Adults,1,British TV Shows,United Kingdom,1,Contemporary mostly single-season series
s1405,Civilizations,TV Show,2018,TV-14,Teens,1,British TV Shows,United Kingdom,1,Contemporary mostly single-season series
s1407,CLANNAD,TV Show,2008,TV-PG,Adults,2,Anime Series,Japan,0,Older acquired television catalogue
s1413,Classic Legends,TV Show,2012,TV-PG,Adults,1,Docuseries,India,1,Contemporary mostly single-season series
s1414,Cleo & Cuquin,TV Show,2020,TV-Y,Kids,2,Kids' TV,Spain,1,Contemporary mostly single-season series
s1416,Cleverman,TV Show,2017,TV-MA,Adults,1,TV Dramas,Australia,1,Contemporary mostly single-season series
s1418,Click for Murder,TV Show,2017,TV-14,Teens,1,British TV Shows,United Kingdom,1,Contemporary mostly single-season series
s1423,Close Your Eyes Before It’s Dark,TV Show,2016,TV-14,Teens,1,Crime TV Shows,Taiwan,1,Contemporary mostly single-season series
s1431,Club de Cuervos Presents: The Ballad of Hugo Sánchez,TV Show,2018,TV-MA,Adults,1,International TV Shows,United States,1,Contemporary mostly single-season series
s1432,Club Friday The Series 6,TV Show,2015,TV-MA,Adults,9,International TV Shows,Unknown Country,3,Multi-season continuing series
s1433,Club Friday The Series 7,TV Show,2016,TV-MA,Adults,7,International TV Shows,Unknown Country,3,Multi-season continuing series
s1434,Club Friday The Series 8,TV Show,2017,TV-MA,Adults,8,International TV Shows,Unknown Country,3,Multi-season continuing series
s1435,Club Friday To Be Continued - Friend & Enemy,TV Show,2016,TV-MA,Adults,1,International TV Shows,Unknown Country,1,Contemporary mostly single-season series
s1436,Club Friday To Be Continued - My Beautiful Tomboy,TV Show,2016,TV-MA,Adults,1,International TV Shows,Unknown Country,1,Contemporary mostly single-season series
s1437,Club Friday To Be Continued - The Promise,TV Show,2016,TV-MA,Adults,1,International TV Shows,Unknown Country,1,Contemporary mostly single-season series
s1438,Club of Crows,TV Show,2019,TV-MA,Adults,4,International TV Shows,Mexico,3,Multi-season continuing series
s1440,Coach Snoop,TV Show,2018,TV-MA,Adults,1,Docuseries,United States,1,Contemporary mostly single-season series
s1441,Cobra Kai,TV Show,2021,TV-14,Teens,3,TV Action & Adventure,United States,1,Contemporary mostly single-season series
s1442,Cocaine,TV Show,2005,TV-14,Teens,1,British TV Shows,United Kingdom,0,Older acquired television catalogue
s1443,Cocaine Coast,TV Show,2018,TV-MA,Adults,1,Crime TV Shows,Spain,1,Contemporary mostly single-season series
s1445,Cocomelon,TV Show,2020,TV-Y,Kids,2,Kids' TV,United States,1,Contemporary mostly single-season series
s1446,Cocomong,TV Show,2015,TV-Y,Kids,2,Kids' TV,United States,1,Contemporary mostly single-season series
s1448,Code Geass: Lelouch of the Rebellion,TV Show,2008,TV-MA,Adults,2,Anime Series,Japan,0,Older acquired television catalogue
s1449,Code Lyoko,TV Show,2007,TV-Y7,Teens,4,Kids' TV,France,0,Older acquired television catalogue
s1455,Cold Case Files,TV Show,2017,TV-14,Teens,1,Crime TV Shows,United States,1,Contemporary mostly single-season series
s1456,Cold Case Files Classic,TV Show,1999,TV-MA,Adults,1,Crime TV Shows,United States,0,Older acquired television catalogue
s1463,Collateral,TV Show,2018,TV-MA,Adults,1,British TV Shows,United Kingdom,1,Contemporary mostly single-season series
s1464,College Romance,TV Show,2018,TV-MA,Adults,1,International TV Shows,India,1,Contemporary mostly single-season series
s1466,Colony,TV Show,2018,TV-14,Teens,3,TV Action & Adventure,United States,1,Contemporary mostly single-season series
s1467,Color of Woman,TV Show,2012,TV-PG,Adults,1,International TV Shows,South Korea,1,Contemporary mostly single-season series
s1471,Comedians in Cars Getting Coffee,TV Show,2019,TV-14,Teens,6,Stand-Up Comedy & Talk Shows,United States,3,Multi-season continuing series
s1472,COMEDIANS of the world,TV Show,2019,TV-MA,Adults,13,Stand-Up Comedy & Talk Shows,United States,3,Multi-season continuing series
s1473,Comedy Bang! Bang!,TV Show,2016,TV-14,Teens,5,Stand-Up Comedy & Talk Shows,United States,3,Multi-season continuing series
s1474,Comedy High School,TV Show,2018,TV-14,Teens,1,International TV Shows,Unknown Country,1,Contemporary mostly single-season series
s1476,Community,TV Show,2015,TV-14,Teens,6,TV Comedies,United States,3,Multi-season continuing series
s1480,Conan Without Borders,TV Show,2018,TV-14,Teens,1,Docuseries,United States,1,Contemporary mostly single-season series
s1484,Connected,TV Show,2020,TV-14,Teens,1,Docuseries,United Kingdom,1,Contemporary mostly single-season series
s1488,Conspiracy,TV Show,2015,TV-14,Teens,1,British TV Shows,United Kingdom,1,Contemporary mostly single-season series
s1489,Containment,TV Show,2016,TV-MA,Adults,1,TV Dramas,United States,1,Contemporary mostly single-season series
s1491,Control Z,TV Show,2020,TV-MA,Adults,1,International TV Shows,Mexico,1,Contemporary mostly single-season series
s1492,Conversations with a Killer: The Ted Bundy Tapes,TV Show,2019,TV-MA,Adults,1,Crime TV Shows,United States,1,Contemporary mostly single-season series
s1495,Cooked,TV Show,2016,TV-14,Teens,1,Docuseries,United States,1,Contemporary mostly single-season series
s1496,Cooked with Cannabis,TV Show,2020,TV-MA,Adults,1,Reality TV,United States,1,Contemporary mostly single-season series
s1497,Cooking on High,TV Show,2018,TV-MA,Adults,1,Reality TV,United States,1,Contemporary mostly single-season series
s1504,"Coronavirus, Explained",TV Show,2020,TV-PG,Adults,1,Docuseries,United States,1,Contemporary mostly single-season series
s1509,Country Ever After,TV Show,2020,TV-PG,Adults,1,Reality TV,United States,1,Contemporary mostly single-season series
s1512,Court Justice,TV Show,2017,TV-MA,Adults,1,Crime TV Shows,Australia,1,Contemporary mostly single-season series
s1519,Crash Landing on You,TV Show,2019,TV-14,Teens,1,International TV Shows,South Korea,1,Contemporary mostly single-season series
s1520,Crashing,TV Show,2016,TV-MA,Adults,1,British TV Shows,United Kingdom,1,Contemporary mostly single-season series
s1523,Crazy Delicious,TV Show,2020,TV-PG,Adults,1,British TV Shows,United Kingdom,1,Contemporary mostly single-season series
s1524,Crazy Ex-Girlfriend,TV Show,2019,TV-MA,Adults,4,Romantic TV Shows,United States,3,Multi-season continuing series
s1526,"Crazy, Lovely, Cool",TV Show,2018,TV-MA,Adults,1,International TV Shows,Nigeria,1,Contemporary mostly single-season series
s1527,Crazyhead,TV Show,2016,TV-MA,Adults,1,British TV Shows,United Kingdom,1,Contemporary mostly single-season series
s1530,Creators,TV Show,2015,TV-Y,Kids,2,Kids' TV,Argentina,1,Contemporary mostly single-season series
s1533,Creeped Out,TV Show,2019,TV-PG,Adults,2,British TV Shows,United Kingdom,1,Contemporary mostly single-season series
s1534,Cricket Fever: Mumbai Indians,TV Show,2019,TV-MA,Adults,1,Docuseries,India,1,Contemporary mostly single-season series
s1535,Crime Diaries: Night Out,TV Show,2019,TV-MA,Adults,1,Crime TV Shows,Mexico,1,Contemporary mostly single-season series
s1536,Crime Diaries: The Candidate,TV Show,2019,TV-MA,Adults,1,Crime TV Shows,Mexico,1,Contemporary mostly single-season series
s1537,Crime Time,TV Show,2017,TV-MA,Adults,1,Crime TV Shows,France,1,Contemporary mostly single-season series
s1538,Criminal Minds,TV Show,2017,TV-14,Teens,12,Crime TV Shows,United States,3,Multi-season continuing series
s1539,Criminal: France,TV Show,2019,TV-MA,Adults,1,Crime TV Shows,Unknown Country,1,Contemporary mostly single-season series
s1540,Criminal: Germany,TV Show,2019,TV-MA,Adults,1,Crime TV Shows,Germany,1,Contemporary mostly single-season series
s1541,Criminal: Spain,TV Show,2019,TV-MA,Adults,1,Crime TV Shows,Spain,1,Contemporary mostly single-season series
s1542,Criminal: UK,TV Show,2020,TV-MA,Adults,2,British TV Shows,United Kingdom,1,Contemporary mostly single-season series
s1550,Cuckoo,TV Show,2019,TV-MA,Adults,5,British TV Shows,United Kingdom,3,Multi-season continuing series
s1554,Cupcake & Dino - General Services,TV Show,2019,TV-Y7,Teens,2,Kids' TV,Canada,1,Contemporary mostly single-season series
s1555,Curon,TV Show,2020,TV-MA,Adults,1,International TV Shows,Italy,1,Contemporary mostly single-season series
s1556,Cursed,TV Show,2020,TV-MA,Adults,1,TV Action & Adventure,United Kingdom,1,Contemporary mostly single-season series
s1561,Cyborg 009 VS Devilman,TV Show,2015,TV-MA,Adults,1,Anime Series,Japan,1,Contemporary mostly single-season series
s1562,Cyborg 009: Call of Justice,TV Show,2017,TV-14,Teens,1,Anime Series,Japan,1,Contemporary mostly single-season series
s1566,Déjà Vu,TV Show,2013,TV-14,Teens,1,International TV Shows,Unknown Country,0,Older acquired television catalogue
s1567,Dérè: An African Tale,TV Show,2016,TV-PG,Adults,1,International TV Shows,Unknown Country,1,Contemporary mostly single-season series
s1578,Dad's Army,TV Show,1977,TV-PG,Adults,10,British TV Shows,United Kingdom,2,Legacy and vintage television
s1585,Damnation,TV Show,2017,TV-MA,Adults,1,Crime TV Shows,United States,1,Contemporary mostly single-season series
s1587,Dance & Sing with True,TV Show,2018,TV-Y,Kids,1,Kids' TV,Unknown Country,1,Contemporary mostly single-season series
s1588,Dance Academy,TV Show,2013,TV-PG,Adults,1,International TV Shows,Australia,1,Contemporary mostly single-season series
s1591,Dancing Angels,TV Show,2016,TV-PG,Adults,1,International TV Shows,Unknown Country,1,Contemporary mostly single-season series
s1592,Dancing Queen,TV Show,2018,TV-14,Teens,1,Reality TV,Unknown Country,1,Contemporary mostly single-season series
s1595,Dandy,TV Show,2016,TV-MA,Adults,1,Crime TV Shows,Mexico,1,Contemporary mostly single-season series
s1597,Danger Mouse,TV Show,2016,TV-Y7,Teens,2,British TV Shows,United Kingdom,1,Contemporary mostly single-season series
s1598,Danger Mouse: Classic Collection,TV Show,1992,TV-Y,Kids,10,British TV Shows,United Kingdom,2,Legacy and vintage television
s1600,Dangerous Roads,TV Show,2012,TV-MA,Adults,2,British TV Shows,United Kingdom,0,Older acquired television catalogue
s1601,Daniel Sloss: Live Shows,TV Show,2018,TV-MA,Adults,1,Stand-Up Comedy & Talk Shows,United States,1,Contemporary mostly single-season series
s1609,Dare Me,TV Show,2019,TV-MA,Adults,1,Crime TV Shows,United States,1,Contemporary mostly single-season series
s1611,Dark,TV Show,2020,TV-MA,Adults,3,Crime TV Shows,Germany,1,Contemporary mostly single-season series
s1614,Dark Desire,TV Show,2020,TV-MA,Adults,1,Crime TV Shows,Mexico,1,Contemporary mostly single-season series
s1617,Dark Matter,TV Show,2017,TV-PG,Adults,3,TV Sci-Fi & Fantasy,Canada,1,Contemporary mostly single-season series
s1620,Dark Tourist,TV Show,2018,TV-MA,Adults,1,Docuseries,New Zealand,1,Contemporary mostly single-season series
s1623,Darr Sabko Lagta Hai,TV Show,2015,TV-MA,Adults,1,International TV Shows,India,1,Contemporary mostly single-season series
s1625,DASH & LILY,TV Show,2020,TV-14,Teens,1,Romantic TV Shows,United States,1,Contemporary mostly single-season series
s1626,Dating Around,TV Show,2020,TV-MA,Adults,2,Reality TV,Unknown Country,1,Contemporary mostly single-season series
s1627,Dating Around: Brazil,TV Show,2020,TV-14,Teens,1,International TV Shows,Brazil,1,Contemporary mostly single-season series
s1628,Daughters of Destiny,TV Show,2017,TV-14,Teens,1,Docuseries,United States,1,Contemporary mostly single-season series
s1630,Dave Chappelle,TV Show,2017,TV-MA,Adults,1,Stand-Up Comedy & Talk Shows,United States,1,Contemporary mostly single-season series
s1631,Dave Chappelle: Equanimity & The Bird Revelation,TV Show,2017,TV-MA,Adults,1,Stand-Up Comedy & Talk Shows,United States,1,Contemporary mostly single-season series
s1639,Dawai Asmara,TV Show,2016,TV-14,Teens,1,International TV Shows,Unknown Country,1,Contemporary mostly single-season series
s1640,Dawn of the Croods,TV Show,2017,TV-Y7,Teens,4,Kids' TV,United States,3,Multi-season continuing series
s1641,Dawson's Creek,TV Show,2002,TV-14,Teens,6,Romantic TV Shows,United States,0,Older acquired television catalogue
s1642,Day and Night,TV Show,2017,TV-MA,Adults,1,Crime TV Shows,China,1,Contemporary mostly single-season series
s1644,Daybreak,TV Show,2019,TV-MA,Adults,1,TV Action & Adventure,United States,1,Contemporary mostly single-season series
s1645,Days We Stared at the Sun,TV Show,2017,TV-MA,Adults,2,International TV Shows,Taiwan,1,Contemporary mostly single-season series
s1647,DC Super Hero Girls,TV Show,2019,TV-Y7,Teens,1,Kids' TV,United States,1,Contemporary mostly single-season series
s1648,DC's Legends of Tomorrow,TV Show,2020,TV-14,Teens,5,TV Action & Adventure,United States,3,Multi-season continuing series
s1653,Dead Set,TV Show,2008,TV-MA,Adults,1,British TV Shows,United Kingdom,0,Older acquired television catalogue
s1654,Dead to Me,TV Show,2020,TV-MA,Adults,2,TV Comedies,United States,1,Contemporary mostly single-season series
s1659,Deadwind,TV Show,2020,TV-MA,Adults,2,Crime TV Shows,Finland,1,Contemporary mostly single-season series
s1660,Deaf U,TV Show,2020,TV-MA,Adults,1,Docuseries,United States,1,Contemporary mostly single-season series
s1665,Dear My Friends,TV Show,2016,TV-MA,Adults,1,International TV Shows,South Korea,1,Contemporary mostly single-season series
s1667,Dear White People,TV Show,2019,TV-MA,Adults,3,TV Comedies,United States,1,Contemporary mostly single-season series
s1670,Death by Magic,TV Show,2018,TV-PG,Adults,1,Reality TV,United States,1,Contemporary mostly single-season series
s1681,Deep Undercover Collection,TV Show,2017,TV-MA,Adults,3,Crime TV Shows,United States,1,Contemporary mostly single-season series
s1682,Deep Water,TV Show,2016,TV-MA,Adults,1,Crime TV Shows,Australia,1,Contemporary mostly single-season series
s1688,Degrassi: Next Class,TV Show,2017,TV-14,Teens,4,International TV Shows,Canada,3,Multi-season continuing series
s1692,Delhi Crime,TV Show,2019,TV-MA,Adults,1,Crime TV Shows,India,1,Contemporary mostly single-season series
s1696,DeMarcus Family Rules,TV Show,2020,TV-14,Teens,1,Reality TV,United States,1,Contemporary mostly single-season series
s1700,Demon's Path,TV Show,2018,TV-14,Teens,1,Crime TV Shows,Unknown Country,1,Contemporary mostly single-season series
s1704,Dennis and Gnasher Unleashed,TV Show,2017,TV-Y,Kids,1,British TV Shows,United Kingdom,1,Contemporary mostly single-season series
s1707,Derek,TV Show,2015,TV-MA,Adults,3,British TV Shows,United Kingdom,1,Contemporary mostly single-season series
s1711,Derry Girls,TV Show,2019,TV-MA,Adults,2,British TV Shows,United Kingdom,1,Contemporary mostly single-season series
s1712,Designated Survivor,TV Show,2019,TV-MA,Adults,3,Crime TV Shows,United States,1,Contemporary mostly single-season series
s1713,Designated Survivor: 60 Days,TV Show,2019,TV-14,Teens,1,International TV Shows,South Korea,1,Contemporary mostly single-season series
s1721,Detention,TV Show,2020,TV-MA,Adults,1,International TV Shows,Taiwan,1,Contemporary mostly single-season series
s1729,Devilman Crybaby,TV Show,2018,TV-MA,Adults,1,Anime Series,Japan,1,Contemporary mostly single-season series
s1730,Devlok with Devdutt Pattanaik,TV Show,2017,TV-PG,Adults,1,International TV Shows,India,1,Contemporary mostly single-season series
s1732,Dexter,TV Show,2013,TV-MA,Adults,8,Crime TV Shows,United States,3,Multi-season continuing series
s1737,Dharmakshetra,TV Show,2014,TV-PG,Adults,1,International TV Shows,India,1,Contemporary mostly single-season series
s1739,Dhia Sofea,TV Show,2015,TV-14,Teens,1,International TV Shows,Malaysia,1,Contemporary mostly single-season series
s1743,Diablero,TV Show,2020,TV-MA,Adults,2,International TV Shows,Mexico,1,Contemporary mostly single-season series
s1744,Diagnosis,TV Show,2019,TV-14,Teens,1,Docuseries,United States,1,Contemporary mostly single-season series
s1745,Diamond City,TV Show,2019,TV-MA,Adults,1,Crime TV Shows,Unknown Country,1,Contemporary mostly single-season series
s1746,Diamond Lover,TV Show,2015,TV-PG,Adults,1,International TV Shows,China,1,Contemporary mostly single-season series
s1766,Dinner for Five,TV Show,2007,TV-MA,Adults,1,Stand-Up Comedy & Talk Shows,United States,1,Contemporary mostly single-season series
s1768,Dino Girl Gauko,TV Show,2020,TV-Y7,Teens,2,Anime Series,United States,1,Contemporary mostly single-season series
s1769,Dino Hunt,TV Show,2016,TV-G,Kids,1,Docuseries,Canada,1,Contemporary mostly single-season series
s1770,Dinosaur King,TV Show,2008,TV-Y7,Teens,2,Anime Series,Japan,0,Older acquired television catalogue
s1771,Dinotrux,TV Show,2017,TV-Y7,Teens,5,Kids' TV,United States,3,Multi-season continuing series
s1772,Dinotrux Supercharged,TV Show,2018,TV-Y7,Teens,3,Kids' TV,Unknown Country,1,Contemporary mostly single-season series
s1773,Dirty John,TV Show,2018,TV-MA,Adults,1,Crime TV Shows,United States,1,Contemporary mostly single-season series
s1774,Dirty Money,TV Show,2020,TV-MA,Adults,2,Crime TV Shows,United States,1,Contemporary mostly single-season series
s1775,Disappearance,TV Show,2018,TV-MA,Adults,1,International TV Shows,Egypt,1,Contemporary mostly single-season series
s1781,Disenchantment,TV Show,2021,TV-14,Teens,3,TV Action & Adventure,United States,1,Contemporary mostly single-season series
s1782,Disjointed,TV Show,2018,TV-MA,Adults,2,TV Comedies,United States,1,Contemporary mostly single-season series
s1785,Diva Brides,TV Show,2017,TV-MA,Adults,1,British TV Shows,Unknown Country,1,Contemporary mostly single-season series
s1790,Do Do Sol Sol La La Sol,TV Show,2020,TV-14,Teens,1,International TV Shows,South Korea,1,Contemporary mostly single-season series
s1793,Doctor Foster,TV Show,2017,TV-MA,Adults,2,British TV Shows,United Kingdom,1,Contemporary mostly single-season series
s1795,Documentary Now!,TV Show,2019,TV-14,Teens,3,TV Comedies,United States,1,Contemporary mostly single-season series
s1797,Dogs,TV Show,2018,TV-PG,Adults,1,Docuseries,United States,1,Contemporary mostly single-season series
s1798,Dogs of Berlin,TV Show,2018,TV-MA,Adults,1,Crime TV Shows,Germany,1,Contemporary mostly single-season series
s1800,Dollar,TV Show,2019,TV-MA,Adults,1,International TV Shows,Lebanon,1,Contemporary mostly single-season series
s1803,Dolly Parton's Heartstrings,TV Show,2019,TV-14,Teens,1,TV Dramas,United States,1,Contemporary mostly single-season series
s1816,Don't F**k with Cats: Hunting an Internet Killer,TV Show,2019,TV-MA,Adults,1,Crime TV Shows,United Kingdom,1,Contemporary mostly single-season series
s1827,Doomsday Preppers,TV Show,2013,TV-14,Teens,1,Reality TV,United States,0,Older acquired television catalogue
s1829,Dope,TV Show,2019,TV-MA,Adults,3,Crime TV Shows,United States,1,Contemporary mostly single-season series
s1831,Dorohedoro,TV Show,2020,TV-MA,Adults,1,Anime Series,Japan,1,Contemporary mostly single-season series
s1840,Down to Earth with Zac Efron,TV Show,2020,TV-PG,Adults,1,Docuseries,United States,1,Contemporary mostly single-season series
s1845,Dracula,TV Show,2020,TV-14,Teens,1,British TV Shows,United Kingdom,1,Contemporary mostly single-season series
s1846,DRAGON PILOT: Hisone & Masotan,TV Show,2018,TV-14,Teens,1,Anime Series,Japan,1,Contemporary mostly single-season series
s1849,Dragon's Dogma,TV Show,2020,TV-MA,Adults,1,Anime Series,Unknown Country,1,Contemporary mostly single-season series
s1857,Dragons: Race to the Edge,TV Show,2018,TV-Y7,Teens,6,Kids' TV,United States,3,Multi-season continuing series
s1858,Dragons: Rescue Riders,TV Show,2020,TV-Y,Kids,2,Kids' TV,United States,1,Contemporary mostly single-season series
s1862,Dramaworld,TV Show,2016,TV-14,Teens,1,Romantic TV Shows,United States,1,Contemporary mostly single-season series
s1865,Dream Home Makeover,TV Show,2021,TV-G,Kids,2,Reality TV,United States,1,Contemporary mostly single-season series
s1867,DreamWorks Happy Holidays from Madagascar,TV Show,2005,TV-PG,Adults,1,Kids' TV,United States,0,Older acquired television catalogue
s1868,DreamWorks Holiday Classics,TV Show,2011,TV-PG,Adults,1,Kids' TV,United States,0,Older acquired television catalogue
s1870,DreamWorks How to Train Your Dragon Legends,TV Show,2011,TV-PG,Adults,1,Kids' TV,United States,0,Older acquired television catalogue
s1871,DreamWorks Kung Fu Panda Awesome Secrets,TV Show,2008,TV-PG,Adults,1,Kids' TV,United States,0,Older acquired television catalogue
s1872,DreamWorks Shrek's Swamp Stories,TV Show,2008,TV-PG,Adults,1,Kids' TV,United States,0,Older acquired television catalogue
s1873,DreamWorks Spooky Stories,TV Show,2009,TV-PG,Adults,1,Kids' TV,United States,0,Older acquired television catalogue
s1874,DreamWorks Spooky Stories: Volume 2,TV Show,2011,TV-PG,Adults,1,Kids' TV,Unknown Country,0,Older acquired television catalogue
s1876,DRIFTING DRAGONS,TV Show,2020,TV-14,Teens,1,Anime Series,Japan,1,Contemporary mostly single-season series
s1881,Droppin' Cash: Los Angeles,TV Show,2019,TV-MA,Adults,2,Reality TV,United States,1,Contemporary mostly single-season series
s1882,Drug Lords,TV Show,2018,TV-MA,Adults,2,Crime TV Shows,United States,1,Contemporary mostly single-season series
s1883,Drug Squad: Costa del Sol,TV Show,2019,TV-MA,Adults,1,Crime TV Shows,Spain,1,Contemporary mostly single-season series
s1884,"Drugs, Inc.",TV Show,2015,TV-MA,Adults,1,Crime TV Shows,United States,1,Contemporary mostly single-season series
s1891,Dueños del paraíso,TV Show,2015,TV-14,Teens,1,Crime TV Shows,United States,1,Contemporary mostly single-season series
s1898,Durarara!!,TV Show,2016,TV-MA,Adults,1,Anime Series,Japan,1,Contemporary mostly single-season series
s1901,Dynasty,TV Show,2019,TV-14,Teens,3,TV Dramas,United States,1,Contemporary mostly single-season series
s1906,Earth to Luna!,TV Show,2014,TV-Y,Kids,1,Kids' TV,Brazil,0,Older acquired television catalogue
s1907,Earth's Natural Wonders,TV Show,2015,TV-PG,Adults,1,British TV Shows,United Kingdom,1,Contemporary mostly single-season series
s1908,Earth's Natural Wonders: Life at the Extremes,TV Show,2018,TV-14,Teens,1,British TV Shows,Unknown Country,1,Contemporary mostly single-season series
s1911,Eastsiders,TV Show,2018,TV-MA,Adults,4,TV Comedies,United States,3,Multi-season continuing series
s1912,Easy,TV Show,2019,TV-MA,Adults,3,TV Comedies,United States,1,Contemporary mostly single-season series
s1914,Easy Fortune Happy Life,TV Show,2009,TV-MA,Adults,1,International TV Shows,Taiwan,0,Older acquired television catalogue
s1921,Edgar Rice Burroughs' Tarzan and Jane,TV Show,2018,TV-Y7,Teens,2,Crime TV Shows,Unknown Country,1,Contemporary mostly single-season series
s1924,Edge of the Universe,TV Show,2008,TV-G,Kids,1,British TV Shows,United Kingdom,0,Older acquired television catalogue
s1925,Edha,TV Show,2018,TV-MA,Adults,1,International TV Shows,Argentina,1,Contemporary mostly single-season series
s1934,Einsatzgruppen: The Nazi Death Squads,TV Show,2009,TV-MA,Adults,1,Docuseries,France,0,Older acquired television catalogue
s1944,El Barco,TV Show,2013,NR,Unrated,3,International TV Shows,Spain,1,Contemporary mostly single-season series
s1947,El Cartel,TV Show,2008,TV-MA,Adults,1,Crime TV Shows,Colombia,0,Older acquired television catalogue
s1948,El Cartel 2,TV Show,2010,TV-MA,Adults,1,Crime TV Shows,Colombia,0,Older acquired television catalogue
s1949,El Chapo,TV Show,2018,TV-MA,Adults,3,Crime TV Shows,Mexico,1,Contemporary mostly single-season series
s1950,El Chavo,TV Show,1979,TV-PG,Adults,1,Classic & Cult TV,Mexico,2,Legacy and vintage television
s1952,El Clon,TV Show,2010,TV-14,Teens,1,Romantic TV Shows,United States,0,Older acquired television catalogue
s1955,El desconocido,TV Show,2019,TV-MA,Adults,2,Crime TV Shows,Unknown Country,1,Contemporary mostly single-season series
s1956,El Dragón: Return of a Warrior,TV Show,2020,TV-MA,Adults,2,Crime TV Shows,Mexico,1,Contemporary mostly single-season series
s1960,El Marginal,TV Show,2019,TV-MA,Adults,3,Crime TV Shows,Argentina,1,Contemporary mostly single-season series
s1963,El Reemplazante,TV Show,2013,TV-MA,Adults,2,International TV Shows,Chile,0,Older acquired television catalogue
s1964,El señor de los Cielos,TV Show,2019,TV-MA,Adults,7,Crime TV Shows,United States,3,Multi-season continuing series
s1968,El Vato,TV Show,2017,TV-MA,Adults,2,International TV Shows,United States,1,Contemporary mostly single-season series
s1979,Elite,TV Show,2020,TV-MA,Adults,3,Crime TV Shows,Spain,1,Contemporary mostly single-season series
s1982,Ellen DeGeneres: Relatable,TV Show,2018,TV-MA,Adults,1,Stand-Up Comedy & Talk Shows,United States,1,Contemporary mostly single-season series
s1991,Emily in Paris,TV Show,2020,TV-MA,Adults,1,Romantic TV Shows,United States,1,Contemporary mostly single-season series
s1992,Emily's Wonder Lab,TV Show,2020,TV-Y,Kids,1,Kids' TV,United States,1,Contemporary mostly single-season series
s1995,Emogenius,TV Show,2017,TV-PG,Adults,1,Reality TV,United States,1,Contemporary mostly single-season series
s1996,Empire Games,TV Show,2018,TV-14,Teens,1,Docuseries,Czech Republic,1,Contemporary mostly single-season series
s1999,Encerrados,TV Show,2018,TV-MA,Adults,1,International TV Shows,Unknown Country,1,Contemporary mostly single-season series
s2001,Encounters with Evil,TV Show,2016,TV-14,Teens,1,British TV Shows,United Kingdom,1,Contemporary mostly single-season series
s2004,Enemigo íntimo,TV Show,2018,TV-MA,Adults,1,Crime TV Shows,Unknown Country,1,Contemporary mostly single-season series
s2006,Engineering Girls,TV Show,2018,TV-MA,Adults,1,International TV Shows,India,1,Contemporary mostly single-season series
s2011,Entangled,TV Show,2014,TV-14,Teens,1,International TV Shows,South Korea,1,Contemporary mostly single-season series
s2016,Episodes,TV Show,2017,TV-MA,Adults,5,Classic & Cult TV,United Kingdom,3,Multi-season continuing series
s2018,Equestria Girls: Tales of Canterlot High,TV Show,2017,TV-Y7,Teens,1,Kids' TV,United States,1,Contemporary mostly single-season series
s2020,Equinox,TV Show,2020,TV-MA,Adults,1,International TV Shows,Denmark,1,Contemporary mostly single-season series
s2021,Erased,TV Show,2016,TV-14,Teens,1,Anime Series,Japan,1,Contemporary mostly single-season series
s2028,Especial 20 años Fútbol de Primera,TV Show,2020,TV-14,Teens,1,Docuseries,Unknown Country,1,Contemporary mostly single-season series
s2031,Eternal Love,TV Show,2017,TV-14,Teens,1,International TV Shows,China,1,Contemporary mostly single-season series
s2033,Ethos,TV Show,2020,TV-MA,Adults,1,International TV Shows,Turkey,1,Contemporary mostly single-season series
s2034,Eugenie Nights,TV Show,2018,TV-14,Teens,1,International TV Shows,Egypt,1,Contemporary mostly single-season series
s2036,Eurovision Song Contest,TV Show,2019,TV-PG,Adults,1,International TV Shows,Unknown Country,1,Contemporary mostly single-season series
s2045,Ever After High,TV Show,2016,TV-Y7,Teens,5,Kids' TV,Canada,3,Multi-season continuing series
s2049,Everyday Miracles,TV Show,2014,TV-PG,Adults,1,British TV Shows,United Kingdom,1,Contemporary mostly single-season series
s2051,Everything Sucks!,TV Show,2018,TV-14,Teens,1,TV Comedies,United States,1,Contemporary mostly single-season series
s2052,Evil,TV Show,2019,TV-14,Teens,1,TV Dramas,United States,1,Contemporary mostly single-season series
s2053,Evil Genius,TV Show,2018,TV-MA,Adults,1,Crime TV Shows,United States,1,Contemporary mostly single-season series
s2057,Ex-Boyfriend,TV Show,2011,TV-14,Teens,1,International TV Shows,China,0,Older acquired television catalogue
s2058,Examination of Conscience,TV Show,2019,TV-MA,Adults,1,Crime TV Shows,Spain,1,Contemporary mostly single-season series
s2059,Exclusive Edition,TV Show,2008,TV-14,Teens,1,International TV Shows,Unknown Country,0,Older acquired television catalogue
s2062,Exhibit A,TV Show,2019,TV-MA,Adults,1,Crime TV Shows,United States,1,Contemporary mostly single-season series
s2069,Explained,TV Show,2019,TV-MA,Adults,2,Docuseries,United States,1,Contemporary mostly single-season series
s2073,Extracurricular,TV Show,2020,TV-MA,Adults,1,Crime TV Shows,South Korea,1,Contemporary mostly single-season series
s2074,Extras,TV Show,2006,TV-MA,Adults,2,British TV Shows,United Kingdom,0,Older acquired television catalogue
s2075,Extreme Engagement,TV Show,2019,TV-MA,Adults,1,International TV Shows,Unknown Country,1,Contemporary mostly single-season series
s2082,Ezel,TV Show,2009,TV-14,Teens,1,Crime TV Shows,Turkey,0,Older acquired television catalogue
s2083,海的儿子,TV Show,2016,TV-14,Teens,1,International TV Shows,Unknown Country,1,Contemporary mostly single-season series
s2084,F is for Family,TV Show,2020,TV-MA,Adults,4,TV Comedies,United States,3,Multi-season continuing series
s2088,Fabulous Lives of Bollywood Wives,TV Show,2020,TV-MA,Adults,1,International TV Shows,India,1,Contemporary mostly single-season series
s2091,Fairy Tail,TV Show,2009,TV-MA,Adults,1,Anime Series,Japan,0,Older acquired television catalogue
s2093,Fake or Fortune?,TV Show,2015,TV-G,Kids,1,British TV Shows,United Kingdom,1,Contemporary mostly single-season series
s2097,Fall in Love with Me,TV Show,2014,TV-14,Teens,1,International TV Shows,Taiwan,1,Contemporary mostly single-season series
s2099,Fallet,TV Show,2017,TV-MA,Adults,1,Crime TV Shows,Sweden,1,Contemporary mostly single-season series
s2101,Falsa identidad,TV Show,2018,TV-MA,Adults,1,Crime TV Shows,Mexico,1,Contemporary mostly single-season series
s2103,Familiar Wife,TV Show,2018,TV-MA,Adults,1,International TV Shows,South Korea,1,Contemporary mostly single-season series
s2106,Family Business,TV Show,2020,TV-MA,Adults,2,International TV Shows,France,1,Contemporary mostly single-season series
s2107,Family Reunion,TV Show,2020,TV-PG,Adults,2,Kids' TV,United States,1,Contemporary mostly single-season series
s2113,Fangbone,TV Show,2016,TV-Y7,Teens,1,Kids' TV,Canada,1,Contemporary mostly single-season series
s2117,Fartsa,TV Show,2015,TV-14,Teens,1,Crime TV Shows,Russia,1,Contemporary mostly single-season series
s2118,Fary : Hexagone,TV Show,2020,TV-MA,Adults,2,International TV Shows,France,1,Contemporary mostly single-season series
s2121,Fast & Furious Spy Racers,TV Show,2020,TV-Y7,Teens,3,Kids' TV,United States,1,Contemporary mostly single-season series
s2122,Fastest Car,TV Show,2019,TV-MA,Adults,2,Reality TV,United States,1,Contemporary mostly single-season series
s2125,Fatal Destiny,TV Show,2016,TV-MA,Adults,1,Crime TV Shows,Unknown Country,1,Contemporary mostly single-season series
s2126,Fate/Apocrypha,TV Show,2017,TV-MA,Adults,2,Anime Series,Japan,1,Contemporary mostly single-season series
s2127,Fate/EXTRA Last Encore,TV Show,2018,TV-MA,Adults,2,Anime Series,Japan,1,Contemporary mostly single-season series
s2129,Fate/stay night: Unlimited Blade Works,TV Show,2015,TV-14,Teens,2,Anime Series,Japan,1,Contemporary mostly single-season series
s2130,Fate/Zero,TV Show,2012,TV-MA,Adults,2,Anime Series,Japan,0,Older acquired television catalogue
s2131,Father Brown,TV Show,2017,TV-14,Teens,6,British TV Shows,United Kingdom,3,Multi-season continuing series
s2135,Fauda,TV Show,2020,TV-MA,Adults,3,Crime TV Shows,Israel,1,Contemporary mostly single-season series
s2137,Fear City: New York vs The Mafia,TV Show,2020,TV-MA,Adults,1,Crime TV Shows,United States,1,Contemporary mostly single-season series
s2138,Fear Files... Har Mod Pe Darr,TV Show,2015,TV-MA,Adults,1,International TV Shows,India,1,Contemporary mostly single-season series
s2140,Feel Good,TV Show,2020,TV-MA,Adults,1,Romantic TV Shows,United Kingdom,1,Contemporary mostly single-season series
s2143,Felipe Esparza: Bad Decisions,TV Show,2020,TV-MA,Adults,1,Stand-Up Comedy & Talk Shows,United States,1,Contemporary mostly single-season series
s2157,Fifty: The Series,TV Show,2018,TV-14,Teens,2,International TV Shows,Nigeria,1,Contemporary mostly single-season series
s2159,FIGHTWORLD,TV Show,2018,TV-MA,Adults,1,Docuseries,Unknown Country,1,Contemporary mostly single-season series
s2161,Filinta,TV Show,2015,TV-14,Teens,2,Crime TV Shows,Turkey,1,Contemporary mostly single-season series
s2167,FINAL FANTASY XIV Dad of Light,TV Show,2017,TV-PG,Adults,1,International TV Shows,Japan,1,Contemporary mostly single-season series
s2169,Find Yourself,TV Show,2020,TV-14,Teens,1,International TV Shows,Unknown Country,1,Contemporary mostly single-season series
s2172,Fire Chasers,TV Show,2017,TV-MA,Adults,1,Docuseries,United States,1,Contemporary mostly single-season series
s2177,Fireman Sam,TV Show,2018,TV-Y,Kids,4,British TV Shows,United Kingdom,3,Multi-season continuing series
s2181,First and Last,TV Show,2018,TV-MA,Adults,1,Docuseries,Unknown Country,1,Contemporary mostly single-season series
s2187,First Team: Juventus,TV Show,2018,TV-PG,Adults,2,Docuseries,United States,1,Contemporary mostly single-season series
s2194,Fit for Fashion,TV Show,2015,TV-14,Teens,2,International TV Shows,Unknown Country,1,Contemporary mostly single-season series
s2197,Five Came Back,TV Show,2017,TV-MA,Adults,1,Docuseries,United States,1,Contemporary mostly single-season series
s2200,Fix It and Finish It,TV Show,2014,TV-G,Kids,3,Reality TV,United States,1,Contemporary mostly single-season series
s2202,Flaked,TV Show,2017,TV-MA,Adults,2,TV Comedies,United States,1,Contemporary mostly single-season series
s2204,Flavorful Origins,TV Show,2020,TV-G,Kids,3,Docuseries,China,1,Contemporary mostly single-season series
s2207,Flinch,TV Show,2019,TV-PG,Adults,1,Reality TV,United Kingdom,1,Contemporary mostly single-season series
s2208,Flint Town,TV Show,2018,TV-MA,Adults,1,Docuseries,United States,1,Contemporary mostly single-season series
s2210,Floor Is Lava,TV Show,2020,TV-PG,Adults,1,Reality TV,United States,1,Contemporary mostly single-season series
s2211,Flowering Heart,TV Show,2016,TV-Y7,Teens,1,Kids' TV,South Korea,1,Contemporary mostly single-season series
s2212,Flowers,TV Show,2018,TV-MA,Adults,2,British TV Shows,United Kingdom,1,Contemporary mostly single-season series
s2215,Follow This,TV Show,2018,TV-MA,Adults,3,Docuseries,United States,1,Contemporary mostly single-season series
s2216,Followers,TV Show,2020,TV-MA,Adults,1,International TV Shows,Japan,1,Contemporary mostly single-season series
s2218,Food Wars!: Shokugeki no Soma,TV Show,2016,TV-MA,Adults,2,Anime Series,Japan,1,Contemporary mostly single-season series
s2219,Food: Delicious Science,TV Show,2017,TV-PG,Adults,1,Docuseries,Unknown Country,1,Contemporary mostly single-season series
s2220,Footprints in the Sand,TV Show,2011,TV-14,Teens,1,International TV Shows,United States,0,Older acquired television catalogue
s2231,For the Win,TV Show,2017,TV-14,Teens,1,Reality TV,United States,1,Contemporary mostly single-season series
s2236,Forces of Nature,TV Show,2016,TV-PG,Adults,1,British TV Shows,United Kingdom,1,Contemporary mostly single-season series
s2238,Forensic Files,TV Show,2011,TV-MA,Adults,9,Crime TV Shows,United States,3,Multi-season continuing series
s2239,Forest of Piano,TV Show,2019,TV-14,Teens,2,Anime Series,Japan,1,Contemporary mostly single-season series
s2242,Forged in Fire,TV Show,2019,TV-14,Teens,1,Reality TV,United States,1,Contemporary mostly single-season series
s2243,Forget Me Not,TV Show,2011,TV-MA,Adults,1,International TV Shows,United Kingdom,0,Older acquired television catalogue
s2247,Formula 1: Drive to Survive,TV Show,2020,TV-MA,Adults,2,Docuseries,United Kingdom,1,Contemporary mostly single-season series
s2250,Four Seasons in Havana,TV Show,2016,TV-MA,Adults,1,Crime TV Shows,Spain,1,Contemporary mostly single-season series
s2262,Frank Elstner: Just One Last Question,TV Show,2020,TV-MA,Adults,1,International TV Shows,Germany,1,Contemporary mostly single-season series
s2264,Frasier,TV Show,2003,TV-PG,Adults,11,Classic & Cult TV,United States,3,Multi-season continuing series
s2272,Free Rein,TV Show,2019,TV-G,Kids,3,British TV Shows,United States,1,Contemporary mostly single-season series
s2283,Frequency,TV Show,2016,TV-14,Teens,1,Crime TV Shows,United States,1,Contemporary mostly single-season series
s2285,Freud,TV Show,2020,TV-MA,Adults,1,Crime TV Shows,Austria,1,Contemporary mostly single-season series
s2286,Friday Night Tykes,TV Show,2017,TV-PG,Adults,4,Docuseries,United States,3,Multi-season continuing series
s2289,Friends,TV Show,2003,TV-14,Teens,10,Classic & Cult TV,United States,3,Multi-season continuing series
s2290,Friends from College,TV Show,2019,TV-MA,Adults,2,Romantic TV Shows,United States,1,Contemporary mostly single-season series
s2293,From Dusk Till Dawn,TV Show,2016,TV-MA,Adults,3,Classic & Cult TV,United States,1,Contemporary mostly single-season series
s2299,Frontier,TV Show,2018,TV-MA,Adults,3,International TV Shows,Canada,1,Contemporary mostly single-season series
s2300,Frozen Planet,TV Show,2011,TV-PG,Adults,1,British TV Shows,United Kingdom,0,Older acquired television catalogue
s2305,Fugitiva,TV Show,2018,TV-MA,Adults,1,Crime TV Shows,Spain,1,Contemporary mostly single-season series
s2307,Fukrey Boyzzz,TV Show,2020,TV-Y,Kids,1,Kids' TV,Unknown Country,1,Contemporary mostly single-season series
s2312,Fuller House,TV Show,2020,TV-PG,Adults,5,TV Comedies,United States,3,Multi-season continuing series
s2314,Fullmetal Alchemist: Brotherhood,TV Show,2010,TV-14,Teens,5,Anime Series,Japan,0,Older acquired television catalogue
s2321,Futmalls.com,TV Show,2020,TV-14,Teens,1,Crime TV Shows,Unknown Country,1,Contemporary mostly single-season series
s2328,Gabby's Dollhouse,TV Show,2021,TV-Y,Kids,1,Kids' TV,Unknown Country,1,Contemporary mostly single-season series
s2332,Gabru: Hip Hop Revolution,TV Show,2018,TV-14,Teens,1,International TV Shows,India,1,Contemporary mostly single-season series
s2338,Galavant,TV Show,2016,TV-PG,Adults,2,TV Action & Adventure,United States,1,Contemporary mostly single-season series
s2341,GAME ON: A Comedy Crossover Event,TV Show,2020,TV-G,Kids,1,Kids' TV,United States,1,Contemporary mostly single-season series
s2347,Game Winning Hit,TV Show,2009,TV-MA,Adults,1,International TV Shows,Taiwan,0,Older acquired television catalogue
s2348,Gameboys Level-Up Edition,TV Show,2020,TV-14,Teens,1,International TV Shows,Unknown Country,1,Contemporary mostly single-season series
s2351,Gangs of Hassepur,TV Show,2014,TV-PG,Adults,1,International TV Shows,India,1,Contemporary mostly single-season series
s2360,Gargantia on the Verdurous Planet,TV Show,2013,TV-MA,Adults,1,Anime Series,Japan,1,Contemporary mostly single-season series
s2361,Garth Brooks: The Road I’m On,TV Show,2019,TV-PG,Adults,1,Docuseries,United States,1,Contemporary mostly single-season series
s2374,Genius of the Ancient World,TV Show,2015,TV-PG,Adults,1,British TV Shows,United Kingdom,1,Contemporary mostly single-season series
s2375,Genius of the Modern World,TV Show,2016,TV-PG,Adults,1,British TV Shows,United Kingdom,1,Contemporary mostly single-season series
s2376,Gentefied,TV Show,2020,TV-MA,Adults,1,TV Comedies,United States,1,Contemporary mostly single-season series
s2377,Gentlemen and Gangsters,TV Show,2016,TV-MA,Adults,1,Crime TV Shows,Sweden,1,Contemporary mostly single-season series
s2381,Geronimo Stilton,TV Show,2011,TV-Y,Kids,1,Kids' TV,Italy,0,Older acquired television catalogue
s2382,Get Even,TV Show,2020,TV-PG,Adults,1,British TV Shows,United Kingdom,1,Contemporary mostly single-season series
s2386,Get Organized with The Home Edit,TV Show,2020,TV-PG,Adults,1,Reality TV,United States,1,Contemporary mostly single-season series
s2388,Get Shorty,TV Show,2017,TV-MA,Adults,1,Crime TV Shows,United States,1,Contemporary mostly single-season series
s2396,Ghost in the Shell: SAC_2045,TV Show,2020,TV-14,Teens,1,Anime Series,Japan,1,Contemporary mostly single-season series
s2403,Ghost Town Gold,TV Show,2012,TV-14,Teens,1,Reality TV,United States,0,Older acquired television catalogue
s2407,GHOUL,TV Show,2018,TV-MA,Adults,1,International TV Shows,India,1,Contemporary mostly single-season series
s2410,Gigantosaurus,TV Show,2019,TV-Y,Kids,1,Kids' TV,United States,1,Contemporary mostly single-season series
s2412,Gilmore Girls,TV Show,2006,TV-14,Teens,7,Romantic TV Shows,United States,0,Older acquired television catalogue
s2413,Gilmore Girls: A Year in the Life,TV Show,2016,TV-14,Teens,1,TV Comedies,United States,1,Contemporary mostly single-season series
s2420,Giri / Haji,TV Show,2019,TV-MA,Adults,1,British TV Shows,United Kingdom,1,Contemporary mostly single-season series
s2422,Girl from Nowhere,TV Show,2018,TV-MA,Adults,1,International TV Shows,Thailand,1,Contemporary mostly single-season series
s2426,Girlboss,TV Show,2017,TV-MA,Adults,1,TV Comedies,United States,1,Contemporary mostly single-season series
s2428,Girlfriends,TV Show,2007,TV-14,Teens,8,TV Comedies,United States,0,Older acquired television catalogue
s2429,Girlfriends' Guide to Divorce,TV Show,2019,TV-MA,Adults,5,TV Comedies,United States,3,Multi-season continuing series
s2430,Girls Hostel,TV Show,2018,TV-MA,Adults,1,International TV Shows,India,1,Contemporary mostly single-season series
s2431,Girls Incarcerated,TV Show,2019,TV-MA,Adults,2,Docuseries,United States,1,Contemporary mostly single-season series
s2432,Girls und Panzer,TV Show,2012,TV-PG,Adults,1,Anime Series,Japan,0,Older acquired television catalogue
s2436,Glee,TV Show,2015,TV-14,Teens,6,TV Comedies,United States,3,Multi-season continuing series
s2437,Glitch,TV Show,2019,TV-MA,Adults,3,International TV Shows,Australia,1,Contemporary mostly single-season series
s2438,Glitch Techs,TV Show,2020,TV-Y7,Teens,2,Kids' TV,United States,1,Contemporary mostly single-season series
s2439,Glitter Force,TV Show,2016,TV-Y7,Teens,2,Anime Series,Japan,1,Contemporary mostly single-season series
s2440,Glitter Force Doki Doki,TV Show,2017,TV-Y7,Teens,2,Anime Series,Japan,1,Contemporary mostly single-season series
s2441,GLOW,TV Show,2019,TV-MA,Adults,3,TV Comedies,United States,1,Contemporary mostly single-season series
s2442,Glow Up,TV Show,2020,TV-14,Teens,2,British TV Shows,United Kingdom,1,Contemporary mostly single-season series
s2444,Glowing Embers,TV Show,2010,TV-14,Teens,1,International TV Shows,Unknown Country,0,Older acquired television catalogue
s2447,Go! Go! Cory Carson,TV Show,2020,TV-Y,Kids,3,Kids' TV,United States,1,Contemporary mostly single-season series
s2449,Go! Live Your Way,TV Show,2019,TV-PG,Adults,2,Kids' TV,Argentina,1,Contemporary mostly single-season series
s2452,God Eater,TV Show,2015,TV-14,Teens,1,Anime Series,Japan,1,Contemporary mostly single-season series
s2458,Godless,TV Show,2017,TV-MA,Adults,1,TV Dramas,United States,1,Contemporary mostly single-season series
s2459,Godzilla,TV Show,2017,TV-14,Teens,1,TV Shows,Japan,1,Contemporary mostly single-season series
s2462,Goedam,TV Show,2020,TV-MA,Adults,1,International TV Shows,South Korea,1,Contemporary mostly single-season series
s2468,Goldie & Bear,TV Show,2017,TV-Y,Kids,2,Kids' TV,United States,1,Contemporary mostly single-season series
s2473,Gomorrah,TV Show,2016,TV-MA,Adults,2,Crime TV Shows,Italy,1,Contemporary mostly single-season series
s2475,Gonul,TV Show,2015,TV-14,Teens,1,International TV Shows,Turkey,1,Contemporary mostly single-season series
s2479,Good Girls,TV Show,2019,TV-MA,Adults,2,Crime TV Shows,United States,1,Contemporary mostly single-season series
s2486,Good Morning Call,TV Show,2017,TV-14,Teens,2,International TV Shows,Japan,1,Contemporary mostly single-season series
s2487,"Good Morning, Verônica",TV Show,2020,TV-MA,Adults,1,Crime TV Shows,Brazil,1,Contemporary mostly single-season series
s2492,Good Witch,TV Show,2019,TV-PG,Adults,5,TV Dramas,United States,3,Multi-season continuing series
s2493,Goodbye My Wife,TV Show,2012,TV-14,Teens,1,International TV Shows,South Korea,1,Contemporary mostly single-season series
s2495,Goodnight DJ 1,TV Show,2016,TV-14,Teens,2,International TV Shows,Unknown Country,1,Contemporary mostly single-season series
s2499,Goosebumps,TV Show,1998,TV-G,Kids,5,Kids' TV,Canada,0,Older acquired television catalogue
s2502,Gormiti,TV Show,2018,TV-Y,Kids,1,Kids' TV,Spain,1,Contemporary mostly single-season series
s2504,Gossip Girl,TV Show,2012,TV-14,Teens,6,TV Dramas,United States,3,Multi-season continuing series
s2505,Gotham,TV Show,2019,TV-MA,Adults,5,Crime TV Shows,United States,3,Multi-season continuing series
s2509,Grace and Frankie,TV Show,2020,TV-MA,Adults,6,TV Comedies,United States,3,Multi-season continuing series
s2510,Graceful Friends,TV Show,2020,TV-MA,Adults,1,Crime TV Shows,South Korea,1,Contemporary mostly single-season series
s2512,GRANBLUE FANTASY the Animation,TV Show,2017,TV-PG,Adults,1,Anime Series,Japan,1,Contemporary mostly single-season series
s2513,Grand Army,TV Show,2020,TV-MA,Adults,1,TV Dramas,United States,1,Contemporary mostly single-season series
s2514,Grand Designs,TV Show,2017,TV-14,Teens,2,British TV Shows,United Kingdom,1,Contemporary mostly single-season series
s2515,Grand Hotel,TV Show,2013,TV-PG,Adults,3,International TV Shows,Spain,1,Contemporary mostly single-season series
s2524,Great Interior Design Challenge,TV Show,2016,TV-PG,Adults,2,British TV Shows,United Kingdom,1,Contemporary mostly single-season series
s2525,Great News,TV Show,2017,TV-14,Teens,2,TV Comedies,United States,1,Contemporary mostly single-season series
s2526,Great Pretender,TV Show,2020,TV-MA,Adults,2,Anime Series,Japan,1,Contemporary mostly single-season series
s2527,Great Yellowstone Thaw,TV Show,2017,TV-PG,Adults,1,Docuseries,United Kingdom,1,Contemporary mostly single-season series
s2529,Greatest Events of WWII in Colour,TV Show,2019,TV-14,Teens,1,British TV Shows,United Kingdom,1,Contemporary mostly single-season series
s2530,Green Door,TV Show,2019,TV-MA,Adults,1,International TV Shows,Taiwan,1,Contemporary mostly single-season series
s2531,Green Eggs and Ham,TV Show,2019,TV-Y7,Teens,1,Kids' TV,United Kingdom,1,Contemporary mostly single-season series
s2532,Green Frontier,TV Show,2019,TV-MA,Adults,1,Crime TV Shows,Colombia,1,Contemporary mostly single-season series
s2535,Greenhouse Academy,TV Show,2020,TV-PG,Adults,4,Kids' TV,United States,3,Multi-season continuing series
s2536,Greenleaf,TV Show,2020,TV-14,Teens,5,TV Dramas,United States,3,Multi-season continuing series
s2539,Grey's Anatomy,TV Show,2019,TV-14,Teens,16,Romantic TV Shows,United States,3,Multi-season continuing series
s2544,Grizzy et les Lemmings,TV Show,2018,TV-Y,Kids,2,Kids' TV,France,1,Contemporary mostly single-season series
s2556,Gunslinger Girl,TV Show,2008,TV-14,Teens,2,Anime Series,Japan,1,Contemporary mostly single-season series
s2558,Gurren Lagann,TV Show,2007,TV-14,Teens,1,Anime Series,Japan,0,Older acquired television catalogue
s2560,Guru Aur Bhole,TV Show,2018,TV-Y7,Teens,3,Kids' TV,Unknown Country,1,Contemporary mostly single-season series
s2563,Gypsy,TV Show,2017,TV-MA,Adults,1,TV Dramas,United States,1,Contemporary mostly single-season series
s2564,H,TV Show,2002,TV-MA,Adults,4,International TV Shows,France,0,Older acquired television catalogue
s2568,H2O: Just Add Water,TV Show,2009,TV-PG,Adults,3,Kids' TV,Australia,0,Older acquired television catalogue
s2569,H2O: Mermaid Adventures,TV Show,2015,TV-Y7,Teens,2,Kids' TV,Germany,1,Contemporary mostly single-season series
s2570,Ha Unlimited,TV Show,2016,TV-MA,Adults,2,International TV Shows,Unknown Country,1,Contemporary mostly single-season series
s2574,Hache,TV Show,2019,TV-MA,Adults,1,Crime TV Shows,Spain,1,Contemporary mostly single-season series
s2577,Haikyu!!,TV Show,2015,TV-14,Teens,2,Anime Series,Japan,1,Contemporary mostly single-season series
s2583,Half & Half,TV Show,2005,TV-14,Teens,4,TV Comedies,United States,0,Older acquired television catalogue
s2588,Halt and Catch Fire,TV Show,2017,TV-14,Teens,4,TV Dramas,United States,3,Multi-season continuing series
s2594,Handsome Siblings,TV Show,2020,TV-14,Teens,1,International TV Shows,China,1,Contemporary mostly single-season series
s2596,Hangar 1: The UFO Files,TV Show,2014,TV-PG,Adults,1,Docuseries,Unknown Country,0,Older acquired television catalogue
s2601,Hannibal,TV Show,2015,TV-MA,Adults,3,TV Horror,United States,1,Contemporary mostly single-season series
s2606,Hap and Leonard,TV Show,2018,TV-MA,Adults,3,Crime TV Shows,United States,1,Contemporary mostly single-season series
s2607,Happy 300 Days,TV Show,2013,TV-14,Teens,1,International TV Shows,Taiwan,1,Contemporary mostly single-season series
s2608,Happy And,TV Show,2012,TV-14,Teens,1,International TV Shows,South Korea,1,Contemporary mostly single-season series
s2613,Happy Jail,TV Show,2019,TV-MA,Adults,1,Crime TV Shows,Unknown Country,1,Contemporary mostly single-season series
s2617,Happy Valley,TV Show,2016,TV-MA,Adults,2,British TV Shows,United Kingdom,1,Contemporary mostly single-season series
s2618,Happy!,TV Show,2019,TV-MA,Adults,2,Crime TV Shows,United States,1,Contemporary mostly single-season series
s2619,Happyish,TV Show,2015,TV-MA,Adults,1,TV Comedies,United States,1,Contemporary mostly single-season series
s2626,Hardy Bucks,TV Show,2018,TV-MA,Adults,4,TV Comedies,Ireland,3,Multi-season continuing series
s2634,Harold Shipman - Driven to Kill,TV Show,2014,TV-14,Teens,1,British TV Shows,United Kingdom,1,Contemporary mostly single-season series
s2636,Harry & Bunnie,TV Show,2017,TV-Y7,Teens,1,Kids' TV,Malaysia,1,Contemporary mostly single-season series
s2639,Hart of Dixie,TV Show,2014,TV-PG,Adults,4,TV Comedies,United States,3,Multi-season continuing series
s2641,Harvey Street Kids,TV Show,2020,TV-Y7,Teens,4,Kids' TV,United States,3,Multi-season continuing series
s2645,Hashoter Hatov,TV Show,2015,TV-MA,Adults,1,Crime TV Shows,Israel,1,Contemporary mostly single-season series
s2646,Hasmukh,TV Show,2020,TV-MA,Adults,1,Crime TV Shows,India,1,Contemporary mostly single-season series
s2648,Hatchimals | Adventures in Hatchtopia,TV Show,2018,TV-Y,Kids,2,Kids' TV,United States,1,Contemporary mostly single-season series
s2649,Haters Back Off,TV Show,2017,TV-PG,Adults,2,TV Comedies,United States,1,Contemporary mostly single-season series
s2650,Hati Perempuan,TV Show,2015,TV-14,Teens,1,International TV Shows,Indonesia,1,Contemporary mostly single-season series
s2652,Haunted,TV Show,2019,TV-MA,Adults,2,Reality TV,United States,1,Contemporary mostly single-season series
s2653,Haunted House,TV Show,2017,TV-G,Kids,1,Kids' TV,Unknown Country,1,Contemporary mostly single-season series
s2657,"Have You Ever Fallen in Love, Miss Jiang?",TV Show,2016,TV-14,Teens,1,Crime TV Shows,Unknown Country,1,Contemporary mostly single-season series
s2659,Haven,TV Show,2015,TV-14,Teens,5,Classic & Cult TV,Canada,3,Multi-season continuing series
s2673,Headspace Guide to Meditation,TV Show,2021,TV-G,Kids,1,Docuseries,United States,1,Contemporary mostly single-season series
s2676,Heart & Soul,TV Show,2019,TV-14,Teens,1,International TV Shows,Unknown Country,1,Contemporary mostly single-season series
s2677,Heartbreak High,TV Show,1999,TV-14,Teens,7,International TV Shows,Australia,0,Older acquired television catalogue
s2679,Heartland,TV Show,2017,TV-14,Teens,11,TV Dramas,Canada,3,Multi-season continuing series
s2682,Heaven's Garden,TV Show,2011,TV-MA,Adults,1,International TV Shows,South Korea,1,Contemporary mostly single-season series
s2683,Heavy Rescue: 401,TV Show,2018,TV-MA,Adults,2,International TV Shows,Canada,1,Contemporary mostly single-season series
s2685,Heidi,TV Show,2020,TV-Y7,Teens,1,Kids' TV,France,1,Contemporary mostly single-season series
s2686,"Heidi, bienvenida a casa",TV Show,2017,TV-Y,Kids,1,Kids' TV,Argentina,1,Contemporary mostly single-season series
s2688,Helix,TV Show,2015,TV-MA,Adults,1,TV Horror,United States,1,Contemporary mostly single-season series
s2690,Hell on Wheels,TV Show,2016,TV-14,Teens,5,Crime TV Shows,Canada,3,Multi-season continuing series
s2694,Hello Ninja,TV Show,2020,TV-Y,Kids,3,Kids' TV,United States,1,Contemporary mostly single-season series
s2696,"Hello, My Twenties!",TV Show,2017,TV-MA,Adults,2,International TV Shows,South Korea,1,Contemporary mostly single-season series
s2698,Hemlock Grove,TV Show,2015,TV-MA,Adults,3,TV Horror,United States,1,Contemporary mostly single-season series
s2700,Henry Danger,TV Show,2016,TV-G,Kids,3,Kids' TV,United States,1,Contemporary mostly single-season series
s2702,Her Mother's Killer,TV Show,2020,TV-MA,Adults,1,International TV Shows,Colombia,1,Contemporary mostly single-season series
s2706,Here to Heart,TV Show,2018,TV-14,Teens,1,International TV Shows,China,1,Contemporary mostly single-season series
s2709,HERO MASK,TV Show,2019,TV-14,Teens,2,Anime Series,Unknown Country,1,Contemporary mostly single-season series
s2713,Herrens veje,TV Show,2018,TV-MA,Adults,2,International TV Shows,Denmark,1,Contemporary mostly single-season series
s2715,"Hi Bye, Mama!",TV Show,2020,TV-14,Teens,1,International TV Shows,South Korea,1,Contemporary mostly single-season series
s2716,Hi Score Girl,TV Show,2019,TV-14,Teens,2,Anime Series,Japan,1,Contemporary mostly single-season series
s2717,Hibana: Spark,TV Show,2016,TV-MA,Adults,1,International TV Shows,Japan,1,Contemporary mostly single-season series
s2720,Hidden Singer,TV Show,2015,TV-Y7,Teens,1,International TV Shows,South Korea,1,Contemporary mostly single-season series
s2721,Hidden Worlds,TV Show,2018,TV-14,Teens,1,Crime TV Shows,Egypt,1,Contemporary mostly single-season series
s2731,High Risk,TV Show,1988,TV-PG,Adults,1,Docuseries,United States,2,Legacy and vintage television
s2732,High Score,TV Show,2020,TV-14,Teens,1,Docuseries,United States,1,Contemporary mostly single-season series
s2733,High Seas,TV Show,2020,TV-MA,Adults,3,Crime TV Shows,Spain,1,Contemporary mostly single-season series
s2736,Highland: Thailand's Marijuana Awakening,TV Show,2017,TV-MA,Adults,1,Docuseries,Thailand,1,Contemporary mostly single-season series
s2739,Highway Thru Hell,TV Show,2016,TV-PG,Adults,3,Reality TV,Canada,1,Contemporary mostly single-season series
s2740,Highway to Heaven,TV Show,1988,TV-PG,Adults,5,TV Dramas,United States,2,Legacy and vintage television
s2742,Hilda,TV Show,2021,TV-Y7,Teens,2,Kids' TV,United Kingdom,1,Contemporary mostly single-season series
s2745,Hinterland,TV Show,2016,TV-14,Teens,3,British TV Shows,United Kingdom,1,Contemporary mostly single-season series
s2746,Hip-Hop Evolution,TV Show,2020,TV-MA,Adults,4,Docuseries,Canada,3,Multi-season continuing series
s2750,Historia de un clan,TV Show,2015,TV-MA,Adults,1,Crime TV Shows,Argentina,1,Contemporary mostly single-season series
s2751,Historical Roasts,TV Show,2019,TV-MA,Adults,1,Stand-Up Comedy & Talk Shows,United States,1,Contemporary mostly single-season series
s2752,History 101,TV Show,2020,TV-14,Teens,1,British TV Shows,United Kingdom,1,Contemporary mostly single-season series
s2754,History of Swear Words,TV Show,2021,TV-MA,Adults,1,Docuseries,United States,1,Contemporary mostly single-season series
s2755,History's Greatest Hoaxes,TV Show,2016,TV-PG,Adults,1,British TV Shows,Australia,1,Contemporary mostly single-season series
s2759,Hitler's Circle of Evil,TV Show,2017,TV-14,Teens,1,British TV Shows,United Kingdom,1,Contemporary mostly single-season series
s2762,Hjørdis,TV Show,2015,TV-MA,Adults,1,International TV Shows,Denmark,1,Contemporary mostly single-season series
s2764,Hoarders,TV Show,2019,TV-PG,Adults,1,Reality TV,Unknown Country,1,Contemporary mostly single-season series
s2765,Hoff the Record,TV Show,2016,TV-MA,Adults,2,British TV Shows,United Kingdom,1,Contemporary mostly single-season series
s2766,Hogie the Globehopper,TV Show,2016,TV-Y,Kids,1,Kids' TV,United States,1,Contemporary mostly single-season series
s2772,Holiday Home Makeover with Mr. Christmas,TV Show,2020,TV-G,Kids,1,Reality TV,United States,1,Contemporary mostly single-season series
s2775,Holiday Secrets,TV Show,2019,TV-MA,Adults,1,International TV Shows,Germany,1,Contemporary mostly single-season series
s2778,Hollywood,TV Show,2020,TV-MA,Adults,1,TV Dramas,United States,1,Contemporary mostly single-season series
s2786,Home for Christmas,TV Show,2020,TV-MA,Adults,2,International TV Shows,Norway,1,Contemporary mostly single-season series
s2787,Home Game,TV Show,2020,TV-MA,Adults,1,Docuseries,United States,1,Contemporary mostly single-season series
s2789,Home: Adventures with Tip & Oh,TV Show,2018,TV-Y7,Teens,4,Kids' TV,United States,3,Multi-season continuing series
s2792,Homemade,TV Show,2020,TV-MA,Adults,1,International TV Shows,Chile,1,Contemporary mostly single-season series
s2798,Hong Kong West Side Stories,TV Show,2018,TV-MA,Adults,1,International TV Shows,Hong Kong,1,Contemporary mostly single-season series
s2801,Hoops,TV Show,2020,TV-MA,Adults,1,TV Comedies,United States,1,Contemporary mostly single-season series
s2807,Hormones,TV Show,2015,TV-MA,Adults,3,International TV Shows,Thailand,1,Contemporary mostly single-season series
s2809,Horrid Henry,TV Show,2019,TV-Y7,Teens,2,British TV Shows,United Kingdom,1,Contemporary mostly single-season series
s2811,Horror Homes,TV Show,2016,TV-14,Teens,1,British TV Shows,United Kingdom,1,Contemporary mostly single-season series
s2814,Hospital Playlist,TV Show,2020,TV-MA,Adults,1,International TV Shows,South Korea,1,Contemporary mostly single-season series
s2819,Hot Date,TV Show,2018,TV-MA,Adults,1,Romantic TV Shows,United States,1,Contemporary mostly single-season series
s2822,Hot Girls Wanted: Turned On,TV Show,2017,TV-MA,Adults,1,Docuseries,United States,1,Contemporary mostly single-season series
s2826,Hotel Beau Séjour,TV Show,2017,TV-14,Teens,1,Crime TV Shows,Belgium,1,Contemporary mostly single-season series
s2829,Hotel Transylvania,TV Show,2017,TV-Y7,Teens,1,Kids' TV,United States,1,Contemporary mostly single-season series
s2833,House of Cards,TV Show,2018,TV-MA,Adults,6,TV Dramas,United States,3,Multi-season continuing series
s2844,How to Fix a Drug Scandal,TV Show,2020,TV-MA,Adults,1,Crime TV Shows,United States,1,Contemporary mostly single-season series
s2845,How to Get Away with Murder,TV Show,2020,TV-14,Teens,6,Crime TV Shows,United States,3,Multi-season continuing series
s2847,How to Live Mortgage Free with Sarah Beeny,TV Show,2018,TV-MA,Adults,1,British TV Shows,Unknown Country,1,Contemporary mostly single-season series
s2849,How To Ruin Christmas,TV Show,2020,TV-MA,Adults,1,International TV Shows,South Africa,1,Contemporary mostly single-season series
s2850,How to Sell Drugs Online (Fast),TV Show,2020,TV-MA,Adults,2,Crime TV Shows,Germany,1,Contemporary mostly single-season series
s2857,Huge in France,TV Show,2019,TV-MA,Adults,1,TV Comedies,United States,1,Contemporary mostly single-season series
s2865,Humsafar,TV Show,2011,TV-PG,Adults,1,International TV Shows,Pakistan,1,Contemporary mostly single-season series
s2870,Hunter X Hunter (2011),TV Show,2013,TV-MA,Adults,4,Anime Series,Japan,0,Older acquired television catalogue
s2873,Hunters of the South Seas,TV Show,2015,TV-14,Teens,1,British TV Shows,United Kingdom,1,Contemporary mostly single-season series
s2874,Huntik: Secrets and Seekers,TV Show,2011,TV-Y7,Teens,2,Kids' TV,United States,0,Older acquired television catalogue
s2880,Hyena,TV Show,2020,TV-MA,Adults,1,International TV Shows,South Korea,1,Contemporary mostly single-season series
s2881,Hymn of Death,TV Show,2018,TV-14,Teens,1,International TV Shows,South Korea,1,Contemporary mostly single-season series
s2882,Hyori's Bed & Breakfast,TV Show,2018,TV-14,Teens,2,International TV Shows,Unknown Country,1,Contemporary mostly single-season series
s2883,Hyper HardBoiled Gourmet Report,TV Show,2017,TV-MA,Adults,1,Docuseries,Unknown Country,1,Contemporary mostly single-season series
s2884,Hyperdrive,TV Show,2019,TV-PG,Adults,1,Reality TV,United States,1,Contemporary mostly single-season series
s2887,I AM A KILLER,TV Show,2020,TV-MA,Adults,2,British TV Shows,United Kingdom,1,Contemporary mostly single-season series
s2888,I AM A KILLER: RELEASED,TV Show,2020,TV-MA,Adults,1,British TV Shows,United Kingdom,1,Contemporary mostly single-season series
s2895,I Am Me!,TV Show,2016,TV-14,Teens,1,International TV Shows,Mexico,1,Contemporary mostly single-season series
s2900,I Am Not Okay With This,TV Show,2020,TV-MA,Adults,1,TV Comedies,United States,1,Contemporary mostly single-season series
s2914,I Have a Script,TV Show,2019,TV-14,Teens,1,International TV Shows,Unknown Country,1,Contemporary mostly single-season series
s2915,I Hear You,TV Show,2019,TV-14,Teens,1,International TV Shows,Unknown Country,1,Contemporary mostly single-season series
s2918,I Think You Should Leave with Tim Robinson,TV Show,2019,TV-MA,Adults,1,TV Comedies,United States,1,Contemporary mostly single-season series
s2927,I'm Sorry,TV Show,2019,TV-MA,Adults,2,TV Comedies,United States,1,Contemporary mostly single-season series
s2929,I'm with the Band: Nasty Cherry,TV Show,2019,TV-MA,Adults,1,Reality TV,United States,1,Contemporary mostly single-season series
s2934,Ice Fantasy,TV Show,2016,TV-14,Teens,1,International TV Shows,China,1,Contemporary mostly single-season series
s2937,ID-0,TV Show,2017,TV-PG,Adults,1,Anime Series,Japan,1,Contemporary mostly single-season series
s2939,Idiotest,TV Show,2014,TV-PG,Adults,1,Reality TV,United States,1,Contemporary mostly single-season series
s2941,If I Hadn't Met You,TV Show,2018,TV-MA,Adults,1,International TV Shows,Spain,1,Contemporary mostly single-season series
s2942,If I were an Animal,TV Show,2018,TV-G,Kids,1,Docuseries,Unknown Country,1,Contemporary mostly single-season series
s2953,Immigration Nation,TV Show,2020,TV-MA,Adults,1,Docuseries,United States,1,Contemporary mostly single-season series
s2955,Immortal Classic,TV Show,2012,TV-14,Teens,1,International TV Shows,South Korea,1,Contemporary mostly single-season series
s2956,Immortals,TV Show,2018,TV-MA,Adults,1,International TV Shows,Turkey,1,Contemporary mostly single-season series
s2959,Imposters,TV Show,2017,TV-MA,Adults,2,Crime TV Shows,United States,1,Contemporary mostly single-season series
s2961,In Between,TV Show,2012,TV-14,Teens,1,International TV Shows,Taiwan,1,Contemporary mostly single-season series
s2965,In Family We Trust,TV Show,2018,TV-MA,Adults,1,Crime TV Shows,Thailand,1,Contemporary mostly single-season series
s2966,In Laws,TV Show,2016,TV-PG,Adults,1,International TV Shows,Unknown Country,1,Contemporary mostly single-season series
s2971,In the Bosom of a Thorn,TV Show,2019,TV-14,Teens,1,International TV Shows,Kuwait,1,Contemporary mostly single-season series
s2972,In The Dark,TV Show,2020,TV-14,Teens,2,Crime TV Shows,United States,1,Contemporary mostly single-season series
s2978,Inborn Pair,TV Show,2011,TV-14,Teens,1,International TV Shows,Taiwan,0,Older acquired television catalogue
s2988,India: Nature's Wonderland,TV Show,2015,TV-PG,Adults,1,British TV Shows,United Kingdom,1,Contemporary mostly single-season series
s2990,Indian Matchmaking,TV Show,2020,TV-14,Teens,1,Reality TV,United States,1,Contemporary mostly single-season series
s2999,Ingobernable,TV Show,2018,TV-MA,Adults,2,Crime TV Shows,Mexico,1,Contemporary mostly single-season series
s3000,Ingress: The Animation,TV Show,2018,TV-MA,Adults,1,Anime Series,Japan,1,Contemporary mostly single-season series
s3001,Inheritors,TV Show,2013,TV-14,Teens,1,International TV Shows,South Korea,0,Older acquired television catalogue
s3003,Inhuman Resources,TV Show,2020,TV-MA,Adults,1,Crime TV Shows,France,1,Contemporary mostly single-season series
s3005,Ink Master,TV Show,2012,TV-14,Teens,2,Reality TV,United States,0,Older acquired television catalogue
s3008,Inmates,TV Show,2017,TV-MA,Adults,1,International TV Shows,India,1,Contemporary mostly single-season series
s3009,Innocent,TV Show,2017,TV-MA,Adults,1,Crime TV Shows,Turkey,1,Contemporary mostly single-season series
s3011,Insatiable,TV Show,2019,TV-MA,Adults,2,TV Comedies,United States,1,Contemporary mostly single-season series
s3012,Inside Bill's Brain: Decoding Bill Gates,TV Show,2019,TV-14,Teens,1,Docuseries,United States,1,Contemporary mostly single-season series
s3014,Inside the Criminal Mind,TV Show,2018,TV-MA,Adults,1,Crime TV Shows,United States,1,Contemporary mostly single-season series
s3015,Inside The Freemasons,TV Show,2017,TV-MA,Adults,1,British TV Shows,United Kingdom,1,Contemporary mostly single-season series
s3016,Inside the Mind of a Serial Killer,TV Show,2015,TV-14,Teens,1,Crime TV Shows,United States,1,Contemporary mostly single-season series
s3017,Inside the Mossad,TV Show,2017,TV-14,Teens,1,Docuseries,Israel,1,Contemporary mostly single-season series
s3018,Inside the Real Narcos,TV Show,2018,TV-MA,Adults,1,British TV Shows,Unknown Country,1,Contemporary mostly single-season series
s3019,Inside the World’s Toughest Prisons,TV Show,2021,TV-MA,Adults,5,British TV Shows,United Kingdom,3,Multi-season continuing series
s3021,Inspector Gadget,TV Show,2017,TV-Y7,Teens,4,Crime TV Shows,Canada,3,Multi-season continuing series
s3022,Inst@famous,TV Show,2018,TV-MA,Adults,1,Reality TV,United Kingdom,1,Contemporary mostly single-season series
s3023,Instant Hotel,TV Show,2019,TV-MA,Adults,2,International TV Shows,Australia,1,Contemporary mostly single-season series
s3025,Intelligence,TV Show,2007,TV-MA,Adults,2,Crime TV Shows,Canada,0,Older acquired television catalogue
s3026,Interior Design Masters,TV Show,2019,TV-PG,Adults,1,British TV Shows,United Kingdom,1,Contemporary mostly single-season series
s3029,Intersection,TV Show,2016,TV-MA,Adults,3,International TV Shows,Turkey,1,Contemporary mostly single-season series
s3031,Into the Badlands,TV Show,2018,TV-MA,Adults,3,TV Action & Adventure,United States,1,Contemporary mostly single-season series
s3034,Into the Night,TV Show,2020,TV-MA,Adults,1,International TV Shows,Belgium,1,Contemporary mostly single-season series
s3037,InuYasha,TV Show,2001,TV-14,Teens,2,Anime Series,Japan,0,Older acquired television catalogue
s3054,Iris,TV Show,2009,TV-14,Teens,1,International TV Shows,South Korea,0,Older acquired television catalogue
s3057,Iron Ladies,TV Show,2018,TV-14,Teens,1,International TV Shows,Taiwan,1,Contemporary mostly single-season series
s3059,Iron Man: Armored Adventures,TV Show,2011,TV-Y7,Teens,2,Kids' TV,Canada,0,Older acquired television catalogue
s3062,Is It Wrong to Try to Pick Up Girls in a Dungeon?,TV Show,2015,TV-MA,Adults,1,Anime Series,Japan,1,Contemporary mostly single-season series
s3070,Islands of the Future,TV Show,2014,TV-PG,Adults,1,Docuseries,United Kingdom,1,Contemporary mostly single-season series
s3072,마녀사냥,TV Show,2015,TV-MA,Adults,1,International TV Shows,South Korea,1,Contemporary mostly single-season series
s3078,It's Bruno!,TV Show,2019,TV-MA,Adults,1,TV Comedies,United States,1,Contemporary mostly single-season series
s3082,It's Okay to Not Be Okay,TV Show,2020,TV-MA,Adults,1,International TV Shows,South Korea,1,Contemporary mostly single-season series
s3084,Itaewon Class,TV Show,2020,TV-MA,Adults,1,International TV Shows,South Korea,1,Contemporary mostly single-season series
s3088,IZombie,TV Show,2019,TV-MA,Adults,5,TV Comedies,United States,3,Multi-season continuing series
s3089,Izzy's Koala World,TV Show,2020,TV-Y,Kids,1,Kids' TV,Australia,1,Contemporary mostly single-season series
s3091,J-Style Trip,TV Show,2020,TV-14,Teens,1,International TV Shows,Taiwan,1,Contemporary mostly single-season series
s3099,Jack Taylor,TV Show,2016,TV-MA,Adults,1,Crime TV Shows,United States,1,Contemporary mostly single-season series
s3103,Jack Whitehall: Travels with My Father,TV Show,2020,TV-MA,Adults,4,British TV Shows,United Kingdom,3,Multi-season continuing series
s3114,Jailbirds,TV Show,2019,TV-MA,Adults,1,Reality TV,Unknown Country,1,Contemporary mostly single-season series
s3119,James Acaster: Repertoire,TV Show,2018,TV-14,Teens,1,British TV Shows,United Kingdom,1,Contemporary mostly single-season series
s3120,Jamtara - Sabka Number Ayega,TV Show,2020,TV-MA,Adults,1,Crime TV Shows,India,1,Contemporary mostly single-season series
s3123,Jane The Virgin,TV Show,2019,TV-14,Teens,5,Romantic TV Shows,United States,3,Multi-season continuing series
s3126,Japan Sinks: 2020,TV Show,2020,TV-MA,Adults,1,Anime Series,Japan,1,Contemporary mostly single-season series
s3127,Japanese Style Originator,TV Show,2008,TV-G,Kids,1,International TV Shows,Japan,0,Older acquired television catalogue
s3144,Jeffrey Epstein: Filthy Rich,TV Show,2020,TV-MA,Adults,1,Crime TV Shows,United States,1,Contemporary mostly single-season series
s3148,Jenni Rivera: Mariposa de Barrio,TV Show,2017,TV-MA,Adults,1,Spanish-Language TV Shows,United States,1,Contemporary mostly single-season series
s3150,Jeopardy!,TV Show,2019,TV-G,Kids,2,Reality TV,United States,1,Contemporary mostly single-season series
s3153,Jericho,TV Show,2008,TV-14,Teens,2,Classic & Cult TV,United States,0,Older acquired television catalogue
s3165,Jhansi Ki Rani,TV Show,2009,TV-14,Teens,1,International TV Shows,India,0,Older acquired television catalogue
s3181,Jimmy: The True Story of a True Idiot,TV Show,2018,TV-MA,Adults,1,International TV Shows,Japan,1,Contemporary mostly single-season series
s3184,JingleKids,TV Show,2017,TV-Y7,Teens,1,Kids' TV,Russia,1,Contemporary mostly single-season series
s3185,Jinn,TV Show,2019,TV-MA,Adults,1,International TV Shows,Jordan,1,Contemporary mostly single-season series
s3213,Johnny Test,TV Show,2013,TV-Y7,Teens,6,Kids' TV,United States,3,Multi-season continuing series
s3214,JoJo's Bizarre Adventure,TV Show,2014,TV-MA,Adults,2,Anime Series,Japan,0,Older acquired television catalogue
s3215,Jojo's World,TV Show,2017,TV-14,Teens,1,International TV Shows,Taiwan,1,Contemporary mostly single-season series
s3220,Jonathan Strange & Mr Norrell,TV Show,2015,TV-14,Teens,1,British TV Shows,United Kingdom,1,Contemporary mostly single-season series
s3224,Journey of an African Colony,TV Show,2018,TV-MA,Adults,1,Docuseries,Unknown Country,1,Contemporary mostly single-season series
s3227,JU-ON: Origins,TV Show,2020,TV-MA,Adults,1,International TV Shows,Japan,1,Contemporary mostly single-season series
s3228,Juana Brava,TV Show,2015,TV-MA,Adults,1,International TV Shows,Chile,1,Contemporary mostly single-season series
s3229,Juana Inés,TV Show,2016,TV-14,Teens,1,International TV Shows,Mexico,1,Contemporary mostly single-season series
s3239,Julie and the Phantoms,TV Show,2020,TV-G,Kids,1,Kids' TV,United States,1,Contemporary mostly single-season series
s3240,Julie's Greenroom,TV Show,2017,TV-Y,Kids,1,Kids' TV,United States,1,Contemporary mostly single-season series
s3241,Julius Jr.,TV Show,2014,TV-Y,Kids,2,Kids' TV,United States,1,Contemporary mostly single-season series
s3242,Juman,TV Show,2019,TV-G,Kids,1,International TV Shows,Kuwait,1,Contemporary mostly single-season series
s3243,Jumping Girl,TV Show,2015,TV-14,Teens,1,International TV Shows,South Korea,1,Contemporary mostly single-season series
s3247,Jurassic World Camp Cretaceous,TV Show,2020,TV-PG,Adults,1,Kids' TV,United States,1,Contemporary mostly single-season series
s3253,Just You,TV Show,2013,TV-14,Teens,1,International TV Shows,Taiwan,1,Contemporary mostly single-season series
s3255,Justice in the City,TV Show,2012,TV-14,Teens,1,International TV Shows,Unknown Country,1,Contemporary mostly single-season series
s3259,Justin Time,TV Show,2012,TV-Y,Kids,2,Kids' TV,Canada,1,Contemporary mostly single-season series
s3260,Justin Time GO!,TV Show,2016,TV-Y,Kids,1,Kids' TV,Unknown Country,1,Contemporary mostly single-season series
s3262,K,TV Show,2012,TV-MA,Adults,1,Anime Series,Japan,1,Contemporary mostly single-season series
s3264,K-On!,TV Show,2010,TV-PG,Adults,2,Anime Series,Japan,0,Older acquired television catalogue
s3266,K-POP Extreme Survival,TV Show,2012,TV-14,Teens,1,International TV Shows,South Korea,1,Contemporary mostly single-season series
s3267,K.O. One Re-act,TV Show,2013,TV-14,Teens,1,International TV Shows,Unknown Country,0,Older acquired television catalogue
s3268,K.O.3an Guo,TV Show,2009,TV-14,Teens,1,International TV Shows,Taiwan,0,Older acquired television catalogue
s3270,Kaçak,TV Show,2013,TV-14,Teens,1,Crime TV Shows,Turkey,1,Contemporary mostly single-season series
s3280,Kabaneri of the Iron Fortress: The Battle of Unato,TV Show,2019,TV-MA,Adults,1,Anime Series,Japan,1,Contemporary mostly single-season series
s3290,Kakegurui,TV Show,2019,TV-MA,Adults,2,International TV Shows,Unknown Country,1,Contemporary mostly single-season series
s3303,Kantaro: The Sweet Tooth Salaryman,TV Show,2017,TV-PG,Adults,1,International TV Shows,Japan,1,Contemporary mostly single-season series
s3317,Kath and Kim,TV Show,2007,TV-MA,Adults,6,TV Comedies,Australia,0,Older acquired television catalogue
s3331,Kazoops!,TV Show,2017,TV-Y,Kids,3,Kids' TV,Australia,1,Contemporary mostly single-season series
s3334,Ken Burns Presents: College Behind Bars: A Film by Lynn Novick and Produced by Sarah Botstein,TV Show,2019,TV-MA,Adults,1,Docuseries,United States,1,Contemporary mostly single-season series
s3335,Ken Burns: The Civil War,TV Show,1990,TV-14,Teens,1,Docuseries,United States,2,Legacy and vintage television
s3336,Ken Burns: The Roosevelts: An Intimate History,TV Show,2014,TV-PG,Adults,1,Docuseries,United States,1,Contemporary mostly single-season series
s3337,Ken Burns: The West,TV Show,1996,TV-PG,Adults,1,Docuseries,United States,0,Older acquired television catalogue
s3339,KENGAN ASHURA,TV Show,2019,TV-MA,Adults,2,Anime Series,United States,1,Contemporary mostly single-season series
s3341,Kevin Hart: Don’t F**k This Up,TV Show,2019,TV-MA,Adults,1,Docuseries,United States,1,Contemporary mostly single-season series
s3353,Khaani,TV Show,2017,TV-14,Teens,1,Crime TV Shows,Pakistan,1,Contemporary mostly single-season series
s3355,Khan: No. 1 Crime Hunter,TV Show,2018,TV-14,Teens,1,Crime TV Shows,India,1,Contemporary mostly single-season series
s3356,Khelti Hai Zindagi Aankh Micholi,TV Show,2013,TV-14,Teens,1,International TV Shows,India,1,Contemporary mostly single-season series
s3361,Khotey Sikkey,TV Show,2011,TV-14,Teens,1,Crime TV Shows,India,0,Older acquired television catalogue
s3365,Kibaoh Klashers,TV Show,2017,TV-Y7,Teens,2,Kids' TV,China,1,Contemporary mostly single-season series
s3369,Kicko & Super Speedo,TV Show,2018,TV-Y7,Teens,1,Kids' TV,Unknown Country,1,Contemporary mostly single-season series
s3371,Kid-E-Cats,TV Show,2016,TV-Y,Kids,1,Kids' TV,Russia,1,Contemporary mostly single-season series
s3375,Kikoriki,TV Show,2010,TV-Y,Kids,2,Kids' TV,Unknown Country,1,Contemporary mostly single-season series
s3380,Kill la Kill,TV Show,2014,TV-MA,Adults,1,Anime Series,Japan,1,Contemporary mostly single-season series
s3387,Killer Inside: The Mind of Aaron Hernandez,TV Show,2020,TV-MA,Adults,1,Crime TV Shows,United States,1,Contemporary mostly single-season series
s3389,Killer Ratings,TV Show,2019,TV-MA,Adults,1,Crime TV Shows,Unknown Country,1,Contemporary mostly single-season series
s3390,Killer Women with Piers Morgan,TV Show,2017,TV-MA,Adults,1,British TV Shows,United Kingdom,1,Contemporary mostly single-season series
s3396,Kim's Convenience,TV Show,2020,TV-MA,Adults,4,TV Comedies,Canada,3,Multi-season continuing series
s3401,King’s War,TV Show,2012,TV-14,Teens,1,International TV Shows,China,1,Contemporary mostly single-season series
s3402,Kingdom,TV Show,2017,TV-MA,Adults,3,TV Dramas,United States,1,Contemporary mostly single-season series
s3404,Kingdoms of the Sky,TV Show,2018,TV-PG,Adults,1,British TV Shows,Unknown Country,1,Contemporary mostly single-season series
s3407,Kings of Jo'Burg,TV Show,2020,TV-MA,Adults,1,Crime TV Shows,South Africa,1,Contemporary mostly single-season series
s3408,Kipo and the Age of Wonderbeasts,TV Show,2020,TV-Y7,Teens,3,Kids' TV,United States,1,Contemporary mostly single-season series
s3413,Kiss Me First,TV Show,2018,TV-MA,Adults,1,British TV Shows,United Kingdom,1,Contemporary mostly single-season series
s3416,Kiss The Series,TV Show,2016,TV-14,Teens,1,International TV Shows,Unknown Country,1,Contemporary mostly single-season series
s3417,Kissing Game,TV Show,2020,TV-MA,Adults,1,International TV Shows,Brazil,1,Contemporary mostly single-season series
s3419,Kitten Rescuers,TV Show,2017,TV-14,Teens,1,British TV Shows,United Kingdom,1,Contemporary mostly single-season series
s3422,Knightfall,TV Show,2019,TV-MA,Adults,2,TV Dramas,United States,1,Contemporary mostly single-season series
s3423,Knights of Sidonia,TV Show,2015,TV-MA,Adults,2,Anime Series,Japan,1,Contemporary mostly single-season series
s3428,KO One,TV Show,2005,TV-MA,Adults,1,International TV Shows,Taiwan,0,Older acquired television catalogue
s3429,KO One Return,TV Show,2012,TV-MA,Adults,1,International TV Shows,Unknown Country,0,Older acquired television catalogue
s3437,Kon Kon Kon,TV Show,2014,TV-PG,Adults,1,Docuseries,Unknown Country,1,Contemporary mostly single-season series
s3439,Kong: King of the Apes,TV Show,2018,TV-Y7,Teens,2,Kids' TV,United States,1,Contemporary mostly single-season series
s3440,Kongsuni and Friends,TV Show,2020,TV-Y,Kids,2,Kids' TV,Unknown Country,1,Contemporary mostly single-season series
s3441,Kopitiam,TV Show,2003,TV-14,Teens,7,International TV Shows,Malaysia,0,Older acquired television catalogue
s3442,Korean Pork Belly Rhapsody,TV Show,2020,TV-G,Kids,1,Docuseries,Unknown Country,1,Contemporary mostly single-season series
s3455,Krishna Balram,TV Show,2019,TV-Y7,Teens,1,Kids' TV,Unknown Country,1,Contemporary mostly single-season series
s3463,Kulipari: An Army of Frogs,TV Show,2016,TV-Y7,Teens,1,Kids' TV,United States,1,Contemporary mostly single-season series
s3464,Kulipari: Dream Walker,TV Show,2018,TV-Y7,Teens,1,Kids' TV,Unknown Country,1,Contemporary mostly single-season series
s3473,Kuroko's Basketball,TV Show,2013,TV-MA,Adults,1,Anime Series,Japan,0,Older acquired television catalogue
s3474,Kuromukuro,TV Show,2016,TV-14,Teens,2,Anime Series,Japan,1,Contemporary mostly single-season series
s3476,Kurt Seyit & Sura,TV Show,2014,TV-14,Teens,1,International TV Shows,Turkey,1,Contemporary mostly single-season series
s3484,L.A.’s Finest,TV Show,2019,TV-14,Teens,1,Crime TV Shows,United States,1,Contemporary mostly single-season series
s3489,La casa de papel,TV Show,2020,TV-MA,Adults,4,Crime TV Shows,Spain,3,Multi-season continuing series
s3491,La Doña,TV Show,2016,TV-14,Teens,1,Spanish-Language TV Shows,United States,1,Contemporary mostly single-season series
s3492,La Esclava Blanca,TV Show,2016,TV-MA,Adults,1,International TV Shows,Colombia,1,Contemporary mostly single-season series
s3493,La Familia P. Luche,TV Show,2012,TV-14,Teens,3,International TV Shows,United States,1,Contemporary mostly single-season series
s3494,La Femme,TV Show,2016,TV-14,Teens,1,International TV Shows,Unknown Country,1,Contemporary mostly single-season series
s3496,La Grande Chaumière Violette,TV Show,2016,TV-14,Teens,1,International TV Shows,Taiwan,1,Contemporary mostly single-season series
s3497,La Línea: Shadow of Narco,TV Show,2020,TV-MA,Adults,1,Crime TV Shows,Spain,1,Contemporary mostly single-season series
s3499,La Mante,TV Show,2017,TV-MA,Adults,1,Crime TV Shows,France,1,Contemporary mostly single-season series
s3500,La Niña,TV Show,2016,TV-MA,Adults,1,Crime TV Shows,Colombia,1,Contemporary mostly single-season series
s3502,La Piloto,TV Show,2017,TV-MA,Adults,1,Crime TV Shows,Mexico,1,Contemporary mostly single-season series
s3503,La Révolution,TV Show,2020,TV-MA,Adults,1,International TV Shows,France,1,Contemporary mostly single-season series
s3504,La Reina del Sur,TV Show,2019,TV-MA,Adults,2,Crime TV Shows,Mexico,1,Contemporary mostly single-season series
s3505,La Robe De Mariee Des Cieux,TV Show,2004,TV-MA,Adults,1,International TV Shows,Taiwan,0,Older acquired television catalogue
s3506,La Rosa de Guadalupe,TV Show,2010,TV-PG,Adults,1,Classic & Cult TV,Mexico,0,Older acquired television catalogue
s3507,La Viuda Negra,TV Show,2016,TV-14,Teens,1,Crime TV Shows,Colombia,1,Contemporary mostly single-season series
s3512,Ladies Up,TV Show,2019,TV-MA,Adults,1,International TV Shows,India,1,Contemporary mostly single-season series
s3516,Lady Dynamite,TV Show,2017,TV-MA,Adults,2,TV Comedies,United States,1,Contemporary mostly single-season series
s3520,"Lady, la vendedora de rosas",TV Show,2015,TV-14,Teens,1,International TV Shows,Colombia,1,Contemporary mostly single-season series
s3528,Land Girls,TV Show,2011,TV-14,Teens,3,British TV Shows,United Kingdom,0,Older acquired television catalogue
s3532,Larry Charles' Dangerous World of Comedy,TV Show,2019,TV-MA,Adults,1,Docuseries,Unknown Country,1,Contemporary mostly single-season series
s3534,Larva,TV Show,2015,TV-Y7,Teens,3,Kids' TV,Russia,1,Contemporary mostly single-season series
s3535,Larva Island,TV Show,2019,TV-Y7,Teens,2,Kids' TV,Unknown Country,1,Contemporary mostly single-season series
s3536,Las muñecas de la mafia,TV Show,2018,TV-MA,Adults,2,Crime TV Shows,Colombia,1,Contemporary mostly single-season series
s3537,Last,TV Show,2015,TV-14,Teens,1,Crime TV Shows,South Korea,1,Contemporary mostly single-season series
s3539,Last Chance U,TV Show,2020,TV-MA,Adults,5,Docuseries,United States,3,Multi-season continuing series
s3542,LAST HOPE,TV Show,2018,TV-14,Teens,2,Anime Series,Japan,1,Contemporary mostly single-season series
s3545,Last Tango in Halifax,TV Show,2020,TV-MA,Adults,4,British TV Shows,United Kingdom,3,Multi-season continuing series
s3549,Lavender,TV Show,2002,TV-14,Teens,1,International TV Shows,Taiwan,0,Older acquired television catalogue
s3551,Laws of Attraction,TV Show,2012,TV-14,Teens,1,International TV Shows,Unknown Country,1,Contemporary mostly single-season series
s3557,Leah Remini: Scientology and the Aftermath,TV Show,2018,TV-14,Teens,3,Docuseries,United States,1,Contemporary mostly single-season series
s3564,Learning Songs by Little Baby Bum: Nursery Rhyme Friends,TV Show,2015,TV-Y,Kids,1,British TV Shows,Unknown Country,1,Contemporary mostly single-season series
s3565,Learning Time with Timmy,TV Show,2018,TV-Y,Kids,1,British TV Shows,United Kingdom,1,Contemporary mostly single-season series
s3569,Legacies,TV Show,2019,TV-14,Teens,2,TV Dramas,United States,1,Contemporary mostly single-season series
s3573,Legend Quest,TV Show,2017,TV-Y7,Teens,1,Kids' TV,Mexico,1,Contemporary mostly single-season series
s3574,Legend Quest: Masters of Myth,TV Show,2019,TV-Y7,Teens,1,Kids' TV,Mexico,1,Contemporary mostly single-season series
s3576,Legends of Strength,TV Show,2017,TV-PG,Adults,1,Docuseries,United States,1,Contemporary mostly single-season series
s3579,LEGO Bionicle: The Journey to One,TV Show,2016,TV-Y7,Teens,2,Kids' TV,United States,1,Contemporary mostly single-season series
s3581,LEGO Elves: Secrets of Elvendale,TV Show,2017,TV-Y7,Teens,1,Kids' TV,United States,1,Contemporary mostly single-season series
s3582,Lego Friends,TV Show,2017,TV-G,Kids,3,Kids' TV,Unknown Country,1,Contemporary mostly single-season series
s3583,Lego Friends: Girls on a Mission,TV Show,2018,TV-Y,Kids,1,Kids' TV,Denmark,1,Contemporary mostly single-season series
s3584,LEGO Friends: The Power of Friendship,TV Show,2016,TV-Y7,Teens,2,Kids' TV,Denmark,1,Contemporary mostly single-season series
s3586,LEGO Jurassic World: Legend of Isla Nublar,TV Show,2019,TV-Y,Kids,1,Kids' TV,United States,1,Contemporary mostly single-season series
s3587,LEGO Jurassic World: Secret Exhibit,TV Show,2018,TV-Y,Kids,1,Kids' TV,United States,1,Contemporary mostly single-season series
s3592,LEGO Ninjago,TV Show,2020,TV-Y7,Teens,2,Kids' TV,Canada,1,Contemporary mostly single-season series
s3593,LEGO Ninjago: Masters of Spinjitzu,TV Show,2019,TV-Y7,Teens,10,Kids' TV,Denmark,3,Multi-season continuing series
s3595,LEGO: CITY Adventures,TV Show,2019,TV-Y,Kids,1,Kids' TV,United States,1,Contemporary mostly single-season series
s3597,Leila,TV Show,2019,TV-MA,Adults,1,International TV Shows,India,1,Contemporary mostly single-season series
s3599,Lenox Hill,TV Show,2020,TV-MA,Adults,1,Docuseries,United States,1,Contemporary mostly single-season series
s3601,Leo & Tig,TV Show,2017,TV-Y,Kids,1,Kids' TV,Unknown Country,1,Contemporary mostly single-season series
s3611,Let's Eat 2,TV Show,2015,TV-MA,Adults,1,International TV Shows,Malaysia,1,Contemporary mostly single-season series
s3612,Let’s Eat,TV Show,2013,TV-PG,Adults,1,International TV Shows,South Korea,0,Older acquired television catalogue
s3613,Levius,TV Show,2019,TV-14,Teens,1,Anime Series,Japan,1,Contemporary mostly single-season series
s3614,Leyla and Mecnun,TV Show,2014,TV-MA,Adults,3,International TV Shows,Turkey,1,Contemporary mostly single-season series
s3620,License to Drill: Louisiana,TV Show,2014,TV-PG,Adults,1,Reality TV,Canada,1,Contemporary mostly single-season series
s3622,Life,TV Show,2018,TV-MA,Adults,1,International TV Shows,South Korea,1,Contemporary mostly single-season series
s3629,Life on Location,TV Show,2009,TV-G,Kids,1,British TV Shows,United States,0,Older acquired television catalogue
s3631,Life Plan A and B,TV Show,2016,TV-PG,Adults,1,International TV Shows,Taiwan,1,Contemporary mostly single-season series
s3632,Life Sentence,TV Show,2018,TV-14,Teens,1,TV Dramas,United States,1,Contemporary mostly single-season series
s3633,Life Story,TV Show,2014,TV-14,Teens,1,British TV Shows,United Kingdom,1,Contemporary mostly single-season series
s3644,Lilyhammer,TV Show,2014,TV-MA,Adults,3,Crime TV Shows,Norway,1,Contemporary mostly single-season series
s3646,Limmy's Show!,TV Show,2012,TV-MA,Adults,2,British TV Shows,United Kingdom,0,Older acquired television catalogue
s3650,Lion Pride,TV Show,2017,TV-MA,Adults,1,International TV Shows,Taiwan,1,Contemporary mostly single-season series
s3657,Little Baby Bum: Nursery Rhyme Friends,TV Show,2019,TV-Y,Kids,2,British TV Shows,United Kingdom,1,Contemporary mostly single-season series
s3661,Little Lunch,TV Show,2015,TV-MA,Adults,1,Kids' TV,Australia,1,Contemporary mostly single-season series
s3668,Little Singham,TV Show,2020,TV-Y7,Teens,2,Kids' TV,India,1,Contemporary mostly single-season series
s3677,Little Things,TV Show,2019,TV-MA,Adults,3,International TV Shows,India,1,Contemporary mostly single-season series
s3678,Little Witch Academia,TV Show,2017,TV-Y7,Teens,2,Anime Series,Japan,1,Contemporary mostly single-season series
s3679,Littlest Pet Shop: A World of Our Own,TV Show,2018,TV-Y7,Teens,2,Kids' TV,United States,1,Contemporary mostly single-season series
s3680,Liv and Maddie,TV Show,2017,TV-G,Kids,4,Kids' TV,United States,3,Multi-season continuing series
s3681,Live,TV Show,2018,TV-MA,Adults,1,Crime TV Shows,South Korea,1,Contemporary mostly single-season series
s3683,Live Up To Your Name,TV Show,2017,TV-MA,Adults,1,International TV Shows,South Korea,1,Contemporary mostly single-season series
s3685,Living Undocumented,TV Show,2019,TV-MA,Adults,1,Docuseries,United States,1,Contemporary mostly single-season series
s3686,Living with Yourself,TV Show,2019,TV-MA,Adults,1,TV Comedies,United States,1,Contemporary mostly single-season series
s3688,Llama Llama,TV Show,2019,TV-Y,Kids,2,Kids' TV,United States,1,Contemporary mostly single-season series
s3691,Lo que la verdad esconde: El caso Asunta (Operacion Nenúfar),TV Show,2017,TV-14,Teens,1,Crime TV Shows,Spain,1,Contemporary mostly single-season series
s3692,Lo que la vida me robó,TV Show,2013,TV-14,Teens,1,Crime TV Shows,Mexico,1,Contemporary mostly single-season series
s3693,Loaded,TV Show,2017,TV-MA,Adults,1,British TV Shows,United Kingdom,1,Contemporary mostly single-season series
s3698,Locke & Key,TV Show,2020,TV-14,Teens,1,TV Action & Adventure,Canada,1,Contemporary mostly single-season series
s3700,Locked Up,TV Show,2020,TV-MA,Adults,5,Crime TV Shows,Spain,3,Multi-season continuing series
s3703,Locust,TV Show,2014,TV-MA,Adults,1,Crime TV Shows,Russia,1,Contemporary mostly single-season series
s3707,LoliRock,TV Show,2016,TV-Y,Kids,2,Kids' TV,South Korea,1,Contemporary mostly single-season series
s3712,London Spy,TV Show,2015,TV-MA,Adults,1,British TV Shows,United Kingdom,1,Contemporary mostly single-season series
s3715,Longmire,TV Show,2017,TV-MA,Adults,6,Crime TV Shows,United States,3,Multi-season continuing series
s3716,Loo Loo Kids: Johny & Friends Musical Adventures,TV Show,2016,TV-Y,Kids,1,Kids' TV,Unknown Country,1,Contemporary mostly single-season series
s3722,Los 10 años de Peter Capusotto,TV Show,2015,TV-MA,Adults,1,International TV Shows,Unknown Country,1,Contemporary mostly single-season series
s3725,Los tiempos de Pablo Escobar,TV Show,2012,TV-14,Teens,1,Crime TV Shows,Colombia,0,Older acquired television catalogue
s3727,Losers,TV Show,2019,TV-MA,Adults,1,Docuseries,Unknown Country,1,Contemporary mostly single-season series
s3729,Lost & Found Music Studios,TV Show,2016,TV-G,Kids,2,Kids' TV,Canada,1,Contemporary mostly single-season series
s3731,Lost Girl,TV Show,2015,TV-14,Teens,5,TV Dramas,Canada,3,Multi-season continuing series
s3734,Lost in Space,TV Show,2019,TV-PG,Adults,2,TV Action & Adventure,United States,1,Contemporary mostly single-season series
s3735,LOST SONG,TV Show,2018,TV-14,Teens,1,Anime Series,Japan,1,Contemporary mostly single-season series
s3740,Love,TV Show,2018,TV-MA,Adults,3,Romantic TV Shows,United States,1,Contemporary mostly single-season series
s3741,Love @ Seventeen,TV Show,2016,TV-14,Teens,1,International TV Shows,Taiwan,1,Contemporary mostly single-season series
s3742,Love & Anarchy,TV Show,2020,TV-MA,Adults,1,International TV Shows,Sweden,1,Contemporary mostly single-season series
s3743,Love 101,TV Show,2020,TV-MA,Adults,1,International TV Shows,Turkey,1,Contemporary mostly single-season series
s3745,Love Alarm,TV Show,2019,TV-MA,Adults,1,International TV Shows,South Korea,1,Contemporary mostly single-season series
s3746,Love and Fortune,TV Show,2018,TV-MA,Adults,1,International TV Shows,Japan,1,Contemporary mostly single-season series
s3747,Love and Hong Kong,TV Show,2017,TV-PG,Adults,1,International TV Shows,Japan,1,Contemporary mostly single-season series
s3749,Love Around,TV Show,2013,TV-14,Teens,1,International TV Shows,Taiwan,1,Contemporary mostly single-season series
s3751,Love Cheque Charge,TV Show,2014,TV-14,Teens,1,International TV Shows,Taiwan,1,Contemporary mostly single-season series
s3752,Love Cuisine,TV Show,2015,TV-MA,Adults,1,International TV Shows,Taiwan,1,Contemporary mostly single-season series
s3754,Love Family,TV Show,2013,TV-MA,Adults,1,International TV Shows,Taiwan,1,Contemporary mostly single-season series
s3757,Love for Ten: Generation of Youth,TV Show,2013,TV-14,Teens,1,International TV Shows,South Korea,1,Contemporary mostly single-season series
s3761,Love Is in the Air,TV Show,2010,TV-14,Teens,1,International TV Shows,United Kingdom,0,Older acquired television catalogue
s3766,Love Me As I Am,TV Show,2015,TV-PG,Adults,3,International TV Shows,Turkey,1,Contemporary mostly single-season series
s3767,Love Me or Leave Me,TV Show,2012,TV-14,Teens,1,International TV Shows,Taiwan,1,Contemporary mostly single-season series
s3769,Love Now,TV Show,2012,TV-14,Teens,1,International TV Shows,Taiwan,1,Contemporary mostly single-season series
s3773,Love on the Spectrum,TV Show,2019,TV-14,Teens,1,Docuseries,Australia,1,Contemporary mostly single-season series
s3775,Love Rain,TV Show,2012,TV-PG,Adults,1,International TV Shows,South Korea,0,Older acquired television catalogue
s3776,Love Rhythms - Accidental Daddy,TV Show,2016,TV-MA,Adults,1,International TV Shows,Unknown Country,1,Contemporary mostly single-season series
s3779,Love Storm,TV Show,2016,TV-14,Teens,1,International TV Shows,Unknown Country,1,Contemporary mostly single-season series
s3783,Love Your Garden,TV Show,2013,TV-G,Kids,1,British TV Shows,United Kingdom,0,Older acquired television catalogue
s3784,"Love, Chunibyo & Other Delusions!",TV Show,2014,TV-PG,Adults,2,Anime Series,Japan,1,Contemporary mostly single-season series
s3785,"Love, Death & Robots",TV Show,2019,TV-MA,Adults,1,TV Action & Adventure,United States,1,Contemporary mostly single-season series
s3790,Lovesick,TV Show,2014,TV-MA,Adults,1,International TV Shows,Unknown Country,1,Contemporary mostly single-season series
s3792,Lovestruck in the City,TV Show,2020,TV-14,Teens,1,International TV Shows,South Korea,1,Contemporary mostly single-season series
s3808,Lucifer,TV Show,2020,TV-14,Teens,5,Crime TV Shows,United States,3,Multi-season continuing series
s3812,Lucky Days,TV Show,2010,TV-PG,Adults,1,International TV Shows,China,0,Older acquired television catalogue
s3815,Lugar de Mulher,TV Show,2019,TV-MA,Adults,1,International TV Shows,Brazil,1,Contemporary mostly single-season series
s3816,Luis Miguel - The Series,TV Show,2018,TV-MA,Adults,1,International TV Shows,Mexico,1,Contemporary mostly single-season series
s3818,Luna Nera,TV Show,2020,TV-MA,Adults,1,International TV Shows,Italy,1,Contemporary mostly single-season series
s3819,Luna Petunia,TV Show,2017,TV-Y,Kids,3,Kids' TV,United States,1,Contemporary mostly single-season series
s3820,Luna Petunia: Return to Amazia,TV Show,2018,TV-Y,Kids,2,Kids' TV,Canada,1,Contemporary mostly single-season series
s3821,Lunatics,TV Show,2019,TV-MA,Adults,1,International TV Shows,Australia,1,Contemporary mostly single-season series
s3822,Luo Bao Bei,TV Show,2018,TV-Y,Kids,1,British TV Shows,China,1,Contemporary mostly single-season series
s3823,Lupin,TV Show,2021,TV-MA,Adults,1,Crime TV Shows,United States,1,Contemporary mostly single-season series
s3839,Mad Men,TV Show,2014,TV-14,Teens,7,TV Dramas,United States,3,Multi-season continuing series
s3845,Madam Secretary,TV Show,2019,TV-PG,Adults,6,TV Dramas,United States,3,Multi-season continuing series
s3848,Made in Mexico,TV Show,2018,TV-MA,Adults,1,International TV Shows,United States,1,Contemporary mostly single-season series
s3852,Maggie & Bianca: Fashion Friends,TV Show,2017,TV-Y7,Teens,1,Kids' TV,Italy,1,Contemporary mostly single-season series
s3853,Magi: Adventure of Sinbad,TV Show,2016,TV-14,Teens,1,Anime Series,Japan,1,Contemporary mostly single-season series
s3854,Magi: The Labyrinth of Magic,TV Show,2013,TV-14,Teens,2,Anime Series,Japan,0,Older acquired television catalogue
s3855,Magic for Humans,TV Show,2020,TV-14,Teens,3,Reality TV,United States,1,Contemporary mostly single-season series
s3856,Magic Phone,TV Show,2016,TV-PG,Adults,1,International TV Shows,South Korea,1,Contemporary mostly single-season series
s3858,Magical Andes,TV Show,2019,TV-G,Kids,1,Docuseries,Uruguay,1,Contemporary mostly single-season series
s3865,Maharakshak Devi,TV Show,2015,TV-14,Teens,1,International TV Shows,India,1,Contemporary mostly single-season series
s3866,Maharakshak: Aryan,TV Show,2014,TV-14,Teens,1,International TV Shows,India,1,Contemporary mostly single-season series
s3868,Mahi Way,TV Show,2010,TV-14,Teens,1,International TV Shows,India,0,Older acquired television catalogue
s3870,Mahmut & Meryem,TV Show,2013,TV-14,Teens,1,International TV Shows,Turkey,1,Contemporary mostly single-season series
s3871,Maid-Sama!,TV Show,2010,TV-14,Teens,1,Anime Series,Japan,0,Older acquired television catalogue
s3877,Mak Cun,TV Show,2015,TV-PG,Adults,1,International TV Shows,Unknown Country,1,Contemporary mostly single-season series
s3878,Making a Murderer,TV Show,2018,TV-14,Teens,2,Crime TV Shows,United States,1,Contemporary mostly single-season series
s3881,Mako Mermaids: An H2O Adventure,TV Show,2016,TV-G,Kids,4,Kids' TV,Australia,3,Multi-season continuing series
s3890,Malibu Rescue: The Series,TV Show,2019,TV-G,Kids,1,Kids' TV,United States,1,Contemporary mostly single-season series
s3894,Man Down,TV Show,2017,TV-MA,Adults,4,British TV Shows,United Kingdom,3,Multi-season continuing series
s3895,Man Like Mobeen,TV Show,2020,TV-MA,Adults,3,British TV Shows,United Kingdom,1,Contemporary mostly single-season series
s3897,Man to Man,TV Show,2017,TV-14,Teens,1,Crime TV Shows,South Korea,1,Contemporary mostly single-season series
s3899,Man vs Wild with Sunny Leone,TV Show,2018,TV-PG,Adults,1,International TV Shows,Unknown Country,1,Contemporary mostly single-season series
s3900,Man with a Plan,TV Show,2020,TV-PG,Adults,4,TV Comedies,United States,3,Multi-season continuing series
s3907,Manhunt: Deadly Games,TV Show,2020,TV-14,Teens,1,Crime TV Shows,Unknown Country,1,Contemporary mostly single-season series
s3908,Maniac,TV Show,2018,TV-MA,Adults,1,TV Comedies,United States,1,Contemporary mostly single-season series
s3925,Mar de Plástico,TV Show,2017,TV-MA,Adults,2,Crime TV Shows,Spain,1,Contemporary mostly single-season series
s3927,Maradona in Mexico,TV Show,2020,TV-MA,Adults,1,Docuseries,Argentina,1,Contemporary mostly single-season series
s3932,Marcella,TV Show,2019,TV-MA,Adults,3,British TV Shows,United Kingdom,1,Contemporary mostly single-season series
s3933,March Comes in Like a Lion,TV Show,2017,TV-14,Teens,2,Anime Series,Japan,1,Contemporary mostly single-season series
s3934,Marching Orders,TV Show,2018,TV-14,Teens,1,Docuseries,United States,1,Contemporary mostly single-season series
s3936,Marco Polo,TV Show,2016,TV-MA,Adults,2,TV Action & Adventure,United States,1,Contemporary mostly single-season series
s3942,Marianne,TV Show,2019,TV-MA,Adults,1,International TV Shows,France,1,Contemporary mostly single-season series
s3945,Marlon,TV Show,2018,TV-14,Teens,2,TV Comedies,United States,1,Contemporary mostly single-season series
s3947,Maron,TV Show,2016,TV-MA,Adults,4,TV Comedies,United States,3,Multi-season continuing series
s3951,Married at First Sight,TV Show,2019,TV-14,Teens,1,Reality TV,United States,1,Contemporary mostly single-season series
s3952,Mars,TV Show,2018,TV-PG,Adults,2,Docuseries,United States,1,Contemporary mostly single-season series
s3953,Marseille,TV Show,2018,TV-MA,Adults,2,International TV Shows,France,1,Contemporary mostly single-season series
s3960,Marvel Anime: Wolverine,TV Show,2011,TV-14,Teens,1,Anime Series,United States,0,Older acquired television catalogue
s3961,Marvel Anime: X-Men,TV Show,2011,TV-14,Teens,1,Anime Series,Japan,0,Older acquired television catalogue
s3963,Marvel's Agents of S.H.I.E.L.D.,TV Show,2020,TV-14,Teens,7,TV Action & Adventure,United States,3,Multi-season continuing series
s3964,Marvel's Daredevil,TV Show,2018,TV-MA,Adults,3,Crime TV Shows,United States,1,Contemporary mostly single-season series
s3966,Marvel's Iron Fist,TV Show,2018,TV-MA,Adults,2,Crime TV Shows,United States,1,Contemporary mostly single-season series
s3968,Marvel's Jessica Jones,TV Show,2019,TV-MA,Adults,3,Crime TV Shows,United States,1,Contemporary mostly single-season series
s3969,Marvel's Luke Cage,TV Show,2018,TV-MA,Adults,2,Crime TV Shows,United States,1,Contemporary mostly single-season series
s3970,Marvel's The Defenders,TV Show,2017,TV-MA,Adults,1,Crime TV Shows,United States,1,Contemporary mostly single-season series
s3971,Marvel's The Punisher,TV Show,2019,TV-MA,Adults,2,Crime TV Shows,United States,1,Contemporary mostly single-season series
s3975,Mary Portas: Secret Shopper,TV Show,2016,TV-14,Teens,1,British TV Shows,United Kingdom,1,Contemporary mostly single-season series
s3976,Masaba Masaba,TV Show,2020,TV-MA,Adults,1,International TV Shows,India,1,Contemporary mostly single-season series
s3978,Masameer Classics,TV Show,2013,TV-14,Teens,4,International TV Shows,Saudi Arabia,0,Older acquired television catalogue
s3980,Masha and the Bear,TV Show,2019,TV-Y,Kids,4,Kids' TV,Russia,3,Multi-season continuing series
s3981,Masha's Spooky Stories,TV Show,2012,TV-Y,Kids,1,Kids' TV,United States,1,Contemporary mostly single-season series
s3982,Masha's Tales,TV Show,2012,TV-Y,Kids,1,Kids' TV,Unknown Country,1,Contemporary mostly single-season series
s3986,Master of None,TV Show,2017,TV-MA,Adults,2,TV Comedies,United States,1,Contemporary mostly single-season series
s4010,MeatEater,TV Show,2020,TV-14,Teens,3,Docuseries,United States,1,Contemporary mostly single-season series
s4011,Medal of Honor,TV Show,2018,TV-MA,Adults,1,Docuseries,United States,1,Contemporary mostly single-season series
s4012,Medical Police,TV Show,2020,TV-MA,Adults,1,Crime TV Shows,United States,1,Contemporary mostly single-season series
s4013,Medici: Masters of Florence,TV Show,2019,TV-MA,Adults,3,International TV Shows,Italy,1,Contemporary mostly single-season series
s4016,Meet the Adebanjos,TV Show,2016,TV-PG,Adults,3,British TV Shows,United Kingdom,1,Contemporary mostly single-season series
s4019,Mega Food,TV Show,2013,TV-G,Kids,1,British TV Shows,United Kingdom,0,Older acquired television catalogue
s4020,Megalobox,TV Show,2018,TV-MA,Adults,1,Anime Series,Japan,1,Contemporary mostly single-season series
s4021,MegaTruckers,TV Show,2012,TV-PG,Adults,1,Reality TV,Australia,0,Older acquired television catalogue
s4025,Melodies of Life - Born This Way,TV Show,2016,TV-14,Teens,1,International TV Shows,Unknown Country,1,Contemporary mostly single-season series
s4029,Memories of the Alhambra,TV Show,2018,TV-MA,Adults,1,Crime TV Shows,South Korea,1,Contemporary mostly single-season series
s4031,Memory Love,TV Show,2017,TV-14,Teens,1,International TV Shows,Unknown Country,1,Contemporary mostly single-season series
s4034,Men on a Mission,TV Show,2020,TV-14,Teens,5,International TV Shows,South Korea,3,Multi-season continuing series
s4044,Mere Papa Hero Hiralal,TV Show,2018,TV-14,Teens,1,International TV Shows,Unknown Country,1,Contemporary mostly single-season series
s4047,Merlí,TV Show,2015,TV-MA,Adults,1,International TV Shows,Spain,1,Contemporary mostly single-season series
s4048,Merlin,TV Show,2012,TV-PG,Adults,5,British TV Shows,United Kingdom,3,Multi-season continuing series
s4049,Merry Happy Whatever,TV Show,2019,TV-PG,Adults,1,TV Comedies,United States,1,Contemporary mostly single-season series
s4054,Messiah,TV Show,2020,TV-MA,Adults,1,TV Dramas,United States,1,Contemporary mostly single-season series
s4056,Metallica: Some Kind of Monster,TV Show,2014,TV-MA,Adults,1,TV Shows,United States,1,Contemporary mostly single-season series
s4057,Meteor Garden,TV Show,2018,TV-14,Teens,1,International TV Shows,China,1,Contemporary mostly single-season series
s4060,Mexico Diseña,TV Show,2016,TV-PG,Adults,1,International TV Shows,United States,1,Contemporary mostly single-season series
s4066,Mia and Me,TV Show,2017,TV-Y7,Teens,2,Kids' TV,Netherlands,1,Contemporary mostly single-season series
s4076,Middleditch & Schwartz,TV Show,2020,TV-MA,Adults,1,TV Comedies,United States,1,Contemporary mostly single-season series
s4078,Midnight Diner,TV Show,2014,TV-MA,Adults,3,International TV Shows,Japan,0,Older acquired television catalogue
s4079,Midnight Diner: Tokyo Stories,TV Show,2019,TV-MA,Adults,2,International TV Shows,Japan,1,Contemporary mostly single-season series
s4080,Midnight Misadventures With Mallika Dua,TV Show,2018,TV-14,Teens,1,International TV Shows,India,1,Contemporary mostly single-season series
s4082,Mighty Express,TV Show,2020,TV-Y,Kids,1,Kids' TV,United States,1,Contemporary mostly single-season series
s4084,Mighty Little Bheem,TV Show,2020,TV-Y,Kids,3,Kids' TV,Unknown Country,1,Contemporary mostly single-season series
s4085,Mighty Little Bheem: Diwali,TV Show,2019,TV-Y,Kids,1,Kids' TV,India,1,Contemporary mostly single-season series
s4086,Mighty Little Bheem: Festival of Colors,TV Show,2020,TV-Y,Kids,1,Kids' TV,India,1,Contemporary mostly single-season series
s4087,Mighty Little Bheem: Kite Festival,TV Show,2021,TV-Y,Kids,1,Kids' TV,India,1,Contemporary mostly single-season series
s4088,Mighty Morphin Alien Rangers,TV Show,1996,TV-Y7,Teens,1,Kids' TV,Unknown Country,0,Older acquired television catalogue
s4089,Mighty Morphin Power Rangers,TV Show,2010,TV-Y7,Teens,4,Kids' TV,United States,0,Older acquired television catalogue
s4103,Millennials,TV Show,2019,TV-MA,Adults,2,International TV Shows,Argentina,1,Contemporary mostly single-season series
s4104,Million Dollar Beach House,TV Show,2020,TV-MA,Adults,1,Reality TV,United States,1,Contemporary mostly single-season series
s4105,Million Pound Menu,TV Show,2019,TV-MA,Adults,2,British TV Shows,United Kingdom,1,Contemporary mostly single-season series
s4106,Million Yen Women,TV Show,2017,TV-MA,Adults,1,Crime TV Shows,Japan,1,Contemporary mostly single-season series
s4107,Mind Game,TV Show,2015,TV-14,Teens,1,Crime TV Shows,Singapore,1,Contemporary mostly single-season series
s4110,MINDHUNTER,TV Show,2019,TV-MA,Adults,2,Crime TV Shows,United States,1,Contemporary mostly single-season series
s4113,Minecraft: Story Mode,TV Show,2015,TV-PG,Adults,1,Kids' TV,United States,1,Contemporary mostly single-season series
s4114,Mini Wolf,TV Show,2014,TV-G,Kids,2,Kids' TV,France,1,Contemporary mostly single-season series
s4115,Miniforce,TV Show,2016,TV-Y7,Teens,1,Kids' TV,Unknown Country,1,Contemporary mostly single-season series
s4116,Miniforce X,TV Show,2018,TV-Y7,Teens,1,Kids' TV,South Korea,1,Contemporary mostly single-season series
s4119,Minute to Win It,TV Show,2013,TV-PG,Adults,1,Reality TV,United States,1,Contemporary mostly single-season series
s4122,Miraculous: Tales of Ladybug & Cat Noir,TV Show,2019,TV-Y7,Teens,5,Kids' TV,France,3,Multi-season continuing series
s4128,Misaeng,TV Show,2014,TV-MA,Adults,1,International TV Shows,South Korea,1,Contemporary mostly single-season series
s4132,Mismatched,TV Show,2020,TV-MA,Adults,1,International TV Shows,India,1,Contemporary mostly single-season series
s4134,Miss Culinary,TV Show,2019,TV-14,Teens,1,International TV Shows,Unknown Country,1,Contemporary mostly single-season series
s4135,Miss Dynamite,TV Show,2015,TV-14,Teens,1,Crime TV Shows,Mexico,1,Contemporary mostly single-season series
s4137,Miss in Kiss,TV Show,2016,TV-14,Teens,1,International TV Shows,Taiwan,1,Contemporary mostly single-season series
s4142,Miss Panda & Mr. Hedgehog,TV Show,2012,TV-PG,Adults,1,International TV Shows,South Korea,1,Contemporary mostly single-season series
s4144,Miss Rose,TV Show,2015,TV-MA,Adults,1,International TV Shows,Taiwan,1,Contemporary mostly single-season series
s4157,Mob Psycho 100,TV Show,2018,TV-MA,Adults,1,International TV Shows,Japan,1,Contemporary mostly single-season series
s4158,Mobile Suit Gundam UC,TV Show,2014,TV-PG,Adults,1,Anime Series,Japan,1,Contemporary mostly single-season series
s4159,Mobile Suit Gundam: Iron-Blooded Orphans,TV Show,2016,TV-14,Teens,2,Anime Series,Japan,1,Contemporary mostly single-season series
s4161,Moesha,TV Show,2000,TV-PG,Adults,6,TV Comedies,United States,0,Older acquired television catalogue
s4168,Molang,TV Show,2015,TV-Y,Kids,1,Kids' TV,France,1,Contemporary mostly single-season series
s4171,Momo Salon,TV Show,2014,TV-14,Teens,1,International TV Shows,South Korea,1,Contemporary mostly single-season series
s4174,Monarca,TV Show,2021,TV-MA,Adults,2,International TV Shows,Mexico,1,Contemporary mostly single-season series
s4176,Money for Nothing,TV Show,2015,TV-PG,Adults,1,British TV Shows,Unknown Country,1,Contemporary mostly single-season series
s4180,MONKART,TV Show,2017,TV-Y7,Teens,1,Kids' TV,Unknown Country,1,Contemporary mostly single-season series
s4181,Monkey Planet,TV Show,2014,TV-PG,Adults,1,British TV Shows,United Kingdom,1,Contemporary mostly single-season series
s4182,Monkey Twins,TV Show,2018,TV-MA,Adults,1,Crime TV Shows,Thailand,1,Contemporary mostly single-season series
s4202,Monster Math Squad,TV Show,2012,TV-Y,Kids,2,Kids' TV,Canada,0,Older acquired television catalogue
s4205,Monthly Girls' Nozaki Kun,TV Show,2014,TV-PG,Adults,1,Anime Series,Japan,0,Older acquired television catalogue
s4206,Monty Don's French Gardens,TV Show,2013,TV-G,Kids,1,British TV Shows,United Kingdom,0,Older acquired television catalogue
s4207,Monty Don's Italian Gardens,TV Show,2011,TV-G,Kids,1,British TV Shows,United Kingdom,0,Older acquired television catalogue
s4209,Monty Python Best Bits (mostly),TV Show,2014,TV-MA,Adults,1,British TV Shows,United Kingdom,1,Contemporary mostly single-season series
s4216,Monty Python's Almost the Truth,TV Show,2009,TV-MA,Adults,1,British TV Shows,United Kingdom,0,Older acquired television catalogue
s4217,Monty Python's Fliegender Zirkus,TV Show,1972,TV-MA,Adults,1,International TV Shows,United Kingdom,2,Legacy and vintage television
s4218,Monty Python's Flying Circus,TV Show,1974,TV-14,Teens,4,British TV Shows,United Kingdom,2,Legacy and vintage television
s4220,Monty Python's Personal Best,TV Show,2005,TV-MA,Adults,1,British TV Shows,United States,0,Older acquired television catalogue
s4221,Monzón: A Knockout Blow,TV Show,2018,TV-MA,Adults,1,Crime TV Shows,Argentina,1,Contemporary mostly single-season series
s4226,More to Say,TV Show,2018,TV-14,Teens,1,International TV Shows,Egypt,1,Contemporary mostly single-season series
s4227,Morphle,TV Show,2020,TV-Y,Kids,2,British TV Shows,Netherlands,1,Contemporary mostly single-season series
s4229,Mortel,TV Show,2019,TV-MA,Adults,1,Crime TV Shows,France,1,Contemporary mostly single-season series
s4233,Mossad 101,TV Show,2017,TV-MA,Adults,2,International TV Shows,Israel,1,Contemporary mostly single-season series
s4234,Most Beautiful Thing,TV Show,2020,TV-MA,Adults,2,International TV Shows,Brazil,1,Contemporary mostly single-season series
s4238,Mother Goose Club,TV Show,2016,TV-Y,Kids,2,Kids' TV,United States,1,Contemporary mostly single-season series
s4241,Motown Magic,TV Show,2019,TV-Y,Kids,2,Kids' TV,Australia,1,Contemporary mostly single-season series
s4244,Move,TV Show,2020,TV-MA,Adults,1,Docuseries,United States,1,Contemporary mostly single-season series
s4246,Moving Art,TV Show,2018,TV-G,Kids,3,Docuseries,United States,1,Contemporary mostly single-season series
s4247,Moving On,TV Show,2016,TV-PG,Adults,1,International TV Shows,Unknown Country,1,Contemporary mostly single-season series
s4253,Mr. Iglesias,TV Show,2020,TV-14,Teens,3,TV Comedies,United States,1,Contemporary mostly single-season series
s4259,Mr. Sunshine,TV Show,2018,TV-MA,Adults,1,International TV Shows,South Korea,1,Contemporary mostly single-season series
s4262,Mr. Young,TV Show,2013,TV-G,Kids,2,Kids' TV,Canada,0,Older acquired television catalogue
s4288,Murder Maps,TV Show,2017,TV-MA,Adults,3,British TV Shows,United Kingdom,1,Contemporary mostly single-season series
s4289,Murder Mountain,TV Show,2018,TV-MA,Adults,1,Crime TV Shows,United States,1,Contemporary mostly single-season series
s4293,Murderous Affairs,TV Show,2017,TV-MA,Adults,3,Crime TV Shows,United States,1,Contemporary mostly single-season series
s4294,Murphy's Law of Love,TV Show,2015,TV-PG,Adults,1,International TV Shows,Taiwan,1,Contemporary mostly single-season series
s4298,Mutant Busters,TV Show,2017,TV-PG,Adults,2,Kids' TV,Spain,1,Contemporary mostly single-season series
s4304,My Babysitter's a Vampire,TV Show,2012,TV-PG,Adults,2,Kids' TV,Canada,0,Older acquired television catalogue
s4310,My Country: The New Age,TV Show,2019,TV-14,Teens,1,International TV Shows,South Korea,1,Contemporary mostly single-season series
s4312,My Dear Boy,TV Show,2017,TV-MA,Adults,1,International TV Shows,Taiwan,1,Contemporary mostly single-season series
s4313,My Dear Warrior,TV Show,2019,TV-14,Teens,1,International TV Shows,Thailand,1,Contemporary mostly single-season series
s4318,My First First Love,TV Show,2019,TV-14,Teens,2,International TV Shows,South Korea,1,Contemporary mostly single-season series
s4323,My Holo Love,TV Show,2020,TV-14,Teens,1,International TV Shows,Unknown Country,1,Contemporary mostly single-season series
s4326,My Hotter Half,TV Show,2017,TV-PG,Adults,1,British TV Shows,United Kingdom,1,Contemporary mostly single-season series
s4327,My Husband Won't Fit,TV Show,2019,TV-MA,Adults,1,International TV Shows,Japan,1,Contemporary mostly single-season series
s4329,My Life My Story,TV Show,2017,TV-14,Teens,1,International TV Shows,Unknown Country,1,Contemporary mostly single-season series
s4330,My Little Baby,TV Show,2016,TV-PG,Adults,1,Crime TV Shows,South Korea,1,Contemporary mostly single-season series
s4337,My Little Pony: Friendship Is Magic,TV Show,2018,TV-Y,Kids,8,Kids' TV,United States,3,Multi-season continuing series
s4338,My Mister,TV Show,2018,TV-MA,Adults,1,Crime TV Shows,South Korea,1,Contemporary mostly single-season series
s4340,My MVP Valentine,TV Show,2002,TV-PG,Adults,1,International TV Shows,Taiwan,0,Older acquired television catalogue
s4341,My Next Guest Needs No Introduction With David Letterman,TV Show,2020,TV-MA,Adults,3,Stand-Up Comedy & Talk Shows,United States,1,Contemporary mostly single-season series
s4344,My Only Love Song,TV Show,2017,TV-MA,Adults,1,International TV Shows,South Korea,1,Contemporary mostly single-season series
s4347,My Perfect Landing,TV Show,2020,TV-G,Kids,1,Kids' TV,Canada,1,Contemporary mostly single-season series
s4349,My Pride,TV Show,2018,TV-14,Teens,1,International TV Shows,Unknown Country,1,Contemporary mostly single-season series
s4350,My Runway,TV Show,2016,TV-14,Teens,1,International TV Shows,South Korea,1,Contemporary mostly single-season series
s4351,My Sassy Girl,TV Show,2017,TV-14,Teens,1,International TV Shows,South Korea,1,Contemporary mostly single-season series
s4354,My Secret Romance,TV Show,2017,TV-14,Teens,1,International TV Shows,South Korea,1,Contemporary mostly single-season series
s4355,My Shy Boss,TV Show,2017,TV-MA,Adults,1,International TV Shows,South Korea,1,Contemporary mostly single-season series
s4362,My Tattoo Addiction,TV Show,2013,TV-MA,Adults,1,British TV Shows,United Kingdom,0,Older acquired television catalogue
s4370,Mystery Lab,TV Show,2020,TV-PG,Adults,1,Docuseries,Brazil,1,Contemporary mostly single-season series
s4371,Mystery Science Theater 3000,TV Show,1999,TV-14,Teens,1,TV Comedies,United States,0,Older acquired television catalogue
s4372,Mystery Science Theater 3000: The Return,TV Show,2018,TV-14,Teens,2,TV Comedies,United States,1,Contemporary mostly single-season series
s4374,Mystic Pop-up Bar,TV Show,2020,TV-MA,Adults,1,International TV Shows,South Korea,1,Contemporary mostly single-season series
s4376,Mystic Whispers,TV Show,2014,TV-14,Teens,1,International TV Shows,Singapore,1,Contemporary mostly single-season series
s4378,Mythomaniac,TV Show,2019,TV-MA,Adults,1,International TV Shows,France,1,Contemporary mostly single-season series
s4379,Myths & Monsters,TV Show,2017,TV-PG,Adults,1,British TV Shows,United Kingdom,1,Contemporary mostly single-season series
s4384,Nadiya’s Time to Eat,TV Show,2020,TV-G,Kids,1,British TV Shows,United Kingdom,1,Contemporary mostly single-season series
s4386,Nagi-Asu: A Lull in the Sea,TV Show,2014,TV-14,Teens,1,Anime Series,Japan,0,Older acquired television catalogue
s4387,Nailed It,TV Show,2020,TV-PG,Adults,4,Reality TV,United States,3,Multi-season continuing series
s4388,Nailed It! France,TV Show,2019,TV-14,Teens,1,International TV Shows,France,1,Contemporary mostly single-season series
s4389,Nailed It! Germany,TV Show,2020,TV-14,Teens,1,International TV Shows,Germany,1,Contemporary mostly single-season series
s4390,Nailed It! Holiday!,TV Show,2019,TV-PG,Adults,2,Reality TV,United States,1,Contemporary mostly single-season series
s4391,Nailed It! Mexico,TV Show,2021,TV-PG,Adults,3,International TV Shows,Mexico,1,Contemporary mostly single-season series
s4392,Nailed It! Spain,TV Show,2019,TV-PG,Adults,1,International TV Shows,Spain,1,Contemporary mostly single-season series
s4402,Narcos,TV Show,2017,TV-MA,Adults,3,Crime TV Shows,United States,1,Contemporary mostly single-season series
s4403,Narcos: Mexico,TV Show,2020,TV-MA,Adults,2,Crime TV Shows,Mexico,1,Contemporary mostly single-season series
s4404,Narcoworld: Dope Stories,TV Show,2019,TV-MA,Adults,1,Crime TV Shows,United States,1,Contemporary mostly single-season series
s4405,Naruto,TV Show,2006,TV-14,Teens,9,Anime Series,Japan,0,Older acquired television catalogue
s4429,Nature: Animals With Cameras,TV Show,2018,TV-PG,Adults,1,Docuseries,United Kingdom,1,Contemporary mostly single-season series
s4430,NATURE: Natural Born Hustlers,TV Show,2016,TV-G,Kids,1,Docuseries,United States,1,Contemporary mostly single-season series
s4432,Nature's Great Events (2009),TV Show,2009,TV-PG,Adults,1,British TV Shows,United States,0,Older acquired television catalogue
s4433,Nature's Great Events: Diaries,TV Show,2009,TV-PG,Adults,1,British TV Shows,United States,0,Older acquired television catalogue
s4434,Nature's Great Race,TV Show,2016,TV-PG,Adults,1,British TV Shows,United Kingdom,1,Contemporary mostly single-season series
s4435,Nature's Weirdest Events,TV Show,2015,TV-PG,Adults,3,British TV Shows,United Kingdom,1,Contemporary mostly single-season series
s4438,Nazi Mega Weapons,TV Show,2016,TV-PG,Adults,3,Docuseries,United States,1,Contemporary mostly single-season series
s4439,NCIS,TV Show,2017,TV-14,Teens,15,Crime TV Shows,United States,3,Multi-season continuing series
s4445,Neo Yokio,TV Show,2018,TV-MA,Adults,2,TV Comedies,United States,1,Contemporary mostly single-season series
s4446,Neon Genesis Evangelion,TV Show,1995,TV-MA,Adults,1,Anime Series,Japan,2,Legacy and vintage television
s4449,Netflix Presents: The Characters,TV Show,2016,TV-MA,Adults,1,TV Comedies,United States,1,Contemporary mostly single-season series
s4450,Never Have I Ever,TV Show,2020,TV-14,Teens,1,TV Comedies,United States,1,Contemporary mostly single-season series
s4452,New Girl,TV Show,2018,TV-14,Teens,7,Romantic TV Shows,United States,3,Multi-season continuing series
s4460,Next in Fashion,TV Show,2020,TV-14,Teens,1,Reality TV,United States,1,Contemporary mostly single-season series
s4462,Nicky Jam: El Ganador,TV Show,2018,TV-MA,Adults,1,Crime TV Shows,Puerto Rico,1,Contemporary mostly single-season series
s4467,Night on Earth,TV Show,2020,TV-PG,Adults,1,Docuseries,United Kingdom,1,Contemporary mostly single-season series
s4469,Night Stalker: The Hunt for a Serial Killer,TV Show,2021,TV-MA,Adults,1,Crime TV Shows,Unknown Country,1,Contemporary mostly single-season series
s4471,Nightflyers,TV Show,2018,TV-MA,Adults,1,TV Horror,United States,1,Contemporary mostly single-season series
s4472,Nightmare High,TV Show,2016,TV-14,Teens,1,International TV Shows,South Korea,1,Contemporary mostly single-season series
s4473,"Nightmare Tenants, Slum Landlords",TV Show,2016,TV-MA,Adults,2,British TV Shows,Unknown Country,1,Contemporary mostly single-season series
s4479,Ninja Hattori,TV Show,1981,TV-Y7,Teens,1,Anime Series,Japan,2,Legacy and vintage television
s4480,Ninja Turtles: The Next Mutation,TV Show,1997,TV-G,Kids,1,Kids' TV,Canada,0,Older acquired television catalogue
s4482,"Nisman: The Prosecutor, the President, and the Spy",TV Show,2020,TV-MA,Adults,1,Crime TV Shows,Spain,1,Contemporary mostly single-season series
s4488,No Game No Life,TV Show,2014,TV-MA,Adults,1,Anime Series,Japan,0,Older acquired television catalogue
s4490,No Good Nick,TV Show,2019,TV-PG,Adults,2,Kids' TV,United States,1,Contemporary mostly single-season series
s4496,No Time for Shame,TV Show,2019,TV-MA,Adults,1,International TV Shows,Argentina,1,Contemporary mostly single-season series
s4497,No Tomorrow,TV Show,2016,TV-PG,Adults,1,Romantic TV Shows,United States,1,Contemporary mostly single-season series
s4498,Nobel,TV Show,2016,R,Adults,1,International TV Shows,Norway,1,Contemporary mostly single-season series
s4503,Nobody's Looking,TV Show,2019,TV-MA,Adults,1,International TV Shows,Brazil,1,Contemporary mostly single-season series
s4505,Noddy Toyland Detective,TV Show,2016,TV-Y,Kids,2,Kids' TV,France,1,Contemporary mostly single-season series
s4506,Norm Macdonald Has a Show,TV Show,2018,TV-MA,Adults,1,Stand-Up Comedy & Talk Shows,United States,1,Contemporary mostly single-season series
s4512,Norsemen,TV Show,2020,TV-MA,Adults,3,International TV Shows,Norway,1,Contemporary mostly single-season series
s4513,North & South,TV Show,2004,NR,Unrated,1,British TV Shows,United Kingdom,0,Older acquired television catalogue
s4514,Northern Rescue,TV Show,2019,TV-14,Teens,1,TV Dramas,Canada,1,Contemporary mostly single-season series
s4541,November 13: Attack on Paris,TV Show,2018,TV-MA,Adults,1,Crime TV Shows,France,1,Contemporary mostly single-season series
s4546,Nowhere Man,TV Show,2019,TV-MA,Adults,1,Crime TV Shows,Taiwan,1,Contemporary mostly single-season series
s4547,NSU German History X,TV Show,2016,TV-MA,Adults,1,Crime TV Shows,Germany,1,Contemporary mostly single-season series
s4548,Nuestra Lucha Libre,TV Show,2018,TV-MA,Adults,1,Docuseries,Unknown Country,1,Contemporary mostly single-season series
s4549,Numberblocks,TV Show,2019,TV-Y,Kids,5,Kids' TV,United Kingdom,3,Multi-season continuing series
s4552,Nura: Rise of the Yokai Clan: Demon Capital,TV Show,2011,TV-MA,Adults,1,Anime Series,Japan,0,Older acquired television catalogue
s4553,Nurse Jackie,TV Show,2015,TV-MA,Adults,7,TV Comedies,United States,3,Multi-season continuing series
s4554,Nurses Who Kill,TV Show,2016,TV-14,Teens,1,British TV Shows,United Kingdom,1,Contemporary mostly single-season series
s4558,"O-Negative, Love Can’t Be Designed",TV Show,2016,TV-MA,Adults,1,International TV Shows,Unknown Country,1,Contemporary mostly single-season series
s4563,Occupied,TV Show,2019,TV-MA,Adults,3,International TV Shows,Norway,1,Contemporary mostly single-season series
s4567,OCTB,TV Show,2017,TV-14,Teens,1,Crime TV Shows,Hong Kong,1,Contemporary mostly single-season series
s4568,October Faction,TV Show,2020,TV-MA,Adults,1,TV Action & Adventure,United States,1,Contemporary mostly single-season series
s4569,Octonauts,TV Show,2015,TV-Y,Kids,4,British TV Shows,United States,3,Multi-season continuing series
s4572,Oddbods,TV Show,2017,TV-Y,Kids,1,Kids' TV,United Kingdom,1,Contemporary mostly single-season series
s4576,Off Camera,TV Show,2015,TV-MA,Adults,3,Stand-Up Comedy & Talk Shows,United States,1,Contemporary mostly single-season series
s4579,Office Girls,TV Show,2011,TV-14,Teens,1,International TV Shows,Taiwan,0,Older acquired television catalogue
s4582,Offspring,TV Show,2017,TV-MA,Adults,7,TV Comedies,Australia,3,Multi-season continuing series
s4583,Oggy and the Cockroaches,TV Show,2017,TV-Y7,Teens,1,Kids' TV,France,1,Contemporary mostly single-season series
s4585,Oh My Ghost,TV Show,2015,TV-MA,Adults,1,International TV Shows,South Korea,1,Contemporary mostly single-season series
s4590,Oh No! It's an Alien Invasion,TV Show,2014,TV-Y7-FV,Teens,2,Kids' TV,Canada,1,Contemporary mostly single-season series
s4591,Oh Yuck,TV Show,2020,TV-G,Kids,1,Kids' TV,Canada,1,Contemporary mostly single-season series
s4597,Ojos in d' House,TV Show,2013,TV-G,Kids,1,International TV Shows,Nigeria,0,Older acquired television catalogue
s4602,Oktoberfest: Beer & Blood,TV Show,2020,TV-MA,Adults,1,International TV Shows,Germany,1,Contemporary mostly single-season series
s4604,Old Money,TV Show,2015,TV-MA,Adults,1,International TV Shows,United States,1,Contemporary mostly single-season series
s4605,Oliver Stone's Untold History of the United States,TV Show,2013,TV-PG,Adults,1,Docuseries,United States,1,Contemporary mostly single-season series
s4606,Ollie & Moon,TV Show,2018,TV-Y,Kids,1,Kids' TV,France,1,Contemporary mostly single-season series
s4612,Omniscient,TV Show,2020,TV-MA,Adults,1,International TV Shows,Brazil,1,Contemporary mostly single-season series
s4614,On Children,TV Show,2018,TV-14,Teens,1,International TV Shows,Taiwan,1,Contemporary mostly single-season series
s4615,On My Block,TV Show,2020,TV-14,Teens,3,Romantic TV Shows,United States,1,Contemporary mostly single-season series
s4617,On the Real,TV Show,2017,TV-MA,Adults,1,International TV Shows,Nigeria,1,Contemporary mostly single-season series
s4631,Once Upon a Time,TV Show,2019,TV-14,Teens,1,International TV Shows,Egypt,1,Contemporary mostly single-season series
s4632,Once Upon A Time In Lingjian Mountain,TV Show,2019,TV-14,Teens,1,International TV Shows,China,1,Contemporary mostly single-season series
s4640,One Day at a Time,TV Show,2019,TV-PG,Adults,3,TV Comedies,United States,1,Contemporary mostly single-season series
s4649,One More Time,TV Show,2016,TV-14,Teens,1,International TV Shows,South Korea,1,Contemporary mostly single-season series
s4653,One on One,TV Show,2006,TV-14,Teens,5,TV Comedies,United States,0,Older acquired television catalogue
s4654,ONE PIECE,TV Show,2002,TV-14,Teens,4,Anime Series,Japan,0,Older acquired television catalogue
s4655,One Spring Night,TV Show,2019,TV-14,Teens,1,International TV Shows,South Korea,1,Contemporary mostly single-season series
s4656,One Strange Rock,TV Show,2018,TV-PG,Adults,1,Docuseries,United States,1,Contemporary mostly single-season series
s4658,One-Punch Man,TV Show,2015,TV-14,Teens,1,Anime Series,Japan,1,Contemporary mostly single-season series
s4669,Operation Gold Rush,TV Show,2016,TV-14,Teens,1,British TV Shows,United Kingdom,1,Contemporary mostly single-season series
s4672,Operation Ouch!,TV Show,2012,TV-PG,Adults,1,British TV Shows,United Kingdom,0,Older acquired television catalogue
s4673,Operation Proposal,TV Show,2012,TV-PG,Adults,1,International TV Shows,South Korea,1,Contemporary mostly single-season series
s4678,Orange Is the New Black,TV Show,2019,TV-MA,Adults,7,TV Comedies,United States,3,Multi-season continuing series
s4680,Ordinary Heroes,TV Show,2018,TV-MA,Adults,1,Crime TV Shows,Unknown Country,1,Contemporary mostly single-season series
s4684,Origins Collection,TV Show,2018,TV-PG,Adults,3,Docuseries,United States,1,Contemporary mostly single-season series
s4686,Oscar's Oasis,TV Show,2011,TV-Y,Kids,1,Kids' TV,France,1,Contemporary mostly single-season series
s4687,Osmosis,TV Show,2019,TV-MA,Adults,1,International TV Shows,France,1,Contemporary mostly single-season series
s4697,Our Planet,TV Show,2019,TV-PG,Adults,1,Docuseries,United States,1,Contemporary mostly single-season series
s4701,Ouran High School Host Club,TV Show,2006,TV-PG,Adults,1,Anime Series,Japan,0,Older acquired television catalogue
s4705,Outback Truckers,TV Show,2015,TV-MA,Adults,3,Reality TV,Australia,1,Contemporary mostly single-season series
s4706,Outer Banks,TV Show,2020,TV-MA,Adults,1,TV Action & Adventure,United States,1,Contemporary mostly single-season series
s4707,Outlander,TV Show,2017,TV-MA,Adults,3,Romantic TV Shows,United States,1,Contemporary mostly single-season series
s4712,Over Christmas,TV Show,2020,TV-MA,Adults,1,International TV Shows,Germany,1,Contemporary mostly single-season series
s4717,Ozark,TV Show,2020,TV-MA,Adults,3,Crime TV Shows,United States,1,Contemporary mostly single-season series
s4720,P. King Duckling,TV Show,2016,TV-Y,Kids,1,Kids' TV,United States,1,Contemporary mostly single-season series
s4723,Paap-O-Meter,TV Show,2017,TV-Y7,Teens,1,Kids' TV,Unknown Country,1,Contemporary mostly single-season series
s4725,Paava Kadhaigal,TV Show,2020,TV-MA,Adults,1,International TV Shows,India,1,Contemporary mostly single-season series
s4726,Pablo,TV Show,2017,TV-Y,Kids,1,British TV Shows,United Kingdom,1,Contemporary mostly single-season series
s4727,"Pablo Escobar, el patrón del mal",TV Show,2012,TV-MA,Adults,1,Crime TV Shows,Colombia,1,Contemporary mostly single-season series
s4729,Pac-Man and the Ghostly Adventures,TV Show,2014,TV-Y7,Teens,2,Kids' TV,United States,1,Contemporary mostly single-season series
s4732,Pacific Heat,TV Show,2016,TV-14,Teens,1,Crime TV Shows,Australia,1,Contemporary mostly single-season series
s4735,Padamu Aku Bersujud,TV Show,2015,TV-14,Teens,1,International TV Shows,Unknown Country,1,Contemporary mostly single-season series
s4745,Pajanimals,TV Show,2011,TV-Y,Kids,1,Kids' TV,United States,0,Older acquired television catalogue
s4746,Palazuelos mi rey,TV Show,2019,TV-14,Teens,1,International TV Shows,Unknown Country,1,Contemporary mostly single-season series
s4751,Pandemic: How to Prevent an Outbreak,TV Show,2020,TV-14,Teens,1,Docuseries,United States,1,Contemporary mostly single-season series
s4760,Paprika,TV Show,2018,TV-Y,Kids,1,Kids' TV,Unknown Country,1,Contemporary mostly single-season series
s4761,Paquita Salas,TV Show,2018,TV-MA,Adults,3,International TV Shows,Spain,1,Contemporary mostly single-season series
s4764,Paradise PD,TV Show,2020,TV-MA,Adults,2,TV Comedies,United States,1,Contemporary mostly single-season series
s4766,Paranoid,TV Show,2016,TV-MA,Adults,1,British TV Shows,United Kingdom,1,Contemporary mostly single-season series
s4767,Paranormal,TV Show,2020,TV-14,Teens,1,International TV Shows,Egypt,1,Contemporary mostly single-season series
s4770,Paranormal Survivor,TV Show,2016,TV-14,Teens,2,Docuseries,Canada,1,Contemporary mostly single-season series
s4772,Parasyte: The Maxim,TV Show,2014,TV-MA,Adults,1,Anime Series,Japan,0,Older acquired television catalogue
s4780,Parks and Recreation,TV Show,2015,TV-14,Teens,7,TV Comedies,United States,3,Multi-season continuing series
s4783,Part-Time Idol,TV Show,2017,TV-14,Teens,1,International TV Shows,Unknown Country,1,Contemporary mostly single-season series
s4785,Pasión de Gavilanes,TV Show,2003,TV-14,Teens,1,International TV Shows,Colombia,0,Older acquired television catalogue
s4788,Passion. Panache. Pep,TV Show,2020,TV-G,Kids,1,International TV Shows,Unknown Country,1,Contemporary mostly single-season series
s4789,Pat a Pat Como,TV Show,2016,TV-Y,Kids,1,Kids' TV,Unknown Country,1,Contemporary mostly single-season series
s4794,Patriot Act with Hasan Minhaj,TV Show,2020,TV-MA,Adults,6,Stand-Up Comedy & Talk Shows,United States,3,Multi-season continuing series
s4798,Patton Oswalt: I Love Everything,TV Show,2020,TV-MA,Adults,1,Stand-Up Comedy & Talk Shows,United States,1,Contemporary mostly single-season series
s4801,Paul Hollywood's Big Continental Road Trip,TV Show,2017,TV-14,Teens,1,British TV Shows,United Kingdom,1,Contemporary mostly single-season series
s4803,Pawn Stars,TV Show,2010,TV-14,Teens,1,Reality TV,United States,0,Older acquired television catalogue
s4807,Peaky Blinders,TV Show,2019,TV-MA,Adults,5,British TV Shows,United Kingdom,3,Multi-season continuing series
s4808,Peasants Rebellion,TV Show,2018,TV-14,Teens,1,International TV Shows,Lebanon,1,Contemporary mostly single-season series
s4812,Pee-wee's Playhouse,TV Show,1990,TV-PG,Adults,5,Classic & Cult TV,United States,2,Legacy and vintage television
s4822,Penny Dreadful,TV Show,2016,TV-MA,Adults,3,TV Dramas,Ireland,1,Contemporary mostly single-season series
s4823,People Just Do Nothing,TV Show,2018,TV-MA,Adults,5,British TV Shows,United Kingdom,3,Multi-season continuing series
s4830,Perfume,TV Show,2018,TV-MA,Adults,1,Crime TV Shows,Germany,1,Contemporary mostly single-season series
s4832,Person of Interest,TV Show,2016,TV-14,Teens,5,Crime TV Shows,United States,3,Multi-season continuing series
s4833,Persona,TV Show,2019,TV-MA,Adults,1,International TV Shows,South Korea,1,Contemporary mostly single-season series
s4859,PILI Fantasy: War of Dragons,TV Show,2019,TV-14,Teens,1,International TV Shows,Unknown Country,1,Contemporary mostly single-season series
s4861,Pine Gap,TV Show,2018,TV-MA,Adults,1,International TV Shows,Australia,1,Contemporary mostly single-season series
s4865,Pinky Malinky,TV Show,2019,TV-Y7,Teens,3,Kids' TV,United States,1,Contemporary mostly single-season series
s4867,Pioneers of African-American Cinema,TV Show,1946,TV-14,Teens,1,TV Shows,United States,2,Legacy and vintage television
s4868,Pioneers: First Women Filmmakers*,TV Show,1925,TV-14,Teens,1,TV Shows,Unknown Country,2,Legacy and vintage television
s4872,PJ Masks,TV Show,2018,TV-Y,Kids,2,Kids' TV,France,1,Contemporary mostly single-season series
s4876,Planet Earth II,TV Show,2016,TV-G,Kids,1,British TV Shows,United Kingdom,1,Contemporary mostly single-season series
s4877,Planet Earth: The Complete Collection,TV Show,2006,TV-PG,Adults,1,British TV Shows,United Kingdom,0,Older acquired television catalogue
s4885,Playing with Fire,TV Show,2019,TV-MA,Adults,1,International TV Shows,United States,1,Contemporary mostly single-season series
s4888,Pocoyo,TV Show,2017,TV-Y,Kids,4,Kids' TV,Spain,3,Multi-season continuing series
s4896,Pokémon Journeys: The Series,TV Show,2020,TV-Y7,Teens,3,Anime Series,Unknown Country,1,Contemporary mostly single-season series
s4899,Pokémon the Series,TV Show,2019,TV-Y7,Teens,3,Anime Series,Unknown Country,1,Contemporary mostly single-season series
s4900,Pokémon: Indigo League,TV Show,2000,TV-Y7,Teens,1,Anime Series,Japan,0,Older acquired television catalogue
s4904,Polly Pocket,TV Show,2020,TV-Y,Kids,2,Kids' TV,Canada,1,Contemporary mostly single-season series
s4905,Ponysitters Club,TV Show,2018,TV-G,Kids,2,Kids' TV,Canada,1,Contemporary mostly single-season series
s4907,Pop Team Epic,TV Show,2018,TV-14,Teens,1,Anime Series,Japan,1,Contemporary mostly single-season series
s4911,Popples,TV Show,2016,TV-Y,Kids,3,Kids' TV,United States,1,Contemporary mostly single-season series
s4912,Pororo - The Little Penguin,TV Show,2013,TV-Y7,Teens,2,Kids' TV,South Korea,0,Older acquired television catalogue
s4913,Portlandia,TV Show,2018,TV-14,Teens,8,TV Comedies,United States,3,Multi-season continuing series
s4915,Pose,TV Show,2019,TV-MA,Adults,2,TV Dramas,United States,1,Contemporary mostly single-season series
s4919,Possessed,TV Show,2019,TV-MA,Adults,1,Crime TV Shows,South Korea,1,Contemporary mostly single-season series
s4924,Powder,TV Show,2010,TV-14,Teens,1,Crime TV Shows,India,0,Older acquired television catalogue
s4925,Power Battle Watch Car,TV Show,2016,TV-Y7,Teens,1,Kids' TV,Unknown Country,1,Contemporary mostly single-season series
s4927,Power Players,TV Show,2020,TV-Y7,Teens,2,Kids' TV,United States,1,Contemporary mostly single-season series
s4928,Power Rangers Beast Morphers,TV Show,2020,TV-Y7,Teens,2,Kids' TV,United States,1,Contemporary mostly single-season series
s4929,Power Rangers Dino Charge,TV Show,2015,TV-Y7,Teens,1,Kids' TV,United States,1,Contemporary mostly single-season series
s4930,Power Rangers Dino Super Charge,TV Show,2016,TV-Y7,Teens,1,Kids' TV,Unknown Country,1,Contemporary mostly single-season series
s4931,Power Rangers Dino Thunder,TV Show,2004,TV-Y7,Teens,1,Kids' TV,United States,0,Older acquired television catalogue
s4932,Power Rangers in Space,TV Show,1998,TV-Y7,Teens,1,Kids' TV,United States,0,Older acquired television catalogue
s4933,Power Rangers Jungle Fury,TV Show,2008,TV-Y7,Teens,1,Kids' TV,United States,0,Older acquired television catalogue
s4934,Power Rangers Lightspeed Rescue,TV Show,2000,TV-Y7,Teens,1,Kids' TV,France,0,Older acquired television catalogue
s4935,Power Rangers Lost Galaxy,TV Show,1999,TV-Y7,Teens,1,Kids' TV,United States,0,Older acquired television catalogue
s4936,Power Rangers Mystic Force,TV Show,2006,TV-Y7,Teens,1,Kids' TV,United States,0,Older acquired television catalogue
s4937,Power Rangers Ninja Steel,TV Show,2018,TV-Y7,Teens,2,Kids' TV,United States,1,Contemporary mostly single-season series
s4938,Power Rangers Ninja Storm,TV Show,2003,TV-Y7,Teens,1,Kids' TV,United States,0,Older acquired television catalogue
s4939,Power Rangers Operation Overdrive,TV Show,2007,TV-Y7,Teens,1,Kids' TV,United States,0,Older acquired television catalogue
s4940,Power Rangers RPM,TV Show,2009,TV-Y7,Teens,1,Kids' TV,United States,0,Older acquired television catalogue
s4941,Power Rangers S.P.D.,TV Show,2005,TV-Y7,Teens,1,Kids' TV,United States,0,Older acquired television catalogue
s4942,Power Rangers Samurai,TV Show,2011,TV-Y7,Teens,1,Kids' TV,United States,0,Older acquired television catalogue
s4946,Power Rangers Super Megaforce,TV Show,2014,TV-Y7,Teens,1,Kids' TV,Unknown Country,1,Contemporary mostly single-season series
s4948,Power Rangers Super Samurai,TV Show,2012,TV-Y7,Teens,1,Kids' TV,Unknown Country,1,Contemporary mostly single-season series
s4951,Power Rangers Time Force,TV Show,2001,TV-Y7,Teens,1,Kids' TV,United States,0,Older acquired television catalogue
s4952,Power Rangers Turbo,TV Show,1997,TV-Y7,Teens,1,Kids' TV,United States,0,Older acquired television catalogue
s4953,Power Rangers Wild Force,TV Show,2002,TV-Y7,Teens,1,Kids' TV,United States,0,Older acquired television catalogue
s4954,Power Rangers Zeo,TV Show,1996,TV-Y7,Teens,1,Kids' TV,United States,0,Older acquired television catalogue
s4955,Power Rangers: Megaforce,TV Show,2013,TV-Y7,Teens,1,Kids' TV,United States,1,Contemporary mostly single-season series
s4960,Prank Encounters,TV Show,2019,TV-MA,Adults,1,Reality TV,United States,1,Contemporary mostly single-season series
s4965,President,TV Show,2010,TV-14,Teens,1,International TV Shows,South Korea,0,Older acquired television catalogue
s4966,Pretend It’s a City,TV Show,2021,TV-14,Teens,1,Docuseries,United States,1,Contemporary mostly single-season series
s4968,Pretty Man,TV Show,2018,TV-14,Teens,1,International TV Shows,Unknown Country,1,Contemporary mostly single-season series
s4973,Prince Jai Aur Dumdaar Viru,TV Show,2017,TV-Y,Kids,1,Kids' TV,Unknown Country,1,Contemporary mostly single-season series
s4974,Prince of Peoria,TV Show,2019,TV-G,Kids,2,Kids' TV,United States,1,Contemporary mostly single-season series
s4978,Prison Playbook,TV Show,2017,TV-MA,Adults,1,International TV Shows,South Korea,1,Contemporary mostly single-season series
s4980,Private Lives,TV Show,2020,TV-14,Teens,1,Crime TV Shows,South Korea,1,Contemporary mostly single-season series
s4981,Private Practice,TV Show,2012,TV-14,Teens,6,TV Comedies,United States,3,Multi-season continuing series
s4984,Prohibition: A Film by Ken Burns and Lynn Novick,TV Show,2011,TV-PG,Adults,1,Crime TV Shows,United States,0,Older acquired television catalogue
s4986,Project Mc²,TV Show,2017,TV-G,Kids,6,Kids' TV,United States,3,Multi-season continuing series
s4989,Project S The Series,TV Show,2017,TV-MA,Adults,4,International TV Shows,Thailand,3,Multi-season continuing series
s4993,Psiconautas,TV Show,2016,TV-MA,Adults,2,International TV Shows,Argentina,1,Contemporary mostly single-season series
s4996,Pucca: Love Recipe,TV Show,2018,TV-Y7,Teens,1,Kids' TV,Unknown Country,1,Contemporary mostly single-season series
s4997,Puella Magi Madoka Magica,TV Show,2011,TV-14,Teens,1,Anime Series,Japan,0,Older acquired television catalogue
s4998,Puerta 7,TV Show,2020,TV-MA,Adults,1,Crime TV Shows,Argentina,1,Contemporary mostly single-season series
s5000,Puffin Rock,TV Show,2016,TV-Y,Kids,2,Kids' TV,Ireland,1,Contemporary mostly single-season series
s5005,Pup Academy,TV Show,2020,TV-Y,Kids,2,Kids' TV,United States,1,Contemporary mostly single-season series
s5014,Put Your Head on My Shoulder,TV Show,2019,TV-14,Teens,1,International TV Shows,China,1,Contemporary mostly single-season series
s5018,Pyaar Tune Kya Kiya,TV Show,2014,TV-14,Teens,3,International TV Shows,India,1,Contemporary mostly single-season series
s5022,QB1: Beyond the Lights,TV Show,2019,TV-14,Teens,1,Docuseries,United States,1,Contemporary mostly single-season series
s5024,Qin Empire: Alliance,TV Show,2012,TV-14,Teens,1,International TV Shows,China,1,Contemporary mostly single-season series
s5027,Qué pena tu serie,TV Show,2015,TV-MA,Adults,1,International TV Shows,United States,1,Contemporary mostly single-season series
s5028,Quantico,TV Show,2018,TV-14,Teens,3,Crime TV Shows,United States,1,Contemporary mostly single-season series
s5032,Queen of No Marriage,TV Show,2009,TV-MA,Adults,1,International TV Shows,Taiwan,0,Older acquired television catalogue
s5034,Queen of the South,TV Show,2018,TV-MA,Adults,4,Crime TV Shows,United States,3,Multi-season continuing series
s5035,Queen Sono,TV Show,2020,TV-MA,Adults,1,International TV Shows,South Africa,1,Contemporary mostly single-season series
s5036,Queens of Comedy,TV Show,2017,TV-MA,Adults,1,International TV Shows,Unknown Country,1,Contemporary mostly single-season series
s5037,Queens vs. Kings,TV Show,2018,TV-14,Teens,1,Stand-Up Comedy & Talk Shows,Unknown Country,1,Contemporary mostly single-season series
s5038,Queer Eye,TV Show,2020,TV-14,Teens,5,Reality TV,United States,3,Multi-season continuing series
s5039,Queer Eye: We're in Japan!,TV Show,2019,TV-14,Teens,1,International TV Shows,United States,1,Contemporary mostly single-season series
s5041,Quicksand,TV Show,2019,TV-MA,Adults,1,Crime TV Shows,Sweden,1,Contemporary mostly single-season series
s5045,Qurious Como,TV Show,2017,TV-Y,Kids,1,Kids' TV,Unknown Country,1,Contemporary mostly single-season series
s5050,Rab Se Sohna Isshq,TV Show,2012,TV-14,Teens,1,International TV Shows,Unknown Country,1,Contemporary mostly single-season series
s5051,Rabbids Invasion,TV Show,2018,TV-Y7,Teens,1,Kids' TV,France,1,Contemporary mostly single-season series
s5067,Ragnarok,TV Show,2020,TV-MA,Adults,1,International TV Shows,Norway,1,Contemporary mostly single-season series
s5073,Rainbow Ruby,TV Show,2016,TV-Y,Kids,1,Kids' TV,South Korea,1,Contemporary mostly single-season series
s5075,Raising Dion,TV Show,2019,TV-PG,Adults,1,Kids' TV,United States,1,Contemporary mostly single-season series
s5080,Raja Rasoi Aur Anya Kahaniyan,TV Show,2014,TV-G,Kids,1,Docuseries,India,1,Contemporary mostly single-season series
s5083,Rake,TV Show,2018,TV-MA,Adults,5,Crime TV Shows,Australia,3,Multi-season continuing series
s5092,Ramayan,TV Show,2012,TV-14,Teens,1,International TV Shows,India,0,Older acquired television catalogue
s5102,Rapture,TV Show,2018,TV-MA,Adults,1,Docuseries,United States,1,Contemporary mostly single-season series
s5103,Ratched,TV Show,2020,TV-MA,Adults,1,TV Dramas,United States,1,Contemporary mostly single-season series
s5110,Razia Sultan,TV Show,2015,TV-14,Teens,1,International TV Shows,India,1,Contemporary mostly single-season series
s5111,Re:Mind,TV Show,2017,TV-MA,Adults,1,International TV Shows,Japan,1,Contemporary mostly single-season series
s5112,REA(L)OVE,TV Show,2018,TV-MA,Adults,1,International TV Shows,Japan,1,Contemporary mostly single-season series
s5118,Real Rob,TV Show,2017,TV-MA,Adults,2,TV Comedies,United States,1,Contemporary mostly single-season series
s5120,Reality of Dream,TV Show,2015,TV-MA,Adults,1,International TV Shows,Unknown Country,1,Contemporary mostly single-season series
s5121,Reality Z,TV Show,2020,TV-MA,Adults,1,International TV Shows,Brazil,1,Contemporary mostly single-season series
s5124,Rebelde,TV Show,2004,TV-14,Teens,1,International TV Shows,Mexico,0,Older acquired television catalogue
s5125,Rebellion,TV Show,2016,TV-MA,Adults,1,International TV Shows,Ireland,1,Contemporary mostly single-season series
s5127,Reboot: The Guardian Code,TV Show,2018,TV-Y7,Teens,2,Kids' TV,Canada,1,Contemporary mostly single-season series
s5129,Reckoning,TV Show,2019,TV-MA,Adults,1,Crime TV Shows,Australia,1,Contemporary mostly single-season series
s5130,Record of Grancrest War,TV Show,2018,TV-MA,Adults,1,Anime Series,Japan,1,Contemporary mostly single-season series
s5131,Record of Youth,TV Show,2020,TV-14,Teens,1,International TV Shows,South Korea,1,Contemporary mostly single-season series
s5133,Rectify,TV Show,2016,TV-MA,Adults,4,Crime TV Shows,United States,3,Multi-season continuing series
s5138,Red vs. Blue,TV Show,2015,NR,Unrated,13,TV Action & Adventure,United States,3,Multi-season continuing series
s5140,Refresh Man,TV Show,2016,TV-14,Teens,1,International TV Shows,Taiwan,1,Contemporary mostly single-season series
s5144,Reggie Yates Outside Man,TV Show,2017,TV-MA,Adults,2,British TV Shows,United Kingdom,1,Contemporary mostly single-season series
s5145,Regiment Diaries,TV Show,2020,TV-PG,Adults,2,Docuseries,India,1,Contemporary mostly single-season series
s5147,Reign,TV Show,2017,TV-14,Teens,4,TV Dramas,United States,3,Multi-season continuing series
s5162,Reply 1988,TV Show,2015,TV-14,Teens,1,International TV Shows,South Korea,1,Contemporary mostly single-season series
s5163,Reply 1994,TV Show,2014,TV-MA,Adults,1,International TV Shows,South Korea,1,Contemporary mostly single-season series
s5164,Reply 1997,TV Show,2012,TV-MA,Adults,1,International TV Shows,South Korea,0,Older acquired television catalogue
s5165,Republic of Doyle,TV Show,2014,TV-14,Teens,6,Crime TV Shows,Canada,3,Multi-season continuing series
s5166,Requiem,TV Show,2018,TV-MA,Adults,1,British TV Shows,United Kingdom,1,Contemporary mostly single-season series
s5170,Restaurants on the Edge,TV Show,2020,TV-14,Teens,2,International TV Shows,Canada,1,Contemporary mostly single-season series
s5174,Resurrection: Ertugrul,TV Show,2018,TV-14,Teens,5,International TV Shows,Turkey,3,Multi-season continuing series
s5176,Retribution,TV Show,2016,TV-MA,Adults,1,British TV Shows,United Kingdom,1,Contemporary mostly single-season series
s5180,Revenge,TV Show,2017,TV-MA,Adults,1,Crime TV Shows,Unknown Country,1,Contemporary mostly single-season series
s5185,Revisions,TV Show,2018,TV-14,Teens,1,Anime Series,Japan,1,Contemporary mostly single-season series
s5187,Revolting Rhymes,TV Show,2017,TV-PG,Adults,1,British TV Shows,United Kingdom,1,Contemporary mostly single-season series
s5188,Revolutionary Love,TV Show,2017,TV-MA,Adults,1,International TV Shows,South Korea,1,Contemporary mostly single-season series
s5191,Rhyme Time Town,TV Show,2020,TV-Y,Kids,1,Kids' TV,Unknown Country,1,Contemporary mostly single-season series
s5192,Rhyme Time Town Singalongs,TV Show,2020,TV-Y,Kids,1,Kids' TV,United States,1,Contemporary mostly single-season series
s5194,Rhythm + Flow,TV Show,2019,TV-MA,Adults,1,Reality TV,United States,1,Contemporary mostly single-season series
s5195,"Rica, Famosa, Latina",TV Show,2016,TV-MA,Adults,4,International TV Shows,United States,3,Multi-season continuing series
s5202,Richie Rich,TV Show,2015,TV-G,Kids,2,Kids' TV,United States,1,Contemporary mostly single-season series
s5205,RIDE ON TIME,TV Show,2019,TV-PG,Adults,2,Docuseries,Unknown Country,1,Contemporary mostly single-season series
s5209,Rilakkuma and Kaoru,TV Show,2019,TV-PG,Adults,1,Anime Series,Japan,1,Contemporary mostly single-season series
s5211,Rimba Racer,TV Show,2017,TV-PG,Adults,1,Kids' TV,Malaysia,1,Contemporary mostly single-season series
s5216,Ripper Street,TV Show,2017,TV-MA,Adults,5,British TV Shows,United Kingdom,3,Multi-season continuing series
s5217,Rise of Empires: Ottoman,TV Show,2020,TV-MA,Adults,1,Docuseries,Unknown Country,1,Contemporary mostly single-season series
s5220,Rishta.com,TV Show,2010,TV-14,Teens,1,International TV Shows,India,0,Older acquired television catalogue
s5223,Rita,TV Show,2020,TV-MA,Adults,5,International TV Shows,Denmark,3,Multi-season continuing series
s5227,Riverdale,TV Show,2019,TV-14,Teens,4,Crime TV Shows,United States,3,Multi-season continuing series
s5237,Robocar Poli,TV Show,2015,TV-Y,Kids,4,Kids' TV,South Korea,3,Multi-season continuing series
s5238,Robot Trains,TV Show,2018,TV-Y7,Teens,2,Kids' TV,South Korea,1,Contemporary mostly single-season series
s5239,Robotech,TV Show,1985,TV-MA,Adults,1,Anime Series,United States,2,Legacy and vintage television
s5240,Robozuna,TV Show,2018,TV-Y7,Teens,2,British TV Shows,United Kingdom,1,Contemporary mostly single-season series
s5263,Roman Empire: Reign of Blood,TV Show,2019,TV-MA,Adults,3,Docuseries,Canada,1,Contemporary mostly single-season series
s5265,Romance is a bonus book,TV Show,2019,TV-14,Teens,1,International TV Shows,South Korea,1,Contemporary mostly single-season series
s5274,Rookie Historian Goo Hae-Ryung,TV Show,2019,TV-14,Teens,1,International TV Shows,South Korea,1,Contemporary mostly single-season series
s5276,Room 2806: The Accusation,TV Show,2020,TV-MA,Adults,1,Crime TV Shows,France,1,Contemporary mostly single-season series
s5279,Roonpi Secret Love,TV Show,2016,TV-14,Teens,3,International TV Shows,Thailand,1,Contemporary mostly single-season series
s5284,Rosario Tijeras,TV Show,2018,TV-MA,Adults,2,Crime TV Shows,Mexico,1,Contemporary mostly single-season series
s5287,"Roswell, New Mexico",TV Show,2020,TV-14,Teens,2,Classic & Cult TV,United States,1,Contemporary mostly single-season series
s5288,Rotten,TV Show,2019,TV-MA,Adults,2,Docuseries,United States,1,Contemporary mostly single-season series
s5292,Royal Pains,TV Show,2016,TV-PG,Adults,8,TV Comedies,United States,3,Multi-season continuing series
s5293,Rubi,TV Show,2004,TV-PG,Adults,1,International TV Shows,Mexico,0,Older acquired television catalogue
s5295,Rugal,TV Show,2020,TV-MA,Adults,1,Crime TV Shows,South Korea,1,Contemporary mostly single-season series
s5302,Run On,TV Show,2020,TV-MA,Adults,1,International TV Shows,South Korea,1,Contemporary mostly single-season series
s5305,Running Man,TV Show,2020,TV-Y7,Teens,1,Kids' TV,Unknown Country,1,Contemporary mostly single-season series
s5308,Rurouni Kenshin,TV Show,1998,TV-14,Teens,3,Anime Series,Japan,0,Older acquired television catalogue
s5313,Russell Peters vs. the World,TV Show,2013,NR,Unrated,1,Docuseries,United States,1,Contemporary mostly single-season series
s5316,Russian Doll,TV Show,2019,TV-MA,Adults,1,TV Comedies,United States,1,Contemporary mostly single-season series
s5318,Rust Valley Restorers,TV Show,2020,TV-14,Teens,3,International TV Shows,Canada,1,Contemporary mostly single-season series
s5330,Sab Jholmaal Hai,TV Show,2017,TV-Y7,Teens,3,Kids' TV,India,1,Contemporary mostly single-season series
s5332,Sacred Games,TV Show,2019,TV-MA,Adults,2,Crime TV Shows,India,1,Contemporary mostly single-season series
s5338,Sadqay Tumhare,TV Show,2014,TV-PG,Adults,1,International TV Shows,Pakistan,1,Contemporary mostly single-season series
s5340,Safe,TV Show,2018,TV-MA,Adults,1,British TV Shows,United Kingdom,1,Contemporary mostly single-season series
s5345,Saint Seiya,TV Show,1986,TV-14,Teens,6,Anime Series,Japan,2,Legacy and vintage television
s5346,Saint Seiya: The Lost Canvas,TV Show,2009,TV-MA,Adults,1,Anime Series,Japan,0,Older acquired television catalogue
s5350,Sakho & Mangane,TV Show,2019,TV-MA,Adults,1,Crime TV Shows,Senegal,1,Contemporary mostly single-season series
s5355,Salt Fat Acid Heat,TV Show,2018,TV-PG,Adults,1,Docuseries,Unknown Country,1,Contemporary mostly single-season series
s5356,Sam & Cat,TV Show,2014,TV-PG,Adults,2,Kids' TV,United States,1,Contemporary mostly single-season series
s5363,Samantha!,TV Show,2019,TV-MA,Adults,2,International TV Shows,Brazil,1,Contemporary mostly single-season series
s5367,Sammy & Co,TV Show,2014,TV-Y,Kids,1,Kids' TV,France,1,Contemporary mostly single-season series
s5371,Samurai Gourmet,TV Show,2017,TV-PG,Adults,1,International TV Shows,Japan,1,Contemporary mostly single-season series
s5379,SanPa: Sins of the Savior,TV Show,2020,TV-MA,Adults,1,Crime TV Shows,Italy,1,Contemporary mostly single-season series
s5381,Santa Clarita Diet,TV Show,2019,TV-MA,Adults,3,TV Comedies,United States,1,Contemporary mostly single-season series
s5403,Satrangi,TV Show,2014,TV-PG,Adults,1,Docuseries,Unknown Country,1,Contemporary mostly single-season series
s5407,Satu Hari,TV Show,2014,TV-PG,Adults,1,International TV Shows,Unknown Country,1,Contemporary mostly single-season series
s5413,Save Me,TV Show,2017,TV-MA,Adults,1,International TV Shows,South Korea,1,Contemporary mostly single-season series
s5414,Save Our Shelter,TV Show,2015,TV-G,Kids,1,Reality TV,United States,1,Contemporary mostly single-season series
s5420,Say I Do,TV Show,2020,TV-14,Teens,1,Reality TV,United States,1,Contemporary mostly single-season series
s5424,SCAMS,TV Show,2019,TV-14,Teens,1,Crime TV Shows,Japan,1,Contemporary mostly single-season series
s5425,Scandal,TV Show,2018,TV-14,Teens,7,Crime TV Shows,United States,3,Multi-season continuing series
s5427,Scare Tactics,TV Show,2011,TV-MA,Adults,2,Reality TV,United States,0,Older acquired television catalogue
s5432,Schitt's Creek,TV Show,2020,TV-MA,Adults,6,TV Comedies,Canada,3,Multi-season continuing series
s5436,Schulz Saves America,TV Show,2020,TV-MA,Adults,1,Stand-Up Comedy & Talk Shows,United States,1,Contemporary mostly single-season series
s5437,Scissor Seven,TV Show,2020,TV-14,Teens,2,International TV Shows,China,1,Contemporary mostly single-season series
s5439,Scooby-Doo!: Mystery Incorporated,TV Show,2012,TV-Y7,Teens,2,Kids' TV,United States,0,Older acquired television catalogue
s5442,Scream,TV Show,2019,TV-MA,Adults,3,Crime TV Shows,United States,1,Contemporary mostly single-season series
s5447,Señora Acero,TV Show,2018,TV-MA,Adults,5,Crime TV Shows,Mexico,3,Multi-season continuing series
s5457,Second 20s,TV Show,2015,TV-14,Teens,1,International TV Shows,South Korea,1,Contemporary mostly single-season series
s5459,Secret Affair,TV Show,2014,TV-14,Teens,1,International TV Shows,South Korea,1,Contemporary mostly single-season series
s5460,Secret City,TV Show,2016,TV-MA,Adults,2,International TV Shows,Australia,1,Contemporary mostly single-season series
s5463,Secret of Success,TV Show,2015,TV-14,Teens,1,International TV Shows,Unknown Country,1,Contemporary mostly single-season series
s5464,Secret of the Nile,TV Show,2016,TV-14,Teens,1,International TV Shows,Egypt,1,Contemporary mostly single-season series
s5466,Secreto bien guardado,TV Show,2019,TV-MA,Adults,1,International TV Shows,Argentina,1,Contemporary mostly single-season series
s5470,Secrets of Great British Castles,TV Show,2016,TV-PG,Adults,1,British TV Shows,United Kingdom,1,Contemporary mostly single-season series
s5481,See You in Time,TV Show,2017,TV-14,Teens,1,International TV Shows,Unknown Country,1,Contemporary mostly single-season series
s5485,Seis Manos,TV Show,2019,TV-MA,Adults,1,Anime Series,United States,1,Contemporary mostly single-season series
s5486,Selection Day,TV Show,2018,TV-14,Teens,1,International TV Shows,India,1,Contemporary mostly single-season series
s5487,Selena: The Series,TV Show,2020,TV-PG,Adults,1,TV Dramas,Mexico,1,Contemporary mostly single-season series
s5488,Self Made: Inspired by the Life of Madam C.J. Walker,TV Show,2020,TV-MA,Adults,1,TV Dramas,United States,1,Contemporary mostly single-season series
s5490,Selling Sunset,TV Show,2020,TV-MA,Adults,3,Reality TV,Unknown Country,1,Contemporary mostly single-season series
s5494,Sense8,TV Show,2018,TV-MA,Adults,2,Crime TV Shows,United States,1,Contemporary mostly single-season series
s5495,Sensitive Skin,TV Show,2016,TV-MA,Adults,1,TV Comedies,Canada,1,Contemporary mostly single-season series
s5500,Serial Killer with Piers Morgan,TV Show,2018,TV-14,Teens,1,British TV Shows,United Kingdom,1,Contemporary mostly single-season series
s5503,Servant of the People,TV Show,2015,TV-14,Teens,1,International TV Shows,Ukraine,1,Contemporary mostly single-season series
s5514,Seven and Me,TV Show,2017,TV-Y,Kids,1,Kids' TV,France,1,Contemporary mostly single-season series
s5517,Seven Seconds,TV Show,2018,TV-MA,Adults,1,Crime TV Shows,United States,1,Contemporary mostly single-season series
s5525,Sex Education,TV Show,2020,TV-MA,Adults,2,British TV Shows,United Kingdom,1,Contemporary mostly single-season series
s5526,"Sex, Explained",TV Show,2020,TV-MA,Adults,1,Docuseries,United States,1,Contemporary mostly single-season series
s5529,Sexy Central,TV Show,2019,TV-MA,Adults,1,International TV Shows,Hong Kong,1,Contemporary mostly single-season series
s5534,Shadow of Truth,TV Show,2016,TV-MA,Adults,1,Crime TV Shows,Israel,1,Contemporary mostly single-season series
s5537,Shaka Zulu,TV Show,1986,TV-14,Teens,1,TV Dramas,Italy,2,Legacy and vintage television
s5539,Shameless (U.S.),TV Show,2019,TV-MA,Adults,10,TV Comedies,United States,3,Multi-season continuing series
s5546,Shaun the Sheep,TV Show,2016,TV-Y,Kids,2,British TV Shows,United Kingdom,1,Contemporary mostly single-season series
s5547,Shaun the Sheep: Adventures from Mossy Bottom,TV Show,2020,TV-Y7,Teens,1,British TV Shows,United Kingdom,1,Contemporary mostly single-season series
s5552,She,TV Show,2020,TV-MA,Adults,1,Crime TV Shows,India,1,Contemporary mostly single-season series
s5555,She-Ra and the Princesses of Power,TV Show,2020,TV-Y7,Teens,5,Kids' TV,United States,3,Multi-season continuing series
s5557,She's Gotta Have It,TV Show,2018,TV-MA,Adults,2,Romantic TV Shows,United States,1,Contemporary mostly single-season series
s5563,Sherlock,TV Show,2017,TV-14,Teens,4,British TV Shows,United Kingdom,3,Multi-season continuing series
s5568,Shine On with Reese,TV Show,2018,TV-MA,Adults,1,Docuseries,United States,1,Contemporary mostly single-season series
s5573,Shooter,TV Show,2018,TV-14,Teens,3,Crime TV Shows,United States,1,Contemporary mostly single-season series
s5575,Shopkins,TV Show,2014,TV-Y,Kids,1,Kids' TV,United States,0,Older acquired television catalogue
s5585,Shot in the Dark,TV Show,2017,TV-MA,Adults,1,Reality TV,United States,1,Contemporary mostly single-season series
s5587,Show Me the Money,TV Show,2004,TV-14,Teens,2,International TV Shows,Unknown Country,0,Older acquired television catalogue
s5589,Shtisel,TV Show,2015,TV-14,Teens,2,International TV Shows,Israel,1,Contemporary mostly single-season series
s5598,Sick Note,TV Show,2018,TV-MA,Adults,2,British TV Shows,United Kingdom,1,Contemporary mostly single-season series
s5599,Sid the Science Kid,TV Show,2008,TV-Y,Kids,1,Kids' TV,United States,0,Older acquired television catalogue
s5603,Signal,TV Show,2016,TV-MA,Adults,1,Crime TV Shows,South Korea,1,Contemporary mostly single-season series
s5604,Signs,TV Show,2020,TV-MA,Adults,2,Crime TV Shows,Poland,1,Contemporary mostly single-season series
s5610,Silvana Sin Lana,TV Show,2016,TV-14,Teens,1,Romantic TV Shows,United States,1,Contemporary mostly single-season series
s5612,Silver Spoon,TV Show,2015,TV-MA,Adults,2,Crime TV Shows,Russia,1,Contemporary mostly single-season series
s5613,Simon,TV Show,2016,TV-Y,Kids,1,Kids' TV,France,1,Contemporary mostly single-season series
s5618,Sin senos no hay paraíso,TV Show,2008,TV-14,Teens,1,International TV Shows,Colombia,0,Older acquired television catalogue
s5619,Sin Senos sí Hay Paraíso,TV Show,2018,TV-MA,Adults,3,International TV Shows,United States,1,Contemporary mostly single-season series
s5620,Sinatra: All or Nothing at All,TV Show,2015,TV-14,Teens,1,Docuseries,United States,1,Contemporary mostly single-season series
s5622,Sing On!,TV Show,2020,TV-PG,Adults,1,Reality TV,United States,1,Contemporary mostly single-season series
s5623,Sing On! Germany,TV Show,2020,TV-PG,Adults,1,International TV Shows,Germany,1,Contemporary mostly single-season series
s5624,Sing On! Spain,TV Show,2020,TV-G,Kids,1,International TV Shows,Spain,1,Contemporary mostly single-season series
s5626,Singapore Social,TV Show,2019,TV-MA,Adults,1,International TV Shows,Singapore,1,Contemporary mostly single-season series
s5630,Single Ladies Senior,TV Show,2018,TV-MA,Adults,1,International TV Shows,Unknown Country,1,Contemporary mostly single-season series
s5631,Single Wives,TV Show,2018,TV-MA,Adults,1,Reality TV,Australia,1,Contemporary mostly single-season series
s5632,Singles Villa,TV Show,2015,TV-14,Teens,1,International TV Shows,China,1,Contemporary mostly single-season series
s5636,Sintonia,TV Show,2019,TV-MA,Adults,1,Crime TV Shows,Brazil,1,Contemporary mostly single-season series
s5638,Sirius the Jaeger,TV Show,2018,TV-MA,Adults,1,Anime Series,Japan,1,Contemporary mostly single-season series
s5641,"Sister, Sister",TV Show,1998,TV-G,Kids,6,TV Comedies,United States,0,Older acquired television catalogue
s5643,Sisters,TV Show,2018,TV-MA,Adults,1,International TV Shows,Australia,1,Contemporary mostly single-season series
s5645,Six Windows in the Desert,TV Show,2020,TV-14,Teens,1,TV Shows,Saudi Arabia,1,Contemporary mostly single-season series
s5647,Skin Decision: Before and After,TV Show,2020,TV-MA,Adults,1,Reality TV,United States,1,Contemporary mostly single-season series
s5649,Skin Wars,TV Show,2016,TV-14,Teens,3,Reality TV,United States,1,Contemporary mostly single-season series
s5650,Skin Wars: Fresh Paint,TV Show,2016,TV-14,Teens,1,Reality TV,United States,1,Contemporary mostly single-season series
s5657,Skylanders Academy,TV Show,2018,TV-Y7,Teens,3,Kids' TV,South Korea,1,Contemporary mostly single-season series
s5659,Skylines,TV Show,2019,TV-MA,Adults,1,Crime TV Shows,Germany,1,Contemporary mostly single-season series
s5661,Slasher,TV Show,2019,TV-MA,Adults,3,TV Horror,Canada,1,Contemporary mostly single-season series
s5663,Sleepless Society: Bedtime Wishes,TV Show,2019,TV-MA,Adults,1,Crime TV Shows,Unknown Country,1,Contemporary mostly single-season series
s5664,Sleepless Society: Insomnia,TV Show,2019,TV-MA,Adults,1,Crime TV Shows,Thailand,1,Contemporary mostly single-season series
s5665,Sleepless Society: Nyctophobia,TV Show,2019,TV-MA,Adults,1,International TV Shows,Thailand,1,Contemporary mostly single-season series
s5666,Sleepless Society: Two Pillows & A Lost Soul,TV Show,2020,TV-MA,Adults,1,Crime TV Shows,Thailand,1,Contemporary mostly single-season series
s5670,Slobby's World,TV Show,2018,TV-MA,Adults,1,Reality TV,United States,1,Contemporary mostly single-season series
s5679,Smoking,TV Show,2018,TV-MA,Adults,1,Crime TV Shows,Japan,1,Contemporary mostly single-season series
s5681,Sneakerheads,TV Show,2020,TV-MA,Adults,1,TV Comedies,United States,1,Contemporary mostly single-season series
s5689,Social Distance,TV Show,2020,TV-MA,Adults,1,TV Comedies,United States,1,Contemporary mostly single-season series
s5693,Sofia the First,TV Show,2017,TV-Y,Kids,4,Kids' TV,United States,3,Multi-season continuing series
s5702,Some Assembly Required,TV Show,2015,TV-Y,Kids,2,Kids' TV,Canada,1,Contemporary mostly single-season series
s5704,Somebody Feed Phil,TV Show,2020,TV-14,Teens,4,Docuseries,United States,3,Multi-season continuing series
s5706,Someone Has to Die,TV Show,2020,TV-MA,Adults,1,Crime TV Shows,Mexico,1,Contemporary mostly single-season series
s5707,Someone Like You,TV Show,2015,TV-14,Teens,1,International TV Shows,Taiwan,1,Contemporary mostly single-season series
s5709,Something in the Rain,TV Show,2018,TV-MA,Adults,1,International TV Shows,South Korea,1,Contemporary mostly single-season series
s5712,Somewhere Between,TV Show,2017,TV-14,Teens,1,Crime TV Shows,United States,1,Contemporary mostly single-season series
s5713,Somewhere Only We Know,TV Show,2019,TV-MA,Adults,1,International TV Shows,China,1,Contemporary mostly single-season series
s5718,Song Exploder,TV Show,2020,TV-MA,Adults,2,Docuseries,United States,1,Contemporary mostly single-season series
s5720,Sonic X,TV Show,2003,TV-Y7,Teens,2,Anime Series,Japan,0,Older acquired television catalogue
s5722,Sons of the Caliphate,TV Show,2017,TV-14,Teens,2,International TV Shows,Nigeria,1,Contemporary mostly single-season series
s5725,Sotus The Series,TV Show,2016,TV-MA,Adults,1,International TV Shows,Thailand,1,Contemporary mostly single-season series
s5726,Soul Eater,TV Show,2008,TV-14,Teens,1,Anime Series,Japan,0,Older acquired television catalogue
s5730,Soundtrack,TV Show,2019,TV-MA,Adults,1,Romantic TV Shows,United States,1,Contemporary mostly single-season series
s5732,Southern Survival,TV Show,2020,TV-PG,Adults,1,Reality TV,United States,1,Contemporary mostly single-season series
s5734,Space Force,TV Show,2020,TV-MA,Adults,1,TV Comedies,United States,1,Contemporary mostly single-season series
s5735,Space Jungle,TV Show,2016,TV-Y,Kids,2,Kids' TV,Unknown Country,1,Contemporary mostly single-season series
s5736,Space Racers,TV Show,2014,TV-Y,Kids,1,Kids' TV,United States,0,Older acquired television catalogue
s5738,Spark,TV Show,2016,TV-PG,Adults,1,International TV Shows,South Korea,1,Contemporary mostly single-season series
s5741,Sparta,TV Show,2018,TV-MA,Adults,1,Crime TV Shows,Russia,1,Contemporary mostly single-season series
s5742,Spartacus,TV Show,2013,TV-MA,Adults,4,TV Action & Adventure,United States,3,Multi-season continuing series
s5743,Special,TV Show,2019,TV-MA,Adults,1,TV Comedies,United States,1,Contemporary mostly single-season series
s5747,Spectros,TV Show,2020,TV-MA,Adults,1,International TV Shows,Brazil,1,Contemporary mostly single-season series
s5753,Spice Up,TV Show,2014,TV-14,Teens,1,International TV Shows,Unknown Country,1,Contemporary mostly single-season series
s5756,Spinning Out,TV Show,2020,TV-MA,Adults,1,TV Dramas,United States,1,Contemporary mostly single-season series
s5757,Spirit Riding Free: Pony Tales,TV Show,2019,TV-Y7,Teens,2,Kids' TV,United States,1,Contemporary mostly single-season series
s5759,Spirit Riding Free: Riding Academy,TV Show,2020,TV-Y7,Teens,2,Kids' TV,United States,1,Contemporary mostly single-season series
s5761,Spirit: Riding Free,TV Show,2019,TV-Y7,Teens,8,Kids' TV,United States,3,Multi-season continuing series
s5762,Spiritual House,TV Show,2017,TV-PG,Adults,1,International TV Shows,Unknown Country,1,Contemporary mostly single-season series
s5765,Splash and Bubbles,TV Show,2018,TV-Y,Kids,2,Kids' TV,United States,1,Contemporary mostly single-season series
s5769,Spotless,TV Show,2015,TV-MA,Adults,1,Crime TV Shows,United Kingdom,1,Contemporary mostly single-season series
s5778,Spy Kids: Mission Critical,TV Show,2018,TV-Y7,Teens,2,Kids' TV,United States,1,Contemporary mostly single-season series
s5783,Stand Up and Away! with Brian Regan,TV Show,2018,TV-PG,Adults,1,Stand-Up Comedy & Talk Shows,United States,1,Contemporary mostly single-season series
s5786,Star Trek,TV Show,1968,TV-14,Teens,3,Classic & Cult TV,United States,2,Legacy and vintage television
s5787,Star Trek: Deep Space Nine,TV Show,1999,TV-14,Teens,7,TV Action & Adventure,United States,0,Older acquired television catalogue
s5788,Star Trek: Enterprise,TV Show,2004,TV-14,Teens,4,Classic & Cult TV,United States,0,Older acquired television catalogue
s5789,Star Trek: The Next Generation,TV Show,1993,TV-PG,Adults,7,TV Action & Adventure,United States,2,Legacy and vintage television
s5790,Star Trek: Voyager,TV Show,2000,TV-PG,Adults,7,TV Action & Adventure,United States,0,Older acquired television catalogue
s5792,Star-Crossed,TV Show,2014,TV-14,Teens,1,Romantic TV Shows,United States,1,Contemporary mostly single-season series
s5793,StarBeam,TV Show,2020,TV-Y,Kids,2,Kids' TV,United States,1,Contemporary mostly single-season series
s5796,Stargate SG-1,TV Show,2006,TV-MA,Adults,10,Classic & Cult TV,United States,3,Multi-season continuing series
s5800,Start-Up,TV Show,2020,TV-14,Teens,1,International TV Shows,South Korea,1,Contemporary mostly single-season series
s5802,Stateless,TV Show,2020,TV-MA,Adults,1,International TV Shows,Australia,1,Contemporary mostly single-season series
s5803,Station Horizon,TV Show,2015,TV-MA,Adults,1,International TV Shows,Switzerland,1,Contemporary mostly single-season series
s5804,Stay Here,TV Show,2018,TV-PG,Adults,1,Reality TV,United States,1,Contemporary mostly single-season series
s5805,Stay Tuned!,TV Show,2019,TV-14,Teens,1,International TV Shows,Japan,1,Contemporary mostly single-season series
s5819,Still Game,TV Show,2018,TV-14,Teens,9,British TV Shows,United Kingdom,3,Multi-season continuing series
s5822,Stoked,TV Show,2010,TV-PG,Adults,1,Kids' TV,United States,0,Older acquired television catalogue
s5823,Stolen Away,TV Show,2020,TV-MA,Adults,1,Crime TV Shows,Spain,1,Contemporary mostly single-season series
s5824,Stone Age,TV Show,2017,TV-Y7,Teens,1,Kids' TV,South Korea,1,Contemporary mostly single-season series
s5827,Storage Wars: Northern Treasures,TV Show,2015,TV-MA,Adults,1,International TV Shows,United States,1,Contemporary mostly single-season series
s5828,Stories by Rabindranath Tagore,TV Show,2015,TV-PG,Adults,1,International TV Shows,India,1,Contemporary mostly single-season series
s5830,StoryBots Super Songs,TV Show,2016,TV-Y,Kids,1,Kids' TV,United States,1,Contemporary mostly single-season series
s5835,Stranger,TV Show,2020,TV-MA,Adults,2,Crime TV Shows,South Korea,1,Contemporary mostly single-season series
s5837,Stranger Things,TV Show,2019,TV-14,Teens,3,TV Horror,United States,1,Contemporary mostly single-season series
s5838,Strangers from Hell,TV Show,2019,TV-MA,Adults,1,International TV Shows,South Korea,1,Contemporary mostly single-season series
s5839,Strawberry Shortcake: Berry Bitty Adventures,TV Show,2015,TV-Y,Kids,1,Kids' TV,France,1,Contemporary mostly single-season series
s5843,Street Food,TV Show,2019,TV-PG,Adults,1,Docuseries,United States,1,Contemporary mostly single-season series
s5844,Street Food: Latin America,TV Show,2020,TV-PG,Adults,1,Docuseries,Unknown Country,1,Contemporary mostly single-season series
s5845,Stretch Armstrong & the Flex Fighters,TV Show,2018,TV-Y7,Teens,2,Kids' TV,United States,1,Contemporary mostly single-season series
s5851,Strong,TV Show,2016,TV-14,Teens,1,Reality TV,United States,1,Contemporary mostly single-season series
s5852,Strong Girl Bong-soon,TV Show,2017,TV-14,Teens,1,Crime TV Shows,South Korea,1,Contemporary mostly single-season series
s5855,Strongest Deliveryman,TV Show,2017,TV-MA,Adults,1,International TV Shows,South Korea,1,Contemporary mostly single-season series
s5856,Strongland,TV Show,2018,TV-PG,Adults,1,Docuseries,Unknown Country,1,Contemporary mostly single-season series
s5863,Stunt Science,TV Show,2018,TV-MA,Adults,1,British TV Shows,United Kingdom,1,Contemporary mostly single-season series
s5865,Styling Hollywood,TV Show,2019,TV-14,Teens,1,Reality TV,Unknown Country,1,Contemporary mostly single-season series
s5868,Suburra: Blood on Rome,TV Show,2020,TV-MA,Adults,3,Crime TV Shows,Italy,1,Contemporary mostly single-season series
s5871,Sudden,TV Show,2013,TV-14,Teens,1,International TV Shows,Singapore,1,Contemporary mostly single-season series
s5874,Sugar Rush,TV Show,2020,TV-PG,Adults,3,Reality TV,United States,1,Contemporary mostly single-season series
s5875,Sugar Rush Christmas,TV Show,2020,TV-14,Teens,2,Reality TV,United States,1,Contemporary mostly single-season series
s5878,Suits,TV Show,2018,TV-MA,Adults,1,International TV Shows,South Korea,1,Contemporary mostly single-season series
s5881,Summertime,TV Show,2020,TV-MA,Adults,1,International TV Shows,Italy,1,Contemporary mostly single-season series
s5884,Sunderland 'Til I Die,TV Show,2020,TV-MA,Adults,2,British TV Shows,United Kingdom,1,Contemporary mostly single-season series
s5886,Sunny Bunnies,TV Show,2016,TV-Y,Kids,2,British TV Shows,Belarus,1,Contemporary mostly single-season series
s5888,Super Bheem,TV Show,2019,TV-Y,Kids,1,Kids' TV,India,1,Contemporary mostly single-season series
s5892,Super Drags,TV Show,2018,TV-MA,Adults,1,International TV Shows,Brazil,1,Contemporary mostly single-season series
s5893,Super Monsters,TV Show,2019,TV-Y,Kids,3,Kids' TV,Unknown Country,1,Contemporary mostly single-season series
s5897,Super Monsters Monster Party,TV Show,2018,TV-Y,Kids,1,Kids' TV,Unknown Country,1,Contemporary mostly single-season series
s5898,Super Monsters Monster Pets,TV Show,2019,TV-Y,Kids,1,Kids' TV,United States,1,Contemporary mostly single-season series
s5906,Super Wings,TV Show,2020,TV-Y,Kids,3,Kids' TV,United States,1,Contemporary mostly single-season series
s5909,Supergirl,TV Show,2019,TV-14,Teens,5,TV Action & Adventure,United States,3,Multi-season continuing series
s5912,Supermarket Sweep,TV Show,1993,TV-G,Kids,1,Reality TV,United States,2,Legacy and vintage television
s5913,Supernatural,TV Show,2019,TV-14,Teens,15,Classic & Cult TV,United States,3,Multi-season continuing series
s5914,SuperNature: Wild Flyers,TV Show,2016,TV-PG,Adults,1,British TV Shows,United Kingdom,1,Contemporary mostly single-season series
s5922,Surviving Death,TV Show,2021,TV-MA,Adults,1,Docuseries,United States,1,Contemporary mostly single-season series
s5923,Surviving Escobar - Alias JJ,TV Show,2017,TV-MA,Adults,1,Crime TV Shows,Unknown Country,1,Contemporary mostly single-season series
s5924,Surviving R. Kelly,TV Show,2019,TV-MA,Adults,1,Crime TV Shows,United States,1,Contemporary mostly single-season series
s5925,Surviving R. Kelly Part II: The Reckoning,TV Show,2020,TV-MA,Adults,1,Crime TV Shows,United States,1,Contemporary mostly single-season series
s5927,Survivor,TV Show,2014,TV-14,Teens,2,Reality TV,United States,0,Older acquired television catalogue
s5935,Swami Baba Ramdev: The Untold Story,TV Show,2018,TV-14,Teens,1,International TV Shows,Unknown Country,1,Contemporary mostly single-season series
s5939,Sweet Magnolias,TV Show,2020,TV-14,Teens,1,Romantic TV Shows,United States,1,Contemporary mostly single-season series
s5944,Switched,TV Show,2018,TV-MA,Adults,1,International TV Shows,Japan,1,Contemporary mostly single-season series
s5945,Sword Art Online,TV Show,2018,TV-MA,Adults,3,Anime Series,Japan,1,Contemporary mostly single-season series
s5946,Sword Art Online Alternative: Gun Gale Online,TV Show,2018,TV-MA,Adults,1,Anime Series,Japan,1,Contemporary mostly single-season series
s5950,SWORDGAI The Animation,TV Show,2018,TV-MA,Adults,2,Anime Series,Japan,1,Contemporary mostly single-season series
s5952,Sym-Bionic Titan,TV Show,2010,TV-PG,Adults,1,Kids' TV,United States,0,Older acquired television catalogue
s5956,Tabula Rasa,TV Show,2017,TV-MA,Adults,1,International TV Shows,Belgium,1,Contemporary mostly single-season series
s5957,Taco Chronicles,TV Show,2020,TV-MA,Adults,2,Docuseries,United States,1,Contemporary mostly single-season series
s5959,Taj Mahal 1989,TV Show,2020,TV-MA,Adults,1,International TV Shows,India,1,Contemporary mostly single-season series
s5962,Take My Brother Away,TV Show,2018,TV-14,Teens,1,International TV Shows,China,1,Contemporary mostly single-season series
s5966,Taken,TV Show,2018,TV-14,Teens,2,Crime TV Shows,France,1,Contemporary mostly single-season series
s5968,Takki,TV Show,2014,TV-14,Teens,2,International TV Shows,Saudi Arabia,0,Older acquired television catalogue
s5971,Tales by Light,TV Show,2018,TV-14,Teens,3,Docuseries,Australia,1,Contemporary mostly single-season series
s5973,Tales of the City,TV Show,2019,TV-MA,Adults,1,TV Dramas,United States,1,Contemporary mostly single-season series
s5974,Tales of the City (1993),TV Show,1993,TV-MA,Adults,1,TV Dramas,United Kingdom,2,Legacy and vintage television
s5975,Talking Tom and Friends,TV Show,2017,TV-Y,Kids,1,Kids' TV,Cyprus,1,Contemporary mostly single-season series
s5981,Tango,TV Show,2018,TV-14,Teens,1,International TV Shows,Lebanon,1,Contemporary mostly single-season series
s5996,Tayee,TV Show,2018,TV-MA,Adults,1,International TV Shows,Egypt,1,Contemporary mostly single-season series
s5999,Tayo the Little Bus,TV Show,2014,TV-Y,Kids,2,Kids' TV,South Korea,1,Contemporary mostly single-season series
s6004,Team Kaylie,TV Show,2020,TV-PG,Adults,3,Kids' TV,United States,1,Contemporary mostly single-season series
s6006,Teasing Master Takagi-san,TV Show,2019,TV-PG,Adults,1,Anime Series,Japan,1,Contemporary mostly single-season series
s6010,Teen Mom 2,TV Show,2011,TV-14,Teens,2,Reality TV,United States,0,Older acquired television catalogue
s6012,Teenage Bounty Hunters,TV Show,2020,TV-MA,Adults,1,Crime TV Shows,United States,1,Contemporary mostly single-season series
s6024,Teresa,TV Show,2010,TV-PG,Adults,1,International TV Shows,Mexico,0,Older acquired television catalogue
s6029,Terrace House: Aloha State,TV Show,2017,TV-14,Teens,4,International TV Shows,United States,3,Multi-season continuing series
s6030,Terrace House: Boys & Girls in the City,TV Show,2016,TV-14,Teens,2,International TV Shows,Japan,1,Contemporary mostly single-season series
s6031,Terrace House: Opening New Doors,TV Show,2018,TV-14,Teens,6,International TV Shows,Japan,3,Multi-season continuing series
s6032,Terrace House: Tokyo 2019-2020,TV Show,2019,TV-MA,Adults,2,International TV Shows,Japan,1,Contemporary mostly single-season series
s6034,Terrorism Close Calls,TV Show,2018,TV-MA,Adults,1,Crime TV Shows,United States,1,Contemporary mostly single-season series
s6037,Th Eena Meena Deeka Chase Comedy Show,TV Show,2015,TV-Y7,Teens,1,Kids' TV,India,1,Contemporary mostly single-season series
s6039,Thackeray,TV Show,2019,TV-MA,Adults,1,TV Shows,India,1,Contemporary mostly single-season series
s6044,That '70s Show,TV Show,2005,TV-14,Teens,8,TV Comedies,United States,0,Older acquired television catalogue
s6046,"That Winter, the Wind Blows",TV Show,2013,TV-MA,Adults,1,International TV Shows,South Korea,0,Older acquired television catalogue
s6047,The 10 Sins,TV Show,2018,TV-14,Teens,1,International TV Shows,Unknown Country,1,Contemporary mostly single-season series
s6048,The 100,TV Show,2020,TV-14,Teens,7,TV Action & Adventure,United States,3,Multi-season continuing series
s6051,The 2000s,TV Show,2018,TV-MA,Adults,1,Docuseries,United States,1,Contemporary mostly single-season series
s6056,The 43,TV Show,2019,TV-MA,Adults,1,Crime TV Shows,Unknown Country,1,Contemporary mostly single-season series
s6057,The 4400,TV Show,2007,TV-14,Teens,4,TV Dramas,United States,0,Older acquired television catalogue
s6060,The A List,TV Show,2018,TV-PG,Adults,1,British TV Shows,United Kingdom,1,Contemporary mostly single-season series
s6064,The Adjusters,TV Show,2010,TV-PG,Adults,2,International TV Shows,Unknown Country,0,Older acquired television catalogue
s6066,The Adventures of Figaro Pho,TV Show,2015,TV-Y7,Teens,2,Kids' TV,Australia,1,Contemporary mostly single-season series
s6067,The Adventures of Puss in Boots,TV Show,2018,TV-Y7,Teens,6,Kids' TV,United States,3,Multi-season continuing series
s6069,The Adventures of Sonic the Hedgehog,TV Show,1993,TV-Y7,Teens,1,Kids' TV,United States,2,Legacy and vintage television
s6075,The Alcàsser Murders,TV Show,2019,TV-MA,Adults,1,Crime TV Shows,Spain,1,Contemporary mostly single-season series
s6077,The American Barbecue Showdown,TV Show,2020,TV-G,Kids,1,Reality TV,United States,1,Contemporary mostly single-season series
s6078,The American Bible Challenge,TV Show,2013,TV-G,Kids,2,Reality TV,United States,0,Older acquired television catalogue
s6083,The Andy Griffith Show,TV Show,1967,TV-G,Kids,8,Classic & Cult TV,United States,2,Legacy and vintage television
s6088,The Apartment,TV Show,2014,TV-PG,Adults,2,International TV Shows,Singapore,1,Contemporary mostly single-season series
s6097,The Assassination of Gianni Versace,TV Show,2018,TV-MA,Adults,1,Crime TV Shows,United States,1,Contemporary mostly single-season series
s6102,The Baby-Sitters Club,TV Show,2020,TV-G,Kids,1,Kids' TV,United States,1,Contemporary mostly single-season series
s6105,The Bachelor,TV Show,2009,TV-14,Teens,1,Reality TV,Unknown Country,0,Older acquired television catalogue
s6106,The Bachelorette,TV Show,2010,TV-14,Teens,1,Reality TV,United States,0,Older acquired television catalogue
s6115,The Barrier,TV Show,2020,TV-MA,Adults,1,International TV Shows,Spain,1,Contemporary mostly single-season series
s6122,The Beat,TV Show,2012,TV-MA,Adults,1,International TV Shows,Unknown Country,1,Contemporary mostly single-season series
s6125,The Beginning of Life: The Series,TV Show,2016,TV-PG,Adults,1,Docuseries,Brazil,1,Contemporary mostly single-season series
s6127,The Bible's Buried Secrets,TV Show,2011,TV-14,Teens,1,British TV Shows,United Kingdom,0,Older acquired television catalogue
s6128,The Big Catch,TV Show,2015,TV-PG,Adults,1,British TV Shows,United Kingdom,1,Contemporary mostly single-season series
s6129,The Big Family Cooking Showdown,TV Show,2018,TV-PG,Adults,2,British TV Shows,United Kingdom,1,Contemporary mostly single-season series
s6130,The Big Flower Fight,TV Show,2020,TV-PG,Adults,1,British TV Shows,United Kingdom,1,Contemporary mostly single-season series
s6131,The Big Show Show,TV Show,2020,TV-G,Kids,2,Kids' TV,United States,1,Contemporary mostly single-season series
s6141,The Blacklist,TV Show,2019,TV-14,Teens,7,Crime TV Shows,United States,3,Multi-season continuing series
s6149,The Blue Planet: A Natural History of the Oceans,TV Show,2001,TV-G,Kids,1,British TV Shows,United Kingdom,0,Older acquired television catalogue
s6154,The Bomb Squad,TV Show,2011,TV-MA,Adults,1,British TV Shows,United Kingdom,0,Older acquired television catalogue
s6155,The Bonfire of Destiny,TV Show,2019,TV-MA,Adults,1,International TV Shows,France,1,Contemporary mostly single-season series
s6158,The Borgias,TV Show,2013,TV-MA,Adults,3,TV Dramas,United States,1,Contemporary mostly single-season series
s6159,The Boss Baby: Back in Business,TV Show,2020,TV-Y7,Teens,4,Kids' TV,United States,3,Multi-season continuing series
s6162,The Boulet Brothers Dragula,TV Show,2019,TV-MA,Adults,2,Reality TV,United States,1,Contemporary mostly single-season series
s6175,The Break,TV Show,2018,TV-MA,Adults,2,Crime TV Shows,Belgium,1,Contemporary mostly single-season series
s6176,The Break with Michelle Wolf,TV Show,2018,TV-MA,Adults,1,Stand-Up Comedy & Talk Shows,United States,1,Contemporary mostly single-season series
s6180,The Bride of Habaek,TV Show,2017,TV-14,Teens,1,International TV Shows,South Korea,1,Contemporary mostly single-season series
s6189,The Business of Drugs,TV Show,2020,TV-MA,Adults,1,Docuseries,United States,1,Contemporary mostly single-season series
s6194,The Cabin with Bert Kreischer,TV Show,2020,TV-MA,Adults,1,Reality TV,United States,1,Contemporary mostly single-season series
s6197,The Calling,TV Show,2018,TV-MA,Adults,1,International TV Shows,India,1,Contemporary mostly single-season series
s6203,The Casketeers,TV Show,2019,TV-14,Teens,2,International TV Shows,New Zealand,1,Contemporary mostly single-season series
s6204,The Cat in the Hat Knows a Lot About That!,TV Show,2014,TV-Y,Kids,1,Kids' TV,Canada,0,Older acquired television catalogue
s6207,The Chalet,TV Show,2018,TV-MA,Adults,1,Crime TV Shows,France,1,Contemporary mostly single-season series
s6208,The Challenge,TV Show,2006,TV-14,Teens,2,Reality TV,United States,0,Older acquired television catalogue
s6209,The Charming Stepmom,TV Show,2019,TV-14,Teens,1,International TV Shows,Unknown Country,1,Contemporary mostly single-season series
s6211,The Chase,TV Show,2015,TV-PG,Adults,2,Reality TV,United States,1,Contemporary mostly single-season series
s6212,The Chef Show,TV Show,2020,TV-MA,Adults,4,Docuseries,United States,3,Multi-season continuing series
s6213,The Chefs' Line,TV Show,2017,TV-14,Teens,1,International TV Shows,Australia,1,Contemporary mostly single-season series
s6216,The Chosen One,TV Show,2019,TV-MA,Adults,2,International TV Shows,Brazil,1,Contemporary mostly single-season series
s6223,The Circle,TV Show,2020,TV-MA,Adults,1,Reality TV,United States,1,Contemporary mostly single-season series
s6224,The Circle Brazil,TV Show,2020,TV-MA,Adults,1,International TV Shows,Brazil,1,Contemporary mostly single-season series
s6225,The Circle France,TV Show,2020,TV-MA,Adults,1,International TV Shows,Unknown Country,1,Contemporary mostly single-season series
s6230,The Club,TV Show,2019,TV-MA,Adults,1,Crime TV Shows,Mexico,1,Contemporary mostly single-season series
s6231,The Code,TV Show,2011,TV-PG,Adults,1,British TV Shows,United Kingdom,0,Older acquired television catalogue
s6233,The Comedy Lineup,TV Show,2018,TV-MA,Adults,2,Stand-Up Comedy & Talk Shows,United States,1,Contemporary mostly single-season series
s6238,The Confession Killer,TV Show,2019,TV-14,Teens,1,Crime TV Shows,United States,1,Contemporary mostly single-season series
s6239,The Confession Tapes,TV Show,2019,TV-MA,Adults,2,Crime TV Shows,United States,1,Contemporary mostly single-season series
s6241,The Confrontation,TV Show,2018,TV-PG,Adults,1,International TV Shows,Unknown Country,1,Contemporary mostly single-season series
s6245,The Could’ve-Gone-All-the-Way Committee,TV Show,2018,TV-14,Teens,1,International TV Shows,Japan,1,Contemporary mostly single-season series
s6247,The Cravings,TV Show,2016,TV-14,Teens,2,International TV Shows,South Korea,1,Contemporary mostly single-season series
s6249,The Creative Indians,TV Show,2020,TV-MA,Adults,2,Docuseries,India,1,Contemporary mostly single-season series
s6251,The Crime,TV Show,2015,TV-MA,Adults,2,Crime TV Shows,Poland,1,Contemporary mostly single-season series
s6255,The Crown,TV Show,2020,TV-MA,Adults,4,British TV Shows,United Kingdom,3,Multi-season continuing series
s6259,The Cuba Libre Story,TV Show,2015,TV-14,Teens,1,Docuseries,France,1,Contemporary mostly single-season series
s6260,The Curious Creations of Christine McConnell,TV Show,2018,TV-PG,Adults,1,TV Comedies,United States,1,Contemporary mostly single-season series
s6261,The Curse of Oak Island,TV Show,2016,TV-PG,Adults,1,Docuseries,United States,1,Contemporary mostly single-season series
s6268,The Dark Crystal: Age of Resistance,TV Show,2019,TV-PG,Adults,1,TV Action & Adventure,United Kingdom,1,Contemporary mostly single-season series
s6274,The Day I Met El Chapo,TV Show,2017,TV-MA,Adults,1,Crime TV Shows,United States,1,Contemporary mostly single-season series
s6275,The Day My Butt Went Psycho!,TV Show,2015,TV-Y7,Teens,2,Kids' TV,Canada,1,Contemporary mostly single-season series
s6277,The Day Will Come,TV Show,2016,TV-14,Teens,1,International TV Shows,Denmark,1,Contemporary mostly single-season series
s6285,The Deep,TV Show,2019,TV-Y7,Teens,3,Kids' TV,Canada,1,Contemporary mostly single-season series
s6286,The Defected,TV Show,2019,TV-14,Teens,1,Crime TV Shows,China,1,Contemporary mostly single-season series
s6287,The Degenerates,TV Show,2019,TV-MA,Adults,2,Stand-Up Comedy & Talk Shows,Unknown Country,1,Contemporary mostly single-season series
s6295,The Devil Is a Part-Timer!,TV Show,2013,TV-14,Teens,1,Anime Series,Japan,0,Older acquired television catalogue
s6296,The Devil Next Door,TV Show,2019,TV-MA,Adults,1,Crime TV Shows,United States,1,Contemporary mostly single-season series
s6297,The Devil Punisher,TV Show,2020,TV-14,Teens,1,International TV Shows,Taiwan,1,Contemporary mostly single-season series
s6302,The Disappearance of Madeleine McCann,TV Show,2019,TV-14,Teens,1,Crime TV Shows,Unknown Country,1,Contemporary mostly single-season series
s6304,The Disastrous Life of Saiki K.,TV Show,2018,TV-14,Teens,3,Anime Series,Japan,1,Contemporary mostly single-season series
s6305,The Disastrous Life of Saiki K.: Reawakened,TV Show,2019,TV-14,Teens,1,Anime Series,Japan,1,Contemporary mostly single-season series
s6311,The Dragon Prince,TV Show,2019,TV-Y7,Teens,3,Kids' TV,United States,1,Contemporary mostly single-season series
s6312,The Dream Catchers,TV Show,2009,TV-14,Teens,1,International TV Shows,Singapore,0,Older acquired television catalogue
s6313,The Dream Job,TV Show,2016,TV-14,Teens,1,International TV Shows,Singapore,1,Contemporary mostly single-season series
s6317,The Drunk and on Drugs Happy Funtime Hour,TV Show,2011,TV-MA,Adults,1,International TV Shows,Canada,0,Older acquired television catalogue
s6318,The Duchess,TV Show,2020,TV-MA,Adults,1,British TV Shows,United Kingdom,1,Contemporary mostly single-season series
s6322,The Eagle of El-Se'eed,TV Show,2018,TV-14,Teens,1,Crime TV Shows,Unknown Country,1,Contemporary mostly single-season series
s6323,The Eddy,TV Show,2020,TV-MA,Adults,1,International TV Shows,United Kingdom,1,Contemporary mostly single-season series
s6327,The Eighties,TV Show,2016,TV-PG,Adults,1,Docuseries,United States,1,Contemporary mostly single-season series
s6331,The End of the F***ing World,TV Show,2019,TV-MA,Adults,2,British TV Shows,United Kingdom,1,Contemporary mostly single-season series
s6335,The English Game,TV Show,2020,TV-14,Teens,1,British TV Shows,United Kingdom,1,Contemporary mostly single-season series
s6336,The Epic Tales of Captain Underpants,TV Show,2019,TV-Y7,Teens,3,Kids' TV,United States,1,Contemporary mostly single-season series
s6337,The Epic Tales of Captain Underpants in Space,TV Show,2020,TV-Y7,Teens,1,Kids' TV,United States,1,Contemporary mostly single-season series
s6340,The Expanding Universe of Ashley Garcia,TV Show,2020,TV-PG,Adults,3,Kids' TV,United States,1,Contemporary mostly single-season series
s6344,The Family Court,TV Show,2010,TV-MA,Adults,1,International TV Shows,Unknown Country,0,Older acquired television catalogue
s6345,The Fear,TV Show,2012,TV-MA,Adults,1,British TV Shows,United Kingdom,1,Contemporary mostly single-season series
s6348,The Fierce Wife,TV Show,2010,TV-MA,Adults,1,International TV Shows,Taiwan,0,Older acquired television catalogue
s6352,The Final Table,TV Show,2018,TV-PG,Adults,1,Reality TV,United States,1,Contemporary mostly single-season series
s6357,The Five,TV Show,2016,TV-MA,Adults,1,British TV Shows,United Kingdom,1,Contemporary mostly single-season series
s6359,The Fix,TV Show,2018,TV-MA,Adults,1,TV Comedies,United States,1,Contemporary mostly single-season series
s6360,The Flash,TV Show,2019,TV-14,Teens,6,Crime TV Shows,United States,3,Multi-season continuing series
s6370,The Forest of Love: Deep Cut,TV Show,2020,TV-MA,Adults,1,Crime TV Shows,Japan,1,Contemporary mostly single-season series
s6373,The Fosters,TV Show,2017,TV-14,Teens,5,TV Dramas,United States,3,Multi-season continuing series
s6375,The Frankenstein Chronicles,TV Show,2017,TV-MA,Adults,2,British TV Shows,United Kingdom,1,Contemporary mostly single-season series
s6377,The Frozen Dead,TV Show,2017,TV-MA,Adults,1,Crime TV Shows,France,1,Contemporary mostly single-season series
s6380,The Furchester Hotel,TV Show,2015,TV-Y,Kids,2,British TV Shows,United Kingdom,1,Contemporary mostly single-season series
s6382,The Future of Water,TV Show,2007,TV-PG,Adults,1,Docuseries,Norway,0,Older acquired television catalogue
s6383,The Game,TV Show,2008,TV-14,Teens,3,Romantic TV Shows,United States,0,Older acquired television catalogue
s6386,The Garfield Show,TV Show,2018,TV-Y,Kids,4,Kids' TV,France,3,Multi-season continuing series
s6389,The Get Down,TV Show,2017,TV-MA,Adults,2,TV Dramas,United States,1,Contemporary mostly single-season series
s6391,The Ghost Bride,TV Show,2020,TV-14,Teens,1,International TV Shows,Taiwan,1,Contemporary mostly single-season series
s6394,The Gift,TV Show,2020,TV-MA,Adults,2,International TV Shows,Turkey,1,Contemporary mostly single-season series
s6398,The Golden Path,TV Show,2007,TV-MA,Adults,1,International TV Shows,Unknown Country,0,Older acquired television catalogue
s6399,The Golden Years with Javed Akhtar,TV Show,2016,TV-G,Kids,1,Docuseries,India,1,Contemporary mostly single-season series
s6401,The Good Bandit,TV Show,2018,TV-MA,Adults,1,Crime TV Shows,Colombia,1,Contemporary mostly single-season series
s6403,The Good Cop,TV Show,2018,TV-14,Teens,1,Crime TV Shows,United States,1,Contemporary mostly single-season series
s6404,The Good Detective,TV Show,2020,TV-MA,Adults,1,Crime TV Shows,South Korea,1,Contemporary mostly single-season series
s6406,The Good Place,TV Show,2020,TV-14,Teens,4,TV Comedies,United States,3,Multi-season continuing series
s6408,The goop lab with Gwyneth Paltrow,TV Show,2020,TV-MA,Adults,1,Reality TV,United States,1,Contemporary mostly single-season series
s6413,The Governor,TV Show,2016,TV-14,Teens,1,International TV Shows,Nigeria,1,Contemporary mostly single-season series
s6416,The Great British Baking Show,TV Show,2020,TV-14,Teens,8,British TV Shows,United Kingdom,3,Multi-season continuing series
s6417,The Great British Baking Show: Holidays,TV Show,2020,TV-14,Teens,3,British TV Shows,Unknown Country,1,Contemporary mostly single-season series
s6418,The Great British Baking Show: Masterclass,TV Show,2018,TV-PG,Adults,4,British TV Shows,United Kingdom,3,Multi-season continuing series
s6419,The Great British Baking Show: The Beginnings,TV Show,2012,TV-PG,Adults,1,British TV Shows,Unknown Country,0,Older acquired television catalogue
s6422,The Great Heist,TV Show,2020,TV-MA,Adults,1,Crime TV Shows,Colombia,1,Contemporary mostly single-season series
s6425,The Great Train Robbery,TV Show,2013,NR,Unrated,1,British TV Shows,United Kingdom,1,Contemporary mostly single-season series
s6430,The Guest,TV Show,2018,TV-14,Teens,1,International TV Shows,South Korea,1,Contemporary mostly single-season series
s6431,The Guild,TV Show,2013,TV-MA,Adults,1,TV Comedies,United States,0,Older acquired television catalogue
s6436,The Hateful Eight: Extended Version,TV Show,2015,R,Adults,1,TV Shows,Unknown Country,1,Contemporary mostly single-season series
s6439,The Haunted Hathaways,TV Show,2013,TV-G,Kids,2,Kids' TV,United States,0,Older acquired television catalogue
s6440,The Haunting of Bly Manor,TV Show,2020,TV-MA,Adults,1,TV Dramas,United States,1,Contemporary mostly single-season series
s6441,The Haunting of Hill House,TV Show,2018,TV-MA,Adults,1,TV Dramas,United States,1,Contemporary mostly single-season series
s6444,The Healing Powers of Dude,TV Show,2020,TV-G,Kids,1,Kids' TV,Unknown Country,1,Contemporary mostly single-season series
s6454,The Hockey Girls,TV Show,2019,TV-MA,Adults,1,International TV Shows,Spain,1,Contemporary mostly single-season series
s6456,The Holiday Movies That Made Us,TV Show,2020,TV-PG,Adults,1,Docuseries,United States,1,Contemporary mostly single-season series
s6457,The Hollow,TV Show,2020,TV-Y7,Teens,2,Kids' TV,Canada,1,Contemporary mostly single-season series
s6459,The Hollywood Masters,TV Show,2017,TV-MA,Adults,3,Stand-Up Comedy & Talk Shows,United States,1,Contemporary mostly single-season series
s6461,The Homecoming,TV Show,2015,TV-PG,Adults,1,International TV Shows,Unknown Country,1,Contemporary mostly single-season series
s6462,The Honeymoon Stand Up Special,TV Show,2018,TV-MA,Adults,1,Stand-Up Comedy & Talk Shows,United States,1,Contemporary mostly single-season series
s6463,The Hook Up Plan,TV Show,2020,TV-MA,Adults,2,International TV Shows,France,1,Contemporary mostly single-season series
s6465,The House of Flowers,TV Show,2020,TV-MA,Adults,3,International TV Shows,Mexico,1,Contemporary mostly single-season series
s6468,The House That Made Me,TV Show,2015,TV-PG,Adults,3,International TV Shows,India,1,Contemporary mostly single-season series
s6474,The Hunt,TV Show,2015,TV-PG,Adults,1,British TV Shows,United Kingdom,1,Contemporary mostly single-season series
s6477,The I-Land,TV Show,2019,TV-MA,Adults,1,TV Action & Adventure,United States,1,Contemporary mostly single-season series
s6478,The Idhun Chronicles,TV Show,2021,TV-14,Teens,2,Anime Series,Spain,1,Contemporary mostly single-season series
s6479,The Iliza Shlesinger Sketch Show,TV Show,2020,TV-MA,Adults,1,TV Comedies,United States,1,Contemporary mostly single-season series
s6482,The In-Laws,TV Show,2011,TV-14,Teens,1,International TV Shows,Singapore,0,Older acquired television catalogue
s6483,The InBESTigators,TV Show,2020,TV-Y,Kids,2,Kids' TV,Australia,1,Contemporary mostly single-season series
s6484,The Inbetweeners,TV Show,2010,TV-MA,Adults,3,British TV Shows,United Kingdom,0,Older acquired television catalogue
s6489,The Indian Detective,TV Show,2017,TV-14,Teens,1,Crime TV Shows,Canada,1,Contemporary mostly single-season series
s6493,The Inmate,TV Show,2018,TV-MA,Adults,1,Crime TV Shows,Mexico,1,Contemporary mostly single-season series
s6494,The Innocence Files,TV Show,2020,TV-MA,Adults,1,Crime TV Shows,United States,1,Contemporary mostly single-season series
s6495,The Innocent Man,TV Show,2018,TV-MA,Adults,1,Crime TV Shows,United States,1,Contemporary mostly single-season series
s6496,The Innocents,TV Show,2018,TV-MA,Adults,1,British TV Shows,United Kingdom,1,Contemporary mostly single-season series
s6503,The Investigator: A British Crime Story,TV Show,2018,TV-MA,Adults,2,British TV Shows,United Kingdom,1,Contemporary mostly single-season series
s6507,The Irish Mob,TV Show,2008,TV-MA,Adults,1,Crime TV Shows,Unknown Country,0,Older acquired television catalogue
s6511,The Irregular at Magic High School,TV Show,2014,TV-14,Teens,1,Anime Series,Japan,1,Contemporary mostly single-season series
s6513,The IT Crowd,TV Show,2013,TV-MA,Adults,5,British TV Shows,United Kingdom,3,Multi-season continuing series
s6516,The Jaime Maussan Show,TV Show,2010,TV-PG,Adults,1,Docuseries,United States,0,Older acquired television catalogue
s6518,The Joel McHale Show with Joel McHale,TV Show,2018,TV-MA,Adults,2,Stand-Up Comedy & Talk Shows,United States,1,Contemporary mostly single-season series
s6520,The Judgement,TV Show,2018,TV-MA,Adults,1,Crime TV Shows,Thailand,1,Contemporary mostly single-season series
s6521,The Jungle Book,TV Show,2010,TV-Y7,Teens,1,Kids' TV,India,0,Older acquired television catalogue
s6523,The K2,TV Show,2016,TV-14,Teens,1,International TV Shows,South Korea,1,Contemporary mostly single-season series
s6525,The Keepers,TV Show,2017,TV-MA,Adults,1,Crime TV Shows,United States,1,Contemporary mostly single-season series
s6530,The Kindness Diaries,TV Show,2019,TV-PG,Adults,1,Reality TV,Unknown Country,1,Contemporary mostly single-season series
s6532,The King: Eternal Monarch,TV Show,2020,TV-14,Teens,1,Crime TV Shows,South Korea,1,Contemporary mostly single-season series
s6533,The King's Avatar,TV Show,2019,TV-MA,Adults,1,International TV Shows,China,1,Contemporary mostly single-season series
s6535,The Kirlian Frequency,TV Show,2017,TV-14,Teens,1,International TV Shows,Argentina,1,Contemporary mostly single-season series
s6540,The Kominsky Method,TV Show,2019,TV-MA,Adults,2,TV Comedies,United States,1,Contemporary mostly single-season series
s6541,The L Word,TV Show,2009,TV-MA,Adults,6,Romantic TV Shows,Canada,0,Older acquired television catalogue
s6542,The Lady in Dignity,TV Show,2017,TV-MA,Adults,1,International TV Shows,South Korea,1,Contemporary mostly single-season series
s6547,The Land of Hypocrisy,TV Show,2018,TV-14,Teens,1,International TV Shows,Egypt,1,Contemporary mostly single-season series
s6554,The Last Czars,TV Show,2019,TV-MA,Adults,1,Docuseries,United States,1,Contemporary mostly single-season series
s6555,The Last Dance,TV Show,2020,TV-MA,Adults,1,Docuseries,United States,1,Contemporary mostly single-season series
s6562,The Last Kids on Earth,TV Show,2020,TV-Y7,Teens,3,Kids' TV,United States,1,Contemporary mostly single-season series
s6563,The Last Kingdom,TV Show,2020,TV-MA,Adults,4,British TV Shows,United Kingdom,3,Multi-season continuing series
s6566,The Last O.G.,TV Show,2019,TV-MA,Adults,2,TV Comedies,United States,1,Contemporary mostly single-season series
s6567,The Last of the Schmucks,TV Show,2017,TV-MA,Adults,1,International TV Shows,Egypt,1,Contemporary mostly single-season series
s6574,The Last Word,TV Show,2020,TV-MA,Adults,1,International TV Shows,Germany,1,Contemporary mostly single-season series
s6578,The Least Expected Day: Inside the Movistar Team 2019,TV Show,2020,TV-MA,Adults,1,Docuseries,Unknown Country,1,Contemporary mostly single-season series
s6583,The Legend of Bruce Lee,TV Show,2008,TV-14,Teens,1,International TV Shows,China,0,Older acquired television catalogue
s6585,The Legend of Korra,TV Show,2014,TV-Y7,Teens,4,Kids' TV,United States,3,Multi-season continuing series
s6587,The Legend of White Snake,TV Show,2019,TV-14,Teens,1,International TV Shows,China,1,Contemporary mostly single-season series
s6588,The Letdown,TV Show,2019,TV-MA,Adults,2,International TV Shows,Australia,1,Contemporary mostly single-season series
s6589,The Letter for the King,TV Show,2020,TV-PG,Adults,1,British TV Shows,United Kingdom,1,Contemporary mostly single-season series
s6591,The Liar,TV Show,2013,TV-14,Teens,1,Crime TV Shows,Unknown Country,1,Contemporary mostly single-season series
s6592,The Liar and His Lover,TV Show,2017,TV-PG,Adults,1,International TV Shows,South Korea,1,Contemporary mostly single-season series
s6593,The Liberator,TV Show,2020,TV-MA,Adults,1,TV Action & Adventure,United States,1,Contemporary mostly single-season series
s6594,The Lies Within,TV Show,2019,TV-14,Teens,1,Crime TV Shows,South Korea,1,Contemporary mostly single-season series
s6602,The Little Nyonya,TV Show,2009,TV-14,Teens,1,International TV Shows,Unknown Country,0,Older acquired television catalogue
s6608,The Lizzie Borden Chronicles,TV Show,2015,TV-14,Teens,1,Crime TV Shows,United States,1,Contemporary mostly single-season series
s6630,The Magic School Bus,TV Show,1997,TV-Y,Kids,4,Kids' TV,Canada,0,Older acquired television catalogue
s6631,The Magic School Bus Rides Again,TV Show,2018,TV-Y,Kids,2,Kids' TV,United States,1,Contemporary mostly single-season series
s6635,The Magicians,TV Show,2020,TV-MA,Adults,5,TV Dramas,United States,3,Multi-season continuing series
s6637,The Making of Frozen Planet,TV Show,2012,TV-PG,Adults,1,British TV Shows,United Kingdom,1,Contemporary mostly single-season series
s6642,The Many Faces of Ito,TV Show,2017,TV-14,Teens,1,International TV Shows,Japan,1,Contemporary mostly single-season series
s6656,The Mechanism,TV Show,2019,TV-MA,Adults,2,Crime TV Shows,Brazil,1,Contemporary mostly single-season series
s6660,The Mess You Leave Behind,TV Show,2020,TV-MA,Adults,1,International TV Shows,Spain,1,Contemporary mostly single-season series
s6661,The Messengers,TV Show,2015,TV-14,Teens,1,TV Dramas,United States,1,Contemporary mostly single-season series
s6662,The Method,TV Show,2015,TV-MA,Adults,1,Crime TV Shows,Russia,1,Contemporary mostly single-season series
s6665,The Midnight Gospel,TV Show,2020,TV-MA,Adults,1,TV Comedies,United States,1,Contemporary mostly single-season series
s6669,The Mind of a Chef,TV Show,2016,TV-PG,Adults,5,Docuseries,United States,3,Multi-season continuing series
s6670,"The Mind, Explained",TV Show,2019,TV-14,Teens,1,Docuseries,United States,1,Contemporary mostly single-season series
s6672,The Minimighty Kids,TV Show,2012,TV-G,Kids,2,Kids' TV,France,0,Older acquired television catalogue
s6673,The Minions of Midas,TV Show,2020,TV-MA,Adults,1,Crime TV Shows,Spain,1,Contemporary mostly single-season series
s6674,The Ministry of Time,TV Show,2017,TV-MA,Adults,3,International TV Shows,Spain,1,Contemporary mostly single-season series
s6675,The Miracle,TV Show,2016,TV-14,Teens,1,International TV Shows,South Korea,1,Contemporary mostly single-season series
s6676,The Mire,TV Show,2018,TV-MA,Adults,1,Crime TV Shows,Poland,1,Contemporary mostly single-season series
s6678,The Missing Menu,TV Show,2016,TV-PG,Adults,1,International TV Shows,Unknown Country,1,Contemporary mostly single-season series
s6679,The Mist,TV Show,2017,TV-MA,Adults,1,TV Dramas,Canada,1,Contemporary mostly single-season series
s6685,The Mortified Guide,TV Show,2018,TV-MA,Adults,1,Docuseries,United States,1,Contemporary mostly single-season series
s6687,The Most Beautiful Hands of Delhi,TV Show,2017,TV-MA,Adults,1,International TV Shows,Sweden,1,Contemporary mostly single-season series
s6691,The Movies That Made Us,TV Show,2019,TV-MA,Adults,1,Docuseries,United States,1,Contemporary mostly single-season series
s6692,The Mr. Peabody and Sherman Show,TV Show,2017,TV-Y7,Teens,4,Kids' TV,United States,3,Multi-season continuing series
s6694,The Murder Detectives,TV Show,2015,TV-MA,Adults,1,British TV Shows,United Kingdom,1,Contemporary mostly single-season series
s6696,The Naked Director,TV Show,2019,TV-MA,Adults,1,International TV Shows,Japan,1,Contemporary mostly single-season series
s6701,The Neighbor,TV Show,2019,TV-MA,Adults,1,International TV Shows,Spain,1,Contemporary mostly single-season series
s6702,The Netflix Afterparty,TV Show,2021,TV-MA,Adults,1,Stand-Up Comedy & Talk Shows,United States,1,Contemporary mostly single-season series
s6704,The New Legends of Monkey,TV Show,2020,TV-PG,Adults,2,Kids' TV,Australia,1,Contemporary mostly single-season series
s6708,The Next Step,TV Show,2018,TV-G,Kids,1,Kids' TV,Canada,1,Contemporary mostly single-season series
s6711,The Night Shift,TV Show,2017,TV-14,Teens,4,TV Dramas,United States,3,Multi-season continuing series
s6712,The Nineties,TV Show,2017,TV-14,Teens,1,Docuseries,United States,1,Contemporary mostly single-season series
s6716,The OA,TV Show,2019,TV-MA,Adults,2,TV Dramas,United States,1,Contemporary mostly single-season series
s6717,The Oath,TV Show,2011,TV-14,Teens,1,International TV Shows,Singapore,0,Older acquired television catalogue
s6719,The Office (U.S.),TV Show,2012,TV-14,Teens,9,TV Comedies,United States,3,Multi-season continuing series
s6722,The Ollie & Moon Show,TV Show,2018,TV-Y,Kids,1,Kids' TV,France,1,Contemporary mostly single-season series
s6726,The Order,TV Show,2020,TV-MA,Adults,2,International TV Shows,United States,1,Contemporary mostly single-season series
s6728,The Originals,TV Show,2018,TV-14,Teens,5,TV Dramas,United States,3,Multi-season continuing series
s6737,The Outsiders,TV Show,2004,TV-MA,Adults,1,Crime TV Shows,Taiwan,0,Older acquired television catalogue
s6740,The Paper,TV Show,2018,TV-MA,Adults,2,International TV Shows,Croatia,1,Contemporary mostly single-season series
s6742,The Parkers,TV Show,2003,TV-PG,Adults,5,TV Comedies,United States,0,Older acquired television catalogue
s6750,The Perfect Match,TV Show,2017,TV-14,Teens,1,International TV Shows,Unknown Country,1,Contemporary mostly single-season series
s6755,The Pharmacist,TV Show,2020,TV-MA,Adults,1,Crime TV Shows,United States,1,Contemporary mostly single-season series
s6766,The Platform,TV Show,2020,TV-14,Teens,1,International TV Shows,United Arab Emirates,1,Contemporary mostly single-season series
s6767,The Playbook,TV Show,2020,TV-MA,Adults,1,Docuseries,United States,1,Contemporary mostly single-season series
s6771,The Politician,TV Show,2020,TV-MA,Adults,2,TV Comedies,United States,1,Contemporary mostly single-season series
s6778,The Prince of Tennis ~ Match! Tennis Juniors ~,TV Show,2019,TV-PG,Adults,1,International TV Shows,China,1,Contemporary mostly single-season series
s6779,The Prince Who Turns into a Frog,TV Show,2005,TV-14,Teens,1,International TV Shows,Taiwan,0,Older acquired television catalogue
s6783,The Princess Weiyoung,TV Show,2016,TV-14,Teens,1,International TV Shows,China,1,Contemporary mostly single-season series
s6788,The Promised Neverland,TV Show,2019,TV-14,Teens,1,Anime Series,Japan,1,Contemporary mostly single-season series
s6789,The Protector,TV Show,2020,TV-MA,Adults,4,International TV Shows,Turkey,3,Multi-season continuing series
s6793,The Pyramid Code,TV Show,2009,TV-PG,Adults,1,Docuseries,Canada,0,Older acquired television catalogue
s6795,The Queen and the Conqueror,TV Show,2020,TV-14,Teens,1,International TV Shows,Colombia,1,Contemporary mostly single-season series
s6796,The Queen of Flow,TV Show,2018,TV-MA,Adults,1,Crime TV Shows,Colombia,1,Contemporary mostly single-season series
s6797,The Queen's Gambit,TV Show,2020,TV-MA,Adults,1,TV Dramas,United States,1,Contemporary mostly single-season series
s6799,The Rain,TV Show,2020,TV-MA,Adults,3,International TV Shows,Denmark,1,Contemporary mostly single-season series
s6802,The Ranch,TV Show,2020,TV-MA,Adults,8,TV Comedies,United States,3,Multi-season continuing series
s6803,The Rap Game,TV Show,2016,TV-14,Teens,1,Reality TV,United States,1,Contemporary mostly single-season series
s6805,The Real Football Factories,TV Show,2006,TV-MA,Adults,1,British TV Shows,United Kingdom,0,Older acquired television catalogue
s6814,The Repair Shop,TV Show,2018,TV-PG,Adults,1,British TV Shows,United Kingdom,1,Contemporary mostly single-season series
s6818,The Returned,TV Show,2015,TV-MA,Adults,1,International TV Shows,France,1,Contemporary mostly single-season series
s6825,The Ripper,TV Show,2020,TV-MA,Adults,1,British TV Shows,United Kingdom,1,Contemporary mostly single-season series
s6826,The Rise of Phoenixes,TV Show,2018,TV-14,Teens,1,International TV Shows,China,1,Contemporary mostly single-season series
s6830,The Road to Calvary,TV Show,2017,TV-14,Teens,1,International TV Shows,Russia,1,Contemporary mostly single-season series
s6832,The Road to Love,TV Show,2019,TV-14,Teens,1,International TV Shows,Colombia,1,Contemporary mostly single-season series
s6839,The Royal House of Windsor,TV Show,2017,TV-MA,Adults,1,British TV Shows,United Kingdom,1,Contemporary mostly single-season series
s6850,The School Nurse Files,TV Show,2020,TV-MA,Adults,1,International TV Shows,South Korea,1,Contemporary mostly single-season series
s6854,The Search,TV Show,2020,TV-MA,Adults,1,Crime TV Shows,Mexico,1,Contemporary mostly single-season series
s6859,The Seven Deadly Sins,TV Show,2019,TV-14,Teens,4,Anime Series,Japan,3,Multi-season continuing series
s6862,The Seventies,TV Show,2015,TV-PG,Adults,1,Docuseries,United States,1,Contemporary mostly single-season series
s6863,The Shannara Chronicles,TV Show,2018,TV-MA,Adults,2,TV Action & Adventure,United States,1,Contemporary mostly single-season series
s6877,The Sinner,TV Show,2018,TV-MA,Adults,2,Crime TV Shows,United States,1,Contemporary mostly single-season series
s6883,The Sniffer,TV Show,2017,TV-MA,Adults,3,Crime TV Shows,Ukraine,1,Contemporary mostly single-season series
s6886,The Society,TV Show,2019,TV-MA,Adults,1,TV Dramas,United States,1,Contemporary mostly single-season series
s6888,The Sound of Your Heart,TV Show,2016,TV-14,Teens,1,International TV Shows,South Korea,1,Contemporary mostly single-season series
s6889,The Sound of Your Heart: Reboot,TV Show,2018,TV-14,Teens,2,International TV Shows,South Korea,1,Contemporary mostly single-season series
s6896,The Spy,TV Show,2019,TV-MA,Adults,1,International TV Shows,France,1,Contemporary mostly single-season series
s6901,The Staircase,TV Show,2018,TV-MA,Adults,1,Crime TV Shows,France,1,Contemporary mostly single-season series
s6903,The Standups,TV Show,2018,TV-MA,Adults,2,Stand-Up Comedy & Talk Shows,United States,1,Contemporary mostly single-season series
s6906,The Story of God with Morgan Freeman,TV Show,2017,TV-14,Teens,2,Docuseries,United States,1,Contemporary mostly single-season series
s6907,The Story of Us with Morgan Freeman,TV Show,2017,TV-14,Teens,1,Docuseries,United States,1,Contemporary mostly single-season series
s6908,The Stranded,TV Show,2019,TV-MA,Adults,1,International TV Shows,Thailand,1,Contemporary mostly single-season series
s6909,THE STRANGER,TV Show,2020,TV-MA,Adults,1,Crime TV Shows,United Kingdom,1,Contemporary mostly single-season series
s6915,The Super Mario Bros. Super Show!,TV Show,1989,TV-Y7,Teens,1,Kids' TV,United States,2,Legacy and vintage television
s6917,The Surgeon's Cut,TV Show,2020,TV-14,Teens,1,Docuseries,United States,1,Contemporary mostly single-season series
s6923,The Terminal,TV Show,2018,TV-14,Teens,1,International TV Shows,Unknown Country,1,Contemporary mostly single-season series
s6935,The Toys That Made Us,TV Show,2019,TV-14,Teens,3,Docuseries,United States,1,Contemporary mostly single-season series
s6937,The Traffickers,TV Show,2016,TV-MA,Adults,1,Crime TV Shows,United States,1,Contemporary mostly single-season series
s6940,The Trial,TV Show,2019,TV-MA,Adults,1,Crime TV Shows,Italy,1,Contemporary mostly single-season series
s6942,The Trials of Gabriel Fernandez,TV Show,2020,TV-MA,Adults,1,Crime TV Shows,United States,1,Contemporary mostly single-season series
s6948,The Truth,TV Show,2008,TV-14,Teens,1,Crime TV Shows,Unknown Country,0,Older acquired television catalogue
s6950,The Truth Seekers,TV Show,2016,TV-MA,Adults,1,Crime TV Shows,Singapore,1,Contemporary mostly single-season series
s6951,The Tudors,TV Show,2010,TV-MA,Adults,4,TV Dramas,Ireland,0,Older acquired television catalogue
s6953,The Twelve,TV Show,2019,TV-MA,Adults,1,Crime TV Shows,Belgium,1,Contemporary mostly single-season series
s6954,The Twilight Zone (Original Series),TV Show,1963,TV-14,Teens,4,Classic & Cult TV,United States,2,Legacy and vintage television
s6958,The Ultimatum,TV Show,2009,TV-14,Teens,1,International TV Shows,Singapore,0,Older acquired television catalogue
s6959,The Umbrella Academy,TV Show,2020,TV-14,Teens,2,TV Action & Adventure,United States,1,Contemporary mostly single-season series
s6961,The Uncanny Counter,TV Show,2020,TV-14,Teens,1,International TV Shows,South Korea,1,Contemporary mostly single-season series
s6962,The Underclass,TV Show,2020,TV-MA,Adults,1,International TV Shows,Thailand,1,Contemporary mostly single-season series
s6963,The Underwear,TV Show,2017,TV-MA,Adults,1,International TV Shows,Unknown Country,1,Contemporary mostly single-season series
s6964,The Unicorn,TV Show,2019,TV-14,Teens,1,TV Comedies,United States,1,Contemporary mostly single-season series
s6965,The Universe,TV Show,2009,TV-14,Teens,1,Docuseries,United States,0,Older acquired television catalogue
s6966,The Universe: Ancient Mysteries Solved,TV Show,2015,TV-PG,Adults,1,Docuseries,Unknown Country,1,Contemporary mostly single-season series
s6969,THE UNLISTED,TV Show,2019,TV-PG,Adults,1,Kids' TV,Australia,1,Contemporary mostly single-season series
s6971,The Unremarkable Juanquini,TV Show,2020,TV-MA,Adults,1,International TV Shows,Unknown Country,1,Contemporary mostly single-season series
s6972,The Untamed,TV Show,2019,TV-14,Teens,1,International TV Shows,China,1,Contemporary mostly single-season series
s6974,The Valhalla Murders,TV Show,2020,TV-MA,Adults,1,Crime TV Shows,Iceland,1,Contemporary mostly single-season series
s6975,The Vampire Diaries,TV Show,2017,TV-14,Teens,8,TV Dramas,United States,3,Multi-season continuing series
s6980,The Victims' Game,TV Show,2020,TV-MA,Adults,1,Crime TV Shows,Taiwan,1,Contemporary mostly single-season series
s6981,The Vietnam War: A Film by Ken Burns and Lynn Novick,TV Show,2017,TV-MA,Adults,1,Docuseries,United States,1,Contemporary mostly single-season series
s6984,The Walking Dead,TV Show,2018,TV-MA,Adults,9,Classic & Cult TV,United States,3,Multi-season continuing series
s6987,The War: A Film by Ken Burns and Lynn Novick,TV Show,2007,TV-14,Teens,1,Docuseries,United States,0,Older acquired television catalogue
s6997,The West Wing,TV Show,2005,TV-14,Teens,7,TV Dramas,United States,0,Older acquired television catalogue
s6999,The Who Was? Show,TV Show,2018,TV-PG,Adults,1,Kids' TV,United States,1,Contemporary mostly single-season series
s7000,The Wiggles,TV Show,2015,TV-Y,Kids,2,Kids' TV,Australia,1,Contemporary mostly single-season series
s7002,The Windsors,TV Show,2020,TV-MA,Adults,3,British TV Shows,United Kingdom,1,Contemporary mostly single-season series
s7007,The Witcher,TV Show,2019,TV-MA,Adults,1,TV Action & Adventure,United States,1,Contemporary mostly single-season series
s7008,The Witcher: A Look Inside the Episodes,TV Show,2020,TV-MA,Adults,1,Docuseries,Unknown Country,1,Contemporary mostly single-season series
s7011,The Womanizer,TV Show,2010,TV-MA,Adults,1,International TV Shows,China,0,Older acquired television catalogue
s7014,The Woods,TV Show,2020,TV-MA,Adults,1,Crime TV Shows,Poland,1,Contemporary mostly single-season series
s7019,The World's Most Extraordinary Homes,TV Show,2019,TV-G,Kids,3,British TV Shows,United Kingdom,1,Contemporary mostly single-season series
s7021,The Worst Witch,TV Show,2020,TV-G,Kids,4,British TV Shows,United Kingdom,3,Multi-season continuing series
s7023,The Writer,TV Show,2019,TV-14,Teens,1,Crime TV Shows,Lebanon,1,Contemporary mostly single-season series
s7026,The Yard,TV Show,2019,TV-MA,Adults,2,Crime TV Shows,Turkey,1,Contemporary mostly single-season series
s7027,The Year of Happiness and Love,TV Show,2009,TV-PG,Adults,1,International TV Shows,Taiwan,0,Older acquired television catalogue
s7042,They've Gotta Have Us,TV Show,2018,TV-MA,Adults,1,British TV Shows,United Kingdom,1,Contemporary mostly single-season series
s7046,Thieves of the Wood,TV Show,2019,TV-MA,Adults,1,International TV Shows,Belgium,1,Contemporary mostly single-season series
s7047,ThirTEEN Terrors,TV Show,2014,TV-14,Teens,1,International TV Shows,Thailand,1,Contemporary mostly single-season series
s7049,This Evening,TV Show,2017,TV-14,Teens,1,International TV Shows,Egypt,1,Contemporary mostly single-season series
s7050,This Is My Love,TV Show,2015,TV-14,Teens,1,International TV Shows,South Korea,1,Contemporary mostly single-season series
s7057,Thomas and Friends,TV Show,2020,TV-Y,Kids,2,British TV Shows,United Kingdom,1,Contemporary mostly single-season series
s7065,Three Days of Christmas,TV Show,2019,TV-MA,Adults,1,International TV Shows,Spain,1,Contemporary mostly single-season series
s7066,Three Wives One Husband,TV Show,2018,TV-14,Teens,1,British TV Shows,United Kingdom,1,Contemporary mostly single-season series
s7074,Tidelands,TV Show,2018,TV-MA,Adults,1,Crime TV Shows,Australia,1,Contemporary mostly single-season series
s7075,Tidying Up with Marie Kondo,TV Show,2019,TV-PG,Adults,1,Reality TV,United States,1,Contemporary mostly single-season series
s7076,Tiempos de guerra,TV Show,2017,TV-MA,Adults,1,International TV Shows,Spain,1,Contemporary mostly single-season series
s7077,Tientsin Mystic,TV Show,2017,TV-14,Teens,1,Crime TV Shows,China,1,Contemporary mostly single-season series
s7078,Tiffany Haddish Presents: They Ready,TV Show,2019,TV-MA,Adults,1,Stand-Up Comedy & Talk Shows,United States,1,Contemporary mostly single-season series
s7084,"Tiger King: Murder, Mayhem and Madness",TV Show,2020,TV-MA,Adults,1,Crime TV Shows,United States,1,Contemporary mostly single-season series
s7086,Tijuana,TV Show,2019,TV-MA,Adults,1,Crime TV Shows,Mexico,1,Contemporary mostly single-season series
s7089,Til Death Do Us Part,TV Show,2019,TV-MA,Adults,1,International TV Shows,Taiwan,1,Contemporary mostly single-season series
s7099,Time: The Kalief Browder Story,TV Show,2017,TV-MA,Adults,1,Docuseries,United States,1,Contemporary mostly single-season series
s7100,Timeless Season,TV Show,2009,TV-14,Teens,1,International TV Shows,Unknown Country,0,Older acquired television catalogue
s7101,Timeline,TV Show,2014,TV-14,Teens,1,Crime TV Shows,Unknown Country,1,Contemporary mostly single-season series
s7102,Timmy Time,TV Show,2010,TV-Y,Kids,1,British TV Shows,United Kingdom,0,Older acquired television catalogue
s7106,Tiny Creatures,TV Show,2020,TV-PG,Adults,1,Docuseries,United States,1,Contemporary mostly single-season series
s7107,Tiny House Nation,TV Show,2019,TV-PG,Adults,2,Reality TV,United States,1,Contemporary mostly single-season series
s7108,Tiny Pretty Things,TV Show,2020,TV-MA,Adults,1,TV Dramas,United States,1,Contemporary mostly single-season series
s7109,Tip the Mouse,TV Show,2014,TV-Y,Kids,1,Kids' TV,Germany,1,Contemporary mostly single-season series
s7110,Titipo Titipo,TV Show,2018,TV-Y,Kids,1,Kids' TV,Unknown Country,1,Contemporary mostly single-season series
s7111,Tjovitjo,TV Show,2017,TV-MA,Adults,2,International TV Shows,South Africa,1,Contemporary mostly single-season series
s7119,To the Lake,TV Show,2020,TV-MA,Adults,1,International TV Shows,Russia,1,Contemporary mostly single-season series
s7121,Toast of London,TV Show,2015,TV-MA,Adults,3,British TV Shows,United Kingdom,1,Contemporary mostly single-season series
s7122,Tobot,TV Show,2018,TV-Y7,Teens,2,Kids' TV,Canada,1,Contemporary mostly single-season series
s7129,Together,TV Show,2009,TV-14,Teens,1,International TV Shows,Singapore,0,Older acquired television catalogue
s7133,Tokyo Trial,TV Show,2017,TV-MA,Adults,1,International TV Shows,Canada,1,Contemporary mostly single-season series
s7144,Tomorrow with You,TV Show,2017,TV-14,Teens,1,International TV Shows,South Korea,1,Contemporary mostly single-season series
s7145,Tong: Memories,TV Show,2016,TV-MA,Adults,1,International TV Shows,South Korea,1,Contemporary mostly single-season series
s7149,Too Hot to Handle,TV Show,2020,TV-MA,Adults,1,Reality TV,United States,1,Contemporary mostly single-season series
s7151,Toon,TV Show,2017,TV-MA,Adults,2,International TV Shows,Netherlands,1,Contemporary mostly single-season series
s7153,Top 10 Secrets and Mysteries,TV Show,2018,TV-14,Teens,1,British TV Shows,United Kingdom,1,Contemporary mostly single-season series
s7154,Top Boy,TV Show,2019,TV-MA,Adults,1,British TV Shows,Unknown Country,1,Contemporary mostly single-season series
s7155,Top Grier,TV Show,2018,TV-MA,Adults,3,Reality TV,United States,1,Contemporary mostly single-season series
s7157,Toradora!,TV Show,2008,TV-14,Teens,1,Anime Series,Japan,0,Older acquired television catalogue
s7161,Total Drama,TV Show,2015,TV-PG,Adults,5,Kids' TV,Canada,3,Multi-season continuing series
s7165,Towies,TV Show,2016,TV-MA,Adults,1,International TV Shows,Unknown Country,1,Contemporary mostly single-season series
s7166,Toy Boy,TV Show,2019,TV-MA,Adults,1,Crime TV Shows,Spain,1,Contemporary mostly single-season series
s7170,Trailer Park Boys,TV Show,2018,TV-MA,Adults,12,Classic & Cult TV,Canada,3,Multi-season continuing series
s7175,Trailer Park Boys: Out of the Park: Europe,TV Show,2016,TV-MA,Adults,1,International TV Shows,Canada,1,Contemporary mostly single-season series
s7176,Trailer Park Boys: Out of the Park: USA,TV Show,2017,TV-MA,Adults,1,International TV Shows,Unknown Country,1,Contemporary mostly single-season series
s7178,Trailer Park Boys: The Animated Series,TV Show,2020,TV-MA,Adults,2,TV Comedies,Canada,1,Contemporary mostly single-season series
s7185,Traitors,TV Show,2019,TV-MA,Adults,1,British TV Shows,United Kingdom,1,Contemporary mostly single-season series
s7188,Transfers,TV Show,2017,TV-MA,Adults,1,Crime TV Shows,France,1,Contemporary mostly single-season series
s7190,Transformers Prime,TV Show,2013,TV-Y7,Teens,1,Kids' TV,United States,1,Contemporary mostly single-season series
s7191,Transformers Rescue Bots Academy,TV Show,2020,TV-Y,Kids,2,Kids' TV,United States,1,Contemporary mostly single-season series
s7192,Transformers: Cyberverse,TV Show,2020,TV-Y7,Teens,2,Kids' TV,Unknown Country,1,Contemporary mostly single-season series
s7193,Transformers: Rescue Bots,TV Show,2016,TV-Y7,Teens,1,Kids' TV,Canada,1,Contemporary mostly single-season series
s7194,Transformers: Robots in Disguise,TV Show,2016,TV-Y7,Teens,1,Kids' TV,United States,1,Contemporary mostly single-season series
s7195,Transformers: War For Cybertron Trilogy,TV Show,2020,TV-14,Teens,1,Anime Series,United States,1,Contemporary mostly single-season series
s7196,Transformers: War for Cybertron: Earthrise,TV Show,2020,TV-Y7,Teens,1,Anime Series,Unknown Country,1,Contemporary mostly single-season series
s7199,Trash Truck,TV Show,2020,TV-Y,Kids,1,Kids' TV,Unknown Country,1,Contemporary mostly single-season series
s7201,Travelers,TV Show,2018,TV-MA,Adults,3,Crime TV Shows,Canada,1,Contemporary mostly single-season series
s7205,Tree House Tales,TV Show,2019,TV-Y,Kids,1,Kids' TV,Unknown Country,1,Contemporary mostly single-season series
s7207,Treehouse Detectives,TV Show,2018,TV-Y,Kids,2,Kids' TV,South Korea,1,Contemporary mostly single-season series
s7218,Triad Princess,TV Show,2019,TV-MA,Adults,1,Crime TV Shows,Unknown Country,1,Contemporary mostly single-season series
s7219,Trial 4,TV Show,2020,TV-MA,Adults,1,Crime TV Shows,United States,1,Contemporary mostly single-season series
s7220,Trial By Media,TV Show,2020,TV-MA,Adults,1,Crime TV Shows,United States,1,Contemporary mostly single-season series
s7222,Trigger Warning with Killer Mike,TV Show,2019,TV-MA,Adults,1,Docuseries,Unknown Country,1,Contemporary mostly single-season series
s7225,Trinkets,TV Show,2020,TV-MA,Adults,2,TV Dramas,United States,1,Contemporary mostly single-season series
s7226,Trio and a Bed,TV Show,2016,TV-PG,Adults,1,International TV Shows,Unknown Country,1,Contemporary mostly single-season series
s7233,Trollhunters,TV Show,2018,TV-Y7,Teens,3,Kids' TV,United States,1,Contemporary mostly single-season series
s7235,Trolls: The Beat Goes On!,TV Show,2019,TV-Y7,Teens,8,Kids' TV,United States,3,Multi-season continuing series
s7237,Trotro,TV Show,2004,TV-Y,Kids,1,Kids' TV,France,0,Older acquired television catalogue
s7238,Trotsky,TV Show,2017,TV-MA,Adults,1,International TV Shows,Russia,1,Contemporary mostly single-season series
s7239,Troy,TV Show,2018,TV-MA,Adults,1,British TV Shows,United Kingdom,1,Contemporary mostly single-season series
s7242,True and the Rainbow Kingdom,TV Show,2019,TV-Y,Kids,3,Kids' TV,United States,1,Contemporary mostly single-season series
s7246,True Tunes,TV Show,2019,TV-Y,Kids,1,Kids' TV,Unknown Country,1,Contemporary mostly single-season series
s7250,True: Magical Friends,TV Show,2018,TV-Y,Kids,1,Kids' TV,Unknown Country,1,Contemporary mostly single-season series
s7252,True: Terrific Tales,TV Show,2020,TV-Y,Kids,1,Kids' TV,Canada,1,Contemporary mostly single-season series
s7255,True: Wonderful Wishes,TV Show,2018,TV-Y,Kids,1,Kids' TV,Unknown Country,1,Contemporary mostly single-season series
s7258,Trump: An American Dream,TV Show,2018,TV-14,Teens,1,Docuseries,United Kingdom,1,Contemporary mostly single-season series
s7261,Tuca & Bertie,TV Show,2019,TV-MA,Adults,1,TV Comedies,United States,1,Contemporary mostly single-season series
s7267,Tundukkan Playboy Itu,TV Show,2016,TV-PG,Adults,1,International TV Shows,Unknown Country,1,Contemporary mostly single-season series
s7270,Tunnel,TV Show,2019,TV-14,Teens,1,Crime TV Shows,Unknown Country,1,Contemporary mostly single-season series
s7272,Turbo FAST,TV Show,2016,TV-Y7,Teens,3,Kids' TV,United States,1,Contemporary mostly single-season series
s7274,Turn Up Charlie,TV Show,2019,TV-MA,Adults,1,British TV Shows,United Kingdom,1,Contemporary mostly single-season series
s7275,TURN: Washington's Spies,TV Show,2017,TV-14,Teens,4,TV Dramas,United States,3,Multi-season continuing series
s7277,Twelve Forever,TV Show,2019,TV-PG,Adults,1,Kids' TV,United States,1,Contemporary mostly single-season series
s7279,Twice Upon A Time,TV Show,2019,TV-MA,Adults,1,International TV Shows,France,1,Contemporary mostly single-season series
s7281,Twin Peaks,TV Show,1990,TV-14,Teens,2,Classic & Cult TV,United States,2,Legacy and vintage television
s7284,Twirlywoos,TV Show,2018,TV-Y,Kids,2,British TV Shows,United Kingdom,1,Contemporary mostly single-season series
s7287,Two Fathers,TV Show,2013,TV-14,Teens,1,International TV Shows,Taiwan,1,Contemporary mostly single-season series
s7290,Two Sentence Horror Stories,TV Show,2019,TV-14,Teens,1,TV Horror,United States,1,Contemporary mostly single-season series
s7291,Twogether,TV Show,2020,TV-G,Kids,1,International TV Shows,South Korea,1,Contemporary mostly single-season series
s7293,Typewriter,TV Show,2019,TV-MA,Adults,1,International TV Shows,India,1,Contemporary mostly single-season series
s7301,Ugly Delicious,TV Show,2020,TV-MA,Adults,2,Docuseries,United States,1,Contemporary mostly single-season series
s7302,Ugly Duckling,TV Show,2015,TV-14,Teens,4,International TV Shows,Thailand,3,Multi-season continuing series
s7304,Ultimate Beastmaster,TV Show,2018,TV-PG,Adults,3,Reality TV,United States,1,Contemporary mostly single-season series
s7305,Ultimate Beastmaster México,TV Show,2018,TV-PG,Adults,3,Reality TV,Unknown Country,1,Contemporary mostly single-season series
s7306,Ultraman,TV Show,2019,TV-14,Teens,1,Anime Series,United States,1,Contemporary mostly single-season series
s7307,Ultramarine Magmell,TV Show,2019,TV-14,Teens,1,Anime Series,Japan,1,Contemporary mostly single-season series
s7309,Ultraviolet,TV Show,2019,TV-MA,Adults,2,Crime TV Shows,Poland,1,Contemporary mostly single-season series
s7314,Unabomber - In His Own Words,TV Show,2018,TV-MA,Adults,1,Crime TV Shows,Canada,1,Contemporary mostly single-season series
s7317,Unauthorized Living,TV Show,2020,TV-MA,Adults,2,Crime TV Shows,Spain,1,Contemporary mostly single-season series
s7318,Unbelievable,TV Show,2019,TV-MA,Adults,1,Crime TV Shows,United States,1,Contemporary mostly single-season series
s7319,Unbreakable Kimmy Schmidt,TV Show,2019,TV-14,Teens,4,TV Comedies,United States,3,Multi-season continuing series
s7324,Unchained Fate,TV Show,2016,TV-14,Teens,1,International TV Shows,Unknown Country,1,Contemporary mostly single-season series
s7332,Under Arrest,TV Show,2016,TV-MA,Adults,8,Crime TV Shows,United States,3,Multi-season continuing series
s7333,Under the Black Moonlight,TV Show,2016,TV-14,Teens,1,International TV Shows,South Korea,1,Contemporary mostly single-season series
s7339,Undercover,TV Show,2020,TV-MA,Adults,2,Crime TV Shows,Belgium,1,Contemporary mostly single-season series
s7342,Undercover Law,TV Show,2017,TV-MA,Adults,1,Crime TV Shows,Colombia,1,Contemporary mostly single-season series
s7351,Unit 42,TV Show,2017,TV-MA,Adults,1,Crime TV Shows,Belgium,1,Contemporary mostly single-season series
s7354,Unlucky Ploy,TV Show,2020,TV-MA,Adults,1,International TV Shows,Unknown Country,1,Contemporary mostly single-season series
s7355,Unnatural Selection,TV Show,2019,TV-MA,Adults,1,Docuseries,United States,1,Contemporary mostly single-season series
s7356,Unorthodox,TV Show,2020,TV-MA,Adults,1,International TV Shows,Germany,1,Contemporary mostly single-season series
s7357,Unrequited Love,TV Show,2019,TV-14,Teens,1,International TV Shows,China,1,Contemporary mostly single-season series
s7359,Unriddle,TV Show,2012,TV-14,Teens,2,Crime TV Shows,Singapore,1,Contemporary mostly single-season series
s7361,Unsolved,TV Show,2018,TV-MA,Adults,1,Crime TV Shows,United States,1,Contemporary mostly single-season series
s7362,Unsolved Mysteries,TV Show,2020,TV-MA,Adults,2,Crime TV Shows,Unknown Country,1,Contemporary mostly single-season series
s7364,Unstoppable,TV Show,2020,TV-MA,Adults,1,International TV Shows,Mexico,1,Contemporary mostly single-season series
s7366,Until Dawn,TV Show,2020,TV-MA,Adults,1,International TV Shows,France,1,Contemporary mostly single-season series
s7370,Upin & Ipin,TV Show,2011,TV-Y,Kids,1,Kids' TV,Malaysia,0,Older acquired television catalogue
s7381,V Wars,TV Show,2019,TV-MA,Adults,1,TV Action & Adventure,United States,1,Contemporary mostly single-season series
s7382,V.R. Troopers,TV Show,1995,TV-G,Kids,2,Kids' TV,United States,0,Older acquired television catalogue
s7383,Vagabond,TV Show,2019,TV-MA,Adults,1,International TV Shows,South Korea,1,Contemporary mostly single-season series
s7384,Vai Anitta,TV Show,2018,TV-MA,Adults,1,Docuseries,Brazil,1,Contemporary mostly single-season series
s7385,Valentino,TV Show,2020,TV-14,Teens,1,International TV Shows,Egypt,1,Contemporary mostly single-season series
s7386,Valeria,TV Show,2020,TV-MA,Adults,1,International TV Shows,Spain,1,Contemporary mostly single-season series
s7387,Valor,TV Show,2018,TV-14,Teens,1,TV Action & Adventure,United States,1,Contemporary mostly single-season series
s7388,Vampire Knight,TV Show,2008,TV-14,Teens,2,Anime Series,Japan,0,Older acquired television catalogue
s7389,Vampires,TV Show,2020,TV-MA,Adults,1,International TV Shows,France,1,Contemporary mostly single-season series
s7391,Van Helsing,TV Show,2019,TV-MA,Adults,4,International TV Shows,United States,3,Multi-season continuing series
s7399,VeggieTales in the City,TV Show,2017,TV-Y,Kids,2,Kids' TV,United States,1,Contemporary mostly single-season series
s7400,VeggieTales in the House,TV Show,2016,TV-Y,Kids,4,Kids' TV,United States,3,Multi-season continuing series
s7401,Velvet,TV Show,2016,TV-14,Teens,4,International TV Shows,Spain,3,Multi-season continuing series
s7403,Velvet Colección,TV Show,2018,TV-14,Teens,2,International TV Shows,Spain,1,Contemporary mostly single-season series
s7407,Versailles,TV Show,2018,TV-MA,Adults,3,International TV Shows,France,1,Contemporary mostly single-season series
s7412,Vexed,TV Show,2012,TV-MA,Adults,2,British TV Shows,United Kingdom,1,Contemporary mostly single-season series
s7414,Victim Number 8,TV Show,2018,TV-MA,Adults,1,International TV Shows,Spain,1,Contemporary mostly single-season series
s7417,Victorious,TV Show,2013,TV-G,Kids,3,Kids' TV,United States,0,Older acquired television catalogue
s7418,Vientos de agua,TV Show,2006,TV-MA,Adults,1,International TV Shows,Argentina,0,Older acquired television catalogue
s7424,Violet Evergarden,TV Show,2018,TV-14,Teens,1,Anime Series,Japan,1,Contemporary mostly single-season series
s7426,Violet Evergarden: Special,TV Show,2018,TV-PG,Adults,1,Anime Series,Unknown Country,1,Contemporary mostly single-season series
s7431,ViR: The Robot Boy,TV Show,2013,TV-Y7,Teens,2,Kids' TV,Unknown Country,1,Contemporary mostly single-season series
s7432,Virgin River,TV Show,2020,TV-14,Teens,2,Romantic TV Shows,United States,1,Contemporary mostly single-season series
s7442,Voice,TV Show,2018,TV-14,Teens,2,Crime TV Shows,South Korea,1,Contemporary mostly single-season series
s7443,Voices of Fire,TV Show,2020,TV-PG,Adults,1,Docuseries,United States,1,Contemporary mostly single-season series
s7444,Voltron: Legendary Defender,TV Show,2018,TV-Y7,Teens,8,Kids' TV,United States,3,Multi-season continuing series
s7447,Vroomiz,TV Show,2016,TV-Y,Kids,3,Kids' TV,South Korea,1,Contemporary mostly single-season series
s7451,W/ Bob & David,TV Show,2015,TV-MA,Adults,1,TV Comedies,United States,1,Contemporary mostly single-season series
s7453,W1A,TV Show,2017,TV-MA,Adults,3,British TV Shows,United Kingdom,1,Contemporary mostly single-season series
s7456,Wadi,TV Show,2015,TV-14,Teens,1,International TV Shows,Unknown Country,1,Contemporary mostly single-season series
s7458,"Wait, My Youth",TV Show,2019,TV-PG,Adults,1,International TV Shows,China,1,Contemporary mostly single-season series
s7462,Wake Up,TV Show,2017,TV-14,Teens,2,International TV Shows,Unknown Country,1,Contemporary mostly single-season series
s7465,Wakfu,TV Show,2017,TV-PG,Adults,3,Kids' TV,France,1,Contemporary mostly single-season series
s7466,Wakfu: The Quest for the Six Eliatrope Dofus,TV Show,2014,TV-PG,Adults,1,Kids' TV,Unknown Country,1,Contemporary mostly single-season series
s7474,Wanderlust,TV Show,2018,TV-MA,Adults,1,British TV Shows,United Kingdom,1,Contemporary mostly single-season series
s7475,Wanted,TV Show,2018,TV-14,Teens,3,Crime TV Shows,Australia,1,Contemporary mostly single-season series
s7484,Warrior,TV Show,2018,TV-MA,Adults,1,Crime TV Shows,Denmark,1,Contemporary mostly single-season series
s7485,Warrior Nun,TV Show,2020,TV-MA,Adults,1,TV Action & Adventure,United States,1,Contemporary mostly single-season series
s7486,Wartime Portraits,TV Show,2014,TV-MA,Adults,1,Docuseries,Poland,1,Contemporary mostly single-season series
s7487,Was It Love?,TV Show,2020,TV-14,Teens,1,International TV Shows,South Korea,1,Contemporary mostly single-season series
s7489,Wassup Man GO!,TV Show,2020,TV-MA,Adults,1,International TV Shows,Unknown Country,1,Contemporary mostly single-season series
s7493,Watership Down,TV Show,2018,TV-PG,Adults,1,British TV Shows,United Kingdom,1,Contemporary mostly single-season series
s7494,Way Back into Love,TV Show,2011,TV-14,Teens,1,International TV Shows,Taiwan,0,Older acquired television catalogue
s7500,We Are the Champions,TV Show,2020,TV-MA,Adults,1,Docuseries,United States,1,Contemporary mostly single-season series
s7501,We Are the Wave,TV Show,2019,TV-MA,Adults,1,International TV Shows,Germany,1,Contemporary mostly single-season series
s7504,We Bare Bears,TV Show,2018,TV-Y,Kids,2,Kids' TV,United States,1,Contemporary mostly single-season series
s7509,We Speak Dance,TV Show,2018,TV-MA,Adults,1,Docuseries,United States,1,Contemporary mostly single-season series
s7514,We're Lalaloopsy,TV Show,2017,TV-Y,Kids,1,Kids' TV,United States,1,Contemporary mostly single-season series
s7521,Weeds,TV Show,2012,TV-MA,Adults,8,TV Comedies,United States,3,Multi-season continuing series
s7523,Weird Wonders of the World,TV Show,2016,TV-PG,Adults,2,British TV Shows,United Kingdom,1,Contemporary mostly single-season series
s7531,Welcome to the Family,TV Show,2018,TV-MA,Adults,1,International TV Shows,Spain,1,Contemporary mostly single-season series
s7534,Well-Intended Love,TV Show,2020,TV-14,Teens,2,International TV Shows,China,1,Contemporary mostly single-season series
s7535,Wentworth,TV Show,2020,TV-MA,Adults,8,Crime TV Shows,Australia,3,Multi-season continuing series
s7538,West Coast Customs,TV Show,2015,TV-G,Kids,6,Docuseries,United States,3,Multi-season continuing series
s7540,Westside,TV Show,2018,TV-MA,Adults,1,Reality TV,United States,1,Contemporary mostly single-season series
s7541,Westside Story,TV Show,2003,TV-14,Teens,1,International TV Shows,Unknown Country,0,Older acquired television catalogue
s7543,Wet Hot American Summer,TV Show,2015,TV-MA,Adults,1,TV Comedies,United States,1,Contemporary mostly single-season series
s7544,Wet Hot American Summer: Ten Years Later,TV Show,2017,TV-MA,Adults,1,TV Comedies,United States,1,Contemporary mostly single-season series
s7545,WHAT / IF,TV Show,2019,TV-MA,Adults,1,TV Dramas,United States,1,Contemporary mostly single-season series
s7554,What Happens to My Family,TV Show,2016,TV-14,Teens,1,International TV Shows,Turkey,1,Contemporary mostly single-season series
s7555,What If?,TV Show,2019,TV-14,Teens,1,International TV Shows,Unknown Country,1,Contemporary mostly single-season series
s7556,What in the World Happened?,TV Show,2015,TV-14,Teens,1,International TV Shows,South Korea,1,Contemporary mostly single-season series
s7557,What Is Love?,TV Show,2012,TV-14,Teens,1,International TV Shows,Taiwan,1,Contemporary mostly single-season series
s7561,What She Put on the Table,TV Show,2017,TV-14,Teens,1,International TV Shows,Taiwan,1,Contemporary mostly single-season series
s7567,What the Love! with Karan Johar,TV Show,2020,TV-14,Teens,1,International TV Shows,United States,1,Contemporary mostly single-season series
s7572,What's New Scooby-Doo?,TV Show,2005,TV-Y7,Teens,3,Kids' TV,United States,0,Older acquired television catalogue
s7579,When Calls the Heart,TV Show,2017,TV-PG,Adults,5,TV Dramas,United States,3,Multi-season continuing series
s7581,When Heroes Fly,TV Show,2018,TV-MA,Adults,1,International TV Shows,Israel,1,Contemporary mostly single-season series
s7582,When I See You Again,TV Show,2015,TV-14,Teens,1,International TV Shows,Taiwan,1,Contemporary mostly single-season series
s7584,When the Camellia Blooms,TV Show,2019,TV-14,Teens,1,International TV Shows,South Korea,1,Contemporary mostly single-season series
s7585,When They See Us,TV Show,2019,TV-MA,Adults,1,Crime TV Shows,United States,1,Contemporary mostly single-season series
s7599,White Gold,TV Show,2019,TV-MA,Adults,2,British TV Shows,United Kingdom,1,Contemporary mostly single-season series
s7601,White Lines,TV Show,2020,TV-MA,Adults,1,British TV Shows,United Kingdom,1,Contemporary mostly single-season series
s7602,White Nights,TV Show,2016,TV-14,Teens,1,International TV Shows,South Korea,1,Contemporary mostly single-season series
s7603,White Rabbit Project,TV Show,2016,TV-14,Teens,1,Docuseries,United States,1,Contemporary mostly single-season series
s7606,Who Killed Little Gregory?,TV Show,2019,TV-MA,Adults,1,Crime TV Shows,France,1,Contemporary mostly single-season series
s7607,Who Killed Malcolm X?,TV Show,2020,TV-MA,Adults,1,Crime TV Shows,United States,1,Contemporary mostly single-season series
s7611,Who's the One,TV Show,2011,TV-14,Teens,1,International TV Shows,Taiwan,0,Older acquired television catalogue
s7613,"Whose Vote Counts, Explained",TV Show,2020,TV-PG,Adults,1,Docuseries,United States,1,Contemporary mostly single-season series
s7618,Wild Alaska,TV Show,2015,TV-PG,Adults,1,British TV Shows,United Kingdom,1,Contemporary mostly single-season series
s7619,Wild Arabia,TV Show,2013,TV-PG,Adults,1,British TV Shows,United Kingdom,1,Contemporary mostly single-season series
s7621,Wild District,TV Show,2019,TV-MA,Adults,2,Crime TV Shows,Colombia,1,Contemporary mostly single-season series
s7623,Wild Wild Country,TV Show,2018,TV-MA,Adults,1,Crime TV Shows,United States,1,Contemporary mostly single-season series
s7631,Win the Wilderness,TV Show,2020,TV-14,Teens,1,British TV Shows,United Kingdom,1,Contemporary mostly single-season series
s7635,Winsanity,TV Show,2016,TV-G,Kids,1,Reality TV,United States,1,Contemporary mostly single-season series
s7638,Winter Sun,TV Show,2014,TV-MA,Adults,1,International TV Shows,Turkey,1,Contemporary mostly single-season series
s7640,Winx Club,TV Show,2015,TV-Y7,Teens,1,Kids' TV,Italy,1,Contemporary mostly single-season series
s7646,Witches: A Century of Murder,TV Show,2015,TV-14,Teens,1,British TV Shows,United Kingdom,1,Contemporary mostly single-season series
s7651,Wizards: Tales of Arcadia,TV Show,2020,TV-Y7,Teens,1,Kids' TV,United States,1,Contemporary mostly single-season series
s7652,Wolf,TV Show,2018,TV-MA,Adults,1,International TV Shows,Turkey,1,Contemporary mostly single-season series
s7654,Women Behind Bars,TV Show,2010,TV-14,Teens,3,Crime TV Shows,United States,0,Older acquired television catalogue
s7656,Women Of The Night,TV Show,2019,TV-MA,Adults,1,Crime TV Shows,Netherlands,1,Contemporary mostly single-season series
s7661,Word Party,TV Show,2020,TV-Y,Kids,4,Kids' TV,United States,3,Multi-season continuing series
s7662,Word Party Songs,TV Show,2020,TV-Y,Kids,1,Kids' TV,United States,1,Contemporary mostly single-season series
s7664,Workin' Moms,TV Show,2020,TV-MA,Adults,4,International TV Shows,Canada,3,Multi-season continuing series
s7665,World at Your Feet,TV Show,2014,TV-14,Teens,1,International TV Shows,Singapore,1,Contemporary mostly single-season series
s7667,World of Winx,TV Show,2017,TV-Y7,Teens,2,Kids' TV,Italy,1,Contemporary mostly single-season series
s7669,World War II in Colour,TV Show,2009,TV-MA,Adults,1,British TV Shows,United Kingdom,0,Older acquired television catalogue
s7670,World's Busiest Cities,TV Show,2017,TV-PG,Adults,1,British TV Shows,United Kingdom,1,Contemporary mostly single-season series
s7671,World's Most Wanted,TV Show,2020,TV-14,Teens,1,Crime TV Shows,United States,1,Contemporary mostly single-season series
s7673,Wormwood,TV Show,2017,TV-14,Teens,1,Crime TV Shows,United States,1,Contemporary mostly single-season series
s7675,Wrong Kind of Black,TV Show,2018,TV-MA,Adults,1,TV Comedies,Australia,1,Contemporary mostly single-season series
s7678,Wu Assassins,TV Show,2019,TV-MA,Adults,1,TV Action & Adventure,United States,1,Contemporary mostly single-season series
s7679,WWII in HD,TV Show,2009,TV-14,Teens,1,Docuseries,United States,0,Older acquired television catalogue
s7683,Wynonna Earp,TV Show,2018,TV-14,Teens,3,International TV Shows,Canada,1,Contemporary mostly single-season series
s7699,Yankee,TV Show,2019,TV-MA,Adults,1,Crime TV Shows,Mexico,1,Contemporary mostly single-season series
s7700,Yanxi Palace: Princess Adventures,TV Show,2019,TV-14,Teens,1,International TV Shows,China,1,Contemporary mostly single-season series
s7704,Yeh Meri Family,TV Show,2018,TV-PG,Adults,1,International TV Shows,India,1,Contemporary mostly single-season series
s7710,Yes We Can!,TV Show,2014,TV-14,Teens,1,International TV Shows,Singapore,1,Contemporary mostly single-season series
s7712,YG Future Strategy Office,TV Show,2018,TV-MA,Adults,1,International TV Shows,South Korea,1,Contemporary mostly single-season series
s7713,Yo-Kai Watch,TV Show,2015,TV-Y7,Teens,1,Anime Series,United States,1,Contemporary mostly single-season series
s7716,Yoko,TV Show,2016,TV-Y,Kids,1,Kids' TV,Unknown Country,1,Contemporary mostly single-season series
s7718,YOM,TV Show,2016,TV-Y7,Teens,1,Kids' TV,Unknown Country,1,Contemporary mostly single-season series
s7721,YooHoo to the Rescue,TV Show,2020,TV-Y,Kids,3,Kids' TV,South Korea,1,Contemporary mostly single-season series
s7722,You,TV Show,2019,TV-MA,Adults,2,Crime TV Shows,United States,1,Contemporary mostly single-season series
s7726,You Cannot Hide,TV Show,2020,TV-MA,Adults,1,Crime TV Shows,Mexico,1,Contemporary mostly single-season series
s7731,You vs. Wild,TV Show,2019,TV-PG,Adults,1,Kids' TV,United States,1,Contemporary mostly single-season series
s7734,You're My Destiny,TV Show,2008,TV-MA,Adults,1,International TV Shows,Taiwan,0,Older acquired television catalogue
s7736,Young & Hungry,TV Show,2017,TV-14,Teens,5,TV Comedies,United States,3,Multi-season continuing series
s7739,Young Wallander,TV Show,2020,TV-MA,Adults,1,Crime TV Shows,United Kingdom,1,Contemporary mostly single-season series
s7741,Your lie in April,TV Show,2014,TV-14,Teens,1,Anime Series,Japan,1,Contemporary mostly single-season series
s7744,Yours Fatefully,TV Show,2012,TV-14,Teens,1,International TV Shows,Singapore,1,Contemporary mostly single-season series
s7747,دفعة القاهرة,TV Show,2019,TV-14,Teens,1,International TV Shows,Unknown Country,1,Contemporary mostly single-season series
s7750,Yu-Gi-Oh!,TV Show,2005,TV-Y7,Teens,2,Anime Series,Japan,0,Older acquired television catalogue
s7751,Yu-Gi-Oh! Arc-V,TV Show,2015,TV-Y7,Teens,2,Anime Series,Japan,1,Contemporary mostly single-season series
s7753,Yummy Mummies,TV Show,2019,TV-MA,Adults,2,International TV Shows,Australia,1,Contemporary mostly single-season series
s7754,Yunus Emre,TV Show,2016,TV-PG,Adults,2,International TV Shows,Turkey,1,Contemporary mostly single-season series
s7756,Z Nation,TV Show,2018,TV-MA,Adults,5,TV Action & Adventure,United States,3,Multi-season continuing series
s7757,Z4,TV Show,2018,TV-PG,Adults,2,Kids' TV,Brazil,1,Contemporary mostly single-season series
s7760,Zak Storm,TV Show,2016,TV-Y7,Teens,3,Kids' TV,United States,1,Contemporary mostly single-season series
s7767,Zig & Sharko,TV Show,2016,TV-Y7,Teens,1,Kids' TV,France,1,Contemporary mostly single-season series
s7768,Zindagi Gulzar Hai,TV Show,2012,TV-PG,Adults,1,International TV Shows,Pakistan,1,Contemporary mostly single-season series
s7776,Zoids Wild,TV Show,2018,TV-Y7,Teens,1,Anime Series,Japan,1,Contemporary mostly single-season series
s7778,Zombie Dumb,TV Show,2018,TV-Y7,Teens,2,Kids' TV,Unknown Country,1,Contemporary mostly single-season series
s7780,Zona Rosa,TV Show,2019,TV-MA,Adults,1,International TV Shows,Mexico,1,Contemporary mostly single-season series
s7786,Zumbo's Just Desserts,TV Show,2019,TV-PG,Adults,1,International TV Shows,Australia,1,Contemporary mostly single-season series
