show_id,title,type,release_year,rating,target_audience,duration_int,primary_genre,primary_country,cluster,cluster_label
s2,7:19,Movie,2016,TV-MA,Adults,93,Dramas,Mexico,0,Contemporary international feature films
s3,23:59,Movie,2011,R,Adults,78,Horror Movies,Singapore,0,Contemporary international feature films
s4,9,Movie,2009,PG-13,Teens,80,Action & Adventure,United States,1,Mid-catalogue licensed features
s5,21,Movie,2008,PG-13,Teens,123,Dramas,United States,1,Mid-catalogue licensed features
s7,122,Movie,2019,TV-MA,Adults,95,Horror Movies,Egypt,0,Contemporary international feature films
s8,187,Movie,1997,R,Adults,119,Dramas,United States,1,Mid-catalogue licensed features
s9,706,Movie,2019,TV-14,Teens,118,Horror Movies,India,0,Contemporary international feature films
s10,1920,Movie,2008,TV-MA,Adults,143,Horror Movies,India,1,Mid-catalogue licensed features
s11,1922,Movie,2017,TV-MA,Adults,103,Dramas,United States,3,"Short-form US docs, stand-up, and family titles"
s14,"2,215",Movie,2018,TV-MA,Adults,89,Documentaries,Thailand,0,Contemporary international feature films
s15,3022,Movie,2019,R,Adults,91,Independent Movies,United States,0,Contemporary international feature films
s16,Oct-01,Movie,2014,TV-14,Teens,149,Dramas,Nigeria,0,Contemporary international feature films
s18,22-Jul,Movie,2018,R,Adults,144,Dramas,Norway,0,Contemporary international feature films
s19,15-Aug,Movie,2019,TV-14,Teens,124,Comedies,India,0,Contemporary international feature films
s20,'89,Movie,2017,TV-PG,Adults,87,Sports Movies,United Kingdom,3,"Short-form US docs, stand-up, and family titles"
s21,​​Kuch Bheege Alfaaz,Movie,2018,TV-14,Teens,110,Dramas,India,0,Contemporary international feature films
s22,​Goli Soda 2,Movie,2018,TV-14,Teens,128,Action & Adventure,India,0,Contemporary international feature films
s23,​Maj Rati ​​Keteki,Movie,2017,TV-14,Teens,117,Dramas,India,0,Contemporary international feature films
s24,​Mayurakshi,Movie,2017,TV-14,Teens,100,Dramas,India,0,Contemporary international feature films
s26,(T)ERROR,Movie,2015,NR,Unrated,84,Documentaries,United States,3,"Short-form US docs, stand-up, and family titles"
s28,#Alive,Movie,2020,TV-MA,Adults,99,Horror Movies,South Korea,0,Contemporary international feature films
s29,#AnneFrank - Parallel Stories,Movie,2019,TV-14,Teens,95,Documentaries,Italy,0,Contemporary international feature films
s31,#cats_the_mewvie,Movie,2020,TV-14,Teens,90,Documentaries,Canada,0,Contemporary international feature films
s32,#FriendButMarried,Movie,2018,TV-G,Kids,102,Dramas,Indonesia,0,Contemporary international feature films
s33,#FriendButMarried 2,Movie,2020,TV-G,Kids,104,Dramas,Indonesia,0,Contemporary international feature films
s34,#realityhigh,Movie,2017,TV-14,Teens,99,Comedies,United States,3,"Short-form US docs, stand-up, and family titles"
s35,#Roxy,Movie,2018,TV-14,Teens,105,Comedies,Canada,0,Contemporary international feature films
s36,#Rucker50,Movie,2016,TV-PG,Adults,56,Documentaries,United States,3,"Short-form US docs, stand-up, and family titles"
s37,#Selfie,Movie,2014,TV-MA,Adults,125,Comedies,Romania,0,Contemporary international feature films
s38,#Selfie 69,Movie,2016,TV-MA,Adults,119,Comedies,Romania,0,Contemporary international feature films
s40,"¡Ay, mi madre!",Movie,2019,TV-MA,Adults,81,Comedies,Spain,0,Contemporary international feature films
s41,Çarsi Pazar,Movie,2015,TV-14,Teens,97,Comedies,Turkey,0,Contemporary international feature films
s42,Ég man þig,Movie,2017,TV-MA,Adults,106,Horror Movies,Iceland,0,Contemporary international feature films
s43,Çok Filim Hareketler Bunlar,Movie,2010,TV-MA,Adults,99,Comedies,Turkey,0,Contemporary international feature films
s44,Òlòtūré,Movie,2020,TV-MA,Adults,107,Dramas,Nigeria,0,Contemporary international feature films
s45,Æon Flux,Movie,2005,PG-13,Teens,93,Action & Adventure,United States,1,Mid-catalogue licensed features
s47,1 Chance 2 Dance,Movie,2014,TV-PG,Adults,89,Dramas,United States,3,"Short-form US docs, stand-up, and family titles"
s48,1 Mile to You,Movie,2017,TV-14,Teens,105,Dramas,United States,0,Contemporary international feature films
s49,10 Days in Sun City,Movie,2017,TV-14,Teens,87,Comedies,South Africa,0,Contemporary international feature films
s50,10 jours en or,Movie,2012,TV-14,Teens,97,Comedies,France,0,Contemporary international feature films
s51,"10,000 B.C.",Movie,2008,PG-13,Teens,109,Action & Adventure,United States,1,Mid-catalogue licensed features
s53,100 Days Of Solitude,Movie,2018,TV-MA,Adults,93,Documentaries,Spain,0,Contemporary international feature films
s55,100 Meters,Movie,2016,TV-MA,Adults,109,Dramas,Portugal,0,Contemporary international feature films
s56,100 Things to do Before High School,Movie,2014,TV-Y,Kids,44,Movies,United States,3,"Short-form US docs, stand-up, and family titles"
s57,100 Years: One Woman's Fight for Justice,Movie,2016,TV-14,Teens,75,Documentaries,United States,3,"Short-form US docs, stand-up, and family titles"
s58,100% Halal,Movie,2020,TV-14,Teens,101,Dramas,Indonesia,0,Contemporary international feature films
s60,1000 Rupee Note,Movie,2014,TV-14,Teens,89,Dramas,India,0,Contemporary international feature films
s61,12 ROUND GUN,Movie,2017,TV-MA,Adults,90,Dramas,United States,0,Contemporary international feature films
s63,13 Cameras,Movie,2015,NR,Unrated,90,Horror Movies,United States,0,Contemporary international feature films
s66,13 Sins,Movie,2014,R,Adults,93,Horror Movies,United States,3,"Short-form US docs, stand-up, and family titles"
s67,13TH,Movie,2016,TV-MA,Adults,101,Documentaries,United States,3,"Short-form US docs, stand-up, and family titles"
s68,13TH: A Conversation with Oprah Winfrey & Ava DuVernay,Movie,2017,TV-MA,Adults,37,Movies,Unknown Country,3,"Short-form US docs, stand-up, and family titles"
s69,14 Blades,Movie,2010,R,Adults,113,Action & Adventure,Hong Kong,0,Contemporary international feature films
s70,14 Cameras,Movie,2018,TV-MA,Adults,89,Horror Movies,United States,3,"Short-form US docs, stand-up, and family titles"
s71,14 Minutes from Earth,Movie,2016,TV-MA,Adults,84,Documentaries,United States,3,"Short-form US docs, stand-up, and family titles"
s72,16 Blocks,Movie,2006,PG-13,Teens,102,Action & Adventure,United States,1,Mid-catalogue licensed features
s73,17 Again,Movie,2009,PG-13,Teens,102,Comedies,United States,1,Mid-catalogue licensed features
s74,18 Presents,Movie,2020,TV-MA,Adults,114,Dramas,Italy,0,Contemporary international feature films
s75,1898: Our Last Men in the Philippines,Movie,2016,R,Adults,130,Dramas,Spain,0,Contemporary international feature films
s76,1BR,Movie,2019,TV-MA,Adults,90,Horror Movies,United States,0,Contemporary international feature films
s77,1st Summoning,Movie,2018,TV-MA,Adults,94,Horror Movies,United States,3,"Short-form US docs, stand-up, and family titles"
s78,2 Alone in Paris,Movie,2008,TV-MA,Adults,97,Comedies,France,1,Mid-catalogue licensed features
s79,2 States,Movie,2014,TV-PG,Adults,143,Comedies,India,0,Contemporary international feature films
s80,20 Feet From Stardom,Movie,2013,PG-13,Teens,91,Documentaries,United States,3,"Short-form US docs, stand-up, and family titles"
s82,2015 Dream Concert,Movie,2015,TV-PG,Adults,107,International Movies,South Korea,0,Contemporary international feature films
s83,2036 Origin Unknown,Movie,2018,TV-14,Teens,95,Sci-Fi & Fantasy,United Kingdom,3,"Short-form US docs, stand-up, and family titles"
s84,20th Century Women,Movie,2016,R,Adults,119,Dramas,United States,0,Contemporary international feature films
s85,21 & Over,Movie,2013,R,Adults,93,Comedies,United States,3,"Short-form US docs, stand-up, and family titles"
s89,2307: Winter's Dream,Movie,2016,TV-MA,Adults,101,Action & Adventure,United States,0,Contemporary international feature films
s90,24 Hours to Live,Movie,2017,R,Adults,93,Action & Adventure,South Africa,3,"Short-form US docs, stand-up, and family titles"
s91,25 Kille,Movie,2016,TV-14,Teens,140,Action & Adventure,India,0,Contemporary international feature films
s92,26 Years,Movie,2012,TV-MA,Adults,135,Dramas,South Korea,0,Contemporary international feature films
s93,"27, el club de los malditos",Movie,2018,TV-MA,Adults,82,Action & Adventure,Argentina,0,Contemporary international feature films
s94,27: Gone Too Soon,Movie,2017,TV-MA,Adults,70,Documentaries,United Kingdom,3,"Short-form US docs, stand-up, and family titles"
s95,28 Days,Movie,2000,PG-13,Teens,104,Comedies,United States,1,Mid-catalogue licensed features
s97,3 Days to Kill,Movie,2014,PG-13,Teens,117,Action & Adventure,United States,3,"Short-form US docs, stand-up, and family titles"
s98,3 Deewarein,Movie,2003,TV-MA,Adults,121,Dramas,Unknown Country,1,Mid-catalogue licensed features
s99,3 Generations,Movie,2015,PG-13,Teens,92,Dramas,United States,3,"Short-form US docs, stand-up, and family titles"
s100,3 Heroines,Movie,2016,TV-PG,Adults,124,Dramas,Indonesia,0,Contemporary international feature films
s101,3 Idiots,Movie,2009,PG-13,Teens,164,Comedies,India,1,Mid-catalogue licensed features
s102,3 Seconds Divorce,Movie,2018,TV-PG,Adults,53,Documentaries,Canada,3,"Short-form US docs, stand-up, and family titles"
s103,3 Türken & ein Baby,Movie,2015,TV-MA,Adults,93,Comedies,Germany,0,Contemporary international feature films
s104,30 Days of Luxury,Movie,2016,TV-14,Teens,91,Comedies,Egypt,0,Contemporary international feature films
s105,30 Minutes or Less,Movie,2011,R,Adults,83,Action & Adventure,United States,3,"Short-form US docs, stand-up, and family titles"
s106,300 Miles to Heaven,Movie,1989,TV-14,Teens,93,Dramas,Denmark,1,Mid-catalogue licensed features
s107,365 Days,Movie,2020,TV-MA,Adults,114,Dramas,Poland,0,Contemporary international feature films
s108,37 Seconds,Movie,2020,TV-MA,Adults,116,Dramas,Japan,0,Contemporary international feature films
s110,40 Sticks,Movie,2019,TV-14,Teens,93,International Movies,Kenya,0,Contemporary international feature films
s111,42 Grams,Movie,2017,TV-MA,Adults,81,Documentaries,United States,3,"Short-form US docs, stand-up, and family titles"
s114,48 Christmas Wishes,Movie,2017,TV-G,Kids,84,Children & Family Movies,Canada,3,"Short-form US docs, stand-up, and family titles"
s115,4L,Movie,2019,TV-MA,Adults,105,Comedies,Spain,0,Contemporary international feature films
s116,4th Man Out,Movie,2015,NR,Unrated,86,Comedies,United States,3,"Short-form US docs, stand-up, and family titles"
s117,4th Republic,Movie,2019,TV-MA,Adults,120,Dramas,Nigeria,0,Contemporary international feature films
s118,5 Cowok Jagoan,Movie,2017,TV-MA,Adults,106,Action & Adventure,Unknown Country,0,Contemporary international feature films
s119,5 Flights Up,Movie,2014,PG-13,Teens,92,Comedies,United States,0,Contemporary international feature films
s120,5 Star Christmas,Movie,2018,TV-14,Teens,96,Comedies,Italy,0,Contemporary international feature films
s121,5 to 7,Movie,2014,R,Adults,97,Comedies,United States,0,Contemporary international feature films
s122,50 First Dates,Movie,2004,PG-13,Teens,99,Comedies,United States,1,Mid-catalogue licensed features
s123,50/50,Movie,2011,R,Adults,100,Comedies,United States,0,Contemporary international feature films
s124,5CM,Movie,2012,TV-14,Teens,126,Dramas,Indonesia,0,Contemporary international feature films
s125,5Gang,Movie,2019,TV-14,Teens,96,Comedies,Romania,0,Contemporary international feature films
s126,6 Balloons,Movie,2018,TV-MA,Adults,75,Dramas,United States,3,"Short-form US docs, stand-up, and family titles"
s127,6 Days,Movie,2017,R,Adults,94,Action & Adventure,New Zealand,0,Contemporary international feature films
s128,6 Underground,Movie,2019,R,Adults,129,Action & Adventure,United States,0,Contemporary international feature films
s129,6 Years,Movie,2015,TV-MA,Adults,80,Dramas,United States,0,Contemporary international feature films
s130,6-5=2,Movie,2014,TV-MA,Adults,103,Horror Movies,India,0,Contemporary international feature films
s132,68 Kill,Movie,2017,R,Adults,96,Comedies,United States,0,Contemporary international feature films
s134,7 años,Movie,2016,TV-MA,Adults,77,Dramas,Spain,0,Contemporary international feature films
s136,7 Din Mohabbat In,Movie,2018,TV-PG,Adults,137,Comedies,Pakistan,0,Contemporary international feature films
s137,7 Khoon Maaf,Movie,2011,TV-MA,Adults,148,Dramas,India,0,Contemporary international feature films
s144,90 ML,Movie,2019,TV-MA,Adults,123,Comedies,India,0,Contemporary international feature films
s145,93 Days,Movie,2016,TV-PG,Adults,121,Dramas,Nigeria,0,Contemporary international feature films
s146,A 2nd Chance,Movie,2011,PG,Teens,95,Children & Family Movies,Australia,0,Contemporary international feature films
s147,A 3 Minute Hug,Movie,2019,TV-PG,Adults,28,Documentaries,Mexico,3,"Short-form US docs, stand-up, and family titles"
s148,A Babysitter's Guide to Monster Hunting,Movie,2020,TV-PG,Adults,99,Children & Family Movies,United States,3,"Short-form US docs, stand-up, and family titles"
s149,A Bad Moms Christmas,Movie,2017,R,Adults,104,Comedies,United States,3,"Short-form US docs, stand-up, and family titles"
s150,A Beautiful Life,Movie,2011,TV-14,Teens,122,Dramas,China,0,Contemporary international feature films
s151,A Billion Colour Story,Movie,2016,TV-14,Teens,104,Dramas,India,0,Contemporary international feature films
s152,A Boy Called Po,Movie,2016,PG,Teens,94,Dramas,United States,3,"Short-form US docs, stand-up, and family titles"
s154,A Bridge Too Far,Movie,1977,PG,Teens,176,Action & Adventure,United States,2,Classic and vintage cinema
s155,A California Christmas,Movie,2020,PG-13,Teens,107,Comedies,United States,3,"Short-form US docs, stand-up, and family titles"
s156,A Champion Heart,Movie,2018,G,Kids,90,Children & Family Movies,United States,3,"Short-form US docs, stand-up, and family titles"
s157,A Chaster Marriage,Movie,2016,TV-14,Teens,94,Comedies,Turkey,0,Contemporary international feature films
s158,A Choo,Movie,2020,TV-14,Teens,101,Action & Adventure,Taiwan,0,Contemporary international feature films
s159,A Christmas Catch,Movie,2018,TV-G,Kids,87,Dramas,Canada,0,Contemporary international feature films
s160,A Christmas Prince,Movie,2017,TV-PG,Adults,92,Children & Family Movies,United States,0,Contemporary international feature films
s161,A Christmas Prince: The Royal Baby,Movie,2019,TV-PG,Adults,85,Children & Family Movies,United States,0,Contemporary international feature films
s162,A Christmas Prince: The Royal Wedding,Movie,2018,TV-PG,Adults,93,Children & Family Movies,United States,0,Contemporary international feature films
s163,A Christmas Special: Miraculous: Tales of Ladybug & Cat Noir,Movie,2016,TV-Y7,Teens,22,Movies,France,3,"Short-form US docs, stand-up, and family titles"
s164,A Cinderella Story,Movie,2004,PG,Teens,95,Children & Family Movies,United States,1,Mid-catalogue licensed features
s165,A Cinderella Story: Christmas Wish,Movie,2019,PG,Teens,86,Children & Family Movies,United States,0,Contemporary international feature films
s166,A Clockwork Orange,Movie,1971,R,Adults,137,Classic Movies,United Kingdom,2,Classic and vintage cinema
s167,A Dangerous Woman,Movie,1993,R,Adults,101,Dramas,United States,1,Mid-catalogue licensed features
s168,A Fairly Odd Summer,Movie,2014,TV-Y7,Teens,68,Children & Family Movies,United States,3,"Short-form US docs, stand-up, and family titles"
s169,A Fall from Grace,Movie,2020,TV-MA,Adults,121,Dramas,United States,0,Contemporary international feature films
s170,A Family Affair,Movie,2015,TV-PG,Adults,111,Documentaries,Netherlands,0,Contemporary international feature films
s171,A Family Man,Movie,2016,R,Adults,110,Dramas,Canada,0,Contemporary international feature films
s172,A Family Reunion Christmas,Movie,2019,TV-PG,Adults,29,Movies,United States,3,"Short-form US docs, stand-up, and family titles"
s173,A Flying Jatt,Movie,2016,TV-14,Teens,142,Action & Adventure,India,0,Contemporary international feature films
s174,A Fortunate Man,Movie,2018,TV-MA,Adults,168,Dramas,Denmark,0,Contemporary international feature films
s175,A Futile and Stupid Gesture,Movie,2018,TV-MA,Adults,102,Comedies,United States,3,"Short-form US docs, stand-up, and family titles"
s176,A Ghost Story,Movie,2017,R,Adults,92,Dramas,United States,3,"Short-form US docs, stand-up, and family titles"
s177,A Glimpse Inside the Mind of Charles Swan III,Movie,2012,R,Adults,86,Comedies,United States,3,"Short-form US docs, stand-up, and family titles"
s178,A Go! Go! Cory Carson Christmas,Movie,2020,TV-Y,Kids,22,Children & Family Movies,United States,3,"Short-form US docs, stand-up, and family titles"
s179,A Go! Go! Cory Carson Halloween,Movie,2020,TV-Y,Kids,22,Children & Family Movies,Unknown Country,3,"Short-form US docs, stand-up, and family titles"
s180,A Go! Go! Cory Carson Summer Camp,Movie,2020,TV-Y,Kids,21,Children & Family Movies,Unknown Country,3,"Short-form US docs, stand-up, and family titles"
s182,A Grand Night In: The Story of Aardman,Movie,2015,TV-PG,Adults,59,Documentaries,United Kingdom,3,"Short-form US docs, stand-up, and family titles"
s183,A Gray State,Movie,2017,TV-MA,Adults,93,Documentaries,United States,3,"Short-form US docs, stand-up, and family titles"
s184,A Haunted House,Movie,2013,R,Adults,86,Comedies,United States,3,"Short-form US docs, stand-up, and family titles"
s185,A Haunting at Silver Falls: The Return,Movie,2019,TV-14,Teens,80,Horror Movies,United States,3,"Short-form US docs, stand-up, and family titles"
s186,A Heavy Heart,Movie,2015,TV-MA,Adults,109,Dramas,Germany,0,Contemporary international feature films
s187,A Holiday Engagement,Movie,2011,TV-G,Kids,92,Children & Family Movies,United States,0,Contemporary international feature films
s188,A Home with A View,Movie,2019,TV-MA,Adults,92,Comedies,Hong Kong,0,Contemporary international feature films
s190,A Kid from Coney Island,Movie,2019,TV-MA,Adults,89,Documentaries,United States,3,"Short-form US docs, stand-up, and family titles"
s191,A Kind of Murder,Movie,2016,R,Adults,96,Thrillers,United States,3,"Short-form US docs, stand-up, and family titles"
s193,A Land Imagined,Movie,2019,TV-MA,Adults,95,Dramas,France,0,Contemporary international feature films
s194,A Leaf of Faith,Movie,2018,TV-MA,Adults,87,Documentaries,United States,3,"Short-form US docs, stand-up, and family titles"
s195,A Life of Speed: The Juan Manuel Fangio Story,Movie,2020,TV-14,Teens,93,Documentaries,Argentina,0,Contemporary international feature films
s197,A Little Chaos,Movie,2014,R,Adults,113,Dramas,United Kingdom,0,Contemporary international feature films
s201,A Love Song for Latasha,Movie,2020,TV-PG,Adults,20,Documentaries,United States,3,"Short-form US docs, stand-up, and family titles"
s202,A Love Story,Movie,2007,TV-14,Teens,117,Dramas,Philippines,1,Mid-catalogue licensed features
s204,A Mighty Team,Movie,2016,TV-MA,Adults,97,Comedies,France,0,Contemporary international feature films
s205,A Mission in an Old Movie,Movie,2012,TV-MA,Adults,98,Comedies,Unknown Country,0,Contemporary international feature films
s206,A Monster Calls,Movie,2016,PG-13,Teens,108,Dramas,United Kingdom,0,Contemporary international feature films
s207,A Most Violent Year,Movie,2014,R,Adults,125,Dramas,United Arab Emirates,0,Contemporary international feature films
s208,A Murder in the Park,Movie,2014,PG-13,Teens,91,Documentaries,United States,3,"Short-form US docs, stand-up, and family titles"
s209,A new Capitalism,Movie,2017,TV-14,Teens,76,Documentaries,Brazil,3,"Short-form US docs, stand-up, and family titles"
s210,A New York Christmas Wedding,Movie,2020,TV-MA,Adults,90,Dramas,United States,0,Contemporary international feature films
s211,A Night at the Roxbury,Movie,1998,PG-13,Teens,82,Comedies,United States,1,Mid-catalogue licensed features
s212,A Noble Intention,Movie,2015,TV-MA,Adults,111,Dramas,Netherlands,0,Contemporary international feature films
s213,A Patch of Fog,Movie,2015,TV-MA,Adults,92,Dramas,United Kingdom,3,"Short-form US docs, stand-up, and family titles"
s215,A Perfect Ending,Movie,2012,TV-MA,Adults,110,Dramas,United States,0,Contemporary international feature films
s216,A Perfect Man,Movie,2013,R,Adults,94,Dramas,United States,0,Contemporary international feature films
s217,A Plastic Ocean,Movie,2016,TV-14,Teens,100,Documentaries,United Kingdom,3,"Short-form US docs, stand-up, and family titles"
s218,A Princess for Christmas,Movie,2011,TV-PG,Adults,91,Children & Family Movies,United States,0,Contemporary international feature films
s220,A Remarkable Tale,Movie,2019,TV-MA,Adults,94,Comedies,Spain,0,Contemporary international feature films
s221,A Russell Peters Christmas,Movie,2011,NR,Unrated,44,Stand-Up Comedy,Canada,3,"Short-form US docs, stand-up, and family titles"
s222,A Scandall,Movie,2016,TV-MA,Adults,108,International Movies,India,0,Contemporary international feature films
s223,A Second Chance,Movie,2015,TV-MA,Adults,130,Dramas,Philippines,0,Contemporary international feature films
s224,A Secret Love,Movie,2020,TV-14,Teens,83,Documentaries,United States,3,"Short-form US docs, stand-up, and family titles"
s225,A Separation,Movie,2011,PG-13,Teens,123,Dramas,Iran,0,Contemporary international feature films
s227,A Serious Man,Movie,2009,R,Adults,106,Comedies,United States,1,Mid-catalogue licensed features
s228,A Shaun the Sheep Movie: Farmageddon,Movie,2020,G,Kids,87,Children & Family Movies,United Kingdom,0,Contemporary international feature films
s229,A Silent Voice,Movie,2016,TV-14,Teens,130,Anime Features,Japan,0,Contemporary international feature films
s230,A Single Man,Movie,2009,R,Adults,100,Dramas,United States,1,Mid-catalogue licensed features
s231,A Sort of Family,Movie,2017,TV-14,Teens,96,Dramas,Argentina,0,Contemporary international feature films
s232,A Sort of Homecoming,Movie,2015,TV-PG,Adults,89,Dramas,United States,3,"Short-form US docs, stand-up, and family titles"
s233,A Stoning in Fulham County,Movie,1988,TV-14,Teens,95,Dramas,United States,1,Mid-catalogue licensed features
s234,A StoryBots Christmas,Movie,2017,TV-Y,Kids,26,Children & Family Movies,United States,3,"Short-form US docs, stand-up, and family titles"
s235,A Sun,Movie,2019,TV-MA,Adults,156,Dramas,Taiwan,0,Contemporary international feature films
s237,A Tale of Love and Darkness,Movie,2015,PG-13,Teens,98,Dramas,Israel,0,Contemporary international feature films
s238,A Tale of Two Kitchens,Movie,2019,TV-PG,Adults,30,Documentaries,United States,3,"Short-form US docs, stand-up, and family titles"
s239,A Thin Line Between Love & Hate,Movie,1996,R,Adults,108,Comedies,United States,1,Mid-catalogue licensed features
s241,A Thousand Words,Movie,2012,PG-13,Teens,92,Comedies,United States,3,"Short-form US docs, stand-up, and family titles"
s243,A Trash Truck Christmas,Movie,2020,TV-Y,Kids,28,Children & Family Movies,Unknown Country,3,"Short-form US docs, stand-up, and family titles"
s244,A Trip to Jamaica,Movie,2016,TV-MA,Adults,99,Comedies,Nigeria,0,Contemporary international feature films
s245,A truthful Mother,Movie,2020,TV-Y7,Teens,85,Children & Family Movies,India,3,"Short-form US docs, stand-up, and family titles"
s246,A Twelve Year Night,Movie,2018,TV-MA,Adults,122,Dramas,Uruguay,0,Contemporary international feature films
s247,A Very Country Christmas,Movie,2017,TV-G,Kids,84,Music & Musicals,United States,3,"Short-form US docs, stand-up, and family titles"
s248,A Very Murray Christmas,Movie,2015,TV-14,Teens,57,Comedies,United States,3,"Short-form US docs, stand-up, and family titles"
s250,A Very Special Love,Movie,2008,TV-G,Kids,107,International Movies,Philippines,1,Mid-catalogue licensed features
s251,A Walk to Remember,Movie,2002,PG,Teens,102,Dramas,United States,1,Mid-catalogue licensed features
s252,A Wednesday,Movie,2008,TV-MA,Adults,103,Action & Adventure,India,1,Mid-catalogue licensed features
s253,A Week in Watts,Movie,2017,TV-14,Teens,91,Documentaries,United States,3,"Short-form US docs, stand-up, and family titles"
s254,A Whisker Away,Movie,2020,TV-PG,Adults,104,Anime Features,Japan,0,Contemporary international feature films
s255,A Witches' Ball,Movie,2017,PG,Teens,91,Children & Family Movies,Canada,3,"Short-form US docs, stand-up, and family titles"
s256,A Wrinkle in Time,Movie,2018,PG,Teens,110,Children & Family Movies,United States,3,"Short-form US docs, stand-up, and family titles"
s258,A Yellow Bird,Movie,2016,TV-MA,Adults,111,Dramas,Singapore,0,Contemporary international feature films
s262,A.M.I.,Movie,2019,TV-MA,Adults,77,Horror Movies,Canada,3,"Short-form US docs, stand-up, and family titles"
s263,A.X.L.,Movie,2018,PG,Teens,99,Action & Adventure,United States,0,Contemporary international feature films
s264,Aşk Tesadüfleri Sever,Movie,2011,TV-MA,Adults,122,Dramas,Turkey,0,Contemporary international feature films
s265,Aadu 2,Movie,2017,TV-MA,Adults,150,Comedies,India,0,Contemporary international feature films
s266,Aagey Se Right,Movie,2009,TV-14,Teens,117,Comedies,India,1,Mid-catalogue licensed features
s267,Aajcha Divas Majha,Movie,2013,TV-PG,Adults,126,Comedies,India,0,Contemporary international feature films
s268,Aakhri Adaalat,Movie,1988,TV-14,Teens,148,Action & Adventure,India,1,Mid-catalogue licensed features
s269,Aalorukkam,Movie,2018,TV-PG,Adults,122,Dramas,India,0,Contemporary international feature films
s270,Aamir,Movie,2008,TV-14,Teens,95,International Movies,India,1,Mid-catalogue licensed features
s271,Aapla Manus,Movie,2018,TV-14,Teens,133,Dramas,India,0,Contemporary international feature films
s272,Aarakshan,Movie,2011,TV-14,Teens,164,Dramas,India,0,Contemporary international feature films
s273,Aashayein,Movie,2010,TV-14,Teens,115,Dramas,India,0,Contemporary international feature films
s274,Aashik Awara,Movie,1993,TV-14,Teens,154,Dramas,India,1,Mid-catalogue licensed features
s275,Aata Pita,Movie,2010,TV-14,Teens,133,Comedies,India,0,Contemporary international feature films
s276,Aaviri,Movie,2019,TV-14,Teens,110,Horror Movies,India,0,Contemporary international feature films
s278,Abby Sen,Movie,2015,TV-PG,Adults,127,Comedies,India,0,Contemporary international feature films
s279,ABCD 2,Movie,2015,TV-14,Teens,146,Dramas,India,0,Contemporary international feature films
s280,ABCD: Any Body Can Dance,Movie,2013,TV-14,Teens,136,Dramas,India,0,Contemporary international feature films
s281,Abdo Mota,Movie,2012,TV-MA,Adults,100,Action & Adventure,Egypt,0,Contemporary international feature films
s282,Abducted in Plain Sight,Movie,2017,TV-14,Teens,90,Documentaries,United States,3,"Short-form US docs, stand-up, and family titles"
s283,"Abdullah, The Final Witness",Movie,2016,TV-14,Teens,88,Dramas,Pakistan,0,Contemporary international feature films
s284,Abhinetri,Movie,2016,TV-14,Teens,131,Comedies,India,0,Contemporary international feature films
s286,Abominable Christmas,Movie,2012,TV-Y7,Teens,44,Children & Family Movies,United States,3,"Short-form US docs, stand-up, and family titles"
s287,About a Boy,Movie,2002,PG-13,Teens,101,Comedies,United Kingdom,1,Mid-catalogue licensed features
s288,About Time,Movie,2013,R,Adults,123,Comedies,United Kingdom,0,Contemporary international feature films
s292,Abzurdah,Movie,2015,TV-MA,Adults,90,Dramas,Argentina,0,Contemporary international feature films
s293,Acapulco La vida va,Movie,2016,TV-MA,Adults,89,Comedies,Mexico,0,Contemporary international feature films
s294,Accident,Movie,2009,TV-MA,Adults,87,International Movies,Hong Kong,0,Contemporary international feature films
s296,Across Grace Alley,Movie,2013,TV-PG,Adults,24,Dramas,United States,3,"Short-form US docs, stand-up, and family titles"
s297,Across The Line,Movie,2015,TV-MA,Adults,88,Dramas,Canada,0,Contemporary international feature films
s298,Across the Universe,Movie,2007,PG-13,Teens,133,Dramas,United States,1,Mid-catalogue licensed features
s299,Act of Valor,Movie,2012,R,Adults,110,Action & Adventure,United States,3,"Short-form US docs, stand-up, and family titles"
s300,Act of Vengeance,Movie,2010,NR,Unrated,112,Action & Adventure,Turkey,0,Contemporary international feature films
s301,Action Replayy,Movie,2010,TV-PG,Adults,129,Children & Family Movies,India,0,Contemporary international feature films
s302,Acts of Vengeance,Movie,2017,R,Adults,87,Action & Adventure,Bulgaria,0,Contemporary international feature films
s303,Acts of Violence,Movie,2018,R,Adults,87,Action & Adventure,Canada,3,"Short-form US docs, stand-up, and family titles"
s305,Adú,Movie,2020,TV-MA,Adults,120,Dramas,Spain,0,Contemporary international feature films
s306,Adam Devine: Best Time of Our Lives,Movie,2019,TV-MA,Adults,59,Stand-Up Comedy,United States,3,"Short-form US docs, stand-up, and family titles"
s308,ADAM SANDLER 100% FRESH,Movie,2018,TV-MA,Adults,74,Stand-Up Comedy,United States,3,"Short-form US docs, stand-up, and family titles"
s309,Adam: His Song Continues,Movie,1986,TV-MA,Adults,96,Dramas,United States,1,Mid-catalogue licensed features
s310,Addicted to Life,Movie,2014,TV-14,Teens,91,Action & Adventure,France,0,Contemporary international feature films
s311,Adel Karam: Live from Beirut,Movie,2018,TV-MA,Adults,59,Stand-Up Comedy,United States,3,"Short-form US docs, stand-up, and family titles"
s312,Adhugo,Movie,2018,TV-14,Teens,105,Comedies,India,0,Contemporary international feature films
s313,Aditi Mittal: Things They Wouldn't Let Me Say,Movie,2017,TV-MA,Adults,63,Stand-Up Comedy,India,3,"Short-form US docs, stand-up, and family titles"
s314,Adore,Movie,2013,R,Adults,111,Dramas,Australia,0,Contemporary international feature films
s315,Adrift,Movie,2018,PG-13,Teens,96,Action & Adventure,Hong Kong,0,Contemporary international feature films
s316,Adrishya,Movie,2017,TV-14,Teens,99,Horror Movies,India,0,Contemporary international feature films
s317,Advantageous,Movie,2015,TV-MA,Adults,92,Dramas,United States,0,Contemporary international feature films
s318,Adventures in Public School,Movie,2018,NR,Unrated,86,Comedies,Canada,3,"Short-form US docs, stand-up, and family titles"
s319,Aerials,Movie,2016,TV-14,Teens,90,International Movies,United Arab Emirates,0,Contemporary international feature films
s321,Afonso Padilha: Classless,Movie,2020,TV-MA,Adults,63,Stand-Up Comedy,Brazil,3,"Short-form US docs, stand-up, and family titles"
s324,After,Movie,2019,PG-13,Teens,106,Dramas,United States,0,Contemporary international feature films
s326,After Maria,Movie,2019,TV-PG,Adults,38,Documentaries,United States,3,"Short-form US docs, stand-up, and family titles"
s327,After Porn Ends,Movie,2012,NR,Unrated,93,Documentaries,United States,3,"Short-form US docs, stand-up, and family titles"
s328,After Porn Ends 3,Movie,2018,TV-MA,Adults,87,Documentaries,United States,3,"Short-form US docs, stand-up, and family titles"
s329,After the Raid,Movie,2019,TV-PG,Adults,25,Documentaries,United States,3,"Short-form US docs, stand-up, and family titles"
s330,After We Collided,Movie,2020,R,Adults,105,Dramas,United States,3,"Short-form US docs, stand-up, and family titles"
s331,Aftermath,Movie,2017,R,Adults,94,Dramas,United Kingdom,3,"Short-form US docs, stand-up, and family titles"
s332,Afterschool,Movie,2008,TV-MA,Adults,107,Dramas,United States,1,Mid-catalogue licensed features
s333,Aftershock,Movie,2012,R,Adults,89,Action & Adventure,United States,3,"Short-form US docs, stand-up, and family titles"
s335,Agatha and the Truth of Murder,Movie,2018,TV-MA,Adults,92,Dramas,United Kingdom,3,"Short-form US docs, stand-up, and family titles"
s343,Aggretsuko: We Wish You a Metal Christmas,Movie,2018,TV-PG,Adults,22,Movies,Japan,3,"Short-form US docs, stand-up, and family titles"
s344,Agneepath,Movie,1990,TV-14,Teens,174,Dramas,India,1,Mid-catalogue licensed features
s345,Agustín Aristarán: Soy Rada,Movie,2018,TV-MA,Adults,60,Stand-Up Comedy,Argentina,3,"Short-form US docs, stand-up, and family titles"
s346,Agyaat,Movie,2009,TV-14,Teens,97,Horror Movies,India,1,Mid-catalogue licensed features
s347,Ahista Ahista,Movie,2006,TV-14,Teens,122,Dramas,India,1,Mid-catalogue licensed features
s348,Ai Weiwei: Never Sorry,Movie,2012,R,Adults,91,Documentaries,United States,3,"Short-form US docs, stand-up, and family titles"
s352,Ainu Mosir,Movie,2020,TV-PG,Adults,84,Dramas,United States,3,"Short-form US docs, stand-up, and family titles"
s353,Airplane Mode,Movie,2020,TV-PG,Adults,97,Comedies,United States,0,Contemporary international feature films
s354,Aisa Yeh Jahaan,Movie,2015,TV-14,Teens,127,Dramas,India,0,Contemporary international feature films
s355,Aitraaz,Movie,2004,TV-14,Teens,153,International Movies,India,1,Mid-catalogue licensed features
s356,Aiyaary,Movie,2018,TV-MA,Adults,158,Action & Adventure,India,0,Contemporary international feature films
s357,Aiyyaa,Movie,2012,TV-14,Teens,151,Comedies,India,0,Contemporary international feature films
s359,Ajab Prem Ki Ghazab Kahani,Movie,2009,TV-14,Teens,150,Comedies,India,1,Mid-catalogue licensed features
s362,Ajji,Movie,2017,TV-MA,Adults,105,Dramas,India,0,Contemporary international feature films
s363,AK vs AK,Movie,2020,TV-MA,Adults,109,Comedies,India,0,Contemporary international feature films
s367,Al acecho,Movie,2019,TV-MA,Adults,81,International Movies,Unknown Country,3,"Short-form US docs, stand-up, and family titles"
s369,Ala Vaikunthapurramuloo,Movie,2020,TV-14,Teens,162,Action & Adventure,India,0,Contemporary international feature films
s370,Alakada Reloaded,Movie,2017,TV-MA,Adults,104,Comedies,Unknown Country,0,Contemporary international feature films
s371,Alan Saldaña: Mi vida de pobre,Movie,2017,TV-MA,Adults,54,Stand-Up Comedy,Mexico,3,"Short-form US docs, stand-up, and family titles"
s372,Alarmoty in the Land of Fire,Movie,2017,TV-MA,Adults,94,Comedies,Egypt,0,Contemporary international feature films
s373,Alaska Is a Drag,Movie,2017,TV-MA,Adults,83,Dramas,United States,3,"Short-form US docs, stand-up, and family titles"
s374,Albert Pinto Ko Gussa Kyun Aata Hai?,Movie,2019,TV-MA,Adults,85,Dramas,India,0,Contemporary international feature films
s375,Albion: The Enchanted Stallion,Movie,2016,TV-PG,Adults,106,Children & Family Movies,United States,3,"Short-form US docs, stand-up, and family titles"
s376,Alejandro Riaño: Especial de stand up,Movie,2018,TV-MA,Adults,60,Stand-Up Comedy,Colombia,3,"Short-form US docs, stand-up, and family titles"
s377,Alejandro Sanz: What I Was Is What I Am,Movie,2018,TV-MA,Adults,102,Documentaries,Spain,0,Contemporary international feature films
s378,Alelí,Movie,2019,TV-MA,Adults,88,Comedies,Uruguay,0,Contemporary international feature films
s379,Alex Fernández: The Best Comedian in the World,Movie,2020,TV-MA,Adults,51,Stand-Up Comedy,Mexico,3,"Short-form US docs, stand-up, and family titles"
s380,Alex Strangelove,Movie,2018,TV-MA,Adults,100,Comedies,United States,0,Contemporary international feature films
s382,Alexandria ... Why?,Movie,1979,TV-MA,Adults,131,Classic Movies,Egypt,2,Classic and vintage cinema
s383,Alexandria: Again and Forever,Movie,1989,TV-MA,Adults,109,Classic Movies,France,2,Classic and vintage cinema
s384,Alexis Viera: A Story of Surviving,Movie,2019,TV-MA,Adults,69,Documentaries,Uruguay,0,Contemporary international feature films
s385,Ali & Alia,Movie,2019,TV-14,Teens,106,Dramas,United Arab Emirates,0,Contemporary international feature films
s386,Ali Baba ve 7 Cüceler,Movie,2015,TV-MA,Adults,115,Action & Adventure,Turkey,0,Contemporary international feature films
s387,Ali Wong: Baby Cobra,Movie,2016,TV-MA,Adults,60,Stand-Up Comedy,United States,3,"Short-form US docs, stand-up, and family titles"
s388,Ali Wong: Hard Knock Wife,Movie,2018,TV-MA,Adults,64,Stand-Up Comedy,United States,3,"Short-form US docs, stand-up, and family titles"
s389,Ali's Wedding,Movie,2018,TV-MA,Adults,110,Comedies,Australia,0,Contemporary international feature films
s391,"Alias JJ, la celebridad del mal",Movie,2017,TV-MA,Adults,54,Documentaries,Unknown Country,3,"Short-form US docs, stand-up, and family titles"
s392,Alibaba Aur 40 Chor,Movie,1980,TV-14,Teens,147,Action & Adventure,Soviet Union,2,Classic and vintage cinema
s393,Alice Doesn't Live Here Anymore,Movie,1974,PG,Teens,112,Classic Movies,United States,2,Classic and vintage cinema
s395,Alice Junior,Movie,2019,TV-MA,Adults,87,Comedies,Brazil,0,Contemporary international feature films
s396,Alien Contact: Outer Space,Movie,2017,TV-PG,Adults,63,Documentaries,United States,3,"Short-form US docs, stand-up, and family titles"
s398,Alien Warfare,Movie,2019,TV-MA,Adults,88,Action & Adventure,United States,3,"Short-form US docs, stand-up, and family titles"
s400,Alien Xmas,Movie,2020,TV-Y,Kids,42,Children & Family Movies,United States,3,"Short-form US docs, stand-up, and family titles"
s401,Aliens Ate My Homework,Movie,2018,PG,Teens,90,Children & Family Movies,United States,0,Contemporary international feature films
s402,Alive and Kicking,Movie,2016,TV-14,Teens,89,Documentaries,Sweden,3,"Short-form US docs, stand-up, and family titles"
s403,All About Love,Movie,2017,TV-MA,Adults,79,Dramas,South Africa,0,Contemporary international feature films
s404,All About Nina,Movie,2018,R,Adults,101,Comedies,United States,0,Contemporary international feature films
s407,All Because of You,Movie,2020,TV-PG,Adults,102,Action & Adventure,Malaysia,0,Contemporary international feature films
s408,All Day and a Night,Movie,2020,R,Adults,122,Dramas,United States,0,Contemporary international feature films
s409,All Dogs Go to Heaven,Movie,1989,G,Kids,85,Children & Family Movies,Ireland,1,Mid-catalogue licensed features
s411,All Good Ones Get Away,Movie,2019,TV-MA,Adults,83,International Movies,Spain,0,Contemporary international feature films
s414,All Hallows' Eve,Movie,2016,TV-G,Kids,92,Children & Family Movies,United States,3,"Short-form US docs, stand-up, and family titles"
s415,All In My Family,Movie,2019,TV-14,Teens,40,Documentaries,United States,3,"Short-form US docs, stand-up, and family titles"
s416,All Light Will End,Movie,2018,TV-MA,Adults,84,Horror Movies,United States,3,"Short-form US docs, stand-up, and family titles"
s417,All of You,Movie,2017,TV-MA,Adults,104,Comedies,Philippines,0,Contemporary international feature films
s418,All the Boys Love Mandy Lane,Movie,2006,R,Adults,91,Horror Movies,United States,1,Mid-catalogue licensed features
s419,All The Bright Places,Movie,2020,TV-MA,Adults,109,Dramas,United States,0,Contemporary international feature films
s420,All the Devil's Men,Movie,2018,R,Adults,100,Action & Adventure,United Kingdom,3,"Short-form US docs, stand-up, and family titles"
s421,All the Freckles in the World,Movie,2020,TV-14,Teens,90,Comedies,Mexico,0,Contemporary international feature films
s422,All The Reasons To Forget,Movie,2017,TV-MA,Adults,90,Comedies,Brazil,0,Contemporary international feature films
s423,All Together Now,Movie,2020,PG,Teens,94,Dramas,United States,3,"Short-form US docs, stand-up, and family titles"
s424,"All's Well, End's Well (2009)",Movie,2009,TV-14,Teens,99,Comedies,Hong Kong,0,Contemporary international feature films
s425,Alles ist gut,Movie,2019,TV-MA,Adults,90,Dramas,Germany,0,Contemporary international feature films
s426,AllI Wish,Movie,2017,R,Adults,95,Dramas,United States,3,"Short-form US docs, stand-up, and family titles"
s428,Almost Love,Movie,2020,TV-MA,Adults,92,Comedies,United States,0,Contemporary international feature films
s430,Alone in Berlin,Movie,2016,R,Adults,103,Dramas,United Kingdom,3,"Short-form US docs, stand-up, and family titles"
s431,Alone/Together,Movie,2019,TV-14,Teens,103,Dramas,Philippines,0,Contemporary international feature films
s432,Along Came a Spider,Movie,2001,R,Adults,103,Thrillers,United States,1,Mid-catalogue licensed features
s433,Alpha and Omega 2: A Howl-iday Adventure,Movie,2013,TV-G,Kids,45,Children & Family Movies,United States,3,"Short-form US docs, stand-up, and family titles"
s434,Alpha and Omega: The Legend of the Saw Tooth Cave,Movie,2014,TV-Y7,Teens,45,Children & Family Movies,United States,3,"Short-form US docs, stand-up, and family titles"
s436,AlphaGo,Movie,2017,TV-G,Kids,90,Documentaries,United States,3,"Short-form US docs, stand-up, and family titles"
s437,Alt-Right: Age of Rage,Movie,2018,TV-MA,Adults,106,Documentaries,Unknown Country,3,"Short-form US docs, stand-up, and family titles"
s439,Altered Carbon: Resleeved,Movie,2020,TV-MA,Adults,75,Action & Adventure,Japan,0,Contemporary international feature films
s440,Always a Bridesmaid,Movie,2019,TV-14,Teens,98,Comedies,United States,3,"Short-form US docs, stand-up, and family titles"
s442,Always Be My Maybe,Movie,2016,TV-14,Teens,112,International Movies,Philippines,0,Contemporary international feature films
s443,Amanda Knox,Movie,2016,TV-MA,Adults,92,Documentaries,Denmark,3,"Short-form US docs, stand-up, and family titles"
s444,Amandla! A Revolution in Four Part Harmony,Movie,2002,PG-13,Teens,103,Documentaries,South Africa,1,Mid-catalogue licensed features
s445,Amar,Movie,2017,TV-MA,Adults,104,Dramas,Spain,0,Contemporary international feature films
s446,Amar Akbar & Tony,Movie,2015,TV-MA,Adults,92,Comedies,United Kingdom,0,Contemporary international feature films
s447,Amar Akbar Anthony,Movie,1977,TV-14,Teens,172,Action & Adventure,India,2,Classic and vintage cinema
s448,Amar's Hands,Movie,2011,TV-14,Teens,125,Dramas,Egypt,0,Contemporary international feature films
s449,Amateur,Movie,2018,TV-MA,Adults,96,Dramas,United States,0,Contemporary international feature films
s451,Amelia: A Tale of Two Sisters,Movie,2017,TV-PG,Adults,44,Documentaries,United Kingdom,3,"Short-form US docs, stand-up, and family titles"
s454,American Anarchist,Movie,2016,TV-MA,Adults,81,Documentaries,United States,3,"Short-form US docs, stand-up, and family titles"
s455,American Assassin,Movie,2017,R,Adults,112,Action & Adventure,United States,3,"Short-form US docs, stand-up, and family titles"
s456,American Beauty,Movie,1999,R,Adults,122,Dramas,United States,1,Mid-catalogue licensed features
s457,American Circumcision,Movie,2017,TV-14,Teens,101,Documentaries,United States,3,"Short-form US docs, stand-up, and family titles"
s460,American Experience: Ruby Ridge,Movie,2017,TV-MA,Adults,53,Documentaries,United States,3,"Short-form US docs, stand-up, and family titles"
s462,American Experience: The Island Murder,Movie,2018,TV-14,Teens,53,Documentaries,United States,3,"Short-form US docs, stand-up, and family titles"
s463,American Factory,Movie,2019,TV-14,Teens,110,Documentaries,United States,3,"Short-form US docs, stand-up, and family titles"
s464,American Factory: A Conversation with the Obamas,Movie,2019,TV-G,Kids,10,Documentaries,United States,3,"Short-form US docs, stand-up, and family titles"
s465,American Hangman,Movie,2019,TV-MA,Adults,99,Thrillers,Canada,3,"Short-form US docs, stand-up, and family titles"
s466,American Heist,Movie,2014,R,Adults,95,Action & Adventure,Canada,0,Contemporary international feature films
s467,American History X,Movie,1998,R,Adults,119,Dramas,United States,1,Mid-catalogue licensed features
s468,American Honey,Movie,2016,R,Adults,163,Dramas,United Kingdom,0,Contemporary international feature films
s470,American Masters: Ted Williams,Movie,2018,TV-MA,Adults,55,Documentaries,United States,3,"Short-form US docs, stand-up, and family titles"
s471,American Murder: The Family Next Door,Movie,2020,TV-MA,Adults,84,Documentaries,United States,3,"Short-form US docs, stand-up, and family titles"
s473,American Pie 9: Girls' Rules,Movie,2020,R,Adults,96,Comedies,United States,3,"Short-form US docs, stand-up, and family titles"
s474,American Psycho,Movie,2000,R,Adults,102,Comedies,United States,1,Mid-catalogue licensed features
s475,American Son,Movie,2019,TV-MA,Adults,90,Dramas,United States,3,"Short-form US docs, stand-up, and family titles"
s477,American Warfighter,Movie,2019,TV-MA,Adults,106,Dramas,United States,3,"Short-form US docs, stand-up, and family titles"
s478,Amit Tandon: Family Tandoncies,Movie,2019,TV-14,Teens,72,Stand-Up Comedy,India,3,"Short-form US docs, stand-up, and family titles"
s480,Among Family,Movie,2017,TV-14,Teens,127,Comedies,Turkey,0,Contemporary international feature films
s481,Amrapali,Movie,1966,TV-PG,Adults,116,Dramas,India,2,Classic and vintage cinema
s482,Amy,Movie,2015,R,Adults,128,Documentaries,United Kingdom,0,Contemporary international feature films
s483,Amy Schumer Growing,Movie,2019,TV-MA,Adults,61,Stand-Up Comedy,United States,3,"Short-form US docs, stand-up, and family titles"
s484,Amy Schumer: The Leather Special,Movie,2017,TV-MA,Adults,57,Stand-Up Comedy,United States,3,"Short-form US docs, stand-up, and family titles"
s485,An American in Madras,Movie,2013,TV-PG,Adults,80,Documentaries,India,3,"Short-form US docs, stand-up, and family titles"
s486,An American Tail,Movie,1986,G,Kids,80,Children & Family Movies,United States,2,Classic and vintage cinema
s487,An American Tail: Fievel Goes West,Movie,1991,G,Kids,75,Children & Family Movies,United States,1,Mid-catalogue licensed features
s488,An American Tail: The Mystery of the Night Monster,Movie,1999,G,Kids,75,Children & Family Movies,United States,1,Mid-catalogue licensed features
s489,An American Tail: The Treasures of Manhattan Island,Movie,2000,G,Kids,79,Children & Family Movies,United States,1,Mid-catalogue licensed features
s490,An Easy Girl,Movie,2019,TV-MA,Adults,93,Comedies,France,0,Contemporary international feature films
s491,An Egyptian Story,Movie,1982,TV-MA,Adults,129,Classic Movies,Egypt,2,Classic and vintage cinema
s492,An Evening with Beverly Luff Linn,Movie,2018,R,Adults,108,Comedies,United Kingdom,0,Contemporary international feature films
s493,An Hour and a Half,Movie,2012,TV-14,Teens,87,Dramas,Egypt,0,Contemporary international feature films
s494,An Imperfect Murder,Movie,2017,R,Adults,71,Dramas,United States,3,"Short-form US docs, stand-up, and family titles"
s496,An Interview with God,Movie,2018,TV-PG,Adults,97,Dramas,United States,3,"Short-form US docs, stand-up, and family titles"
s497,An Ordinary Man,Movie,2017,R,Adults,91,Dramas,Serbia,0,Contemporary international feature films
s498,An Unremarkable Christmas,Movie,2020,TV-14,Teens,83,Comedies,Colombia,0,Contemporary international feature films
s499,An Upper Egyptian,Movie,2014,TV-MA,Adults,85,Comedies,Egypt,0,Contemporary international feature films
s500,Ana e Vitória,Movie,2018,TV-MA,Adults,116,Comedies,Brazil,0,Contemporary international feature films
s501,Anaamika,Movie,2014,TV-14,Teens,130,International Movies,India,0,Contemporary international feature films
s502,Anarkali of Aarah,Movie,2017,TV-MA,Adults,111,Dramas,India,0,Contemporary international feature films
s503,Anchor and Hope,Movie,2017,TV-MA,Adults,113,Comedies,Spain,0,Contemporary international feature films
s504,Anchor Baby,Movie,2010,TV-MA,Adults,97,Dramas,Canada,0,Contemporary international feature films
s506,And Breathe Normally,Movie,2018,TV-14,Teens,102,Dramas,Iceland,0,Contemporary international feature films
s507,Andaleeb El Dokki,Movie,2008,TV-14,Teens,106,Comedies,Egypt,1,Mid-catalogue licensed features
s508,Andaz Apna Apna,Movie,1994,TV-14,Teens,160,Action & Adventure,India,1,Mid-catalogue licensed features
s509,Andhadhun,Movie,2018,TV-14,Teens,137,Comedies,India,0,Contemporary international feature films
s510,Andhaghaaram,Movie,2020,TV-14,Teens,171,Horror Movies,Unknown Country,0,Contemporary international feature films
s511,Andhakaaram,Movie,2020,TV-14,Teens,171,Horror Movies,India,0,Contemporary international feature films
s512,André & his olive tree,Movie,2020,TV-PG,Adults,104,Documentaries,Singapore,0,Contemporary international feature films
s513,Anelka: Misunderstood,Movie,2020,TV-14,Teens,95,Documentaries,France,0,Contemporary international feature films
s514,Anesthesia,Movie,2015,R,Adults,90,Dramas,United States,3,"Short-form US docs, stand-up, and family titles"
s515,Angamaly Diaries,Movie,2017,TV-14,Teens,128,Action & Adventure,India,0,Contemporary international feature films
s518,Angel Eyes,Movie,2001,R,Adults,103,Dramas,United States,1,Mid-catalogue licensed features
s519,Angel Has Fallen,Movie,2019,R,Adults,121,Action & Adventure,United States,3,"Short-form US docs, stand-up, and family titles"
s520,Angela's Christmas,Movie,2018,TV-Y,Kids,30,Children & Family Movies,Ireland,3,"Short-form US docs, stand-up, and family titles"
s521,Angela's Christmas Wish,Movie,2020,TV-Y,Kids,48,Children & Family Movies,United States,3,"Short-form US docs, stand-up, and family titles"
s522,Angels & Demons,Movie,2009,PG-13,Teens,139,Thrillers,United States,1,Mid-catalogue licensed features
s523,Anger Management,Movie,2003,PG-13,Teens,105,Comedies,United States,1,Mid-catalogue licensed features
s525,Angry Indian Goddesses,Movie,2015,TV-MA,Adults,104,Dramas,India,0,Contemporary international feature films
s526,Angu Vaikuntapurathu (Malayalam),Movie,2020,TV-14,Teens,162,Action & Adventure,Unknown Country,0,Contemporary international feature films
s527,Ani... Dr. Kashinath Ghanekar,Movie,2018,TV-14,Teens,157,Dramas,India,0,Contemporary international feature films
s528,ANIMA,Movie,2019,TV-PG,Adults,15,Dramas,United Kingdom,3,"Short-form US docs, stand-up, and family titles"
s529,Animal Crackers,Movie,2020,TV-Y7,Teens,106,Children & Family Movies,China,0,Contemporary international feature films
s530,Animal World,Movie,2018,TV-MA,Adults,130,Action & Adventure,China,0,Contemporary international feature films
s531,Animas,Movie,2018,TV-MA,Adults,88,Horror Movies,Spain,0,Contemporary international feature films
s533,Anjaan,Movie,2014,TV-14,Teens,146,Action & Adventure,India,0,Contemporary international feature films
s536,Anjelah Johnson: Not Fancy,Movie,2015,TV-14,Teens,64,Stand-Up Comedy,United States,3,"Short-form US docs, stand-up, and family titles"
s537,Ankhon Dekhi,Movie,2013,TV-PG,Adults,104,Dramas,India,0,Contemporary international feature films
s538,Ankur Arora Murder Case,Movie,2013,TV-14,Teens,127,Dramas,India,0,Contemporary international feature films
s539,Annabelle Hooper and the Ghosts of Nantucket,Movie,2016,TV-PG,Adults,92,Children & Family Movies,United States,3,"Short-form US docs, stand-up, and family titles"
s542,Anon,Movie,2018,TV-MA,Adults,100,Dramas,United Kingdom,0,Contemporary international feature films
s543,Another Forever,Movie,2016,TV-PG,Adults,72,Dramas,Brazil,0,Contemporary international feature films
s547,Ant-Man and the Wasp,Movie,2018,PG-13,Teens,118,Action & Adventure,United States,0,Contemporary international feature films
s548,Antar: Son of Shadad,Movie,2017,TV-MA,Adults,110,Comedies,Egypt,0,Contemporary international feature films
s549,Antariksha Ke Rakhwale,Movie,2018,TV-Y7,Teens,65,Children & Family Movies,Unknown Country,3,"Short-form US docs, stand-up, and family titles"
s551,Anthony Jeselnik: Fire in the Maternity Ward,Movie,2019,TV-MA,Adults,64,Stand-Up Comedy,United States,3,"Short-form US docs, stand-up, and family titles"
s552,Anthony Jeselnik: Thoughts and Prayers,Movie,2015,TV-MA,Adults,59,Stand-Up Comedy,United States,3,"Short-form US docs, stand-up, and family titles"
s553,Anthony Kaun Hai?,Movie,2006,TV-14,Teens,122,Comedies,India,1,Mid-catalogue licensed features
s554,Antidote,Movie,2018,TV-MA,Adults,90,Action & Adventure,United States,3,"Short-form US docs, stand-up, and family titles"
s555,Antoine Griezmann: The Making of a Legend,Movie,2019,TV-PG,Adults,60,Documentaries,Unknown Country,3,"Short-form US docs, stand-up, and family titles"
s556,Anwar,Movie,2007,TV-14,Teens,134,Dramas,India,1,Mid-catalogue licensed features
s558,Apache Warrior,Movie,2017,TV-MA,Adults,89,Documentaries,United States,3,"Short-form US docs, stand-up, and family titles"
s561,Apaharan,Movie,2005,TV-14,Teens,161,Dramas,India,1,Mid-catalogue licensed features
s562,APEX: The Story of the Hypercar,Movie,2016,NR,Unrated,86,Documentaries,United States,3,"Short-form US docs, stand-up, and family titles"
s563,Apollo 18,Movie,2011,PG-13,Teens,87,Horror Movies,United States,0,Contemporary international feature films
s564,Apostle,Movie,2018,TV-MA,Adults,130,Horror Movies,United Kingdom,0,Contemporary international feature films
s565,April and the Extraordinary World,Movie,2015,PG,Teens,107,Action & Adventure,France,0,Contemporary international feature films
s567,Arès,Movie,2016,TV-MA,Adults,80,Action & Adventure,France,0,Contemporary international feature films
s568,"Aram, Aram",Movie,2015,TV-14,Teens,79,Dramas,United States,3,"Short-form US docs, stand-up, and family titles"
s569,Arango y Sanint: Ríase el show,Movie,2018,TV-MA,Adults,62,Stand-Up Comedy,Colombia,3,"Short-form US docs, stand-up, and family titles"
s572,Arctic Dogs,Movie,2019,PG,Teens,93,Children & Family Movies,India,0,Contemporary international feature films
s573,Arctic Heart,Movie,2016,TV-14,Teens,81,Dramas,France,0,Contemporary international feature films
s574,Are We Done Yet?,Movie,2018,TV-14,Teens,87,Comedies,Egypt,0,Contemporary international feature films
s578,Ari Eldjárn: Pardon My Icelandic,Movie,2020,TV-MA,Adults,54,Stand-Up Comedy,Iceland,3,"Short-form US docs, stand-up, and family titles"
s580,"Ariana grande: excuse me, i love you",Movie,2020,TV-MA,Adults,98,Documentaries,United States,3,"Short-form US docs, stand-up, and family titles"
s581,Arisan 2,Movie,2011,TV-14,Teens,113,Comedies,Indonesia,0,Contemporary international feature films
s582,Arjun: The Warrior Prince,Movie,2011,TV-14,Teens,91,Action & Adventure,India,0,Contemporary international feature films
s583,ARQ,Movie,2016,TV-MA,Adults,89,International Movies,Canada,0,Contemporary international feature films
s586,Arsenio Hall: Smart & Classy,Movie,2019,TV-MA,Adults,63,Stand-Up Comedy,United States,3,"Short-form US docs, stand-up, and family titles"
s588,Arthur,Movie,2011,PG-13,Teens,110,Comedies,United States,1,Mid-catalogue licensed features
s589,Arthur Christmas,Movie,2011,PG,Teens,98,Children & Family Movies,United Kingdom,0,Contemporary international feature films
s590,Article 15,Movie,2019,TV-MA,Adults,125,Dramas,India,0,Contemporary international feature films
s591,Aruna & Her Palate,Movie,2018,TV-14,Teens,106,Dramas,Indonesia,0,Contemporary international feature films
s592,"As Above, So Below",Movie,2014,R,Adults,93,Horror Movies,United States,3,"Short-form US docs, stand-up, and family titles"
s593,As Good as It Gets,Movie,1997,PG-13,Teens,139,Comedies,United States,1,Mid-catalogue licensed features
s594,Ascharyachakit!,Movie,2018,TV-MA,Adults,90,Dramas,India,0,Contemporary international feature films
s595,Asees,Movie,2018,TV-14,Teens,123,Dramas,India,0,Contemporary international feature films
s600,Asoka,Movie,2001,R,Adults,168,Action & Adventure,India,1,Mid-catalogue licensed features
s601,Asperger's Are Us,Movie,2016,TV-MA,Adults,83,Documentaries,United States,3,"Short-form US docs, stand-up, and family titles"
s602,Asphalt Burning,Movie,2020,TV-14,Teens,101,Action & Adventure,Norway,0,Contemporary international feature films
s603,Assimilate,Movie,2019,TV-MA,Adults,94,Horror Movies,United States,0,Contemporary international feature films
s605,Asu Mare 2,Movie,2015,TV-14,Teens,100,Comedies,Peru,0,Contemporary international feature films
s606,Asura Guru,Movie,2020,TV-14,Teens,117,Dramas,India,0,Contemporary international feature films
s607,Asura: The City of Madness,Movie,2016,NR,Unrated,133,Action & Adventure,South Korea,0,Contemporary international feature films
s608,At All Costs,Movie,2016,TV-MA,Adults,81,Documentaries,United States,3,"Short-form US docs, stand-up, and family titles"
s609,At First Light,Movie,2018,TV-14,Teens,91,Dramas,Canada,0,Contemporary international feature films
s612,Athlete A,Movie,2020,PG-13,Teens,104,Documentaries,United States,3,"Short-form US docs, stand-up, and family titles"
s613,Atlantics,Movie,2019,TV-14,Teens,106,Dramas,France,0,Contemporary international feature films
s614,Atlas Shrugged: Part II,Movie,2012,PG-13,Teens,112,Dramas,United States,3,"Short-form US docs, stand-up, and family titles"
s615,ATM,Movie,2012,TV-14,Teens,122,Comedies,United States,0,Contemporary international feature films
s618,Attacking the Devil: Harold Evans and the Last Nazi War Crime,Movie,2014,TV-14,Teens,102,Documentaries,United Kingdom,0,Contemporary international feature films
s619,Attitude Test,Movie,2016,TV-14,Teens,88,Comedies,Chile,0,Contemporary international feature films
s621,Audrie & Daisy,Movie,2016,TV-MA,Adults,99,Documentaries,United States,3,"Short-form US docs, stand-up, and family titles"
s623,Aurora,Movie,2010,TV-MA,Adults,186,Dramas,Romania,0,Contemporary international feature films
s624,Auschwitz: Blueprints of Genocide,Movie,1994,TV-PG,Adults,49,Documentaries,United Kingdom,1,Mid-catalogue licensed features
s626,Austin Powers in Goldmember,Movie,2002,PG-13,Teens,94,Action & Adventure,United States,1,Mid-catalogue licensed features
s627,Austin Powers: International Man of Mystery,Movie,1997,PG-13,Teens,90,Comedies,United States,1,Mid-catalogue licensed features
s628,Austin Powers: The Spy Who Shagged Me,Movie,1999,PG-13,Teens,95,Action & Adventure,United States,1,Mid-catalogue licensed features
s629,Autohead,Movie,2016,TV-MA,Adults,97,Dramas,India,0,Contemporary international feature films
s630,Automata,Movie,2014,R,Adults,110,International Movies,Bulgaria,0,Contemporary international feature films
s632,Ava,Movie,2020,R,Adults,97,Action & Adventure,United States,3,"Short-form US docs, stand-up, and family titles"
s634,Ave Maryam,Movie,2018,TV-PG,Adults,73,Dramas,Indonesia,0,Contemporary international feature films
s635,Avengement,Movie,2019,TV-MA,Adults,88,Action & Adventure,United Kingdom,3,"Short-form US docs, stand-up, and family titles"
s636,Avengers: Infinity War,Movie,2018,PG-13,Teens,150,Action & Adventure,United States,0,Contemporary international feature films
s637,Avicii: True Stories,Movie,2017,TV-MA,Adults,97,Documentaries,Sweden,0,Contemporary international feature films
s638,Await Further Instructions,Movie,2018,TV-MA,Adults,91,Horror Movies,United Kingdom,3,"Short-form US docs, stand-up, and family titles"
s639,Awake,Movie,2019,TV-MA,Adults,92,Thrillers,United States,3,"Short-form US docs, stand-up, and family titles"
s643,Awe,Movie,2018,TV-MA,Adults,111,Dramas,India,0,Contemporary international feature films
s644,Axone,Movie,2020,TV-MA,Adults,101,Comedies,India,0,Contemporary international feature films
s645,Ayana,Movie,2017,TV-MA,Adults,112,Dramas,India,0,Contemporary international feature films
s646,"Ayotzinapa, el paso de la tortuga",Movie,2018,TV-MA,Adults,73,Documentaries,Mexico,3,"Short-form US docs, stand-up, and family titles"
s647,Azali,Movie,2018,TV-14,Teens,89,Dramas,Ghana,0,Contemporary international feature films
s648,Azhar,Movie,2016,TV-14,Teens,129,Dramas,India,0,Contemporary international feature films
s649,Aziz Ansari Live at Madison Square Garden,Movie,2015,TV-MA,Adults,58,Stand-Up Comedy,United States,3,"Short-form US docs, stand-up, and family titles"
s650,Aziz Ansari: Buried Alive,Movie,2013,TV-MA,Adults,80,Stand-Up Comedy,United States,3,"Short-form US docs, stand-up, and family titles"
s651,Aziz Ansari: RIGHT NOW,Movie,2019,TV-MA,Adults,65,Stand-Up Comedy,United States,3,"Short-form US docs, stand-up, and family titles"
s653,B.A. Pass,Movie,2013,TV-14,Teens,99,Dramas,India,0,Contemporary international feature films
s654,B.A. Pass 2,Movie,2017,TV-14,Teens,126,Dramas,India,0,Contemporary international feature films
s655,Baadshaho,Movie,2017,TV-14,Teens,135,Action & Adventure,India,0,Contemporary international feature films
s656,Baaghi,Movie,2016,TV-14,Teens,127,Action & Adventure,India,0,Contemporary international feature films
s657,Baahubali 2: The Conclusion (Hindi Version),Movie,2017,TV-MA,Adults,165,Action & Adventure,India,0,Contemporary international feature films
s658,Baahubali 2: The Conclusion (Malayalam Version),Movie,2017,TV-14,Teens,166,Action & Adventure,Unknown Country,0,Contemporary international feature films
s659,Baahubali 2: The Conclusion (Tamil Version),Movie,2017,TV-MA,Adults,166,Action & Adventure,Unknown Country,0,Contemporary international feature films
s660,Baahubali: The Beginning (English Version),Movie,2015,TV-14,Teens,138,Action & Adventure,Unknown Country,0,Contemporary international feature films
s661,Baahubali: The Beginning (Hindi Version),Movie,2015,TV-14,Teens,159,Action & Adventure,India,0,Contemporary international feature films
s662,Baahubali: The Beginning (Malayalam Version),Movie,2015,TV-14,Teens,160,Action & Adventure,Unknown Country,0,Contemporary international feature films
s663,Baahubali: The Beginning (Tamil Version),Movie,2015,TV-14,Teens,159,Action & Adventure,Unknown Country,0,Contemporary international feature films
s664,Baazaar,Movie,2018,TV-MA,Adults,136,Dramas,India,0,Contemporary international feature films
s665,Babam ve Oğlum,Movie,2005,TV-14,Teens,112,Dramas,Turkey,1,Mid-catalogue licensed features
s666,Babamın Ceketi,Movie,2018,TV-MA,Adults,101,Comedies,Turkey,0,Contemporary international feature films
s667,Babel,Movie,2006,R,Adults,143,Dramas,France,1,Mid-catalogue licensed features
s671,Baby Dolls,Movie,2019,TV-PG,Adults,127,Comedies,India,0,Contemporary international feature films
s672,Baby Mamas,Movie,2018,TV-14,Teens,98,Comedies,South Africa,0,Contemporary international feature films
s674,Bachelor Girls,Movie,2016,TV-MA,Adults,61,Documentaries,India,3,"Short-form US docs, stand-up, and family titles"
s675,Back and Forth,Movie,2016,NR,Unrated,95,Comedies,Brazil,0,Contemporary international feature films
s676,Back of the Net,Movie,2019,TV-Y,Kids,86,Children & Family Movies,Australia,3,"Short-form US docs, stand-up, and family titles"
s679,Back to School,Movie,2019,TV-MA,Adults,84,Comedies,Unknown Country,3,"Short-form US docs, stand-up, and family titles"
s680,Back to the 90s,Movie,2015,TV-14,Teens,111,Comedies,Thailand,0,Contemporary international feature films
s682,Backcountry,Movie,2014,NR,Unrated,92,Horror Movies,Canada,0,Contemporary international feature films
s683,Backdraft 2,Movie,2019,R,Adults,102,Action & Adventure,United States,3,"Short-form US docs, stand-up, and family titles"
s684,Backfire,Movie,2019,TV-MA,Adults,97,Dramas,United States,0,Contemporary international feature films
s685,Backtrack,Movie,2015,R,Adults,90,Dramas,Australia,0,Contemporary international feature films
s688,Bad Boys,Movie,1995,R,Adults,119,Action & Adventure,United States,1,Mid-catalogue licensed features
s689,Bad Boys II,Movie,2003,R,Adults,147,Action & Adventure,United States,1,Mid-catalogue licensed features
s690,Bad Day for the Cut,Movie,2017,TV-MA,Adults,99,Independent Movies,United Kingdom,0,Contemporary international feature films
s692,Bad Genius,Movie,2017,TV-MA,Adults,130,Dramas,Thailand,0,Contemporary international feature films
s693,Bad Grandpa .5,Movie,2014,TV-MA,Adults,87,Comedies,United States,3,"Short-form US docs, stand-up, and family titles"
s696,Bad Match,Movie,2017,TV-MA,Adults,83,Thrillers,Singapore,3,"Short-form US docs, stand-up, and family titles"
s697,Bad Rap,Movie,2016,TV-MA,Adults,83,Documentaries,United States,3,"Short-form US docs, stand-up, and family titles"
s698,Bad Seeds,Movie,2018,TV-MA,Adults,105,Comedies,France,0,Contemporary international feature films
s700,Badha,Movie,2006,TV-14,Teens,91,Dramas,India,1,Mid-catalogue licensed features
s701,Badla,Movie,2019,TV-14,Teens,117,International Movies,India,0,Contemporary international feature films
s702,Badland,Movie,2019,TV-14,Teens,117,Dramas,United States,3,"Short-form US docs, stand-up, and family titles"
s709,Balto,Movie,1995,G,Kids,78,Children & Family Movies,United States,1,Mid-catalogue licensed features
s710,Balto 2: Wolf Quest,Movie,2001,G,Kids,75,Children & Family Movies,United States,1,Mid-catalogue licensed features
s711,Balto 3: Wings of Change,Movie,2004,G,Kids,78,Children & Family Movies,United States,1,Mid-catalogue licensed features
s712,Balu Mahi,Movie,2017,TV-MA,Adults,149,International Movies,Pakistan,0,Contemporary international feature films
s713,Bana Masal Anlatma,Movie,2015,TV-14,Teens,103,Comedies,Turkey,0,Contemporary international feature films
s714,Banana Island Ghost,Movie,2017,TV-14,Teens,108,Comedies,Nigeria,0,Contemporary international feature films
s715,Banana Split,Movie,2020,TV-MA,Adults,84,Comedies,United States,0,Contemporary international feature films
s716,Band Aid,Movie,2017,R,Adults,94,Comedies,United States,0,Contemporary international feature films
s717,Band of Robbers,Movie,2015,NR,Unrated,95,Action & Adventure,United States,0,Contemporary international feature films
s718,Bandie,Movie,1978,TV-PG,Adults,141,Action & Adventure,India,2,Classic and vintage cinema
s719,Bang Rajan 2,Movie,2010,TV-MA,Adults,122,Action & Adventure,Thailand,0,Contemporary international feature films
s720,Bangistan,Movie,2015,TV-14,Teens,134,Comedies,India,0,Contemporary international feature films
s723,Bangkok Hell,Movie,2002,TV-MA,Adults,107,Dramas,Thailand,1,Mid-catalogue licensed features
s728,Bangkok Traffic (Love) Story,Movie,2009,TV-14,Teens,126,Comedies,Thailand,0,Contemporary international feature films
s729,Barça Dreams,Movie,2015,TV-MA,Adults,122,Documentaries,Spain,0,Contemporary international feature films
s730,Barah Aana,Movie,2009,TV-14,Teens,95,Dramas,India,1,Mid-catalogue licensed features
s731,Barakah Meets Barakah,Movie,2016,TV-MA,Adults,88,Comedies,Saudi Arabia,0,Contemporary international feature films
s733,Barbecue,Movie,2017,TV-MA,Adults,101,Documentaries,Australia,0,Contemporary international feature films
s734,Barbie & Her Sisters in a Pony Tale,Movie,2013,TV-Y,Kids,74,Children & Family Movies,United States,3,"Short-form US docs, stand-up, and family titles"
s735,Barbie Dolphin Magic,Movie,2017,TV-Y,Kids,64,Children & Family Movies,United States,3,"Short-form US docs, stand-up, and family titles"
s738,Barbie in A Mermaid Tale,Movie,2010,TV-Y,Kids,74,Children & Family Movies,United States,3,"Short-form US docs, stand-up, and family titles"
s739,Barbie in Princess Power,Movie,2015,TV-Y,Kids,74,Children & Family Movies,United States,3,"Short-form US docs, stand-up, and family titles"
s740,Barbie in Rock 'N Royals,Movie,2015,TV-Y,Kids,83,Children & Family Movies,United States,3,"Short-form US docs, stand-up, and family titles"
s742,Barbie Princess Adventure,Movie,2020,TV-Y,Kids,72,Children & Family Movies,United States,3,"Short-form US docs, stand-up, and family titles"
s743,Barbie Star Light Adventure,Movie,2016,TV-Y,Kids,79,Children & Family Movies,United States,3,"Short-form US docs, stand-up, and family titles"
s744,Barbie: A Fairy Secret,Movie,2010,TV-Y7,Teens,72,Children & Family Movies,United States,3,"Short-form US docs, stand-up, and family titles"
s745,Barbie: Princess Charm School,Movie,2011,TV-Y,Kids,80,Children & Family Movies,United States,3,"Short-form US docs, stand-up, and family titles"
s746,Barbie: Spy Squad,Movie,2016,TV-Y,Kids,75,Children & Family Movies,United States,3,"Short-form US docs, stand-up, and family titles"
s747,Barbie: The Princess & the Popstar,Movie,2012,TV-Y,Kids,75,Children & Family Movies,United States,3,"Short-form US docs, stand-up, and family titles"
s748,Barbie: Video Game Hero,Movie,2017,TV-Y,Kids,72,Children & Family Movies,United States,3,"Short-form US docs, stand-up, and family titles"
s749,Barbra: The Music ... The Mem'ries ... The Magic!,Movie,2017,TV-14,Teens,109,Music & Musicals,United States,3,"Short-form US docs, stand-up, and family titles"
s750,Barcelona: A Love Untold,Movie,2016,TV-14,Teens,132,Dramas,Philippines,0,Contemporary international feature films
s752,Bareilly Ki Barfi,Movie,2017,TV-14,Teens,110,Comedies,India,0,Contemporary international feature films
s753,Barely Lethal,Movie,2015,PG-13,Teens,99,Action & Adventure,United States,3,"Short-form US docs, stand-up, and family titles"
s754,Barfi!,Movie,2012,TV-14,Teens,144,Comedies,India,0,Contemporary international feature films
s755,Barrio Universitario,Movie,2013,TV-14,Teens,91,Comedies,Chile,0,Contemporary international feature films
s756,Barry,Movie,2016,TV-MA,Adults,105,Dramas,United States,3,"Short-form US docs, stand-up, and family titles"
s757,Barsaat,Movie,1995,TV-PG,Adults,166,Action & Adventure,India,1,Mid-catalogue licensed features
s758,BASEketball,Movie,1998,R,Adults,103,Comedies,United States,1,Mid-catalogue licensed features
s759,Basic Instinct,Movie,1992,R,Adults,128,Classic Movies,United States,1,Mid-catalogue licensed features
s763,Bathinda Express,Movie,2016,TV-14,Teens,118,Dramas,India,0,Contemporary international feature films
s764,Bathtubs Over Broadway,Movie,2018,PG-13,Teens,87,Documentaries,United States,3,"Short-form US docs, stand-up, and family titles"
s765,Batman: The Killing Joke,Movie,2016,R,Adults,77,Action & Adventure,United States,3,"Short-form US docs, stand-up, and family titles"
s766,Battle,Movie,2018,TV-MA,Adults,98,Dramas,Norway,0,Contemporary international feature films
s768,Battle Drone,Movie,2018,TV-MA,Adults,94,Action & Adventure,United States,0,Contemporary international feature films
s771,Bawarchi,Movie,1972,TV-PG,Adults,125,Classic Movies,India,2,Classic and vintage cinema
s772,Baxu and the Giants,Movie,2019,TV-PG,Adults,29,Dramas,Namibia,3,"Short-form US docs, stand-up, and family titles"
s773,Bayonet,Movie,2019,TV-MA,Adults,102,Dramas,Mexico,0,Contemporary international feature films
s774,Bazaar,Movie,1982,TV-14,Teens,121,Dramas,India,2,Classic and vintage cinema
s775,Bbuddah Hoga Terra Baap,Movie,2011,TV-14,Teens,116,Action & Adventure,India,0,Contemporary international feature films
s776,Be Here Now,Movie,2015,TV-MA,Adults,110,Documentaries,United States,3,"Short-form US docs, stand-up, and family titles"
s777,Be Somebody,Movie,2016,PG,Teens,88,Comedies,United States,0,Contemporary international feature films
s781,Beak & Brain: Genius Birds From Down Under,Movie,2013,TV-G,Kids,52,Documentaries,Germany,3,"Short-form US docs, stand-up, and family titles"
s782,Bean: The Ultimate Disaster Movie,Movie,1997,PG-13,Teens,89,Comedies,United Kingdom,1,Mid-catalogue licensed features
s783,Beary Tales,Movie,2013,TV-G,Kids,52,Children & Family Movies,United States,3,"Short-form US docs, stand-up, and family titles"
s786,Beasts of No Nation,Movie,2015,TV-MA,Adults,137,Dramas,United States,0,Contemporary international feature films
s788,Beat Bugs: All Together Now,Movie,2017,TV-Y,Kids,51,Children & Family Movies,Australia,3,"Short-form US docs, stand-up, and family titles"
s790,Beats,Movie,2019,TV-MA,Adults,110,Dramas,United States,0,Contemporary international feature films
s791,Beauties of the Night,Movie,2016,TV-MA,Adults,92,Documentaries,Mexico,0,Contemporary international feature films
s793,Beauty and the Bestie,Movie,2015,TV-14,Teens,119,Action & Adventure,Philippines,0,Contemporary international feature films
s795,Beavis and Butt-head Do America,Movie,1996,PG-13,Teens,81,Comedies,United States,1,Mid-catalogue licensed features
s796,Bebe's Kids,Movie,1992,PG-13,Teens,73,Comedies,United States,1,Mid-catalogue licensed features
s797,Because of Soccer,Movie,2008,TV-14,Teens,75,Comedies,Indonesia,0,Contemporary international feature films
s799,Because We're Heading Out,Movie,2016,TV-14,Teens,99,Comedies,Egypt,0,Contemporary international feature films
s800,Becoming,Movie,2020,PG,Teens,89,Documentaries,United States,3,"Short-form US docs, stand-up, and family titles"
s802,Becoming Jane,Movie,2007,PG-13,Teens,121,Dramas,United Kingdom,1,Mid-catalogue licensed features
s803,Bedtime Stories,Movie,2008,PG,Teens,100,Children & Family Movies,United States,1,Mid-catalogue licensed features
s804,Bee Movie,Movie,2007,PG,Teens,92,Children & Family Movies,United States,1,Mid-catalogue licensed features
s805,Been So Long,Movie,2018,TV-MA,Adults,100,Dramas,Unknown Country,0,Contemporary international feature films
s807,Before I Fall,Movie,2017,PG-13,Teens,98,Dramas,United States,3,"Short-form US docs, stand-up, and family titles"
s808,Before I Wake,Movie,2016,PG-13,Teens,97,Horror Movies,United States,3,"Short-form US docs, stand-up, and family titles"
s809,Before the Flood,Movie,2016,PG,Teens,97,Documentaries,United States,3,"Short-form US docs, stand-up, and family titles"
s810,Before the Summer Crowds,Movie,2016,TV-14,Teens,86,Dramas,Egypt,0,Contemporary international feature films
s811,"Behind ""The Cove"": The Quiet Japanese Speak Out",Movie,2015,TV-14,Teens,105,Documentaries,Japan,0,Contemporary international feature films
s813,Behind the Curtain: Todrick Hall,Movie,2017,TV-MA,Adults,100,Documentaries,United States,0,Contemporary international feature films
s814,Behind the Curve,Movie,2018,TV-14,Teens,96,Documentaries,United States,3,"Short-form US docs, stand-up, and family titles"
s817,Beiimaan Love,Movie,2016,TV-MA,Adults,115,Dramas,India,0,Contemporary international feature films
s818,Being AP,Movie,2015,TV-14,Teens,99,Documentaries,United Kingdom,0,Contemporary international feature films
s819,Being Elmo: A Puppeteer's Journey,Movie,2011,PG,Teens,76,Documentaries,United States,3,"Short-form US docs, stand-up, and family titles"
s821,Being Mrs Elliot,Movie,2014,TV-14,Teens,113,Dramas,Nigeria,0,Contemporary international feature films
s822,Being Napoleon,Movie,2018,TV-MA,Adults,88,Documentaries,United States,3,"Short-form US docs, stand-up, and family titles"
s823,Beirut Oh Beirut,Movie,1975,TV-14,Teens,106,Classic Movies,Lebanon,2,Classic and vintage cinema
s824,Belgica,Movie,2016,TV-MA,Adults,127,Dramas,Belgium,0,Contemporary international feature films
s825,Belief: The Possession of Janet Moses,Movie,2015,TV-MA,Adults,90,Documentaries,New Zealand,0,Contemporary international feature films
s827,Belmonte,Movie,2018,TV-MA,Adults,74,Dramas,Uruguay,0,Contemporary international feature films
s828,Below Her Mouth,Movie,2016,TV-MA,Adults,91,Dramas,Canada,0,Contemporary international feature films
s831,Ben Platt Live from Radio City Music Hall,Movie,2020,TV-PG,Adults,85,Music & Musicals,United States,3,"Short-form US docs, stand-up, and family titles"
s832,Benchwarmers 2: Breaking Balls,Movie,2019,PG-13,Teens,90,Comedies,United States,3,"Short-form US docs, stand-up, and family titles"
s833,Bending the Arc,Movie,2017,TV-MA,Adults,102,Documentaries,United States,3,"Short-form US docs, stand-up, and family titles"
s834,Beneath the Leaves,Movie,2019,TV-MA,Adults,90,Independent Movies,United States,3,"Short-form US docs, stand-up, and family titles"
s835,Benji,Movie,2018,TV-PG,Adults,87,Children & Family Movies,United Arab Emirates,0,Contemporary international feature films
s836,Benji: Off the Leash,Movie,2004,PG,Teens,100,Children & Family Movies,United States,1,Mid-catalogue licensed features
s837,Benji's Very Own Christmas Story,Movie,1978,TV-G,Kids,25,Children & Family Movies,United States,2,Classic and vintage cinema
s838,Bennett's War,Movie,2019,PG-13,Teens,94,Dramas,United States,3,"Short-form US docs, stand-up, and family titles"
s839,Berlin Calling,Movie,2008,TV-MA,Adults,105,Dramas,Germany,0,Contemporary international feature films
s840,Berlin Kaplani,Movie,2012,TV-14,Teens,99,Comedies,Turkey,0,Contemporary international feature films
s841,Berlin Syndrome,Movie,2017,R,Adults,116,International Movies,Australia,0,Contemporary international feature films
s842,"Berlin, Berlin: Lolle on the Run",Movie,2020,TV-MA,Adults,82,Comedies,Germany,0,Contemporary international feature films
s843,"Berlin, I Love You",Movie,2019,R,Adults,120,Dramas,Germany,0,Contemporary international feature films
s844,Berserk: The Golden Age Arc I - The Egg of the King,Movie,2012,TV-MA,Adults,77,Action & Adventure,Japan,0,Contemporary international feature films
s845,Berserk: The Golden Age Arc II - The Battle for Doldrey,Movie,2012,TV-MA,Adults,92,Action & Adventure,Japan,0,Contemporary international feature films
s846,Berserk: The Golden Age Arc III - The Advent,Movie,2013,TV-MA,Adults,107,Action & Adventure,Japan,0,Contemporary international feature films
s847,Bert Kreischer: Hey Big Boy,Movie,2020,TV-MA,Adults,62,Stand-Up Comedy,United States,3,"Short-form US docs, stand-up, and family titles"
s848,Bert Kreischer: Secret Time,Movie,2018,TV-MA,Adults,57,Stand-Up Comedy,Unknown Country,3,"Short-form US docs, stand-up, and family titles"
s849,Bert Kreischer: The Machine,Movie,2016,TV-MA,Adults,70,Stand-Up Comedy,United States,3,"Short-form US docs, stand-up, and family titles"
s852,Best Neighbors,Movie,2014,TV-14,Teens,98,Comedies,Unknown Country,0,Contemporary international feature films
s853,Best of Stand-Up 2020,Movie,2020,TV-MA,Adults,77,Stand-Up Comedy,Unknown Country,3,"Short-form US docs, stand-up, and family titles"
s854,"Best Wishes, Warmest Regards: A Schitt's Creek Farewell",Movie,2020,TV-MA,Adults,44,Documentaries,Canada,3,"Short-form US docs, stand-up, and family titles"
s855,Best Worst Thing That Ever Could Have Happened,Movie,2016,TV-MA,Adults,97,Documentaries,United States,3,"Short-form US docs, stand-up, and family titles"
s858,Bethany Hamilton: Unstoppable,Movie,2019,PG,Teens,100,Children & Family Movies,United States,0,Contemporary international feature films
s861,Betting on Zero,Movie,2017,TV-PG,Adults,104,Documentaries,United States,3,"Short-form US docs, stand-up, and family titles"
s862,Betty White: First Lady of Television,Movie,2018,TV-14,Teens,56,Documentaries,United States,3,"Short-form US docs, stand-up, and family titles"
s864,Between Maybes,Movie,2019,TV-14,Teens,108,Dramas,Philippines,0,Contemporary international feature films
s865,Between Two Ferns: The Movie,Movie,2019,TV-MA,Adults,83,Comedies,United States,3,"Short-form US docs, stand-up, and family titles"
s866,Between Worlds,Movie,2018,R,Adults,91,Thrillers,Spain,3,"Short-form US docs, stand-up, and family titles"
s867,Bewafaa,Movie,2005,TV-PG,Adults,149,Dramas,India,1,Mid-catalogue licensed features
s868,Bewildered Bolbol,Movie,2010,TV-14,Teens,112,Comedies,Egypt,0,Contemporary international feature films
s874,Beynelmilel,Movie,2006,TV-MA,Adults,102,Comedies,Turkey,1,Mid-catalogue licensed features
s875,Beyond All Boundaries,Movie,2013,TV-14,Teens,98,Documentaries,United States,0,Contemporary international feature films
s876,Beyond Skyline,Movie,2017,R,Adults,107,Action & Adventure,United States,0,Contemporary international feature films
s878,Beyond the Boundary: ICC Women's T20 World Cup Australia 2020,Movie,2020,TV-G,Kids,59,Documentaries,Unknown Country,3,"Short-form US docs, stand-up, and family titles"
s879,Beyond the Clouds,Movie,2018,TV-14,Teens,120,Dramas,India,0,Contemporary international feature films
s883,Bhagam Bhag,Movie,2006,TV-14,Teens,151,Comedies,India,1,Mid-catalogue licensed features
s884,Bhai: Vyakti Ki Valli - Poorvardha,Movie,2019,TV-14,Teens,116,Dramas,India,0,Contemporary international feature films
s885,Bhai: Vyakti Ki Valli - Uttarardh,Movie,2019,TV-PG,Adults,112,Dramas,India,0,Contemporary international feature films
s886,Bhaji In Problem,Movie,2013,TV-14,Teens,117,Comedies,India,0,Contemporary international feature films
s887,Bhangra Paa Le,Movie,2019,TV-14,Teens,130,Comedies,India,0,Contemporary international feature films
s888,Bhasmasur,Movie,2017,TV-14,Teens,74,Dramas,India,0,Contemporary international feature films
s889,Bhavesh Joshi Superhero,Movie,2018,TV-14,Teens,150,Dramas,India,0,Contemporary international feature films
s890,Bheemayan,Movie,2018,TV-Y,Kids,63,Children & Family Movies,Unknown Country,3,"Short-form US docs, stand-up, and family titles"
s891,Bheeshma,Movie,2020,TV-14,Teens,138,Action & Adventure,India,0,Contemporary international feature films
s892,Bhool Bhulaiyaa,Movie,2007,TV-14,Teens,148,Dramas,India,1,Mid-catalogue licensed features
s893,Bhoot,Movie,2003,TV-MA,Adults,114,Horror Movies,India,1,Mid-catalogue licensed features
s894,Bhouri,Movie,2017,TV-14,Teens,123,Dramas,India,0,Contemporary international feature films
s895,Bibi & Tina,Movie,2014,TV-PG,Adults,97,Children & Family Movies,Germany,3,"Short-form US docs, stand-up, and family titles"
s896,Bibi & Tina II,Movie,2014,TV-14,Teens,105,Children & Family Movies,Germany,0,Contemporary international feature films
s897,Bibi & Tina: Girls Versus Boys,Movie,2016,TV-14,Teens,107,Children & Family Movies,Germany,0,Contemporary international feature films
s898,Bibi & Tina: Tohuwabohu Total,Movie,2017,TV-14,Teens,106,Children & Family Movies,Germany,0,Contemporary international feature films
s901,Big Bear,Movie,2017,TV-MA,Adults,87,Comedies,United States,3,"Short-form US docs, stand-up, and family titles"
s902,Big Daddy,Movie,1999,PG-13,Teens,93,Comedies,United States,1,Mid-catalogue licensed features
s904,Big Fat Liar,Movie,2002,PG,Teens,88,Children & Family Movies,United States,1,Mid-catalogue licensed features
s905,Big Kill,Movie,2018,R,Adults,126,Action & Adventure,United States,3,"Short-form US docs, stand-up, and family titles"
s906,Big Miracle,Movie,2012,PG,Teens,107,Children & Family Movies,United States,0,Contemporary international feature films
s908,Big Stone Gap,Movie,2014,PG-13,Teens,103,Comedies,United States,3,"Short-form US docs, stand-up, and family titles"
s909,Big Time,Movie,2017,TV-MA,Adults,90,Documentaries,Denmark,3,"Short-form US docs, stand-up, and family titles"
s910,Big Time Movie,Movie,2012,TV-PG,Adults,68,Children & Family Movies,United States,3,"Short-form US docs, stand-up, and family titles"
s911,Bigflo & Oli: Hip Hop Frenzy,Movie,2020,TV-MA,Adults,100,Documentaries,France,0,Contemporary international feature films
s912,Bigger Fatter Liar,Movie,2017,PG,Teens,95,Children & Family Movies,United States,3,"Short-form US docs, stand-up, and family titles"
s913,Biggie & Tupac,Movie,2002,R,Adults,108,Documentaries,United Kingdom,1,Mid-catalogue licensed features
s914,"Bikram: Yogi, Guru, Predator",Movie,2019,TV-MA,Adults,86,Documentaries,United States,3,"Short-form US docs, stand-up, and family titles"
s915,Bill Burr: I'm Sorry You Feel That Way,Movie,2014,TV-MA,Adults,81,Stand-Up Comedy,United States,3,"Short-form US docs, stand-up, and family titles"
s916,Bill Burr: Let It Go,Movie,2010,NR,Unrated,65,Stand-Up Comedy,United States,3,"Short-form US docs, stand-up, and family titles"
s917,Bill Burr: Paper Tiger,Movie,2019,TV-MA,Adults,67,Stand-Up Comedy,United States,3,"Short-form US docs, stand-up, and family titles"
s918,Bill Burr: Walk Your Way Out,Movie,2017,TV-MA,Adults,78,Stand-Up Comedy,United States,3,"Short-form US docs, stand-up, and family titles"
s919,Bill Burr: You People Are All the Same,Movie,2012,TV-MA,Adults,69,Stand-Up Comedy,United States,3,"Short-form US docs, stand-up, and family titles"
s920,Bill Hicks: One Night Stand,Movie,1991,TV-MA,Adults,28,Stand-Up Comedy,United Kingdom,1,Mid-catalogue licensed features
s921,Bill Hicks: Reflections,Movie,2015,TV-MA,Adults,34,Documentaries,Unknown Country,3,"Short-form US docs, stand-up, and family titles"
s922,Bill Hicks: Relentless,Movie,1992,TV-MA,Adults,61,Stand-Up Comedy,United Kingdom,1,Mid-catalogue licensed features
s923,Bill Hicks: Revelations,Movie,1993,TV-MA,Adults,56,Stand-Up Comedy,United Kingdom,1,Mid-catalogue licensed features
s924,Bill Hicks: Sane Man,Movie,1989,TV-MA,Adults,81,Stand-Up Comedy,United States,1,Mid-catalogue licensed features
s926,Bill Nye: Science Guy,Movie,2017,TV-PG,Adults,97,Documentaries,United States,3,"Short-form US docs, stand-up, and family titles"
s927,Billu,Movie,2009,TV-PG,Adults,132,Dramas,India,0,Contemporary international feature films
s928,Billy Elliot,Movie,2000,R,Adults,110,Dramas,United Kingdom,1,Mid-catalogue licensed features
s929,Billy Graham: An Extraordinary Journey,Movie,2018,TV-PG,Adults,66,Documentaries,United States,3,"Short-form US docs, stand-up, and family titles"
s931,Bilu Rakkhosh,Movie,2017,TV-MA,Adults,127,Dramas,India,0,Contemporary international feature films
s933,Bioscope,Movie,2015,TV-14,Teens,131,Dramas,India,0,Contemporary international feature films
s934,Bir Baba Hindu,Movie,2016,TV-MA,Adults,107,Action & Adventure,Turkey,0,Contemporary international feature films
s935,Bird Box,Movie,2018,R,Adults,124,Dramas,United States,0,Contemporary international feature films
s936,Birders,Movie,2019,TV-G,Kids,38,Documentaries,United States,3,"Short-form US docs, stand-up, and family titles"
s937,Birdshot,Movie,2016,TV-MA,Adults,115,Dramas,Philippines,0,Contemporary international feature films
s938,Birthmarked,Movie,2018,TV-MA,Adults,88,Comedies,Canada,0,Contemporary international feature films
s939,Bitch,Movie,2017,R,Adults,97,Comedies,United States,0,Contemporary international feature films
s940,Bitcoin Heist,Movie,2016,TV-14,Teens,116,Action & Adventure,Vietnam,0,Contemporary international feature films
s943,Bittersweet,Movie,2010,TV-MA,Adults,132,Comedies,Egypt,0,Contemporary international feature films
s944,Bittoo Boss,Movie,2012,TV-14,Teens,117,Comedies,India,0,Contemporary international feature films
s945,Black,Movie,2015,TV-14,Teens,137,Action & Adventure,India,0,Contemporary international feature films
s946,Black '47,Movie,2018,R,Adults,100,Action & Adventure,Ireland,0,Contemporary international feature films
s947,Black & Privileged: Volume 1,Movie,2019,TV-MA,Adults,79,Dramas,United States,3,"Short-form US docs, stand-up, and family titles"
s951,Black Friday,Movie,2004,TV-MA,Adults,162,Dramas,India,1,Mid-catalogue licensed features
s952,Black Hawk Down,Movie,2001,R,Adults,144,Action & Adventure,United States,1,Mid-catalogue licensed features
s956,Black Man White Skin,Movie,2015,TV-PG,Adults,79,Documentaries,Spain,3,"Short-form US docs, stand-up, and family titles"
s958,Black Mirror: Bandersnatch,Movie,2018,TV-MA,Adults,312,Dramas,United States,0,Contemporary international feature films
s960,Black Panther,Movie,2018,PG-13,Teens,135,Action & Adventure,United States,0,Contemporary international feature films
s961,Black Rose,Movie,2014,TV-MA,Adults,83,Action & Adventure,Russia,0,Contemporary international feature films
s962,Black Sea,Movie,2015,R,Adults,114,Action & Adventure,United Kingdom,0,Contemporary international feature films
s963,Black Site Delta,Movie,2017,TV-MA,Adults,88,Action & Adventure,United States,3,"Short-form US docs, stand-up, and family titles"
s964,Black Snake Moan,Movie,2007,R,Adults,116,Dramas,United States,1,Mid-catalogue licensed features
s965,Black Snow,Movie,2017,TV-MA,Adults,91,Dramas,Argentina,0,Contemporary international feature films
s968,Blackfish,Movie,2013,PG-13,Teens,83,Documentaries,United States,3,"Short-form US docs, stand-up, and family titles"
s969,BLACKPINK: Light Up the Sky,Movie,2020,TV-14,Teens,80,Documentaries,United States,3,"Short-form US docs, stand-up, and family titles"
s970,Blackway,Movie,2015,PG-13,Teens,90,Thrillers,United States,3,"Short-form US docs, stand-up, and family titles"
s971,BLAME!,Movie,2017,TV-14,Teens,106,Action & Adventure,Japan,0,Contemporary international feature films
s972,Blaze,Movie,2018,R,Adults,129,Dramas,United States,0,Contemporary international feature films
s975,Bleach The Movie: Fade to Black,Movie,2008,TV-PG,Adults,94,Action & Adventure,Japan,0,Contemporary international feature films
s976,Bleach the Movie: Hell Verse,Movie,2010,TV-14,Teens,94,Action & Adventure,Japan,0,Contemporary international feature films
s977,Bleed for This,Movie,2016,R,Adults,120,Dramas,United States,0,Contemporary international feature films
s978,Blessed Benefit,Movie,2016,TV-14,Teens,83,Comedies,Germany,0,Contemporary international feature films
s979,Blind Date,Movie,2015,TV-14,Teens,91,Comedies,France,0,Contemporary international feature films
s980,Blind Detective,Movie,2013,TV-MA,Adults,130,Action & Adventure,Hong Kong,0,Contemporary international feature films
s982,Blinky Bill: The Movie,Movie,2015,PG,Teens,91,Children & Family Movies,Australia,3,"Short-form US docs, stand-up, and family titles"
s983,Blitz Patrollie,Movie,2013,TV-MA,Adults,102,Action & Adventure,South Africa,0,Contemporary international feature films
s984,Blockbuster,Movie,2017,TV-MA,Adults,85,Comedies,France,0,Contemporary international feature films
s987,Blood Father,Movie,2016,R,Adults,88,Action & Adventure,France,0,Contemporary international feature films
s988,Blood Money,Movie,2012,TV-14,Teens,110,Dramas,India,0,Contemporary international feature films
s991,Blood Will Tell,Movie,2019,TV-MA,Adults,113,Dramas,Argentina,0,Contemporary international feature films
s994,Blow,Movie,2001,R,Adults,123,Dramas,United States,1,Mid-catalogue licensed features
s997,Blue Is the Warmest Color,Movie,2013,NC-17,Adults,180,Dramas,France,0,Contemporary international feature films
s998,Blue Jasmine,Movie,2013,PG-13,Teens,98,Comedies,United States,0,Contemporary international feature films
s999,Blue Jay,Movie,2016,TV-MA,Adults,81,Dramas,United States,0,Contemporary international feature films
s1000,Blue Mountain State: The Rise of Thadland,Movie,2016,R,Adults,90,Comedies,United States,3,"Short-form US docs, stand-up, and family titles"
s1002,Blue Ruin,Movie,2013,R,Adults,90,Independent Movies,United States,3,"Short-form US docs, stand-up, and family titles"
s1003,Blue Streak,Movie,1999,PG-13,Teens,94,Action & Adventure,Germany,1,Mid-catalogue licensed features
s1004,Blue Valentine,Movie,2010,R,Adults,112,Dramas,United States,0,Contemporary international feature films
s1005,BluffMaster!,Movie,2005,TV-14,Teens,129,Comedies,India,1,Mid-catalogue licensed features
s1006,Blurred Lines: Inside the Art World,Movie,2017,TV-MA,Adults,85,Documentaries,Canada,3,"Short-form US docs, stand-up, and family titles"
s1008,BNK48: Girls Don't Cry,Movie,2018,TV-14,Teens,108,Documentaries,Thailand,0,Contemporary international feature films
s1009,Bo Burnham: Make Happy,Movie,2016,TV-MA,Adults,60,Music & Musicals,United States,3,"Short-form US docs, stand-up, and family titles"
s1010,Bo Burnham: what.,Movie,2013,TV-MA,Adults,60,Stand-Up Comedy,United States,3,"Short-form US docs, stand-up, and family titles"
s1012,Bob Lazar: Area 51 & Flying Saucers,Movie,2018,TV-MA,Adults,97,Documentaries,United States,3,"Short-form US docs, stand-up, and family titles"
s1014,Bob's Broken Sleigh,Movie,2015,TV-G,Kids,47,Children & Family Movies,Canada,3,"Short-form US docs, stand-up, and family titles"
s1015,Bobbi Jene,Movie,2017,TV-MA,Adults,99,Documentaries,Denmark,3,"Short-form US docs, stand-up, and family titles"
s1016,Bobbleheads The Movie,Movie,2020,PG,Teens,83,Children & Family Movies,United States,3,"Short-form US docs, stand-up, and family titles"
s1017,Bobby,Movie,1973,TV-14,Teens,168,Classic Movies,India,2,Classic and vintage cinema
s1018,Bobby Jasoos,Movie,2014,TV-14,Teens,116,Comedies,India,0,Contemporary international feature films
s1020,Bobby Robson: More Than a Manager,Movie,2018,TV-14,Teens,99,Documentaries,United Kingdom,0,Contemporary international feature films
s1021,Bobby Sands: 66 Days,Movie,2016,TV-14,Teens,106,Documentaries,Ireland,3,"Short-form US docs, stand-up, and family titles"
s1023,Bodyguard,Movie,2011,TV-14,Teens,130,Action & Adventure,India,0,Contemporary international feature films
s1024,Bogda,Movie,2018,TV-PG,Adults,161,Dramas,India,0,Contemporary international feature films
s1025,Boi,Movie,2018,TV-MA,Adults,111,Dramas,Spain,0,Contemporary international feature films
s1027,BoJack Horseman Christmas Special: Sabrina's Christmas Wish,Movie,2014,TV-MA,Adults,26,Movies,United States,3,"Short-form US docs, stand-up, and family titles"
s1028,Bokeh,Movie,2017,TV-14,Teens,92,Dramas,United States,0,Contemporary international feature films
s1030,Bollywood Calling,Movie,2001,TV-MA,Adults,102,Comedies,India,1,Mid-catalogue licensed features
s1031,Bolt,Movie,2008,PG,Teens,99,Children & Family Movies,United States,1,Mid-catalogue licensed features
s1032,Bomb Scared,Movie,2017,TV-MA,Adults,89,Comedies,Spain,0,Contemporary international feature films
s1033,Bombairiya,Movie,2018,TV-MA,Adults,108,Comedies,United Arab Emirates,0,Contemporary international feature films
s1034,Bombay Talkies,Movie,2013,TV-MA,Adults,123,Dramas,India,0,Contemporary international feature films
s1035,Bombshell,Movie,2016,TV-MA,Adults,86,Dramas,New Zealand,3,"Short-form US docs, stand-up, and family titles"
s1036,Bombshell: The Hedy Lamarr Story,Movie,2017,TV-14,Teens,89,Documentaries,United States,3,"Short-form US docs, stand-up, and family titles"
s1037,Bon Bini Holland,Movie,2015,TV-MA,Adults,88,Comedies,Netherlands,0,Contemporary international feature films
s1038,Bon Cop Bad Cop 2,Movie,2017,TV-MA,Adults,126,Action & Adventure,Canada,0,Contemporary international feature films
s1039,"Bon Cop, Bad Cop",Movie,2006,TV-MA,Adults,117,Action & Adventure,Canada,1,Mid-catalogue licensed features
s1042,Bonnie and Clyde,Movie,1967,R,Adults,111,Action & Adventure,United States,2,Classic and vintage cinema
s1046,Boom,Movie,2003,TV-MA,Adults,79,Action & Adventure,India,1,Mid-catalogue licensed features
s1054,Born Beautiful,Movie,2019,TV-MA,Adults,96,Comedies,Philippines,0,Contemporary international feature films
s1055,Born in Gaza,Movie,2014,TV-14,Teens,70,Documentaries,Spain,3,"Short-form US docs, stand-up, and family titles"
s1056,Born in Syria,Movie,2016,TV-14,Teens,87,Documentaries,Denmark,0,Contemporary international feature films
s1057,Born Racer,Movie,2018,R,Adults,89,Documentaries,New Zealand,3,"Short-form US docs, stand-up, and family titles"
s1058,Born Strong,Movie,2017,TV-MA,Adults,86,Documentaries,United States,3,"Short-form US docs, stand-up, and family titles"
s1059,Born to Be Free,Movie,2016,TV-14,Teens,74,Documentaries,United Kingdom,3,"Short-form US docs, stand-up, and family titles"
s1060,Boss,Movie,2013,TV-14,Teens,139,Action & Adventure,India,0,Contemporary international feature films
s1061,Bosta,Movie,2005,TV-14,Teens,112,Dramas,Lebanon,1,Mid-catalogue licensed features
s1064,Bottom of the World,Movie,2017,TV-MA,Adults,84,Dramas,Canada,0,Contemporary international feature films
s1066,Boushkash,Movie,2008,TV-MA,Adults,100,Comedies,Egypt,1,Mid-catalogue licensed features
s1067,Boy and the World,Movie,2013,PG,Teens,80,Children & Family Movies,Brazil,3,"Short-form US docs, stand-up, and family titles"
s1068,Boy Bye,Movie,2016,TV-MA,Adults,86,Comedies,United States,3,"Short-form US docs, stand-up, and family titles"
s1069,Boy Missing,Movie,2016,TV-MA,Adults,105,International Movies,Spain,0,Contemporary international feature films
s1070,Boyka: Undisputed,Movie,2016,R,Adults,90,Action & Adventure,Bulgaria,3,"Short-form US docs, stand-up, and family titles"
s1072,Brad Paisley's Comedy Rodeo,Movie,2017,TV-MA,Adults,63,Stand-Up Comedy,United States,3,"Short-form US docs, stand-up, and family titles"
s1073,Brahman Naman,Movie,2016,TV-MA,Adults,96,Comedies,India,0,Contemporary international feature films
s1075,Brain on Fire,Movie,2016,PG-13,Teens,89,Dramas,United States,0,Contemporary international feature films
s1077,Brampton's Own,Movie,2018,TV-MA,Adults,90,Dramas,United States,0,Contemporary international feature films
s1078,Bratz: The Movie,Movie,2007,PG,Teens,102,Children & Family Movies,United States,1,Mid-catalogue licensed features
s1079,Brave Blue World: Racing to Solve Our Water Crisis,Movie,2020,TV-PG,Adults,51,Documentaries,Canada,3,"Short-form US docs, stand-up, and family titles"
s1081,Brave New Jersey,Movie,2016,TV-MA,Adults,92,Comedies,United States,3,"Short-form US docs, stand-up, and family titles"
s1082,Braven,Movie,2018,R,Adults,94,Action & Adventure,Canada,3,"Short-form US docs, stand-up, and family titles"
s1085,Break,Movie,2018,TV-MA,Adults,96,Comedies,France,0,Contemporary international feature films
s1087,Break Ke Baad,Movie,2010,TV-14,Teens,108,Comedies,India,0,Contemporary international feature films
s1088,Break Up 100,Movie,2014,TV-14,Teens,105,Comedies,Hong Kong,0,Contemporary international feature films
s1091,Breaking Free,Movie,2015,TV-MA,Adults,81,Documentaries,India,0,Contemporary international feature films
s1092,Breaking the Bank,Movie,2014,TV-PG,Adults,105,Comedies,United Kingdom,0,Contemporary international feature films
s1094,Breath,Movie,2018,TV-MA,Adults,116,Dramas,Australia,0,Contemporary international feature films
s1095,Brené Brown: The Call to Courage,Movie,2019,TV-14,Teens,77,Documentaries,Unknown Country,3,"Short-form US docs, stand-up, and family titles"
s1097,Brian Regan: Nunchucks and Flamethrowers,Movie,2017,TV-PG,Adults,61,Stand-Up Comedy,United States,3,"Short-form US docs, stand-up, and family titles"
s1098,Brick,Movie,2005,R,Adults,110,Independent Movies,United States,1,Mid-catalogue licensed features
s1099,Bride For Rent,Movie,2014,TV-PG,Adults,110,Comedies,Philippines,0,Contemporary international feature films
s1100,Bridezilla,Movie,2019,TV-MA,Adults,94,Comedies,Indonesia,0,Contemporary international feature films
s1102,Bridget Christie: Stand Up for Her,Movie,2016,TV-MA,Adults,51,Stand-Up Comedy,United Kingdom,3,"Short-form US docs, stand-up, and family titles"
s1103,Bright,Movie,2017,TV-MA,Adults,118,Action & Adventure,United States,0,Contemporary international feature films
s1105,Brij Mohan Amar Rahe,Movie,2018,TV-MA,Adults,100,Comedies,India,0,Contemporary international feature films
s1107,Bring It On: Worldwide Showdown,Movie,2017,PG-13,Teens,95,Comedies,United States,3,"Short-form US docs, stand-up, and family titles"
s1112,Brooklyn's Finest,Movie,2009,R,Adults,133,Dramas,United States,1,Mid-catalogue licensed features
s1113,Brother,Movie,2019,TV-MA,Adults,97,Dramas,France,0,Contemporary international feature films
s1114,Brother in Love,Movie,2019,TV-MA,Adults,110,Comedies,Turkey,0,Contemporary international feature films
s1115,Brother's Shadow,Movie,2006,TV-MA,Adults,90,Dramas,United States,1,Mid-catalogue licensed features
s1117,Brotherhood of Blades II: The Infernal Battlefield,Movie,2017,TV-MA,Adults,120,Action & Adventure,China,0,Contemporary international feature films
s1118,Brothers,Movie,2015,TV-14,Teens,155,Action & Adventure,India,0,Contemporary international feature films
s1120,Bruno and Boots: Go Jump in the Pool,Movie,2016,TV-PG,Adults,91,Children & Family Movies,Canada,3,"Short-form US docs, stand-up, and family titles"
s1121,Bruno and Boots: The Wizzle War,Movie,2017,TV-PG,Adults,90,Children & Family Movies,Canada,3,"Short-form US docs, stand-up, and family titles"
s1122,Bruno and Boots: This Can't Be Happening at Macdonald Hall,Movie,2017,TV-PG,Adults,90,Children & Family Movies,Canada,3,"Short-form US docs, stand-up, and family titles"
s1123,Bucket List,Movie,2018,TV-14,Teens,129,Dramas,India,0,Contemporary international feature films
s1124,Budapest,Movie,2018,TV-MA,Adults,103,Comedies,France,0,Contemporary international feature films
s1127,Buddies,Movie,2012,TV-MA,Adults,103,Comedies,Brazil,0,Contemporary international feature films
s1129,Buddy Thunderstruck: The Maybe Pile,Movie,2017,TV-Y7,Teens,14,Movies,United States,3,"Short-form US docs, stand-up, and family titles"
s1130,Budhia Singh: Born to Run,Movie,2016,TV-MA,Adults,95,Dramas,India,0,Contemporary international feature films
s1131,Buffalo Boys,Movie,2018,TV-MA,Adults,103,Action & Adventure,Indonesia,0,Contemporary international feature films
s1132,Bugs,Movie,2016,TV-G,Kids,73,Documentaries,Netherlands,0,Contemporary international feature films
s1133,Bulbbul,Movie,2020,TV-MA,Adults,94,Horror Movies,India,0,Contemporary international feature films
s1134,Bulbul Can Sing,Movie,2018,TV-14,Teens,95,Dramas,India,0,Contemporary international feature films
s1135,Bullet Head,Movie,2017,R,Adults,94,International Movies,Bulgaria,0,Contemporary international feature films
s1136,Bulletproof 2,Movie,2020,TV-MA,Adults,97,Action & Adventure,United States,3,"Short-form US docs, stand-up, and family titles"
s1137,Bullitt County,Movie,2018,TV-MA,Adults,98,Independent Movies,United States,3,"Short-form US docs, stand-up, and family titles"
s1138,Bully,Movie,2012,PG-13,Teens,98,Documentaries,United States,3,"Short-form US docs, stand-up, and family titles"
s1142,Burlesque,Movie,2010,PG-13,Teens,119,Dramas,United States,1,Mid-catalogue licensed features
s1143,Burlesque: Heart of the Glitter Tribe,Movie,2017,TV-MA,Adults,76,Documentaries,United States,3,"Short-form US docs, stand-up, and family titles"
s1144,Burn Out,Movie,2017,TV-MA,Adults,104,Action & Adventure,France,0,Contemporary international feature films
s1146,Burning,Movie,2018,TV-MA,Adults,148,Dramas,South Korea,0,Contemporary international feature films
s1147,Burning Cane,Movie,2019,TV-MA,Adults,78,Dramas,United States,3,"Short-form US docs, stand-up, and family titles"
s1148,Burning Sands,Movie,2017,TV-MA,Adults,102,Dramas,United States,3,"Short-form US docs, stand-up, and family titles"
s1150,Bushwick,Movie,2017,TV-MA,Adults,94,Action & Adventure,United States,3,"Short-form US docs, stand-up, and family titles"
s1152,Buster's Mal Heart,Movie,2016,TV-MA,Adults,98,Independent Movies,United States,3,"Short-form US docs, stand-up, and family titles"
s1153,Butterfield 8,Movie,1960,TV-14,Teens,108,Classic Movies,United States,2,Classic and vintage cinema
s1154,BuyBust,Movie,2018,TV-MA,Adults,128,Action & Adventure,Philippines,0,Contemporary international feature films
s1155,Bwakaw,Movie,2012,TV-MA,Adults,110,Dramas,Philippines,0,Contemporary international feature films
s1156,By the Sea,Movie,2015,R,Adults,122,Dramas,France,0,Contemporary international feature films
s1157,Bye Bye London,Movie,1981,TV-14,Teens,177,Comedies,Kuwait,2,Classic and vintage cinema
s1158,Bygones Be Bygones,Movie,2017,TV-MA,Adults,104,Comedies,Turkey,0,Contemporary international feature films
s1159,Bypass Road,Movie,2019,TV-14,Teens,135,International Movies,India,0,Contemporary international feature films
s1160,C Kkompany,Movie,2008,TV-14,Teens,127,Action & Adventure,India,1,Mid-catalogue licensed features
s1161,Cézanne et moi,Movie,2016,R,Adults,114,Dramas,Belgium,0,Contemporary international feature films
s1162,Cabin Fever,Movie,2016,R,Adults,98,Horror Movies,United States,3,"Short-form US docs, stand-up, and family titles"
s1165,Cadaver,Movie,2020,TV-MA,Adults,87,Horror Movies,Norway,0,Contemporary international feature films
s1167,Cahaya Dari Timur Beta Maluku,Movie,2014,TV-14,Teens,151,Dramas,Indonesia,0,Contemporary international feature films
s1168,Caida del Cielo,Movie,2016,TV-MA,Adults,78,Comedies,Argentina,0,Contemporary international feature films
s1170,Cairo Station,Movie,1958,TV-14,Teens,73,Classic Movies,Egypt,2,Classic and vintage cinema
s1171,Cake,Movie,2018,TV-MA,Adults,125,Comedies,United Kingdom,0,Contemporary international feature films
s1172,Calendar Girls,Movie,2015,TV-14,Teens,126,Dramas,India,0,Contemporary international feature films
s1173,Calibre,Movie,2018,TV-MA,Adults,101,Dramas,United Kingdom,0,Contemporary international feature films
s1176,Calico Critters: A Town of Dreams,Movie,2017,TV-Y,Kids,11,Children & Family Movies,Unknown Country,3,"Short-form US docs, stand-up, and family titles"
s1177,Calico Critters: Everyone's Big Dream Flying in the Sky,Movie,2019,TV-Y,Kids,11,Children & Family Movies,Unknown Country,3,"Short-form US docs, stand-up, and family titles"
s1178,Calico Critters: The Treasure of Calico Village,Movie,2017,TV-Y,Kids,22,Children & Family Movies,Unknown Country,3,"Short-form US docs, stand-up, and family titles"
s1183,Calum von Moger: Unbroken,Movie,2019,TV-MA,Adults,93,Documentaries,United States,3,"Short-form US docs, stand-up, and family titles"
s1184,Cam,Movie,2018,TV-MA,Adults,95,Horror Movies,United States,0,Contemporary international feature films
s1186,Camarón: The Film,Movie,2018,TV-14,Teens,105,Documentaries,Spain,0,Contemporary international feature films
s1188,Camera Store,Movie,2016,TV-MA,Adults,104,Comedies,United States,0,Contemporary international feature films
s1189,Camp Cool Kids,Movie,2017,TV-G,Kids,104,Children & Family Movies,United States,0,Contemporary international feature films
s1191,Camp X-Ray,Movie,2014,R,Adults,117,Dramas,United States,0,Contemporary international feature films
s1195,Can't Hardly Wait,Movie,1998,PG-13,Teens,101,Comedies,United States,1,Mid-catalogue licensed features
s1196,Can't Help Falling in Love,Movie,2017,TV-14,Teens,120,Comedies,Philippines,0,Contemporary international feature films
s1197,Can’t Complain,Movie,2007,TV-MA,Adults,114,Comedies,Egypt,1,Mid-catalogue licensed features
s1198,Candy Jar,Movie,2018,TV-14,Teens,93,Children & Family Movies,United States,0,Contemporary international feature films
s1200,Candyflip,Movie,2017,TV-MA,Adults,104,Dramas,India,0,Contemporary international feature films
s1201,Candyman,Movie,1992,R,Adults,99,Cult Movies,United States,1,Mid-catalogue licensed features
s1204,Canvas,Movie,2020,G,Kids,9,Children & Family Movies,United States,3,"Short-form US docs, stand-up, and family titles"
s1205,Capital in the Twenty-First Century,Movie,2019,TV-14,Teens,103,Documentaries,France,3,"Short-form US docs, stand-up, and family titles"
s1206,Cappuccino,Movie,2017,TV-PG,Adults,126,Comedies,India,0,Contemporary international feature films
s1207,Captain Underpants Epic Choice-o-Rama,Movie,2020,TV-Y7,Teens,81,Children & Family Movies,United States,3,"Short-form US docs, stand-up, and family titles"
s1208,Captain Underpants Mega Blissmas,Movie,2020,TV-Y7,Teens,46,Children & Family Movies,United States,3,"Short-form US docs, stand-up, and family titles"
s1211,Carbon,Movie,2017,TV-MA,Adults,104,Dramas,France,0,Contemporary international feature films
s1212,Cardboard Gangsters,Movie,2016,TV-MA,Adults,92,Dramas,Ireland,0,Contemporary international feature films
s1216,Care of Kancharapalem,Movie,2018,TV-14,Teens,142,Comedies,India,0,Contemporary international feature films
s1217,Caregiver,Movie,2008,TV-14,Teens,131,Dramas,Philippines,1,Mid-catalogue licensed features
s1218,Cargo,Movie,2020,TV-14,Teens,113,Comedies,India,0,Contemporary international feature films
s1219,Carlos Almaraz: Playing with Fire,Movie,2019,TV-14,Teens,83,Documentaries,United States,3,"Short-form US docs, stand-up, and family titles"
s1220,Carlos Ballarta: El amor es de putos,Movie,2016,TV-MA,Adults,67,Stand-Up Comedy,Mexico,3,"Short-form US docs, stand-up, and family titles"
s1221,Carlos Ballarta: Furia Ñera,Movie,2018,TV-MA,Adults,63,Stand-Up Comedy,Mexico,3,"Short-form US docs, stand-up, and family titles"
s1224,Carmen Sandiego: To Steal or Not to Steal,Movie,2020,TV-Y7,Teens,82,Children & Family Movies,Canada,3,"Short-form US docs, stand-up, and family titles"
s1225,Carol,Movie,2015,R,Adults,119,Dramas,United Kingdom,0,Contemporary international feature films
s1227,Carrie,Movie,1976,R,Adults,98,Classic Movies,United States,2,Classic and vintage cinema
s1228,Carrie Pilby,Movie,2016,TV-MA,Adults,98,Comedies,United States,3,"Short-form US docs, stand-up, and family titles"
s1229,Carriers,Movie,2009,PG-13,Teens,85,Horror Movies,United States,1,Mid-catalogue licensed features
s1230,Casa de mi Padre,Movie,2012,R,Adults,84,Comedies,United States,3,"Short-form US docs, stand-up, and family titles"
s1231,Casablancas: The Man Who Loved Women,Movie,2016,TV-14,Teens,82,Documentaries,France,3,"Short-form US docs, stand-up, and family titles"
s1233,Case 39,Movie,2009,R,Adults,111,Horror Movies,United States,1,Mid-catalogue licensed features
s1235,Casino Royale,Movie,2006,PG-13,Teens,145,Action & Adventure,United Kingdom,1,Mid-catalogue licensed features
s1236,Casino Tycoon,Movie,1992,TV-MA,Adults,125,Action & Adventure,Hong Kong,1,Mid-catalogue licensed features
s1237,Casino Tycoon 2,Movie,1992,TV-MA,Adults,108,Action & Adventure,Hong Kong,1,Mid-catalogue licensed features
s1238,Casting JonBenet,Movie,2017,TV-14,Teens,81,Documentaries,United States,3,"Short-form US docs, stand-up, and family titles"
s1242,Cat on a Hot Tin Roof,Movie,1958,NR,Unrated,108,Classic Movies,United States,2,Classic and vintage cinema
s1243,Catch Me If You Can,Movie,2002,PG-13,Teens,141,Dramas,United States,1,Mid-catalogue licensed features
s1244,Catching Feelings,Movie,2018,TV-MA,Adults,117,Comedies,South Africa,0,Contemporary international feature films
s1245,Catching the Sun,Movie,2015,TV-14,Teens,74,Documentaries,China,3,"Short-form US docs, stand-up, and family titles"
s1246,Catfight,Movie,2016,TV-MA,Adults,96,Comedies,United States,3,"Short-form US docs, stand-up, and family titles"
s1248,Cats & Dogs: The Revenge of Kitty Galore,Movie,2010,PG,Teens,82,Children & Family Movies,United States,3,"Short-form US docs, stand-up, and family titles"
s1249,Catwalk: Tales from the Cat Show Circuit,Movie,2018,TV-PG,Adults,75,Documentaries,Canada,3,"Short-form US docs, stand-up, and family titles"
s1251,Cave,Movie,2016,TV-MA,Adults,77,Action & Adventure,Norway,0,Contemporary international feature films
s1252,Cedric the Entertainer: Live from the Ville,Movie,2016,TV-MA,Adults,60,Stand-Up Comedy,United States,3,"Short-form US docs, stand-up, and family titles"
s1253,Celebrity Marriage,Movie,2017,TV-PG,Adults,107,Dramas,Unknown Country,0,Contemporary international feature films
s1255,Celluloid Man,Movie,2012,TV-PG,Adults,156,Documentaries,India,0,Contemporary international feature films
s1256,Cemara's Family,Movie,2018,TV-G,Kids,110,Children & Family Movies,Indonesia,0,Contemporary international feature films
s1257,Center Stage,Movie,2000,PG-13,Teens,116,Dramas,United States,1,Mid-catalogue licensed features
s1258,Chaahat,Movie,1996,TV-14,Teens,148,Dramas,India,1,Mid-catalogue licensed features
s1259,Chaar Sahibzaade,Movie,2014,TV-PG,Adults,126,Dramas,India,0,Contemporary international feature films
s1260,Chadi Jawani Budhe Nu,Movie,1976,TV-PG,Adults,135,Comedies,India,2,Classic and vintage cinema
s1261,Chal Bhaag,Movie,2014,TV-14,Teens,110,Comedies,India,0,Contemporary international feature films
s1262,Chal Dhar Pakad,Movie,2010,TV-14,Teens,129,Comedies,India,0,Contemporary international feature films
s1263,Chal Mere Bhai,Movie,2000,TV-14,Teens,132,Comedies,India,1,Mid-catalogue licensed features
s1264,Chalay Thay Saath,Movie,2017,TV-14,Teens,118,Comedies,Pakistan,0,Contemporary international feature films
s1266,Chalte Chalte,Movie,2003,TV-14,Teens,166,Dramas,India,1,Mid-catalogue licensed features
s1267,Chaman Bahaar,Movie,2020,TV-MA,Adults,112,Comedies,India,0,Contemporary international feature films
s1268,Chamatkar,Movie,1992,TV-14,Teens,164,Comedies,India,1,Mid-catalogue licensed features
s1270,Chameli,Movie,2004,TV-14,Teens,102,Dramas,India,1,Mid-catalogue licensed features
s1272,Chance Pe Dance,Movie,2010,TV-14,Teens,121,Comedies,India,0,Contemporary international feature films
s1273,Chandani: The Daughter of the Elephant Whisperer,Movie,2010,TV-G,Kids,87,Documentaries,Germany,0,Contemporary international feature films
s1274,Change in the Air,Movie,2018,PG,Teens,95,Dramas,United States,3,"Short-form US docs, stand-up, and family titles"
s1275,Chaotic Love Poems,Movie,2016,TV-14,Teens,86,Dramas,Indonesia,0,Contemporary international feature films
s1276,Chappaquiddick,Movie,2017,PG-13,Teens,106,Dramas,United States,3,"Short-form US docs, stand-up, and family titles"
s1277,Chappie,Movie,2015,R,Adults,121,Action & Adventure,South Africa,0,Contemporary international feature films
s1280,Charlie and the Chocolate Factory,Movie,2005,PG,Teens,115,Children & Family Movies,United Kingdom,1,Mid-catalogue licensed features
s1281,Charlie's Angels,Movie,2000,PG-13,Teens,98,Action & Adventure,United States,1,Mid-catalogue licensed features
s1282,Charlie's Angels: Full Throttle,Movie,2003,PG-13,Teens,106,Action & Adventure,United States,1,Mid-catalogue licensed features
s1284,Charlotte's Web,Movie,1973,G,Kids,94,Children & Family Movies,United States,2,Classic and vintage cinema
s1286,Charming,Movie,2021,TV-Y7,Teens,85,Children & Family Movies,Canada,0,Contemporary international feature films
s1287,Chashme Baddoor,Movie,2013,TV-14,Teens,121,Comedies,India,0,Contemporary international feature films
s1288,Chashme Buddoor,Movie,2013,TV-PG,Adults,121,Comedies,India,0,Contemporary international feature films
s1289,Chasing Amy,Movie,1997,R,Adults,113,Comedies,United States,1,Mid-catalogue licensed features
s1291,Chasing Coral,Movie,2017,TV-PG,Adults,89,Documentaries,United States,3,"Short-form US docs, stand-up, and family titles"
s1293,Chasing the Dragon,Movie,2017,TV-MA,Adults,129,Action & Adventure,Hong Kong,0,Contemporary international feature films
s1294,Chasing Trane,Movie,2016,TV-PG,Adults,99,Documentaries,United States,3,"Short-form US docs, stand-up, and family titles"
s1295,Chatô: The King of Brazil,Movie,2015,TV-MA,Adults,105,Dramas,Brazil,0,Contemporary international feature films
s1296,Chauthi Koot,Movie,2015,TV-14,Teens,116,Dramas,India,0,Contemporary international feature films
s1303,Chef,Movie,2014,R,Adults,115,Comedies,United States,0,Contemporary international feature films
s1310,Chelsea Handler: Uganda Be Kidding Me Live,Movie,2014,TV-MA,Adults,71,Stand-Up Comedy,United States,3,"Short-form US docs, stand-up, and family titles"
s1311,Chelsea Peretti: One of the Greats,Movie,2014,TV-MA,Adults,75,Stand-Up Comedy,United States,3,"Short-form US docs, stand-up, and family titles"
s1312,Chennai Express,Movie,2013,TV-14,Teens,135,Action & Adventure,India,0,Contemporary international feature films
s1313,Chernobyl Diaries,Movie,2012,R,Adults,88,Horror Movies,United States,3,"Short-form US docs, stand-up, and family titles"
s1318,Chhota Bheem and the Curse of Damyaan,Movie,2012,TV-Y7,Teens,87,Children & Family Movies,India,3,"Short-form US docs, stand-up, and family titles"
s1319,Chhota Bheem Aur Kaala Yodha,Movie,2018,TV-Y7,Teens,63,Movies,Unknown Country,3,"Short-form US docs, stand-up, and family titles"
s1320,Chhota Bheem Ka Romani Adventure,Movie,2018,TV-Y7,Teens,62,Children & Family Movies,Unknown Country,3,"Short-form US docs, stand-up, and family titles"
s1321,Chhota Bheem Ka Troll Se Takkar,Movie,2018,TV-Y7,Teens,62,Movies,Unknown Country,3,"Short-form US docs, stand-up, and family titles"
s1323,Chhota Bheem Kungfu Dhamaka,Movie,2019,TV-Y7,Teens,112,Children & Family Movies,India,3,"Short-form US docs, stand-up, and family titles"
s1325,Chicken Kokkachi,Movie,2017,TV-14,Teens,113,Comedies,India,0,Contemporary international feature films
s1326,Chicken Little,Movie,2005,G,Kids,82,Children & Family Movies,United States,1,Mid-catalogue licensed features
s1328,Chico Bon Bon and the Very Berry Holiday,Movie,2020,TV-Y,Kids,25,Children & Family Movies,Unknown Country,3,"Short-form US docs, stand-up, and family titles"
s1330,Chief Daddy,Movie,2018,TV-MA,Adults,98,Comedies,Nigeria,0,Contemporary international feature films
s1332,Child's Play,Movie,1988,R,Adults,87,Cult Movies,United States,2,Classic and vintage cinema
s1334,Children of God,Movie,1994,TV-MA,Adults,63,Documentaries,United Kingdom,1,Mid-catalogue licensed features
s1335,Children of the Sea,Movie,2019,TV-PG,Adults,112,Anime Features,Japan,3,"Short-form US docs, stand-up, and family titles"
s1338,Chillar Party,Movie,2011,TV-PG,Adults,127,Children & Family Movies,India,0,Contemporary international feature films
s1340,China Salesman,Movie,2017,TV-MA,Adults,111,Action & Adventure,China,0,Contemporary international feature films
s1341,Chingo Bling: They Can't Deport Us All,Movie,2017,TV-MA,Adults,63,Stand-Up Comedy,Unknown Country,3,"Short-form US docs, stand-up, and family titles"
s1343,Chippa,Movie,2020,TV-14,Teens,92,Comedies,India,0,Contemporary international feature films
s1344,Chittagong,Movie,2012,NR,Unrated,105,Dramas,United States,0,Contemporary international feature films
s1345,Chitty Chitty Bang Bang,Movie,1968,G,Kids,146,Children & Family Movies,United Kingdom,2,Classic and vintage cinema
s1346,Chloe,Movie,2009,R,Adults,96,Independent Movies,United States,1,Mid-catalogue licensed features
s1348,Chocolate City: Vegas Strip,Movie,2017,TV-MA,Adults,90,Dramas,United States,3,"Short-form US docs, stand-up, and family titles"
s1349,Choked: Paisa Bolta Hai,Movie,2020,TV-14,Teens,114,Dramas,India,0,Contemporary international feature films
s1350,Chopsticks,Movie,2019,TV-MA,Adults,101,Comedies,India,0,Contemporary international feature films
s1352,Chris Brown: Welcome to My Life,Movie,2017,TV-MA,Adults,80,Documentaries,United States,3,"Short-form US docs, stand-up, and family titles"
s1353,Chris D'Elia: Incorrigible,Movie,2015,TV-MA,Adults,84,Stand-Up Comedy,United States,3,"Short-form US docs, stand-up, and family titles"
s1354,Chris D'Elia: Man on Fire,Movie,2017,TV-MA,Adults,66,Stand-Up Comedy,United States,3,"Short-form US docs, stand-up, and family titles"
s1355,Chris D'Elia: No Pain,Movie,2020,TV-MA,Adults,55,Stand-Up Comedy,United States,3,"Short-form US docs, stand-up, and family titles"
s1356,Chris Rock Total Blackout: The Tamborine Extended Cut,Movie,2021,TV-MA,Adults,98,Stand-Up Comedy,Unknown Country,3,"Short-form US docs, stand-up, and family titles"
s1357,Chris Rock: Tamborine,Movie,2018,TV-MA,Adults,65,Stand-Up Comedy,United States,3,"Short-form US docs, stand-up, and family titles"
s1358,Chris Tucker Live,Movie,2015,TV-MA,Adults,92,Stand-Up Comedy,United States,3,"Short-form US docs, stand-up, and family titles"
s1359,Christian Mingle,Movie,2014,PG,Teens,99,Comedies,United States,0,Contemporary international feature films
s1361,Christina P: Mother Inferior,Movie,2017,TV-MA,Adults,59,Stand-Up Comedy,United States,3,"Short-form US docs, stand-up, and family titles"
s1362,Christine,Movie,2016,R,Adults,119,Dramas,United Kingdom,0,Contemporary international feature films
s1363,Christmas Break-In,Movie,2019,TV-PG,Adults,87,Children & Family Movies,United States,3,"Short-form US docs, stand-up, and family titles"
s1364,Christmas Crossfire,Movie,2020,TV-MA,Adults,106,Comedies,Germany,0,Contemporary international feature films
s1365,Christmas Crush,Movie,2012,TV-PG,Adults,87,Comedies,Canada,0,Contemporary international feature films
s1366,Christmas in the Heartland,Movie,2017,TV-PG,Adults,112,Dramas,United States,3,"Short-form US docs, stand-up, and family titles"
s1367,Christmas in the Smokies,Movie,2015,TV-G,Kids,88,Children & Family Movies,United States,0,Contemporary international feature films
s1368,Christmas Inheritance,Movie,2017,TV-G,Kids,105,Dramas,United States,0,Contemporary international feature films
s1369,Christmas Survival,Movie,2018,TV-MA,Adults,101,Comedies,United Kingdom,3,"Short-form US docs, stand-up, and family titles"
s1370,Christmas Wedding Planner,Movie,2017,PG,Teens,86,Comedies,Canada,0,Contemporary international feature films
s1371,Christmas with a Prince,Movie,2018,TV-PG,Adults,86,Comedies,Canada,0,Contemporary international feature films
s1372,Christmas With A View,Movie,2018,TV-PG,Adults,91,International Movies,Canada,0,Contemporary international feature films
s1373,Christmas with the Kranks,Movie,2004,PG,Teens,99,Children & Family Movies,United States,1,Mid-catalogue licensed features
s1374,Christopher Robin,Movie,2018,PG,Teens,104,Children & Family Movies,United States,0,Contemporary international feature films
s1375,Chronically Metropolitan,Movie,2016,TV-MA,Adults,86,Comedies,United States,0,Contemporary international feature films
s1376,Chronicle of an Escape,Movie,2006,R,Adults,104,Dramas,Argentina,1,Mid-catalogue licensed features
s1379,ChuChuTV Bedtime Stories & Moral Stories for Kids (English),Movie,2019,TV-Y,Kids,47,Children & Family Movies,Unknown Country,3,"Short-form US docs, stand-up, and family titles"
s1380,ChuChuTV Bedtime Stories & Moral Stories for Kids (Hindi),Movie,2019,TV-Y,Kids,56,Children & Family Movies,Unknown Country,3,"Short-form US docs, stand-up, and family titles"
s1381,ChuChuTV Surprise Eggs Learning Videos (English),Movie,2019,TV-Y,Kids,61,Children & Family Movies,Unknown Country,3,"Short-form US docs, stand-up, and family titles"
s1382,ChuChuTV Surprise Eggs Learning Videos (Hindi),Movie,2019,TV-Y,Kids,34,Children & Family Movies,Unknown Country,3,"Short-form US docs, stand-up, and family titles"
s1384,Chup Chup Ke,Movie,2006,TV-PG,Adults,158,Comedies,India,1,Mid-catalogue licensed features
s1385,Chupan Chupai,Movie,2017,TV-14,Teens,118,Comedies,Pakistan,0,Contemporary international feature films
s1386,Chupke Chupke,Movie,1975,TV-PG,Adults,127,Classic Movies,India,2,Classic and vintage cinema
s1388,CIA: Comrade in America,Movie,2017,TV-14,Teens,130,Action & Adventure,India,0,Contemporary international feature films
s1389,Cinar Agaci,Movie,2011,TV-14,Teens,115,Comedies,Turkey,0,Contemporary international feature films
s1395,Circle,Movie,2015,TV-MA,Adults,86,Dramas,United States,0,Contemporary international feature films
s1396,Circus of Books,Movie,2020,TV-MA,Adults,87,Documentaries,United States,3,"Short-form US docs, stand-up, and family titles"
s1397,Cirque du Freak: The Vampire's Assistant,Movie,2009,PG-13,Teens,109,Action & Adventure,United States,1,Mid-catalogue licensed features
s1398,Citation,Movie,2020,TV-MA,Adults,151,Dramas,Nigeria,0,Contemporary international feature films
s1399,Cities of Last Things,Movie,2018,TV-MA,Adults,106,Dramas,Taiwan,0,Contemporary international feature films
s1401,City of God,Movie,2002,R,Adults,130,Dramas,Brazil,1,Mid-catalogue licensed features
s1402,City of God: 10 Years Later,Movie,2013,TV-MA,Adults,69,Documentaries,Brazil,3,"Short-form US docs, stand-up, and family titles"
s1403,City of Joy,Movie,2018,TV-MA,Adults,77,Documentaries,United States,3,"Short-form US docs, stand-up, and family titles"
s1404,City of Tiny Lights,Movie,2016,TV-MA,Adults,110,Dramas,United Kingdom,0,Contemporary international feature films
s1406,Clair Obscur,Movie,2016,TV-MA,Adults,102,Dramas,Turkey,0,Contemporary international feature films
s1408,Clarence Clemons: Who Do I Think I Am?,Movie,2019,TV-MA,Adults,88,Documentaries,United States,3,"Short-form US docs, stand-up, and family titles"
s1409,Clash of the Titans,Movie,2010,PG-13,Teens,106,Action & Adventure,United States,1,Mid-catalogue licensed features
s1410,Class of '61,Movie,1993,TV-PG,Adults,91,Dramas,United States,1,Mid-catalogue licensed features
s1411,Class of '83,Movie,2020,TV-14,Teens,98,Dramas,India,0,Contemporary international feature films
s1412,Class Rank,Movie,2018,TV-MA,Adults,103,Comedies,United States,3,"Short-form US docs, stand-up, and family titles"
s1415,Cleopatra Jones,Movie,1973,PG,Teens,89,Action & Adventure,United States,2,Classic and vintage cinema
s1417,Click,Movie,2006,PG-13,Teens,108,Comedies,United States,1,Mid-catalogue licensed features
s1419,Clinical,Movie,2017,TV-MA,Adults,104,Horror Movies,United States,3,"Short-form US docs, stand-up, and family titles"
s1420,Clive Davis: The Soundtrack of Our Lives,Movie,2017,TV-MA,Adults,124,Documentaries,United States,3,"Short-form US docs, stand-up, and family titles"
s1421,Close,Movie,2019,TV-MA,Adults,95,Action & Adventure,United Kingdom,0,Contemporary international feature films
s1422,Close Enemies,Movie,2018,TV-MA,Adults,112,Dramas,France,0,Contemporary international feature films
s1424,Closed Circuit,Movie,2013,R,Adults,96,Dramas,United Kingdom,0,Contemporary international feature films
s1425,Cloud Atlas,Movie,2012,R,Adults,172,Action & Adventure,Germany,0,Contemporary international feature films
s1426,Clouds of Sils Maria,Movie,2014,R,Adults,124,Dramas,France,0,Contemporary international feature films
s1427,Cloudy with a Chance of Meatballs,Movie,2009,PG,Teens,90,Children & Family Movies,United States,1,Mid-catalogue licensed features
s1428,Cloudy with a Chance of Meatballs 2,Movie,2013,PG,Teens,95,Children & Family Movies,United States,3,"Short-form US docs, stand-up, and family titles"
s1429,Cloverfield,Movie,2008,PG-13,Teens,85,Action & Adventure,United States,1,Mid-catalogue licensed features
s1430,"Club de Cuervos Presents: I, Potro",Movie,2018,TV-MA,Adults,51,Movies,Mexico,3,"Short-form US docs, stand-up, and family titles"
s1439,Coach Carter,Movie,2005,PG-13,Teens,137,Dramas,United States,1,Mid-catalogue licensed features
s1444,Coco y Raulito: Carrusel de ternura,Movie,2018,TV-MA,Adults,57,Stand-Up Comedy,Mexico,3,"Short-form US docs, stand-up, and family titles"
s1447,Code 8,Movie,2019,TV-MA,Adults,98,Action & Adventure,Canada,0,Contemporary international feature films
s1450,Code Name: The Cleaner,Movie,2007,PG-13,Teens,91,Action & Adventure,United States,1,Mid-catalogue licensed features
s1451,Coffee & Kareem,Movie,2020,TV-MA,Adults,88,Action & Adventure,United States,3,"Short-form US docs, stand-up, and family titles"
s1452,Coffee for All,Movie,2017,TV-PG,Adults,69,Documentaries,Italy,3,"Short-form US docs, stand-up, and family titles"
s1453,Coffee with D,Movie,2017,TV-PG,Adults,120,Comedies,India,0,Contemporary international feature films
s1454,Coin Heist,Movie,2017,TV-14,Teens,98,Children & Family Movies,United States,3,"Short-form US docs, stand-up, and family titles"
s1457,Cold Feet,Movie,2019,TV-14,Teens,98,Dramas,Nigeria,0,Contemporary international feature films
s1458,Cold Harbour,Movie,2013,TV-MA,Adults,73,Action & Adventure,South Africa,0,Contemporary international feature films
s1459,Colin Quinn: Red State Blue State,Movie,2019,TV-14,Teens,66,Stand-Up Comedy,Unknown Country,3,"Short-form US docs, stand-up, and family titles"
s1460,Colin Quinn: The New York Story,Movie,2016,TV-MA,Adults,62,Stand-Up Comedy,United States,3,"Short-form US docs, stand-up, and family titles"
s1461,Colin Quinn: Unconstitutional,Movie,2015,TV-MA,Adults,56,Stand-Up Comedy,United States,3,"Short-form US docs, stand-up, and family titles"
s1462,Colkatay Columbus,Movie,2016,TV-14,Teens,118,Comedies,India,0,Contemporary international feature films
s1465,Colonia,Movie,2015,R,Adults,110,Dramas,Germany,0,Contemporary international feature films
s1468,Colours of Passion,Movie,2008,TV-14,Teens,114,Dramas,India,1,Mid-catalogue licensed features
s1469,Come and Find Me,Movie,2016,R,Adults,112,Dramas,Canada,0,Contemporary international feature films
s1470,Come Sunday,Movie,2018,TV-14,Teens,105,Dramas,United States,0,Contemporary international feature films
s1475,Command and Control,Movie,2017,TV-PG,Adults,92,Documentaries,United States,3,"Short-form US docs, stand-up, and family titles"
s1477,Como caído del cielo,Movie,2019,TV-14,Teens,117,Comedies,Mexico,0,Contemporary international feature films
s1478,Company,Movie,2002,TV-MA,Adults,137,Action & Adventure,India,1,Mid-catalogue licensed features
s1479,Compulsion,Movie,2016,TV-MA,Adults,84,Dramas,United Kingdom,0,Contemporary international feature films
s1481,Concrete Football,Movie,2016,TV-MA,Adults,52,Documentaries,Czech Republic,0,Contemporary international feature films
s1482,Concussion,Movie,2013,R,Adults,96,Dramas,United States,0,Contemporary international feature films
s1483,Conjuring Spirit,Movie,2014,TV-MA,Adults,112,Horror Movies,Vietnam,0,Contemporary international feature films
s1485,Conor McGregor: Notorious,Movie,2017,R,Adults,90,Documentaries,Ireland,3,"Short-form US docs, stand-up, and family titles"
s1486,Consequences,Movie,2014,TV-MA,Adults,106,Dramas,Turkey,0,Contemporary international feature films
s1487,Consequences,Movie,2014,TV-MA,Adults,106,Dramas,Turkey,0,Contemporary international feature films
s1490,Contract,Movie,2008,TV-14,Teens,116,Action & Adventure,India,1,Mid-catalogue licensed features
s1493,Convict,Movie,2014,TV-14,Teens,97,Dramas,Unknown Country,0,Contemporary international feature films
s1494,Cook Off,Movie,2017,TV-G,Kids,100,Comedies,Zimbabwe,0,Contemporary international feature films
s1498,Cool Hand Luke,Movie,1967,TV-14,Teens,127,Classic Movies,United States,2,Classic and vintage cinema
s1499,Cop and a Half: New Recruit,Movie,2017,PG,Teens,96,Children & Family Movies,Canada,0,Contemporary international feature films
s1500,Cop Car,Movie,2015,R,Adults,88,Thrillers,United States,3,"Short-form US docs, stand-up, and family titles"
s1501,Cop Watchers,Movie,2016,TV-MA,Adults,45,Documentaries,Unknown Country,3,"Short-form US docs, stand-up, and family titles"
s1502,Cops and Robbers,Movie,2020,PG-13,Teens,8,Dramas,United States,3,"Short-form US docs, stand-up, and family titles"
s1503,Coraline,Movie,2009,PG,Teens,101,Children & Family Movies,United States,3,"Short-form US docs, stand-up, and family titles"
s1505,Cosmos Laundromat: First Cycle,Movie,2015,TV-MA,Adults,12,Dramas,Netherlands,3,"Short-form US docs, stand-up, and family titles"
s1506,Countdown to Death: Pablo Escobar,Movie,2017,TV-MA,Adults,69,Documentaries,Unknown Country,3,"Short-form US docs, stand-up, and family titles"
s1507,Counterfeiting in Suburbia,Movie,2018,TV-14,Teens,88,Dramas,Canada,0,Contemporary international feature films
s1508,Counterpunch,Movie,2017,TV-MA,Adults,91,Documentaries,United States,3,"Short-form US docs, stand-up, and family titles"
s1510,Couple of Days,Movie,2016,TV-14,Teens,103,Dramas,Nigeria,0,Contemporary international feature films
s1511,Couples Counseling,Movie,2016,TV-MA,Adults,88,Comedies,Brazil,0,Contemporary international feature films
s1513,Covered: Alive in Asia,Movie,2016,TV-G,Kids,75,Documentaries,United States,3,"Short-form US docs, stand-up, and family titles"
s1514,Cowspiracy: The Sustainability Secret,Movie,2014,TV-PG,Adults,90,Documentaries,United States,3,"Short-form US docs, stand-up, and family titles"
s1515,"Crack: Cocaine, Corruption & Conspiracy",Movie,2021,TV-MA,Adults,90,Documentaries,United States,3,"Short-form US docs, stand-up, and family titles"
s1516,Cracked Up: The Darrell Hammond Story,Movie,2018,TV-MA,Adults,97,Documentaries,United States,3,"Short-form US docs, stand-up, and family titles"
s1517,Craig Ferguson: Tickle Fight,Movie,2017,TV-MA,Adults,67,Stand-Up Comedy,United States,3,"Short-form US docs, stand-up, and family titles"
s1518,Crash,Movie,2004,R,Adults,112,Dramas,United States,1,Mid-catalogue licensed features
s1521,Crazy Awesome Teachers,Movie,2020,TV-PG,Adults,102,Comedies,Indonesia,0,Contemporary international feature films
s1522,Crazy Beautiful You,Movie,2015,TV-14,Teens,114,Comedies,Philippines,0,Contemporary international feature films
s1525,Crazy people,Movie,2018,TV-MA,Adults,107,Comedies,Nigeria,0,Contemporary international feature films
s1528,CRD,Movie,2016,TV-MA,Adults,110,Comedies,India,0,Contemporary international feature films
s1529,Creating The Queen's Gambit,Movie,2021,TV-14,Teens,14,Documentaries,Unknown Country,3,"Short-form US docs, stand-up, and family titles"
s1531,Creep,Movie,2014,R,Adults,78,Horror Movies,United States,3,"Short-form US docs, stand-up, and family titles"
s1532,Creep 2,Movie,2017,TV-MA,Adults,80,Horror Movies,United States,3,"Short-form US docs, stand-up, and family titles"
s1543,Crip Camp: A Disability Revolution,Movie,2020,R,Adults,108,Documentaries,United States,3,"Short-form US docs, stand-up, and family titles"
s1544,Cristela Alonzo: Lower Classy,Movie,2017,TV-MA,Adults,67,Stand-Up Comedy,United States,3,"Short-form US docs, stand-up, and family titles"
s1545,Cristina,Movie,2016,TV-14,Teens,40,Documentaries,United States,3,"Short-form US docs, stand-up, and family titles"
s1546,Crossroads: One Two Jaga,Movie,2018,TV-14,Teens,81,Dramas,Malaysia,0,Contemporary international feature films
s1547,"Crouching Tiger, Hidden Dragon",Movie,2000,PG-13,Teens,120,Action & Adventure,Taiwan,1,Mid-catalogue licensed features
s1548,"Crouching Tiger, Hidden Dragon: Sword of Destiny",Movie,2016,PG-13,Teens,101,Action & Adventure,China,0,Contemporary international feature films
s1549,Cuba and the Cameraman,Movie,2017,TV-14,Teens,114,Documentaries,United States,3,"Short-form US docs, stand-up, and family titles"
s1551,Cuddle Weather,Movie,2019,TV-MA,Adults,95,Dramas,Philippines,0,Contemporary international feature films
s1552,Cult of Chucky,Movie,2017,R,Adults,90,Horror Movies,United States,3,"Short-form US docs, stand-up, and family titles"
s1553,Cultivating the Seas: History and Future of the Full-Cycle Cultured Kindai Tuna,Movie,2019,TV-PG,Adults,45,Documentaries,Unknown Country,3,"Short-form US docs, stand-up, and family titles"
s1557,Curtiz,Movie,2018,TV-MA,Adults,99,Dramas,Hungary,0,Contemporary international feature films
s1558,Cut Bank,Movie,2014,R,Adults,93,Dramas,United States,3,"Short-form US docs, stand-up, and family titles"
s1559,Cutie and the Boxer,Movie,2013,R,Adults,82,Documentaries,United States,3,"Short-form US docs, stand-up, and family titles"
s1560,Cuties,Movie,2020,TV-MA,Adults,96,Dramas,France,0,Contemporary international feature films
s1563,Cycle,Movie,2018,TV-PG,Adults,96,Comedies,India,0,Contemporary international feature films
s1564,D.L. Hughley: Clear,Movie,2014,TV-MA,Adults,59,Stand-Up Comedy,United States,3,"Short-form US docs, stand-up, and family titles"
s1565,D.L. Hughley: Contrarian,Movie,2018,TV-MA,Adults,58,Stand-Up Comedy,United States,3,"Short-form US docs, stand-up, and family titles"
s1568,Düğün Dernek,Movie,2013,TV-PG,Adults,102,Comedies,Turkey,0,Contemporary international feature films
s1569,Dügün Dernek 2: Sünnet,Movie,2015,TV-MA,Adults,107,Comedies,Turkey,0,Contemporary international feature films
s1570,Da 5 Bloods,Movie,2020,R,Adults,156,Action & Adventure,United States,0,Contemporary international feature films
s1571,Da Kath & Kim Code,Movie,2005,TV-PG,Adults,82,Movies,Australia,1,Mid-catalogue licensed features
s1572,Daagdi Chaawl,Movie,2015,TV-14,Teens,118,Action & Adventure,India,0,Contemporary international feature films
s1573,Dabbe 5: Zehr-i Cin,Movie,2014,TV-MA,Adults,133,Horror Movies,Turkey,0,Contemporary international feature films
s1574,Dabbe 6: The Return,Movie,2015,TV-MA,Adults,153,Horror Movies,Turkey,0,Contemporary international feature films
s1575,Dabbe: The Possession,Movie,2013,TV-MA,Adults,135,Horror Movies,Turkey,0,Contemporary international feature films
s1576,Dad,Movie,1989,PG,Teens,117,Dramas,United States,1,Mid-catalogue licensed features
s1577,Dad Wanted,Movie,2020,TV-14,Teens,103,Children & Family Movies,Mexico,0,Contemporary international feature films
s1579,Daddy Day Care,Movie,2003,PG,Teens,93,Children & Family Movies,United States,1,Mid-catalogue licensed features
s1580,Daddy Issues,Movie,2019,TV-MA,Adults,82,Dramas,United States,0,Contemporary international feature films
s1581,Daemonium,Movie,2015,NR,Unrated,115,Action & Adventure,Argentina,0,Contemporary international feature films
s1582,Daffedar,Movie,2017,TV-14,Teens,151,Dramas,India,0,Contemporary international feature films
s1583,Dagh Ujala,Movie,2015,TV-MA,Adults,103,Dramas,United States,0,Contemporary international feature films
s1584,Dallas Buyers Club,Movie,2013,R,Adults,117,Dramas,United States,0,Contemporary international feature films
s1586,"Dana Carvey: Straight White Male, 60",Movie,2016,TV-MA,Adults,64,Stand-Up Comedy,United States,3,"Short-form US docs, stand-up, and family titles"
s1589,Dance Academy: The Comeback,Movie,2017,TV-PG,Adults,100,Dramas,Germany,0,Contemporary international feature films
s1590,Dance Dreams: Hot Chocolate Nutcracker,Movie,2020,TV-G,Kids,81,Children & Family Movies,United States,3,"Short-form US docs, stand-up, and family titles"
s1593,Dancing Quietly,Movie,2016,TV-MA,Adults,70,Dramas,Germany,0,Contemporary international feature films
s1594,Dancing with the Birds,Movie,2019,TV-PG,Adults,52,Documentaries,United States,3,"Short-form US docs, stand-up, and family titles"
s1596,Dangal,Movie,2016,TV-PG,Adults,161,Dramas,India,0,Contemporary international feature films
s1599,Dangerous Lies,Movie,2020,TV-14,Teens,97,Thrillers,United States,3,"Short-form US docs, stand-up, and family titles"
s1602,Daniel Sosa: Maleducado,Movie,2019,TV-MA,Adults,55,Stand-Up Comedy,Mexico,3,"Short-form US docs, stand-up, and family titles"
s1603,Daniel Sosa: Sosafado,Movie,2017,TV-MA,Adults,78,Stand-Up Comedy,Mexico,3,"Short-form US docs, stand-up, and family titles"
s1604,Danny Says,Movie,2015,TV-MA,Adults,103,Documentaries,United States,3,"Short-form US docs, stand-up, and family titles"
s1605,Dante's Peak,Movie,1997,PG-13,Teens,108,Action & Adventure,United States,1,Mid-catalogue licensed features
s1606,Danur: I Can See Ghosts,Movie,2017,TV-MA,Adults,75,Horror Movies,Indonesia,3,"Short-form US docs, stand-up, and family titles"
s1607,Dany Boon: Des Hauts De France,Movie,2018,TV-MA,Adults,113,Stand-Up Comedy,France,3,"Short-form US docs, stand-up, and family titles"
s1608,Darc,Movie,2018,TV-MA,Adults,98,Action & Adventure,United States,3,"Short-form US docs, stand-up, and family titles"
s1610,Dare to Be Wild,Movie,2015,TV-PG,Adults,100,Dramas,Ireland,0,Contemporary international feature films
s1612,Dark Chocolate (Bengali Version),Movie,2016,TV-MA,Adults,91,Dramas,India,0,Contemporary international feature films
s1613,Dark Crimes,Movie,2016,R,Adults,93,Dramas,United Kingdom,0,Contemporary international feature films
s1615,Dark Forces,Movie,2020,TV-MA,Adults,81,Horror Movies,Mexico,0,Contemporary international feature films
s1616,Dark Light,Movie,2019,TV-MA,Adults,90,Horror Movies,United States,0,Contemporary international feature films
s1618,Dark Places,Movie,2015,R,Adults,113,Dramas,United States,0,Contemporary international feature films
s1619,Dark Skies,Movie,2013,PG-13,Teens,97,Horror Movies,United States,3,"Short-form US docs, stand-up, and family titles"
s1621,Dark Waters,Movie,1956,TV-14,Teens,104,Classic Movies,Egypt,2,Classic and vintage cinema
s1622,Darna Mana Hai,Movie,2003,TV-MA,Adults,116,Horror Movies,India,1,Mid-catalogue licensed features
s1624,Darra,Movie,2016,TV-14,Teens,121,Dramas,India,0,Contemporary international feature films
s1629,Daughters of the Dust,Movie,1991,NR,Unrated,112,Classic Movies,United Kingdom,1,Mid-catalogue licensed features
s1632,Dave Chappelle: Sticks & Stones,Movie,2019,TV-MA,Adults,66,Stand-Up Comedy,United States,3,"Short-form US docs, stand-up, and family titles"
s1633,Dave Chappelle: The Kennedy Center Mark Twain Prize for American Humor,Movie,2020,TV-MA,Adults,85,Stand-Up Comedy,United States,3,"Short-form US docs, stand-up, and family titles"
s1634,David Attenborough: A Life on Our Planet,Movie,2020,PG,Teens,84,Documentaries,United States,3,"Short-form US docs, stand-up, and family titles"
s1635,David Batra: Elefanten i rummet,Movie,2020,TV-MA,Adults,77,Stand-Up Comedy,Sweden,3,"Short-form US docs, stand-up, and family titles"
s1636,David Brent: Life on the Road,Movie,2016,TV-MA,Adults,97,Comedies,United Kingdom,0,Contemporary international feature films
s1637,David Cross: Making America Great Again!,Movie,2016,TV-MA,Adults,73,Stand-Up Comedy,United States,3,"Short-form US docs, stand-up, and family titles"
s1638,David Foster: Off the Record,Movie,2019,TV-MA,Adults,107,Documentaries,Canada,0,Contemporary international feature films
s1643,Day of the Dead: Bloodline,Movie,2018,R,Adults,91,Horror Movies,Bulgaria,3,"Short-form US docs, stand-up, and family titles"
s1646,Dayveon,Movie,2017,TV-MA,Adults,76,Dramas,United States,3,"Short-form US docs, stand-up, and family titles"
s1649,De Film van Dylan Haegens,Movie,2018,TV-PG,Adults,81,Comedies,Netherlands,0,Contemporary international feature films
s1650,De Palma,Movie,2015,R,Adults,110,Documentaries,United States,3,"Short-form US docs, stand-up, and family titles"
s1651,Dead in a Week (Or Your Money Back),Movie,2018,TV-MA,Adults,90,Comedies,United Kingdom,3,"Short-form US docs, stand-up, and family titles"
s1652,Dead Kids,Movie,2019,TV-MA,Adults,94,Dramas,Philippines,0,Contemporary international feature films
s1655,Deadcon,Movie,2019,TV-14,Teens,78,Horror Movies,United States,3,"Short-form US docs, stand-up, and family titles"
s1656,Deadline: Sirf 24 Ghante,Movie,2006,TV-14,Teens,97,Independent Movies,India,1,Mid-catalogue licensed features
s1657,Deadly Scholars,Movie,2018,TV-14,Teens,86,Dramas,United States,3,"Short-form US docs, stand-up, and family titles"
s1658,Deadly Switch,Movie,2019,TV-PG,Adults,86,Independent Movies,United States,3,"Short-form US docs, stand-up, and family titles"
s1661,Dean,Movie,2016,PG-13,Teens,94,Comedies,United States,0,Contemporary international feature films
s1662,Dear Dad,Movie,2016,TV-14,Teens,83,Comedies,India,0,Contemporary international feature films
s1663,Dear Dracula,Movie,2012,TV-Y7-FV,Teens,43,Children & Family Movies,United States,3,"Short-form US docs, stand-up, and family titles"
s1664,Dear Ex,Movie,2018,TV-MA,Adults,100,Comedies,Taiwan,0,Contemporary international feature films
s1666,Dear Santa,Movie,2011,TV-PG,Adults,92,Comedies,Canada,0,Contemporary international feature films
s1668,Dear Zindagi,Movie,2016,TV-14,Teens,149,Comedies,India,0,Contemporary international feature films
s1669,Death at a Funeral,Movie,2010,R,Adults,93,Comedies,United States,3,"Short-form US docs, stand-up, and family titles"
s1671,Death Can Wait,Movie,2020,TV-14,Teens,91,Comedies,Colombia,0,Contemporary international feature films
s1672,Death House,Movie,2017,R,Adults,88,Horror Movies,United States,3,"Short-form US docs, stand-up, and family titles"
s1673,Death Note,Movie,2017,TV-MA,Adults,100,Horror Movies,United States,3,"Short-form US docs, stand-up, and family titles"
s1674,Death of Me,Movie,2020,R,Adults,94,Horror Movies,United States,3,"Short-form US docs, stand-up, and family titles"
s1675,Death Race: Beyond Anarchy,Movie,2017,R,Adults,111,Action & Adventure,United States,3,"Short-form US docs, stand-up, and family titles"
s1676,Death to 2020,Movie,2020,TV-MA,Adults,71,Comedies,United States,3,"Short-form US docs, stand-up, and family titles"
s1677,Deathgrip,Movie,2017,TV-MA,Adults,53,International Movies,United Kingdom,3,"Short-form US docs, stand-up, and family titles"
s1678,Dedemin Fisi,Movie,2016,TV-14,Teens,101,Comedies,Turkey,0,Contemporary international feature films
s1679,Dedh Ishqiya,Movie,2014,TV-14,Teens,146,Comedies,India,0,Contemporary international feature films
s1680,Deep,Movie,2017,PG,Teens,93,Children & Family Movies,Spain,0,Contemporary international feature films
s1683,Deewana Main Deewana,Movie,2013,TV-14,Teens,107,Comedies,India,0,Contemporary international feature films
s1684,Deewangee,Movie,2002,TV-MA,Adults,156,International Movies,India,1,Mid-catalogue licensed features
s1685,Def Comedy Jam 25,Movie,2017,TV-MA,Adults,82,Stand-Up Comedy,United States,3,"Short-form US docs, stand-up, and family titles"
s1686,Defiance,Movie,2008,R,Adults,137,Action & Adventure,United States,1,Mid-catalogue licensed features
s1687,Defying the Nazis: The Sharps' War,Movie,2016,TV-14,Teens,79,Documentaries,United States,3,"Short-form US docs, stand-up, and family titles"
s1689,Deidra & Laney Rob a Train,Movie,2017,TV-14,Teens,92,Comedies,United States,0,Contemporary international feature films
s1690,Delhi 6,Movie,2009,TV-14,Teens,128,Dramas,India,1,Mid-catalogue licensed features
s1691,Delhi Belly,Movie,2011,TV-MA,Adults,101,Action & Adventure,India,0,Contemporary international feature films
s1693,Deliha,Movie,2014,TV-14,Teens,102,Comedies,Turkey,0,Contemporary international feature films
s1694,Deliha 2,Movie,2018,TV-PG,Adults,102,Comedies,Turkey,0,Contemporary international feature films
s1695,Delirium,Movie,2018,R,Adults,96,Horror Movies,United States,3,"Short-form US docs, stand-up, and family titles"
s1697,Demetri Martin: Live (At the Time),Movie,2015,TV-MA,Adults,62,Stand-Up Comedy,United States,3,"Short-form US docs, stand-up, and family titles"
s1698,Demetri Martin: The Overthinker,Movie,2018,TV-MA,Adults,56,Stand-Up Comedy,United States,3,"Short-form US docs, stand-up, and family titles"
s1699,Democrats,Movie,2014,NR,Unrated,99,Documentaries,Denmark,0,Contemporary international feature films
s1701,Demonic,Movie,2015,R,Adults,83,Horror Movies,United States,3,"Short-form US docs, stand-up, and family titles"
s1702,Den of Thieves,Movie,2018,R,Adults,140,Action & Adventure,United States,3,"Short-form US docs, stand-up, and family titles"
s1703,Denis Leary: No Cure For Cancer,Movie,1992,R,Adults,62,Stand-Up Comedy,United States,1,Mid-catalogue licensed features
s1705,Deon Cole: Cole Hearted,Movie,2019,TV-MA,Adults,70,Stand-Up Comedy,United States,3,"Short-form US docs, stand-up, and family titles"
s1706,DeRay Davis: How to Act Black,Movie,2017,TV-MA,Adults,66,Stand-Up Comedy,United States,3,"Short-form US docs, stand-up, and family titles"
s1708,Derren Brown: Miracle,Movie,2018,TV-MA,Adults,74,International Movies,United Kingdom,3,"Short-form US docs, stand-up, and family titles"
s1709,Derren Brown: Sacrifice,Movie,2018,TV-MA,Adults,50,Movies,Unknown Country,3,"Short-form US docs, stand-up, and family titles"
s1710,Derren Brown: The Push,Movie,2018,TV-MA,Adults,69,Movies,United Kingdom,3,"Short-form US docs, stand-up, and family titles"
s1714,Desire,Movie,2017,TV-MA,Adults,94,Dramas,Argentina,0,Contemporary international feature films
s1715,Desolate,Movie,2018,TV-MA,Adults,88,Dramas,Unknown Country,3,"Short-form US docs, stand-up, and family titles"
s1716,Desolation,Movie,2017,TV-MA,Adults,76,Horror Movies,United States,3,"Short-form US docs, stand-up, and family titles"
s1717,Desperados,Movie,2020,TV-MA,Adults,107,Comedies,United States,3,"Short-form US docs, stand-up, and family titles"
s1718,Despido Procedente,Movie,2017,TV-MA,Adults,90,Comedies,Argentina,0,Contemporary international feature films
s1719,Despite Everything,Movie,2019,TV-MA,Adults,79,Comedies,Spain,0,Contemporary international feature films
s1720,Destiny,Movie,1997,TV-14,Teens,136,Dramas,France,1,Mid-catalogue licensed features
s1722,Detention Letter,Movie,2017,TV-14,Teens,99,Action & Adventure,Egypt,0,Contemporary international feature films
s1723,Detour,Movie,2016,R,Adults,97,Thrillers,United Kingdom,3,"Short-form US docs, stand-up, and family titles"
s1724,Deuces,Movie,2016,TV-MA,Adults,88,Dramas,United States,3,"Short-form US docs, stand-up, and family titles"
s1725,Dev.D,Movie,2009,TV-MA,Adults,137,Dramas,India,0,Contemporary international feature films
s1726,Deviant Love,Movie,2019,TV-14,Teens,87,Thrillers,United States,3,"Short-form US docs, stand-up, and family titles"
s1727,Devil's Bride,Movie,2016,TV-MA,Adults,108,Dramas,Finland,0,Contemporary international feature films
s1728,Devil's Gate,Movie,2017,TV-MA,Adults,94,Horror Movies,Canada,0,Contemporary international feature films
s1731,Devrai,Movie,2004,TV-PG,Adults,123,Dramas,India,1,Mid-catalogue licensed features
s1733,Dhamaal,Movie,2007,TV-14,Teens,128,Action & Adventure,India,1,Mid-catalogue licensed features
s1734,Dhan Dhana Dhan Goal,Movie,2007,TV-14,Teens,157,Dramas,United Kingdom,1,Mid-catalogue licensed features
s1735,Dhanak,Movie,2015,TV-PG,Adults,114,Comedies,India,0,Contemporary international feature films
s1736,Dharam Sankat Mein,Movie,2015,TV-PG,Adults,127,Comedies,India,0,Contemporary international feature films
s1738,Dhh,Movie,2017,TV-G,Kids,127,Children & Family Movies,India,0,Contemporary international feature films
s1740,Dhobi Ghat (Mumbai Diaries),Movie,2010,TV-MA,Adults,102,Dramas,India,0,Contemporary international feature films
s1741,Dhoondte Reh Jaoge,Movie,2009,TV-14,Teens,124,Comedies,India,1,Mid-catalogue licensed features
s1742,Di Renjie zhi Sidatianwang,Movie,2018,TV-14,Teens,132,Action & Adventure,China,0,Contemporary international feature films
s1747,Diamonds in the Sky,Movie,2018,TV-14,Teens,113,Dramas,Unknown Country,0,Contemporary international feature films
s1748,Diana: 7 Days That Shook the World,Movie,2017,TV-PG,Adults,93,Documentaries,United Kingdom,3,"Short-form US docs, stand-up, and family titles"
s1749,Diana: In Her Own Words,Movie,2017,TV-PG,Adults,113,Documentaries,United Kingdom,0,Contemporary international feature films
s1750,Diary of a Chambermaid,Movie,2015,NR,Unrated,96,Dramas,France,0,Contemporary international feature films
s1751,Dick Johnson Is Dead,Movie,2020,PG-13,Teens,90,Documentaries,United States,3,"Short-form US docs, stand-up, and family titles"
s1752,Die Another Day,Movie,2002,PG-13,Teens,133,Action & Adventure,United Kingdom,1,Mid-catalogue licensed features
s1753,Die Ontwaking,Movie,2015,TV-MA,Adults,90,International Movies,South Africa,0,Contemporary international feature films
s1754,Dieter Nuhr: Nuhr in Berlin,Movie,2016,TV-MA,Adults,69,Stand-Up Comedy,Germany,3,"Short-form US docs, stand-up, and family titles"
s1755,Digs & Discoveries: All Track's Lead to Rome,Movie,2019,TV-Y,Kids,23,Children & Family Movies,Unknown Country,3,"Short-form US docs, stand-up, and family titles"
s1756,Digs & Discoveries: Mines of Mystery,Movie,2019,TV-Y,Kids,23,Children & Family Movies,Unknown Country,3,"Short-form US docs, stand-up, and family titles"
s1757,Dil,Movie,1990,TV-14,Teens,165,Comedies,India,1,Mid-catalogue licensed features
s1758,Dil Chahta Hai,Movie,2001,TV-14,Teens,185,Comedies,India,1,Mid-catalogue licensed features
s1759,Dil Dhadakne Do,Movie,2015,TV-MA,Adults,174,Comedies,India,0,Contemporary international feature films
s1760,Dil Hai Tumhaara,Movie,2002,TV-14,Teens,176,Dramas,India,1,Mid-catalogue licensed features
s1761,Dil Se,Movie,1998,TV-14,Teens,166,Dramas,India,1,Mid-catalogue licensed features
s1762,Dil Vil Pyaar Vyaar,Movie,2014,TV-PG,Adults,145,International Movies,India,0,Contemporary international feature films
s1763,Dilan 1990,Movie,2018,TV-14,Teens,109,Dramas,Indonesia,0,Contemporary international feature films
s1764,Dilan 1991,Movie,2019,TV-14,Teens,118,Dramas,Indonesia,0,Contemporary international feature films
s1765,Dilwale,Movie,2015,TV-PG,Adults,154,Action & Adventure,India,0,Contemporary international feature films
s1767,Dinner for Schmucks,Movie,2010,PG-13,Teens,115,Comedies,United States,1,Mid-catalogue licensed features
s1776,Disciples Of The 36th Chamber,Movie,1985,TV-14,Teens,90,Action & Adventure,Hong Kong,2,Classic and vintage cinema
s1777,Disclosure,Movie,2020,TV-MA,Adults,108,Documentaries,United States,3,"Short-form US docs, stand-up, and family titles"
s1778,Disco Dancer,Movie,1982,TV-14,Teens,134,Cult Movies,India,2,Classic and vintage cinema
s1779,Disconnect,Movie,2018,TV-MA,Adults,107,Comedies,Kenya,0,Contemporary international feature films
s1780,Discovering Bigfoot,Movie,2017,TV-MA,Adults,111,Documentaries,United States,3,"Short-form US docs, stand-up, and family titles"
s1783,Dismissed,Movie,2017,TV-14,Teens,87,Thrillers,United States,3,"Short-form US docs, stand-up, and family titles"
s1784,District 9,Movie,2009,R,Adults,112,Action & Adventure,South Africa,0,Contemporary international feature films
s1786,Divines,Movie,2016,TV-MA,Adults,107,Dramas,France,0,Contemporary international feature films
s1787,DJ Cinderella,Movie,2019,TV-PG,Adults,95,Children & Family Movies,Brazil,3,"Short-form US docs, stand-up, and family titles"
s1788,Django Unchained,Movie,2012,R,Adults,165,Action & Adventure,United States,0,Contemporary international feature films
s1789,DNA,Movie,2020,TV-MA,Adults,91,Dramas,France,0,Contemporary international feature films
s1791,Do Dooni Chaar,Movie,2010,TV-PG,Adults,106,Comedies,India,0,Contemporary international feature films
s1792,Do Paise Ki Dhoop Chaar Aane Ki Baarish,Movie,2009,TV-MA,Adults,121,Dramas,India,0,Contemporary international feature films
s1794,Doctor Zhivago,Movie,1965,PG-13,Teens,200,Classic Movies,United States,2,Classic and vintage cinema
s1796,Dog Eat Dog,Movie,2016,TV-MA,Adults,93,Dramas,United States,3,"Short-form US docs, stand-up, and family titles"
s1799,Dolemite Is My Name,Movie,2019,R,Adults,118,Comedies,United States,0,Contemporary international feature films
s1801,Dolly Kitty Aur Woh Chamakte Sitare,Movie,2020,TV-MA,Adults,120,Dramas,India,0,Contemporary international feature films
s1802,Dolly Parton: Here I Am,Movie,2019,TV-14,Teens,90,Documentaries,United Kingdom,3,"Short-form US docs, stand-up, and family titles"
s1804,Dolly Parton’s Christmas on the Square,Movie,2020,TV-PG,Adults,99,Children & Family Movies,United States,3,"Short-form US docs, stand-up, and family titles"
s1805,Dolphin Kick,Movie,2019,TV-PG,Adults,90,Children & Family Movies,United States,3,"Short-form US docs, stand-up, and family titles"
s1806,Dolphin Tale 2,Movie,2014,PG,Teens,107,Children & Family Movies,United States,0,Contemporary international feature films
s1807,Domino,Movie,2019,R,Adults,89,International Movies,Denmark,0,Contemporary international feature films
s1808,Don,Movie,2006,TV-14,Teens,169,Action & Adventure,India,1,Mid-catalogue licensed features
s1809,Don 2,Movie,2011,TV-14,Teens,148,Action & Adventure,India,0,Contemporary international feature films
s1810,Don Quixote: The Ingenious Gentleman of La Mancha,Movie,2015,TV-14,Teens,83,Comedies,United States,3,"Short-form US docs, stand-up, and family titles"
s1811,Don Verdean,Movie,2015,PG-13,Teens,96,Comedies,United States,3,"Short-form US docs, stand-up, and family titles"
s1812,Don't Be Afraid of the Dark,Movie,2010,R,Adults,99,Horror Movies,United States,3,"Short-form US docs, stand-up, and family titles"
s1813,Don't Crack Under Pressure,Movie,2015,TV-MA,Adults,95,Action & Adventure,France,0,Contemporary international feature films
s1814,Don't Crack Under Pressure II,Movie,2016,TV-MA,Adults,88,Action & Adventure,France,0,Contemporary international feature films
s1815,Don't Crack Under Pressure III,Movie,2017,TV-14,Teens,94,Action & Adventure,France,0,Contemporary international feature films
s1817,Don't Go Breaking My Heart,Movie,2011,TV-PG,Adults,115,Comedies,Hong Kong,0,Contemporary international feature films
s1818,Don't Go Breaking My Heart 2,Movie,2014,TV-14,Teens,113,Comedies,Hong Kong,0,Contemporary international feature films
s1819,Don't Knock Twice,Movie,2016,R,Adults,93,Horror Movies,United Kingdom,0,Contemporary international feature films
s1820,Don't Look Down,Movie,2016,TV-MA,Adults,93,Documentaries,United Kingdom,3,"Short-form US docs, stand-up, and family titles"
s1821,Don't Think Twice,Movie,2016,R,Adults,92,Comedies,United States,0,Contemporary international feature films
s1822,Don’t Listen,Movie,2020,TV-MA,Adults,98,Horror Movies,Spain,0,Contemporary international feature films
s1823,Donald Glover: Weirdo,Movie,2012,TV-MA,Adults,65,Stand-Up Comedy,United States,3,"Short-form US docs, stand-up, and family titles"
s1824,Donnie Brasco,Movie,1997,R,Adults,127,Dramas,United States,1,Mid-catalogue licensed features
s1825,Doom,Movie,2005,R,Adults,105,Action & Adventure,United Kingdom,1,Mid-catalogue licensed features
s1826,Doom: Annihilation,Movie,2019,R,Adults,97,Action & Adventure,United States,0,Contemporary international feature films
s1828,Door Ke Darshan,Movie,2020,TV-14,Teens,114,Comedies,India,0,Contemporary international feature films
s1830,Dorasaani,Movie,2019,TV-14,Teens,134,Dramas,India,0,Contemporary international feature films
s1832,Dostana,Movie,2008,TV-14,Teens,142,Comedies,India,1,Mid-catalogue licensed features
s1833,Double Dad,Movie,2020,TV-G,Kids,105,Children & Family Movies,Brazil,0,Contemporary international feature films
s1834,Double Jeopardy,Movie,1999,R,Adults,105,Thrillers,United States,1,Mid-catalogue licensed features
s1835,Double World,Movie,2020,TV-14,Teens,110,Action & Adventure,China,0,Contemporary international feature films
s1836,Doubles Cause Troubles,Movie,1989,TV-14,Teens,94,Action & Adventure,Hong Kong,1,Mid-catalogue licensed features
s1837,Doubt,Movie,2008,PG-13,Teens,104,Dramas,United States,1,Mid-catalogue licensed features
s1838,Dovlatov,Movie,2018,PG-13,Teens,126,Dramas,Russia,0,Contemporary international feature films
s1839,Down The Fence,Movie,2017,TV-PG,Adults,94,Documentaries,United States,3,"Short-form US docs, stand-up, and family titles"
s1841,Dr Jason Leong Hashtag Blessed,Movie,2018,TV-MA,Adults,69,Stand-Up Comedy,Unknown Country,3,"Short-form US docs, stand-up, and family titles"
s1842,Dr. Seuss' The Cat in the Hat,Movie,2003,PG,Teens,82,Children & Family Movies,United States,1,Mid-catalogue licensed features
s1843,Dr. Seuss' The Grinch,Movie,2018,PG,Teens,86,Children & Family Movies,France,0,Contemporary international feature films
s1844,Dr. Seuss' The Lorax,Movie,2012,PG,Teens,86,Children & Family Movies,United States,3,"Short-form US docs, stand-up, and family titles"
s1847,Dragon Quest Your Story,Movie,2019,TV-PG,Adults,103,Action & Adventure,Japan,0,Contemporary international feature films
s1848,Dragon Tiger Gate,Movie,2006,TV-14,Teens,94,Action & Adventure,Hong Kong,1,Mid-catalogue licensed features
s1850,Dragonheart,Movie,1996,PG-13,Teens,103,Action & Adventure,United States,1,Mid-catalogue licensed features
s1851,Dragonheart 3: The Sorcerer,Movie,2015,PG-13,Teens,97,Action & Adventure,United States,3,"Short-form US docs, stand-up, and family titles"
s1852,Dragonheart: A New Beginning,Movie,2000,PG,Teens,84,Action & Adventure,United States,1,Mid-catalogue licensed features
s1853,Dragonheart: Battle for the Heartfire,Movie,2017,PG-13,Teens,98,Action & Adventure,United States,3,"Short-form US docs, stand-up, and family titles"
s1854,Dragonheart: Vengeance,Movie,2020,PG-13,Teens,97,Action & Adventure,United States,3,"Short-form US docs, stand-up, and family titles"
s1855,Dragonkala Ka Rahasya,Movie,2018,TV-Y,Kids,68,Children & Family Movies,Unknown Country,3,"Short-form US docs, stand-up, and family titles"
s1856,Dragons: Dawn of the Dragon Racers,Movie,2014,TV-PG,Adults,27,Children & Family Movies,United States,3,"Short-form US docs, stand-up, and family titles"
s1859,Dragons: Rescue Riders: Hunt for the Golden Dragon,Movie,2020,TV-Y,Kids,46,Children & Family Movies,United States,3,"Short-form US docs, stand-up, and family titles"
s1860,Dragons: Rescue Riders: Huttsgalor Holiday,Movie,2020,TV-Y,Kids,46,Children & Family Movies,United States,3,"Short-form US docs, stand-up, and family titles"
s1861,Dragons: Rescue Riders: Secrets of the Songwing,Movie,2020,TV-Y,Kids,46,Children & Family Movies,United States,3,"Short-form US docs, stand-up, and family titles"
s1863,Dream Big: Engineering Our World,Movie,2017,TV-G,Kids,42,Documentaries,United States,3,"Short-form US docs, stand-up, and family titles"
s1864,Dream Boat,Movie,2017,TV-MA,Adults,92,Documentaries,Germany,0,Contemporary international feature films
s1866,Dream/Killer,Movie,2015,TV-MA,Adults,109,Documentaries,United States,3,"Short-form US docs, stand-up, and family titles"
s1869,DreamWorks Home: For the Holidays,Movie,2017,TV-Y,Kids,46,Children & Family Movies,United States,3,"Short-form US docs, stand-up, and family titles"
s1875,Dries,Movie,2017,TV-PG,Adults,89,Documentaries,Germany,0,Contemporary international feature films
s1877,Drink Drank Drunk,Movie,2016,TV-MA,Adults,92,Comedies,Hong Kong,0,Contemporary international feature films
s1878,Drishyam,Movie,2015,TV-14,Teens,162,Dramas,India,0,Contemporary international feature films
s1879,Drive,Movie,2019,TV-14,Teens,119,Action & Adventure,India,0,Contemporary international feature films
s1880,Driven to Dance,Movie,2018,TV-PG,Adults,99,Dramas,United States,3,"Short-form US docs, stand-up, and family titles"
s1885,Drunk Parents,Movie,2019,R,Adults,97,Comedies,United States,3,"Short-form US docs, stand-up, and family titles"
s1886,Dry Martina,Movie,2018,TV-MA,Adults,100,Dramas,Chile,0,Contemporary international feature films
s1887,DTC Yukemuri Junjo Hen From High & Low,Movie,2018,TV-PG,Adults,102,Dramas,Japan,0,Contemporary international feature films
s1888,Duck Butter,Movie,2018,TV-MA,Adults,94,Dramas,United States,0,Contemporary international feature films
s1889,Duck Duck Goose,Movie,2018,PG,Teens,92,Children & Family Movies,China,0,Contemporary international feature films
s1890,Dude,Movie,2018,TV-MA,Adults,97,Comedies,United States,0,Contemporary international feature films
s1892,Dukhtar,Movie,2014,TV-14,Teens,93,Dramas,Pakistan,0,Contemporary international feature films
s1893,Dum,Movie,2003,TV-14,Teens,162,Action & Adventure,India,1,Mid-catalogue licensed features
s1894,Dumb and Dumberer: When Harry Met Lloyd,Movie,2003,PG-13,Teens,85,Comedies,United States,1,Mid-catalogue licensed features
s1895,Dumplin',Movie,2018,PG-13,Teens,110,Comedies,United States,0,Contemporary international feature films
s1896,Duniya,Movie,1984,TV-14,Teens,170,Action & Adventure,India,2,Classic and vintage cinema
s1897,Duplicate,Movie,1998,TV-14,Teens,165,Comedies,India,1,Mid-catalogue licensed features
s1899,Dushman,Movie,2017,TV-14,Teens,141,Dramas,Unknown Country,0,Contemporary international feature films
s1900,Dying to Tell,Movie,2018,TV-MA,Adults,88,Documentaries,Spain,0,Contemporary international feature films
s1902,E-Cigarettes: Miracle or Menace?,Movie,2016,TV-14,Teens,52,Documentaries,United Kingdom,3,"Short-form US docs, stand-up, and family titles"
s1903,E-Team,Movie,2014,TV-MA,Adults,90,Documentaries,United States,3,"Short-form US docs, stand-up, and family titles"
s1904,Earth and Blood,Movie,2020,TV-MA,Adults,81,Dramas,France,0,Contemporary international feature films
s1905,Earth to Echo,Movie,2014,PG,Teens,91,Children & Family Movies,United States,3,"Short-form US docs, stand-up, and family titles"
s1909,Earthquake Bird,Movie,2019,R,Adults,107,Dramas,United Kingdom,0,Contemporary international feature films
s1910,East Side Sushi,Movie,2015,PG,Teens,106,Dramas,United States,3,"Short-form US docs, stand-up, and family titles"
s1913,Easy A,Movie,2010,PG-13,Teens,92,Comedies,United States,1,Mid-catalogue licensed features
s1915,Eat Pray Love,Movie,2010,PG-13,Teens,140,Dramas,United States,1,Mid-catalogue licensed features
s1916,Echcharikkai,Movie,2018,TV-14,Teens,127,International Movies,India,0,Contemporary international feature films
s1917,Echo in the Canyon,Movie,2019,PG-13,Teens,82,Documentaries,United States,3,"Short-form US docs, stand-up, and family titles"
s1918,Eddie - Strongman,Movie,2015,TV-MA,Adults,98,Documentaries,United Kingdom,3,"Short-form US docs, stand-up, and family titles"
s1919,Eddie Murphy: Delirious,Movie,1983,TV-MA,Adults,69,Stand-Up Comedy,United States,2,Classic and vintage cinema
s1920,Eddie Murphy: Raw,Movie,1987,R,Adults,90,Stand-Up Comedy,United States,2,Classic and vintage cinema
s1922,Edge of Fear,Movie,2018,TV-MA,Adults,92,Independent Movies,United States,3,"Short-form US docs, stand-up, and family titles"
s1923,Edge of Seventeen,Movie,1998,TV-MA,Adults,103,Comedies,United States,1,Mid-catalogue licensed features
s1926,"Edmilson Filho: Notas, Comedy about Relationships",Movie,2017,TV-MA,Adults,80,Stand-Up Comedy,Brazil,3,"Short-form US docs, stand-up, and family titles"
s1927,Edoardo Ferrario: Temi Caldi,Movie,2019,TV-MA,Adults,65,Stand-Up Comedy,Italy,3,"Short-form US docs, stand-up, and family titles"
s1928,Ee Nagaraniki Emaindi,Movie,2018,TV-14,Teens,133,Comedies,India,0,Contemporary international feature films
s1929,Eeda,Movie,2018,TV-14,Teens,153,Dramas,India,0,Contemporary international feature films
s1930,Eerie,Movie,2019,TV-14,Teens,100,Horror Movies,Philippines,0,Contemporary international feature films
s1931,Effie Gray,Movie,2014,PG-13,Teens,109,Dramas,United Kingdom,0,Contemporary international feature films
s1932,Eggnoid: Love & Time Portal,Movie,2019,TV-14,Teens,102,Dramas,Indonesia,0,Contemporary international feature films
s1933,Eh Janam Tumhare Lekhe,Movie,2015,TV-14,Teens,124,Dramas,India,0,Contemporary international feature films
s1935,Either Me Or My Auntie,Movie,2006,TV-PG,Adults,105,Comedies,Egypt,1,Mid-catalogue licensed features
s1936,Ek Cup Chya,Movie,2009,TV-PG,Adults,120,Dramas,India,0,Contemporary international feature films
s1937,Ek Hasina Thi,Movie,2004,TV-MA,Adults,134,Dramas,India,1,Mid-catalogue licensed features
s1938,Ek Jaan Hain Hum,Movie,1983,TV-14,Teens,151,Dramas,India,2,Classic and vintage cinema
s1939,Ek Khiladi Ek Haseena,Movie,2005,TV-14,Teens,141,International Movies,India,1,Mid-catalogue licensed features
s1940,Ek Ladki Ko Dekha Toh Aisa Laga,Movie,2019,TV-14,Teens,120,Comedies,India,0,Contemporary international feature films
s1941,Ek Main Aur Ekk Tu,Movie,2012,TV-14,Teens,106,Comedies,India,0,Contemporary international feature films
s1942,Ekşi Elmalar,Movie,2016,TV-PG,Adults,109,Dramas,Turkey,0,Contemporary international feature films
s1943,El último testigo,Movie,2012,R,Adults,105,Action & Adventure,United States,3,"Short-form US docs, stand-up, and family titles"
s1945,El Camino Christmas,Movie,2017,TV-MA,Adults,89,Comedies,United States,3,"Short-form US docs, stand-up, and family titles"
s1946,El Camino: A Breaking Bad Movie,Movie,2019,TV-MA,Adults,123,Dramas,United States,0,Contemporary international feature films
s1951,El Che,Movie,2017,TV-14,Teens,119,Documentaries,Venezuela,0,Contemporary international feature films
s1953,El club de los buenos infieles,Movie,2018,TV-MA,Adults,85,Comedies,Spain,0,Contemporary international feature films
s1954,El club de los insomnes,Movie,2018,TV-MA,Adults,82,Dramas,Mexico,0,Contemporary international feature films
s1957,"El Especial de Alex Fernández, el Especial",Movie,2017,TV-MA,Adults,52,Stand-Up Comedy,Mexico,3,"Short-form US docs, stand-up, and family titles"
s1958,El fin de ETA,Movie,2017,TV-14,Teens,106,Documentaries,Spain,0,Contemporary international feature films
s1959,El límite infinito,Movie,2020,TV-PG,Adults,48,Documentaries,Unknown Country,3,"Short-form US docs, stand-up, and family titles"
s1961,"El Pepe, a Supreme Life",Movie,2018,TV-14,Teens,73,Documentaries,Argentina,0,Contemporary international feature films
s1962,El Potro: Unstoppable,Movie,2018,TV-MA,Adults,122,Dramas,Unknown Country,0,Contemporary international feature films
s1965,El sendero de la anaconda,Movie,2019,TV-14,Teens,74,Documentaries,Colombia,3,"Short-form US docs, stand-up, and family titles"
s1966,El silencio es bienvenido,Movie,2017,TV-14,Teens,95,Dramas,Mexico,0,Contemporary international feature films
s1967,El testigo,Movie,2018,TV-14,Teens,73,Documentaries,Colombia,0,Contemporary international feature films
s1969,El Viaje: Márama y Rombai,Movie,2016,TV-PG,Adults,79,Children & Family Movies,Unknown Country,0,Contemporary international feature films
s1970,El-Khawaga's Dilemma,Movie,2018,TV-14,Teens,94,Action & Adventure,Egypt,0,Contemporary international feature films
s1971,Elaan,Movie,1971,TV-14,Teens,143,Action & Adventure,India,2,Classic and vintage cinema
s1972,Elena,Movie,2012,TV-14,Teens,81,Documentaries,Brazil,0,Contemporary international feature films
s1973,Elephants Dream 4 Hour,Movie,2006,TV-MA,Adults,196,International Movies,Netherlands,1,Mid-catalogue licensed features
s1974,Elevator Baby,Movie,2019,TV-MA,Adults,84,Dramas,Nigeria,0,Contemporary international feature films
s1975,Elf Pets: A Fox Cub’s Christmas Tale,Movie,2020,TV-Y,Kids,28,Children & Family Movies,United States,3,"Short-form US docs, stand-up, and family titles"
s1976,Elf Pets: Santa’s Reindeer Rescue,Movie,2020,TV-Y,Kids,27,Children & Family Movies,United States,3,"Short-form US docs, stand-up, and family titles"
s1977,Eli,Movie,2019,TV-MA,Adults,98,Horror Movies,United States,3,"Short-form US docs, stand-up, and family titles"
s1978,Elisa & Marcela,Movie,2019,TV-MA,Adults,119,Dramas,Spain,0,Contemporary international feature films
s1980,Elizabeth at 90: A Family Tribute,Movie,2016,TV-G,Kids,90,Documentaries,United Kingdom,3,"Short-form US docs, stand-up, and family titles"
s1981,Elizabeth Harvest,Movie,2019,R,Adults,109,Dramas,United States,0,Contemporary international feature films
s1983,Elles étaient en guerre (1914-1918),Movie,2014,TV-14,Teens,93,Documentaries,France,0,Contemporary international feature films
s1984,Elles étaient en guerre 1939-1945,Movie,2015,TV-MA,Adults,92,Documentaries,Unknown Country,3,"Short-form US docs, stand-up, and family titles"
s1985,Elles ont toutes une histoire,Movie,2016,TV-PG,Adults,49,Documentaries,Unknown Country,3,"Short-form US docs, stand-up, and family titles"
s1986,Elliot the Littlest Reindeer,Movie,2018,PG,Teens,90,Children & Family Movies,Canada,3,"Short-form US docs, stand-up, and family titles"
s1987,Elstree 1976,Movie,2015,TV-PG,Adults,102,Documentaries,United Kingdom,3,"Short-form US docs, stand-up, and family titles"
s1988,Emelie,Movie,2016,TV-MA,Adults,82,Horror Movies,United States,3,"Short-form US docs, stand-up, and family titles"
s1989,EMI: Liya Hai To Chukana Padega,Movie,2008,TV-14,Teens,128,Comedies,India,1,Mid-catalogue licensed features
s1990,Emicida: AmarElo - It’s All For Yesterday,Movie,2020,TV-MA,Adults,90,Documentaries,Brazil,0,Contemporary international feature films
s1993,Emma' (Mother),Movie,2016,TV-PG,Adults,74,Dramas,Indonesia,0,Contemporary international feature films
s1994,Emo the Musical,Movie,2016,TV-MA,Adults,94,Dramas,Australia,0,Contemporary international feature films
s1997,Empire of Scents,Movie,2014,TV-14,Teens,87,Documentaries,Canada,0,Contemporary international feature films
s1998,Employee of the Month,Movie,2006,PG-13,Teens,108,Comedies,United States,1,Mid-catalogue licensed features
s2000,Encounter: The Killing,Movie,2002,TV-14,Teens,151,Dramas,India,1,Mid-catalogue licensed features
s2002,End Game,Movie,2018,TV-PG,Adults,40,Documentaries,United States,3,"Short-form US docs, stand-up, and family titles"
s2003,End of Watch,Movie,2012,R,Adults,109,Action & Adventure,United States,3,"Short-form US docs, stand-up, and family titles"
s2005,Enemy,Movie,2013,R,Adults,91,Independent Movies,Canada,0,Contemporary international feature films
s2007,English Babu Desi Mem,Movie,1996,TV-14,Teens,163,Comedies,India,1,Mid-catalogue licensed features
s2008,Enissa Amani: Ehrenwort,Movie,2018,TV-MA,Adults,66,Stand-Up Comedy,Germany,3,"Short-form US docs, stand-up, and family titles"
s2009,Enlighten Us,Movie,2016,TV-14,Teens,93,Documentaries,United States,3,"Short-form US docs, stand-up, and family titles"
s2010,Enola Holmes,Movie,2020,PG-13,Teens,124,Action & Adventure,United Kingdom,0,Contemporary international feature films
s2012,Entanglement,Movie,2018,TV-MA,Adults,85,Dramas,Canada,0,Contemporary international feature films
s2013,Enter the Anime,Movie,2019,TV-MA,Adults,59,Documentaries,United States,3,"Short-form US docs, stand-up, and family titles"
s2014,Enter the Dragon,Movie,1973,R,Adults,103,Action & Adventure,Hong Kong,2,Classic and vintage cinema
s2015,Enter the Warriors Gate,Movie,2016,PG-13,Teens,105,Action & Adventure,France,0,Contemporary international feature films
s2017,Equals,Movie,2015,PG-13,Teens,102,Dramas,United States,0,Contemporary international feature films
s2019,Equilibrium,Movie,2002,R,Adults,107,Action & Adventure,United States,1,Mid-catalogue licensed features
s2022,Eric Andre: Legalize Everything,Movie,2020,TV-MA,Adults,52,Stand-Up Comedy,United States,3,"Short-form US docs, stand-up, and family titles"
s2023,Eric ldle's What About Dick?,Movie,2012,TV-MA,Adults,81,Comedies,United States,3,"Short-form US docs, stand-up, and family titles"
s2024,Errementari: The Blacksmith and the Devil,Movie,2018,TV-MA,Adults,99,Horror Movies,Spain,0,Contemporary international feature films
s2025,Escape from Mr. Lemoncello’s Library,Movie,2017,TV-Y,Kids,69,Children & Family Movies,United States,3,"Short-form US docs, stand-up, and family titles"
s2026,"Escape from the ""Liberty"" Cinema",Movie,1990,TV-MA,Adults,88,Comedies,Poland,1,Mid-catalogue licensed features
s2027,Escaping Tel Aviv,Movie,2009,TV-14,Teens,120,Action & Adventure,Egypt,1,Mid-catalogue licensed features
s2029,Esperando La Carroza,Movie,1985,NR,Unrated,95,Comedies,Argentina,2,Classic and vintage cinema
s2030,Estar o no estar,Movie,2016,TV-14,Teens,100,Dramas,Mexico,0,Contemporary international feature films
s2032,Ethirmarai,Movie,2018,TV-14,Teens,91,International Movies,India,0,Contemporary international feature films
s2035,Euphoria,Movie,2018,R,Adults,110,Dramas,Italy,0,Contemporary international feature films
s2037,Eurovision Song Contest: The Story of Fire Saga,Movie,2020,PG-13,Teens,124,Comedies,United States,0,Contemporary international feature films
s2038,Evan Almighty,Movie,2007,PG,Teens,96,Children & Family Movies,United States,1,Mid-catalogue licensed features
s2039,EVANGELION: DEATH (TRUE)²,Movie,1998,TV-MA,Adults,69,Action & Adventure,Japan,1,Mid-catalogue licensed features
s2040,Eve's Apple,Movie,2017,TV-MA,Adults,91,Documentaries,Spain,0,Contemporary international feature films
s2041,Evelyn,Movie,2019,TV-MA,Adults,96,Documentaries,United Kingdom,3,"Short-form US docs, stand-up, and family titles"
s2042,Even the Rain,Movie,2010,TV-MA,Adults,103,Dramas,Spain,0,Contemporary international feature films
s2043,Evening Shadows,Movie,2018,TV-PG,Adults,102,Dramas,India,0,Contemporary international feature films
s2044,Event Horizon,Movie,1997,R,Adults,96,Horror Movies,United Kingdom,1,Mid-catalogue licensed features
s2046,Every Time I Die,Movie,2019,TV-MA,Adults,98,Dramas,United States,0,Contemporary international feature films
s2047,Everybody Knows,Movie,2019,R,Adults,133,Dramas,Spain,0,Contemporary international feature films
s2048,Everyday I Love You,Movie,2015,TV-14,Teens,124,Dramas,Philippines,0,Contemporary international feature films
s2050,Everything About Her,Movie,2016,TV-MA,Adults,127,Comedies,Philippines,0,Contemporary international feature films
s2054,Evolution,Movie,2001,PG-13,Teens,102,Comedies,United States,1,Mid-catalogue licensed features
s2055,Evvarikee Cheppoddu,Movie,2019,TV-14,Teens,134,Comedies,India,0,Contemporary international feature films
s2056,Ex Machina,Movie,2015,R,Adults,108,Dramas,United Kingdom,0,Contemporary international feature films
s2060,Executive Decision,Movie,1996,R,Adults,133,Action & Adventure,United States,1,Mid-catalogue licensed features
s2061,Exes Baggage,Movie,2018,TV-MA,Adults,103,Dramas,Philippines,0,Contemporary international feature films
s2063,Exit Afghanistan,Movie,2013,TV-MA,Adults,58,Documentaries,Norway,3,"Short-form US docs, stand-up, and family titles"
s2064,Exit Strategy,Movie,2012,NR,Unrated,79,Comedies,United States,3,"Short-form US docs, stand-up, and family titles"
s2065,Exit Wounds,Movie,2001,R,Adults,101,Action & Adventure,United States,1,Mid-catalogue licensed features
s2066,Expedition China,Movie,2017,TV-G,Kids,78,Documentaries,Unknown Country,3,"Short-form US docs, stand-up, and family titles"
s2067,Expedition Happiness,Movie,2017,TV-PG,Adults,96,Documentaries,Germany,0,Contemporary international feature films
s2068,Expelled from Paradise,Movie,2014,TV-MA,Adults,103,Action & Adventure,Japan,0,Contemporary international feature films
s2070,Expo,Movie,2019,TV-14,Teens,81,Action & Adventure,United States,0,Contemporary international feature films
s2071,Extinction,Movie,2018,TV-MA,Adults,95,Action & Adventure,United States,0,Contemporary international feature films
s2072,Extraction,Movie,2020,R,Adults,117,Action & Adventure,United States,3,"Short-form US docs, stand-up, and family titles"
s2076,"Extremely Wicked, Shockingly Evil and Vile",Movie,2019,R,Adults,110,Dramas,United States,0,Contemporary international feature films
s2077,Extremis,Movie,2016,TV-PG,Adults,25,Documentaries,United States,3,"Short-form US docs, stand-up, and family titles"
s2078,Eye For An Eye,Movie,2019,TV-MA,Adults,108,Dramas,Spain,0,Contemporary international feature films
s2079,Eyyvah Eyyvah,Movie,2010,TV-MA,Adults,99,Comedies,Turkey,0,Contemporary international feature films
s2080,Eyyvah Eyyvah 2,Movie,2011,TV-PG,Adults,106,Comedies,Turkey,0,Contemporary international feature films
s2081,Eyyvah Eyyvah 3,Movie,2014,TV-PG,Adults,103,Comedies,Turkey,0,Contemporary international feature films
s2085,F the Prom,Movie,2017,TV-MA,Adults,92,Comedies,United States,3,"Short-form US docs, stand-up, and family titles"
s2086,F.R.E.D.I.,Movie,2018,TV-PG,Adults,90,Children & Family Movies,United States,3,"Short-form US docs, stand-up, and family titles"
s2087,Fabrizio Copano: Solo pienso en mi,Movie,2017,TV-MA,Adults,60,Stand-Up Comedy,Chile,3,"Short-form US docs, stand-up, and family titles"
s2089,Face 2 Face,Movie,2017,TV-MA,Adults,89,Dramas,United States,3,"Short-form US docs, stand-up, and family titles"
s2090,Fadily Camara : La plus drôle de tes copines,Movie,2019,TV-MA,Adults,54,Stand-Up Comedy,France,3,"Short-form US docs, stand-up, and family titles"
s2092,"Faith, Hope & Love",Movie,2019,PG,Teens,106,Comedies,United States,0,Contemporary international feature films
s2094,Fakkah Fuzz: Almost Banned,Movie,2018,TV-MA,Adults,61,Stand-Up Comedy,Singapore,3,"Short-form US docs, stand-up, and family titles"
s2095,Fakta Ladh Mhana,Movie,2011,TV-14,Teens,150,Action & Adventure,India,0,Contemporary international feature films
s2096,Fall Girls,Movie,2019,TV-14,Teens,80,Comedies,United States,3,"Short-form US docs, stand-up, and family titles"
s2098,Fallen,Movie,1998,R,Adults,124,Thrillers,United States,1,Mid-catalogue licensed features
s2100,Falling Inn Love,Movie,2019,TV-PG,Adults,98,Comedies,United States,3,"Short-form US docs, stand-up, and family titles"
s2102,Falz Experience,Movie,2018,TV-MA,Adults,82,International Movies,Unknown Country,3,"Short-form US docs, stand-up, and family titles"
s2104,Familiye,Movie,2017,TV-MA,Adults,99,Dramas,Germany,0,Contemporary international feature films
s2105,Family Blood,Movie,2018,TV-MA,Adults,92,Horror Movies,United States,3,"Short-form US docs, stand-up, and family titles"
s2108,Famous in Ahmedabad,Movie,2015,TV-14,Teens,29,Documentaries,India,3,"Short-form US docs, stand-up, and family titles"
s2109,Fan of Amoory,Movie,2018,TV-G,Kids,109,Children & Family Movies,United Arab Emirates,0,Contemporary international feature films
s2110,Fanatic,Movie,2019,TV-14,Teens,91,Thrillers,United States,3,"Short-form US docs, stand-up, and family titles"
s2111,Fanatyk,Movie,2017,TV-MA,Adults,33,Comedies,Poland,3,"Short-form US docs, stand-up, and family titles"
s2112,Fandry,Movie,2014,NR,Unrated,102,Dramas,India,0,Contemporary international feature films
s2114,Fantastica,Movie,2018,TV-PG,Adults,114,Comedies,Philippines,0,Contemporary international feature films
s2115,Faraar,Movie,2015,TV-14,Teens,146,Action & Adventure,Australia,0,Contemporary international feature films
s2116,Farce,Movie,2017,TV-MA,Adults,94,Comedies,Egypt,0,Contemporary international feature films
s2119,Fary Is the New Black,Movie,2018,TV-MA,Adults,75,Stand-Up Comedy,France,3,"Short-form US docs, stand-up, and family titles"
s2120,Fashion,Movie,2008,TV-MA,Adults,158,Dramas,India,1,Mid-catalogue licensed features
s2123,Fat Ballerina - David A. Arnold,Movie,2020,TV-MA,Adults,61,Stand-Up Comedy,United States,3,"Short-form US docs, stand-up, and family titles"
s2124,Fatal Affair,Movie,2020,TV-14,Teens,90,Thrillers,United States,3,"Short-form US docs, stand-up, and family titles"
s2128,Fate/Grand Order -First Order-,Movie,2016,TV-14,Teens,72,Action & Adventure,Japan,0,Contemporary international feature films
s2132,Father of the Year,Movie,2018,TV-MA,Adults,95,Comedies,United States,3,"Short-form US docs, stand-up, and family titles"
s2133,Father Soldier Son,Movie,2020,R,Adults,100,Documentaries,United States,3,"Short-form US docs, stand-up, and family titles"
s2134,Fatso,Movie,2012,TV-14,Teens,97,Comedies,India,0,Contemporary international feature films
s2136,Fear and Loathing in Las Vegas,Movie,1998,R,Adults,118,Comedies,United States,1,Mid-catalogue licensed features
s2139,Fearless,Movie,2020,TV-Y7,Teens,92,Children & Family Movies,Canada,3,"Short-form US docs, stand-up, and family titles"
s2141,Feel Rich,Movie,2017,TV-MA,Adults,70,Documentaries,United States,3,"Short-form US docs, stand-up, and family titles"
s2142,Feel the Beat,Movie,2020,TV-G,Kids,110,Children & Family Movies,United States,0,Contemporary international feature films
s2144,Felipe Esparza: They're Not Going to Laugh at You,Movie,2012,TV-MA,Adults,58,Stand-Up Comedy,United States,3,"Short-form US docs, stand-up, and family titles"
s2145,Felipe Neto: My Life Makes No Sense,Movie,2017,TV-MA,Adults,91,Stand-Up Comedy,Brazil,3,"Short-form US docs, stand-up, and family titles"
s2146,Felix Lobrecht: Hype,Movie,2020,TV-MA,Adults,60,Stand-Up Comedy,Germany,3,"Short-form US docs, stand-up, and family titles"
s2147,Feminists: What Were They Thinking?,Movie,2018,TV-MA,Adults,86,Documentaries,United States,3,"Short-form US docs, stand-up, and family titles"
s2148,Feo pero sabroso,Movie,2018,TV-MA,Adults,91,Comedies,Colombia,0,Contemporary international feature films
s2149,Fernando Sanjiao: Hombre,Movie,2018,TV-MA,Adults,63,Stand-Up Comedy,Argentina,3,"Short-form US docs, stand-up, and family titles"
s2150,Ferrari Ki Sawaari,Movie,2012,TV-PG,Adults,133,Comedies,India,0,Contemporary international feature films
s2151,Ferris Bueller's Day Off,Movie,1986,PG-13,Teens,103,Classic Movies,United States,2,Classic and vintage cinema
s2152,Fida,Movie,2004,TV-14,Teens,117,International Movies,India,1,Mid-catalogue licensed features
s2153,Fiddler on the Roof,Movie,1971,G,Kids,181,Classic Movies,United States,2,Classic and vintage cinema
s2154,Fierce,Movie,2020,TV-MA,Adults,118,Comedies,Poland,0,Contemporary international feature films
s2155,Fifty,Movie,2015,NR,Unrated,101,Dramas,Nigeria,0,Contemporary international feature films
s2156,Fifty Year Old Teenager,Movie,1996,TV-14,Teens,204,Comedies,Unknown Country,1,Mid-catalogue licensed features
s2158,Figaro Pho,Movie,2008,TV-Y7,Teens,29,Children & Family Movies,United Kingdom,3,"Short-form US docs, stand-up, and family titles"
s2160,Figures of Speech,Movie,2016,TV-PG,Adults,92,Documentaries,United States,3,"Short-form US docs, stand-up, and family titles"
s2162,Filmworker,Movie,2017,TV-MA,Adults,94,Documentaries,United States,3,"Short-form US docs, stand-up, and family titles"
s2163,Filosofi Kopi The Movie,Movie,2015,TV-PG,Adults,118,Dramas,Indonesia,0,Contemporary international feature films
s2164,Final Destination,Movie,2000,R,Adults,98,Cult Movies,United States,1,Mid-catalogue licensed features
s2165,Final Destination 2,Movie,2003,R,Adults,90,Horror Movies,United States,1,Mid-catalogue licensed features
s2166,Final Destination 3,Movie,2006,R,Adults,93,Horror Movies,United States,1,Mid-catalogue licensed features
s2168,Finally Found Someone,Movie,2017,TV-14,Teens,125,International Movies,Philippines,0,Contemporary international feature films
s2170,Finding Agnes,Movie,2020,TV-PG,Adults,106,Dramas,Philippines,0,Contemporary international feature films
s2171,Fire at Sea,Movie,2016,TV-14,Teens,114,Documentaries,Italy,0,Contemporary international feature films
s2173,Fire in Paradise,Movie,2019,TV-MA,Adults,40,Documentaries,United States,3,"Short-form US docs, stand-up, and family titles"
s2174,Fire in the Blood,Movie,2012,TV-14,Teens,83,Documentaries,India,0,Contemporary international feature films
s2175,Firebrand,Movie,2019,TV-MA,Adults,117,Dramas,India,0,Contemporary international feature films
s2176,Fireflies,Movie,2013,TV-MA,Adults,99,Dramas,India,0,Contemporary international feature films
s2178,Fireplace 4K: Classic Crackling Fireplace from Fireplace for Your Home,Movie,2015,TV-G,Kids,60,Movies,Unknown Country,3,"Short-form US docs, stand-up, and family titles"
s2179,Fireplace 4K: Crackling Birchwood from Fireplace for Your Home,Movie,2015,TV-G,Kids,60,Movies,Unknown Country,3,"Short-form US docs, stand-up, and family titles"
s2180,Fireworks,Movie,2017,TV-PG,Adults,91,Anime Features,Japan,3,"Short-form US docs, stand-up, and family titles"
s2182,First Impression,Movie,2018,TV-14,Teens,96,Comedies,United States,3,"Short-form US docs, stand-up, and family titles"
s2183,First Kill,Movie,2017,R,Adults,102,Action & Adventure,United Kingdom,3,"Short-form US docs, stand-up, and family titles"
s2184,First Kiss,Movie,2018,TV-14,Teens,90,Dramas,Netherlands,0,Contemporary international feature films
s2185,First Love,Movie,2018,TV-MA,Adults,123,Dramas,Philippines,0,Contemporary international feature films
s2186,First Match,Movie,2018,TV-MA,Adults,103,Dramas,United States,0,Contemporary international feature films
s2188,First They Killed My Father,Movie,2017,TV-MA,Adults,137,Dramas,Cambodia,0,Contemporary international feature films
s2189,FirstBorn,Movie,2016,TV-MA,Adults,90,Horror Movies,United Kingdom,0,Contemporary international feature films
s2190,Fisherman's Friends,Movie,2019,PG-13,Teens,112,Comedies,United Kingdom,0,Contemporary international feature films
s2191,Fishpeople,Movie,2017,TV-14,Teens,49,Documentaries,Unknown Country,3,"Short-form US docs, stand-up, and family titles"
s2192,Fishtail,Movie,2015,NR,Unrated,61,Documentaries,United States,3,"Short-form US docs, stand-up, and family titles"
s2193,Fishtronaut: The Movie,Movie,2018,TV-Y,Kids,78,Children & Family Movies,Brazil,3,"Short-form US docs, stand-up, and family titles"
s2195,Fitoor,Movie,2016,TV-14,Teens,124,Dramas,India,0,Contemporary international feature films
s2196,Fittest in Dubai,Movie,2019,TV-14,Teens,60,Documentaries,United Arab Emirates,0,Contemporary international feature films
s2198,Five Elements Ninjas,Movie,1982,R,Adults,104,Action & Adventure,Hong Kong,2,Classic and vintage cinema
s2199,Five Nights in Maine,Movie,2015,TV-MA,Adults,83,Dramas,United States,3,"Short-form US docs, stand-up, and family titles"
s2201,Fiza,Movie,2000,TV-14,Teens,163,Dramas,India,1,Mid-catalogue licensed features
s2203,Flash of Genius,Movie,2008,PG-13,Teens,119,Dramas,Canada,1,Mid-catalogue licensed features
s2205,Flavors of Youth: International Version,Movie,2018,TV-PG,Adults,74,Anime Features,China,0,Contemporary international feature films
s2206,Flimflam,Movie,2016,TV-14,Teens,102,Comedies,Egypt,0,Contemporary international feature films
s2209,Flock of Four,Movie,2018,TV-MA,Adults,83,Dramas,United States,0,Contemporary international feature films
s2213,Flying Guillotine 2,Movie,1978,TV-MA,Adults,88,Action & Adventure,Hong Kong,2,Classic and vintage cinema
s2214,Follow Me,Movie,2017,TV-MA,Adults,86,Documentaries,United Arab Emirates,0,Contemporary international feature films
s2217,Food on the Go,Movie,2017,TV-MA,Adults,66,Documentaries,Argentina,3,"Short-form US docs, stand-up, and family titles"
s2221,Footprints: The Path of Your Life,Movie,2015,PG,Teens,90,Documentaries,Spain,0,Contemporary international feature films
s2222,For Colored Girls,Movie,2010,R,Adults,134,Dramas,United States,1,Mid-catalogue licensed features
s2223,For Grace,Movie,2015,TV-PG,Adults,92,Documentaries,United States,3,"Short-form US docs, stand-up, and family titles"
s2224,For Greater Glory,Movie,2012,R,Adults,145,Dramas,Mexico,0,Contemporary international feature films
s2225,For Here or to Go?,Movie,2015,TV-MA,Adults,105,Comedies,United States,0,Contemporary international feature films
s2226,For Love or Money,Movie,2019,TV-MA,Adults,95,Comedies,United Kingdom,3,"Short-form US docs, stand-up, and family titles"
s2227,For the Birds,Movie,2018,TV-MA,Adults,93,Documentaries,United States,3,"Short-form US docs, stand-up, and family titles"
s2228,For the Broken Hearted,Movie,2018,TV-14,Teens,93,Dramas,Philippines,0,Contemporary international feature films
s2229,For the Love of Benji,Movie,1977,G,Kids,84,Children & Family Movies,United States,2,Classic and vintage cinema
s2230,For the Love of Spock,Movie,2016,TV-14,Teens,112,Documentaries,Canada,3,"Short-form US docs, stand-up, and family titles"
s2232,For Your Own Good,Movie,2017,TV-MA,Adults,93,Comedies,Spain,0,Contemporary international feature films
s2233,Forbidden Games: The Justin Fashanu Story,Movie,2017,TV-14,Teens,81,Documentaries,United Kingdom,0,Contemporary international feature films
s2234,Forbidden Planet,Movie,1956,G,Kids,98,Action & Adventure,United States,2,Classic and vintage cinema
s2235,Force 2,Movie,2016,TV-14,Teens,123,Action & Adventure,India,0,Contemporary international feature films
s2237,Forensic,Movie,2020,TV-14,Teens,132,International Movies,India,0,Contemporary international feature films
s2240,Forever Chape,Movie,2018,TV-MA,Adults,74,Documentaries,Brazil,0,Contemporary international feature films
s2241,Forever Pure,Movie,2016,TV-MA,Adults,87,Documentaries,United Kingdom,0,Contemporary international feature films
s2244,Forgive Us Our Debts,Movie,2018,TV-MA,Adults,105,Dramas,Italy,0,Contemporary international feature films
s2245,Forgotten,Movie,2017,TV-MA,Adults,109,Dramas,South Korea,0,Contemporary international feature films
s2246,Forks Over Knives,Movie,2011,PG,Teens,96,Documentaries,United States,3,"Short-form US docs, stand-up, and family titles"
s2248,Fortune Feimster: Sweet & Salty,Movie,2020,TV-MA,Adults,61,Stand-Up Comedy,United States,3,"Short-form US docs, stand-up, and family titles"
s2249,Four Christmases,Movie,2008,PG-13,Teens,88,Comedies,Germany,1,Mid-catalogue licensed features
s2251,Four Sisters and a Wedding,Movie,2013,TV-14,Teens,125,Comedies,Philippines,0,Contemporary international feature films
s2252,Four Weddings and a Funeral,Movie,1994,R,Adults,118,Classic Movies,United Kingdom,1,Mid-catalogue licensed features
s2253,Fracture,Movie,2007,R,Adults,113,Dramas,United States,1,Mid-catalogue licensed features
s2254,Fractured,Movie,2019,TV-MA,Adults,100,Thrillers,United States,3,"Short-form US docs, stand-up, and family titles"
s2255,Franca: Chaos and Creation,Movie,2016,TV-MA,Adults,79,Documentaries,United States,3,"Short-form US docs, stand-up, and family titles"
s2256,Frances Ha,Movie,2012,R,Adults,86,Comedies,United States,0,Contemporary international feature films
s2257,Francesco De Carlo: Cose di Questo Mondo,Movie,2019,TV-MA,Adults,61,Stand-Up Comedy,Italy,3,"Short-form US docs, stand-up, and family titles"
s2258,Franco Escamilla: Bienvenido al mundo,Movie,2019,TV-MA,Adults,54,Stand-Up Comedy,Mexico,3,"Short-form US docs, stand-up, and family titles"
s2259,Franco Escamilla: Por la anécdota,Movie,2018,TV-MA,Adults,66,Stand-Up Comedy,Mexico,3,"Short-form US docs, stand-up, and family titles"
s2260,Frank & Lola,Movie,2016,TV-MA,Adults,87,Dramas,United States,3,"Short-form US docs, stand-up, and family titles"
s2261,Frank and Cindy,Movie,2007,TV-MA,Adults,70,Documentaries,United States,3,"Short-form US docs, stand-up, and family titles"
s2263,"Frankenstein’s Monster’s Monster, Frankenstein",Movie,2019,TV-14,Teens,32,Comedies,United States,3,"Short-form US docs, stand-up, and family titles"
s2265,Frat Star,Movie,2017,TV-MA,Adults,85,Comedies,United States,3,"Short-form US docs, stand-up, and family titles"
s2266,Freak Show,Movie,2018,TV-MA,Adults,91,Comedies,United States,0,Contemporary international feature films
s2267,Freaks,Movie,2018,R,Adults,105,Independent Movies,United States,0,Contemporary international feature films
s2268,Freaks – You're One of Us,Movie,2020,TV-MA,Adults,93,Dramas,Germany,0,Contemporary international feature films
s2269,Fred Armisen: Standup For Drummers,Movie,2018,TV-PG,Adults,65,Music & Musicals,Unknown Country,3,"Short-form US docs, stand-up, and family titles"
s2270,Fred Claus,Movie,2007,PG,Teens,115,Children & Family Movies,United States,1,Mid-catalogue licensed features
s2271,Free Fire,Movie,2016,R,Adults,91,Action & Adventure,United Kingdom,0,Contemporary international feature films
s2273,Free Rein: The Twelve Neighs of Christmas,Movie,2018,TV-G,Kids,58,Children & Family Movies,Unknown Country,3,"Short-form US docs, stand-up, and family titles"
s2274,Free Rein: Valentine's Day,Movie,2019,TV-G,Kids,51,Children & Family Movies,United States,3,"Short-form US docs, stand-up, and family titles"
s2275,Free State of Jones,Movie,2016,R,Adults,139,Action & Adventure,United States,0,Contemporary international feature films
s2276,Free Willy,Movie,1993,PG,Teens,112,Children & Family Movies,United States,1,Mid-catalogue licensed features
s2277,Freedom at Midnight,Movie,2018,TV-MA,Adults,135,Dramas,Unknown Country,0,Contemporary international feature films
s2278,Freej Al Taibeen,Movie,2018,TV-PG,Adults,99,Comedies,United Arab Emirates,0,Contemporary international feature films
s2279,Freeway: Crack in the System,Movie,2015,R,Adults,103,Documentaries,United States,3,"Short-form US docs, stand-up, and family titles"
s2280,Freezer's Campaign,Movie,2016,TV-MA,Adults,116,Comedies,Egypt,0,Contemporary international feature films
s2281,French Dirty,Movie,2015,TV-MA,Adults,72,Dramas,United States,3,"Short-form US docs, stand-up, and family titles"
s2282,French Toast,Movie,2015,TV-PG,Adults,86,Comedies,South Africa,0,Contemporary international feature films
s2284,Freshman Year,Movie,2019,TV-PG,Adults,104,Dramas,United States,3,"Short-form US docs, stand-up, and family titles"
s2287,Friday the 13th,Movie,2009,R,Adults,97,Horror Movies,United States,3,"Short-form US docs, stand-up, and family titles"
s2288,Friend Request,Movie,2016,R,Adults,92,Horror Movies,Germany,0,Contemporary international feature films
s2291,Friendship,Movie,1980,TV-14,Teens,161,Action & Adventure,India,2,Classic and vintage cinema
s2292,From A to B,Movie,2014,TV-MA,Adults,104,Comedies,United Arab Emirates,0,Contemporary international feature films
s2294,From Japan to Egypt,Movie,2017,TV-14,Teens,93,Children & Family Movies,Egypt,0,Contemporary international feature films
s2295,From One Second to the Next,Movie,2013,TV-14,Teens,35,Documentaries,United States,3,"Short-form US docs, stand-up, and family titles"
s2296,From Paris with Love,Movie,2010,R,Adults,93,Action & Adventure,France,0,Contemporary international feature films
s2297,Froning: The Fittest Man in History,Movie,2016,PG,Teens,99,Documentaries,United States,0,Contemporary international feature films
s2298,Fronteras,Movie,2018,TV-MA,Adults,106,Dramas,United States,0,Contemporary international feature films
s2301,Frozen Planet: On Thin Ice,Movie,2011,TV-PG,Adults,47,Movies,United Kingdom,3,"Short-form US docs, stand-up, and family titles"
s2302,Frozen Planet: The Epic Journey,Movie,2011,TV-PG,Adults,52,Movies,United Kingdom,3,"Short-form US docs, stand-up, and family titles"
s2303,Frozen River,Movie,2008,R,Adults,97,Dramas,United States,1,Mid-catalogue licensed features
s2304,Fruitvale Station,Movie,2013,R,Adults,85,Dramas,United States,3,"Short-form US docs, stand-up, and family titles"
s2306,Fukrey,Movie,2013,TV-14,Teens,135,Action & Adventure,India,0,Contemporary international feature films
s2308,Fukrey Boyzzz: Space Mein Fukrapanti,Movie,2020,TV-Y7,Teens,75,Children & Family Movies,India,3,"Short-form US docs, stand-up, and family titles"
s2309,Full Count,Movie,2019,TV-PG,Adults,110,Children & Family Movies,United States,0,Contemporary international feature films
s2310,Full Out,Movie,2015,TV-PG,Adults,88,Children & Family Movies,Canada,0,Contemporary international feature films
s2311,Full Out 2: You Got This!,Movie,2020,TV-Y,Kids,91,Children & Family Movies,United States,0,Contemporary international feature films
s2313,FullMetal Alchemist,Movie,2017,TV-PG,Adults,134,Action & Adventure,Japan,0,Contemporary international feature films
s2315,Fun Mom Dinner,Movie,2017,R,Adults,82,Comedies,United States,3,"Short-form US docs, stand-up, and family titles"
s2316,Funan,Movie,2018,TV-14,Teens,87,Dramas,France,0,Contemporary international feature films
s2317,Functional Fitness,Movie,2016,TV-MA,Adults,106,Documentaries,United States,3,"Short-form US docs, stand-up, and family titles"
s2318,Funny Boy,Movie,2020,TV-MA,Adults,109,Dramas,Canada,0,Contemporary international feature films
s2319,Furie,Movie,2019,TV-MA,Adults,97,Action & Adventure,Vietnam,0,Contemporary international feature films
s2320,Furthest Witness,Movie,2017,TV-MA,Adults,88,Dramas,United States,3,"Short-form US docs, stand-up, and family titles"
s2322,FYRE: The Greatest Party That Never Happened,Movie,2019,TV-MA,Adults,98,Documentaries,United States,3,"Short-form US docs, stand-up, and family titles"
s2323,İstanbul Kırmızısı,Movie,2017,TV-MA,Adults,110,Dramas,Italy,0,Contemporary international feature films
s2324,G-Force,Movie,2009,PG,Teens,88,Children & Family Movies,United States,1,Mid-catalogue licensed features
s2325,G.O.R.A,Movie,2004,TV-MA,Adults,123,Action & Adventure,Turkey,1,Mid-catalogue licensed features
s2326,Görümce,Movie,2016,TV-MA,Adults,104,Comedies,Turkey,0,Contemporary international feature films
s2327,Gabbar Is Back,Movie,2015,TV-14,Teens,128,Action & Adventure,India,0,Contemporary international feature films
s2329,"Gabriel ""Fluffy"" Iglesias: One Show Fits All",Movie,2019,TV-14,Teens,91,Stand-Up Comedy,Unknown Country,3,"Short-form US docs, stand-up, and family titles"
s2330,Gabriel and the Mountain,Movie,2017,TV-MA,Adults,132,Dramas,Brazil,0,Contemporary international feature films
s2331,Gabriel lglesias: I’m Sorry For What I Said When I Was Hungry,Movie,2016,TV-14,Teens,88,Stand-Up Comedy,United States,3,"Short-form US docs, stand-up, and family titles"
s2333,Gad Elmaleh: American Dream,Movie,2018,TV-14,Teens,58,Stand-Up Comedy,United States,3,"Short-form US docs, stand-up, and family titles"
s2334,Gad Gone Wild,Movie,2017,TV-MA,Adults,57,Stand-Up Comedy,France,3,"Short-form US docs, stand-up, and family titles"
s2335,Gaddar: the Traitor,Movie,2015,TV-14,Teens,126,Dramas,India,0,Contemporary international feature films
s2336,Gaga: Five Foot Two,Movie,2017,TV-MA,Adults,101,Documentaries,United States,3,"Short-form US docs, stand-up, and family titles"
s2337,Gagarin: First in Space,Movie,2013,TV-14,Teens,108,Dramas,Russia,0,Contemporary international feature films
s2339,Galih dan Ratna,Movie,2017,TV-PG,Adults,111,Dramas,Indonesia,0,Contemporary international feature films
s2340,Game,Movie,2011,TV-14,Teens,135,International Movies,India,0,Contemporary international feature films
s2342,Game Over,Movie,2012,TV-14,Teens,96,Comedies,Egypt,0,Contemporary international feature films
s2343,Game Over (Hindi Version),Movie,2019,TV-MA,Adults,98,Horror Movies,Unknown Country,0,Contemporary international feature films
s2344,Game Over (Tamil Version),Movie,2019,TV-MA,Adults,98,Horror Movies,India,0,Contemporary international feature films
s2345,Game Over (Telugu Version),Movie,2019,TV-MA,Adults,98,Horror Movies,Unknown Country,0,Contemporary international feature films
s2346,"Game Over, Man!",Movie,2018,TV-MA,Adults,102,Action & Adventure,United States,3,"Short-form US docs, stand-up, and family titles"
s2349,Gang of the Caribbean,Movie,2016,TV-MA,Adults,86,Dramas,France,0,Contemporary international feature films
s2350,Gangaajal,Movie,2003,TV-MA,Adults,148,Dramas,India,1,Mid-catalogue licensed features
s2352,Gangs of New York,Movie,2002,R,Adults,167,Dramas,United States,1,Mid-catalogue licensed features
s2353,GANTZ:O,Movie,2016,TV-MA,Adults,96,Action & Adventure,Japan,0,Contemporary international feature films
s2354,Garbage,Movie,2018,TV-MA,Adults,109,Dramas,India,0,Contemporary international feature films
s2355,Gardeners of Eden,Movie,2014,TV-14,Teens,70,Documentaries,Kenya,3,"Short-form US docs, stand-up, and family titles"
s2356,Garfield Gets Real,Movie,2007,TV-Y,Kids,78,Children & Family Movies,United States,1,Mid-catalogue licensed features
s2357,Garfield's Fun Fest,Movie,2008,TV-Y7,Teens,79,Children & Family Movies,United States,1,Mid-catalogue licensed features
s2358,Garfield's Pet Force,Movie,2009,G,Kids,78,Children & Family Movies,South Korea,1,Mid-catalogue licensed features
s2359,Garfunkel and Oates: Trying to be Special,Movie,2016,TV-MA,Adults,62,Music & Musicals,United States,3,"Short-form US docs, stand-up, and family titles"
s2362,Garuda Di Dadaku,Movie,2009,TV-PG,Adults,96,Children & Family Movies,Indonesia,0,Contemporary international feature films
s2363,Garuda in My Heart 2,Movie,2011,TV-PG,Adults,95,Children & Family Movies,Indonesia,0,Contemporary international feature films
s2364,Gatao 2: Rise of the King,Movie,2018,TV-MA,Adults,126,Action & Adventure,Taiwan,0,Contemporary international feature films
s2365,Gbomo Gbomo Express,Movie,2015,TV-MA,Adults,97,Dramas,Nigeria,0,Contemporary international feature films
s2366,Gehenna: Where Death Lives,Movie,2016,TV-MA,Adults,107,Horror Movies,Japan,0,Contemporary international feature films
s2367,Gelo,Movie,2016,TV-MA,Adults,118,Dramas,India,0,Contemporary international feature films
s2368,Gemini,Movie,2018,TV-PG,Adults,130,Dramas,India,0,Contemporary international feature films
s2369,GEN HOSHINO STADIUM TOUR “POP VIRUS”,Movie,2019,TV-14,Teens,154,International Movies,Unknown Country,0,Contemporary international feature films
s2370,Gender Revolution: A Journey with Katie Couric,Movie,2017,TV-PG,Adults,90,Documentaries,United States,3,"Short-form US docs, stand-up, and family titles"
s2371,Generation Iron 2,Movie,2017,PG-13,Teens,107,Documentaries,United States,3,"Short-form US docs, stand-up, and family titles"
s2372,Generation Iron 3,Movie,2018,TV-MA,Adults,95,Documentaries,United States,3,"Short-form US docs, stand-up, and family titles"
s2373,Genius,Movie,2018,TV-14,Teens,96,Dramas,India,0,Contemporary international feature films
s2378,George Lopez: We'll Do It For Half,Movie,2020,TV-MA,Adults,52,Stand-Up Comedy,United States,3,"Short-form US docs, stand-up, and family titles"
s2379,George of the Jungle 2,Movie,2003,PG,Teens,87,Children & Family Movies,United States,1,Mid-catalogue licensed features
s2380,Gerald's Game,Movie,2017,TV-MA,Adults,103,Horror Movies,United States,3,"Short-form US docs, stand-up, and family titles"
s2383,Get Him to the Greek,Movie,2010,R,Adults,109,Comedies,United States,1,Mid-catalogue licensed features
s2384,Get In,Movie,2019,TV-MA,Adults,98,International Movies,France,0,Contemporary international feature films
s2385,Get Me Roger Stone,Movie,2017,TV-MA,Adults,101,Documentaries,United States,3,"Short-form US docs, stand-up, and family titles"
s2387,Get Santa,Movie,2014,PG,Teens,103,Children & Family Movies,United Kingdom,0,Contemporary international feature films
s2389,Get Smart,Movie,2008,PG-13,Teens,110,Action & Adventure,United States,1,Mid-catalogue licensed features
s2390,Getaway Plan,Movie,2016,TV-MA,Adults,104,International Movies,Spain,0,Contemporary international feature films
s2391,Getting Played,Movie,2005,PG-13,Teens,85,Comedies,United States,1,Mid-catalogue licensed features
s2392,Ghadi,Movie,2013,TV-MA,Adults,101,Comedies,Lebanon,0,Contemporary international feature films
s2393,Ghanchakkar,Movie,2013,TV-MA,Adults,129,Comedies,India,0,Contemporary international feature films
s2394,Ghayal,Movie,1990,TV-14,Teens,163,Action & Adventure,India,1,Mid-catalogue licensed features
s2395,Ghost House,Movie,2017,TV-MA,Adults,100,Horror Movies,Thailand,3,"Short-form US docs, stand-up, and family titles"
s2397,Ghost of the Mountains,Movie,2017,G,Kids,78,Documentaries,United States,3,"Short-form US docs, stand-up, and family titles"
s2398,Ghost Pain,Movie,2013,TV-MA,Adults,58,Action & Adventure,Japan,0,Contemporary international feature films
s2399,Ghost Patrol,Movie,2016,TV-Y7,Teens,47,Children & Family Movies,Canada,3,"Short-form US docs, stand-up, and family titles"
s2400,Ghost Rider,Movie,2007,PG-13,Teens,110,Action & Adventure,United States,1,Mid-catalogue licensed features
s2401,Ghost Stories,Movie,2020,TV-MA,Adults,145,Horror Movies,India,0,Contemporary international feature films
s2402,Ghost Tears,Movie,2014,TV-MA,Adults,58,Action & Adventure,Japan,0,Contemporary international feature films
s2404,Ghost Whispers,Movie,2013,TV-14,Teens,56,Action & Adventure,Japan,0,Contemporary international feature films
s2405,Ghosts of Sugar Land,Movie,2019,TV-MA,Adults,22,Documentaries,United States,3,"Short-form US docs, stand-up, and family titles"
s2406,Ghosts of War,Movie,2020,R,Adults,95,Horror Movies,United Kingdom,3,"Short-form US docs, stand-up, and family titles"
s2408,Ghulam-E-Musthafa,Movie,1997,TV-MA,Adults,161,Action & Adventure,India,1,Mid-catalogue licensed features
s2409,Gie,Movie,2005,TV-14,Teens,141,Dramas,Indonesia,1,Mid-catalogue licensed features
s2411,Gigi,Movie,1958,G,Kids,115,Classic Movies,United States,2,Classic and vintage cinema
s2414,Gimme Shelter,Movie,2013,PG-13,Teens,101,Dramas,United States,0,Contemporary international feature films
s2415,GIMS: On the Record,Movie,2020,TV-MA,Adults,96,Documentaries,France,0,Contemporary international feature films
s2416,Gina Yashere: Laughing to America,Movie,2013,TV-MA,Adults,68,Stand-Up Comedy,Unknown Country,3,"Short-form US docs, stand-up, and family titles"
s2417,Gina Yashere: Skinny B*tch,Movie,2008,TV-MA,Adults,58,Stand-Up Comedy,United Kingdom,3,"Short-form US docs, stand-up, and family titles"
s2418,Ginger & Rosa,Movie,2012,PG-13,Teens,90,Dramas,United Kingdom,0,Contemporary international feature films
s2419,Ginny Weds Sunny,Movie,2020,TV-MA,Adults,126,Comedies,India,0,Contemporary international feature films
s2421,Girl,Movie,2018,R,Adults,106,Dramas,Netherlands,0,Contemporary international feature films
s2423,Girl on the Third Floor,Movie,2019,TV-MA,Adults,92,Horror Movies,United States,3,"Short-form US docs, stand-up, and family titles"
s2424,"Girl, Boy, Bakla, Tomboy",Movie,2013,TV-14,Teens,103,Comedies,Philippines,0,Contemporary international feature films
s2425,Girl's Revenge,Movie,2020,TV-MA,Adults,82,Dramas,Taiwan,0,Contemporary international feature films
s2427,Girlfriend's Day,Movie,2017,TV-MA,Adults,71,Comedies,United States,3,"Short-form US docs, stand-up, and family titles"
s2433,Girls und Panzer der Film,Movie,2015,TV-MA,Adults,121,Action & Adventure,Japan,0,Contemporary international feature films
s2434,Girls With Balls,Movie,2019,TV-MA,Adults,77,Comedies,France,0,Contemporary international feature films
s2435,Giving Voice,Movie,2020,PG-13,Teens,91,Documentaries,United States,3,"Short-form US docs, stand-up, and family titles"
s2443,GLOW: The Story of the Gorgeous Ladies of Wrestling,Movie,2012,NR,Unrated,77,Documentaries,United States,3,"Short-form US docs, stand-up, and family titles"
s2445,Gnome Alone,Movie,2018,PG,Teens,86,Children & Family Movies,United Kingdom,0,Contemporary international feature films
s2446,Go Karts,Movie,2020,TV-PG,Adults,103,Children & Family Movies,Australia,0,Contemporary international feature films
s2448,Go! Go! Cory Carson: The Chrissy,Movie,2020,TV-Y,Kids,42,Children & Family Movies,United States,3,"Short-form US docs, stand-up, and family titles"
s2450,GO! The Unforgettable Party,Movie,2019,TV-PG,Adults,60,Children & Family Movies,Argentina,3,"Short-form US docs, stand-up, and family titles"
s2451,God Bless the Broken Road,Movie,2018,PG,Teens,111,Children & Family Movies,United States,0,Contemporary international feature films
s2453,God Knows Where I Am,Movie,2016,TV-PG,Adults,103,Documentaries,United States,3,"Short-form US docs, stand-up, and family titles"
s2454,God of War,Movie,2017,NR,Unrated,129,Action & Adventure,China,0,Contemporary international feature films
s2455,God's Not Dead,Movie,2014,PG,Teens,113,Dramas,United States,0,Contemporary international feature films
s2456,God's Not Dead: A Light in Darkness,Movie,2018,PG,Teens,106,Dramas,United States,0,Contemporary international feature films
s2457,God's Own Country,Movie,2017,TV-MA,Adults,105,Dramas,United Kingdom,0,Contemporary international feature films
s2460,GODZILLA City on the Edge of Battle,Movie,2018,TV-14,Teens,101,Action & Adventure,Japan,0,Contemporary international feature films
s2461,GODZILLA The Planet Eater,Movie,2018,TV-PG,Adults,91,Action & Adventure,Japan,0,Contemporary international feature films
s2463,Going for Gold,Movie,2018,TV-G,Kids,88,Children & Family Movies,Australia,0,Contemporary international feature films
s2464,Gol Maal,Movie,1979,TV-PG,Adults,137,Classic Movies,India,2,Classic and vintage cinema
s2465,Golden Time,Movie,2013,TV-Y,Kids,22,International Movies,Japan,3,"Short-form US docs, stand-up, and family titles"
s2466,GoldenEye,Movie,1995,PG-13,Teens,130,Action & Adventure,United Kingdom,1,Mid-catalogue licensed features
s2467,Goldie,Movie,2019,TV-MA,Adults,89,Dramas,United States,3,"Short-form US docs, stand-up, and family titles"
s2469,Goldstone,Movie,2016,R,Adults,110,Thrillers,Australia,3,"Short-form US docs, stand-up, and family titles"
s2470,Gollu Aur Pappu,Movie,2014,TV-14,Teens,112,Action & Adventure,India,0,Contemporary international feature films
s2471,Golmaal Returns,Movie,2008,TV-MA,Adults,135,Comedies,India,1,Mid-catalogue licensed features
s2472,Golmaal: Fun Unlimited,Movie,2006,TV-14,Teens,148,Comedies,India,1,Mid-catalogue licensed features
s2474,Gone are the Days,Movie,2018,R,Adults,100,Independent Movies,United States,3,"Short-form US docs, stand-up, and family titles"
s2476,Good and Prosperous,Movie,2017,TV-14,Teens,101,Comedies,Egypt,0,Contemporary international feature films
s2477,Good Burger,Movie,1997,PG,Teens,96,Children & Family Movies,United States,1,Mid-catalogue licensed features
s2478,Good Game: The Beginning,Movie,2018,TV-14,Teens,115,Dramas,Turkey,0,Contemporary international feature films
s2480,Good Hair,Movie,2009,PG-13,Teens,96,Documentaries,United States,1,Mid-catalogue licensed features
s2481,Good Kids,Movie,2016,R,Adults,90,Comedies,United States,3,"Short-form US docs, stand-up, and family titles"
s2482,Good Kill,Movie,2014,R,Adults,103,Dramas,United States,3,"Short-form US docs, stand-up, and family titles"
s2483,Good Kisser,Movie,2019,TV-MA,Adults,75,Comedies,United States,0,Contemporary international feature films
s2484,Good Luck,Movie,2012,TV-MA,Adults,99,Dramas,Egypt,0,Contemporary international feature films
s2485,Good Luck Chuck,Movie,2007,UR,Unrated,99,Comedies,United States,1,Mid-catalogue licensed features
s2488,"Good Night, and Good Luck",Movie,2005,PG,Teens,93,Dramas,United States,1,Mid-catalogue licensed features
s2489,Good People,Movie,2014,R,Adults,90,Action & Adventure,United States,3,"Short-form US docs, stand-up, and family titles"
s2490,Good Sam,Movie,2019,TV-PG,Adults,90,Children & Family Movies,United States,3,"Short-form US docs, stand-up, and family titles"
s2491,Good Time,Movie,2017,R,Adults,101,Dramas,United States,0,Contemporary international feature films
s2494,GoodFellas,Movie,1990,R,Adults,145,Classic Movies,United States,1,Mid-catalogue licensed features
s2496,Gook,Movie,2017,TV-MA,Adults,95,Dramas,United States,3,"Short-form US docs, stand-up, and family titles"
s2497,Goon,Movie,2011,R,Adults,92,Comedies,United States,3,"Short-form US docs, stand-up, and family titles"
s2498,Goon: Last of the Enforcers,Movie,2016,R,Adults,102,Comedies,Canada,0,Contemporary international feature films
s2500,Goosebumps 2: Haunted Halloween,Movie,2018,PG,Teens,90,Children & Family Movies,United States,3,"Short-form US docs, stand-up, and family titles"
s2501,Gori Tere Pyaar Mein,Movie,2013,TV-14,Teens,144,Comedies,India,0,Contemporary international feature films
s2503,Gosford Park,Movie,2001,R,Adults,137,Comedies,United States,1,Mid-catalogue licensed features
s2506,Gothika,Movie,2003,R,Adults,98,Horror Movies,United States,1,Mid-catalogue licensed features
s2507,Gour Hari Dastaan: The Freedom File,Movie,2015,TV-14,Teens,109,Dramas,India,0,Contemporary international feature films
s2508,Goyo: The Boy General,Movie,2018,TV-MA,Adults,150,Dramas,Philippines,0,Contemporary international feature films
s2511,Gran Torino,Movie,2008,R,Adults,117,Dramas,Germany,1,Mid-catalogue licensed features
s2516,Grand Masti,Movie,2013,TV-MA,Adults,93,Comedies,India,0,Contemporary international feature films
s2517,Grand-Daddy Day Care,Movie,2019,PG-13,Teens,96,Children & Family Movies,United States,3,"Short-form US docs, stand-up, and family titles"
s2518,Grandmaster,Movie,2012,TV-14,Teens,133,International Movies,India,0,Contemporary international feature films
s2519,Grandmother's Farm,Movie,2014,TV-14,Teens,71,Comedies,United Arab Emirates,0,Contemporary international feature films
s2520,Grandmother's Farm Part 2,Movie,2015,TV-14,Teens,80,Comedies,United Arab Emirates,0,Contemporary international feature films
s2521,Grass,Movie,2017,TV-MA,Adults,57,Comedies,United States,3,"Short-form US docs, stand-up, and family titles"
s2522,Grass Is Greener,Movie,2019,TV-MA,Adults,98,Documentaries,Unknown Country,3,"Short-form US docs, stand-up, and family titles"
s2523,Grease,Movie,1978,PG,Teens,110,Classic Movies,United States,2,Classic and vintage cinema
s2528,Greater,Movie,2016,PG,Teens,131,Children & Family Movies,United States,0,Contemporary international feature films
s2533,Green Room,Movie,2015,R,Adults,95,Horror Movies,United States,3,"Short-form US docs, stand-up, and family titles"
s2534,Green White Green (And All the Beautiful Colours in My Mosaic of Madness),Movie,2016,TV-MA,Adults,102,Comedies,Nigeria,0,Contemporary international feature films
s2537,Greg Davies: You Magnificent Beast,Movie,2018,TV-MA,Adults,66,Stand-Up Comedy,United Kingdom,3,"Short-form US docs, stand-up, and family titles"
s2538,Grego Rossello: Disculpe las molestias,Movie,2019,TV-MA,Adults,65,Stand-Up Comedy,Argentina,3,"Short-form US docs, stand-up, and family titles"
s2540,Gridlocked,Movie,2015,R,Adults,114,Action & Adventure,Canada,3,"Short-form US docs, stand-up, and family titles"
s2541,Grillo vs Grillo,Movie,2017,TV-MA,Adults,96,Stand-Up Comedy,Italy,3,"Short-form US docs, stand-up, and family titles"
s2542,Gringo: The Dangerous Life of John McAfee,Movie,2016,TV-MA,Adults,97,Documentaries,United States,3,"Short-form US docs, stand-up, and family titles"
s2543,Grizzlies,Movie,2018,R,Adults,106,Dramas,Canada,0,Contemporary international feature films
s2545,Growing Up Coy,Movie,2016,TV-PG,Adults,82,Documentaries,United States,3,"Short-form US docs, stand-up, and family titles"
s2546,Growing Up Wild,Movie,2016,G,Kids,78,Children & Family Movies,United States,3,"Short-form US docs, stand-up, and family titles"
s2547,Guatemala: Heart of the Mayan World,Movie,2019,TV-G,Kids,67,Documentaries,Uruguay,3,"Short-form US docs, stand-up, and family titles"
s2548,Guest House,Movie,2020,R,Adults,84,Comedies,United States,3,"Short-form US docs, stand-up, and family titles"
s2549,Guillermo Vilas: Settling the Score,Movie,2020,TV-14,Teens,95,Documentaries,Argentina,0,Contemporary international feature films
s2550,Guilty,Movie,2020,TV-MA,Adults,120,Dramas,India,0,Contemporary international feature films
s2551,Gumrah,Movie,1993,TV-14,Teens,149,Action & Adventure,India,1,Mid-catalogue licensed features
s2552,Gun City,Movie,2018,TV-MA,Adults,126,Dramas,Spain,0,Contemporary international feature films
s2553,Gun Runners,Movie,2015,TV-PG,Adults,90,Documentaries,Canada,0,Contemporary international feature films
s2554,Guna 369,Movie,2019,TV-MA,Adults,143,Action & Adventure,India,0,Contemporary international feature films
s2555,Gunjan Saxena: The Kargil Girl,Movie,2020,TV-14,Teens,113,Action & Adventure,India,0,Contemporary international feature films
s2557,Gurgaon,Movie,2017,TV-14,Teens,106,Dramas,India,0,Contemporary international feature films
s2559,Guru,Movie,2007,TV-PG,Adults,155,Dramas,India,1,Mid-catalogue licensed features
s2561,Guy Martin: Last Flight of the Vulcan Bomber,Movie,2015,TV-G,Kids,57,Documentaries,United Kingdom,3,"Short-form US docs, stand-up, and family titles"
s2562,Guzaarish,Movie,2010,TV-14,Teens,121,Dramas,India,0,Contemporary international feature films
s2565,Héroes,Movie,2015,TV-MA,Adults,91,Comedies,Chile,0,Contemporary international feature films
s2566,Hükümet Kadin,Movie,2013,TV-MA,Adults,100,Comedies,Turkey,0,Contemporary international feature films
s2567,Hükümet Kadin 2,Movie,2013,TV-14,Teens,101,Comedies,Turkey,0,Contemporary international feature films
s2571,Haani,Movie,2013,TV-14,Teens,137,Dramas,India,0,Contemporary international feature films
s2572,Haapus,Movie,2010,TV-14,Teens,138,Comedies,India,0,Contemporary international feature films
s2573,Habibie & Ainun,Movie,2012,TV-14,Teens,125,Dramas,Indonesia,0,Contemporary international feature films
s2575,Hadi İnşallah,Movie,2014,TV-14,Teens,95,Comedies,Turkey,0,Contemporary international feature films
s2576,Haider,Movie,2014,TV-MA,Adults,154,Dramas,India,0,Contemporary international feature films
s2578,"Hail, Caesar!",Movie,2016,PG-13,Teens,106,Comedies,United States,3,"Short-form US docs, stand-up, and family titles"
s2579,Hairspray,Movie,2007,PG,Teens,116,Children & Family Movies,United States,1,Mid-catalogue licensed features
s2580,Hajwala 2: Mysterious Mission,Movie,2018,TV-14,Teens,116,Action & Adventure,United Arab Emirates,0,Contemporary international feature films
s2581,Hajwala: The Missing Engine,Movie,2016,TV-PG,Adults,97,Action & Adventure,United Arab Emirates,0,Contemporary international feature films
s2582,Hakkunde,Movie,2017,TV-14,Teens,93,Comedies,Nigeria,0,Contemporary international feature films
s2584,Half Girlfriend,Movie,2017,TV-14,Teens,129,Dramas,India,0,Contemporary international feature films
s2585,Halkaa,Movie,2018,TV-14,Teens,111,Comedies,India,0,Contemporary international feature films
s2586,HALO Legends,Movie,2009,PG-13,Teens,117,Action & Adventure,United States,1,Mid-catalogue licensed features
s2587,Halo: The Fall of Reach,Movie,2015,TV-14,Teens,65,Action & Adventure,United States,3,"Short-form US docs, stand-up, and family titles"
s2589,Hamara Dil Aapke Paas Hai,Movie,2000,TV-14,Teens,158,Dramas,India,1,Mid-catalogue licensed features
s2590,Hamburger Hill,Movie,1987,R,Adults,110,Action & Adventure,United States,2,Classic and vintage cinema
s2591,Hamid,Movie,2018,TV-MA,Adults,108,Dramas,India,0,Contemporary international feature films
s2592,Hamza's Suitcase,Movie,2017,TV-14,Teens,79,Comedies,Egypt,0,Contemporary international feature films
s2593,Handsome Devil,Movie,2016,TV-MA,Adults,95,Comedies,Ireland,0,Contemporary international feature films
s2595,Handsome: A Netflix Mystery Movie,Movie,2017,TV-MA,Adults,81,Comedies,United States,3,"Short-form US docs, stand-up, and family titles"
s2597,Hangman,Movie,2017,R,Adults,99,Thrillers,United States,3,"Short-form US docs, stand-up, and family titles"
s2598,Hank: Five Years from the Brink,Movie,2013,TV-14,Teens,86,Documentaries,United States,3,"Short-form US docs, stand-up, and family titles"
s2599,Hannah Gadsby: Douglas,Movie,2020,TV-MA,Adults,73,Stand-Up Comedy,Australia,3,"Short-form US docs, stand-up, and family titles"
s2600,Hannah Gadsby: Nanette,Movie,2018,TV-MA,Adults,70,Stand-Up Comedy,Australia,3,"Short-form US docs, stand-up, and family titles"
s2602,Hannibal Buress: Comedy Camisado,Movie,2016,TV-MA,Adults,68,Stand-Up Comedy,United States,3,"Short-form US docs, stand-up, and family titles"
s2603,Hans Teeuwen: Real Rancour,Movie,2018,TV-MA,Adults,86,Stand-Up Comedy,Netherlands,3,"Short-form US docs, stand-up, and family titles"
s2604,Hans Zimmer: Live in Prague,Movie,2017,TV-G,Kids,138,International Movies,United Kingdom,0,Contemporary international feature films
s2605,Hantu Kak Limah,Movie,2018,TV-PG,Adults,110,Comedies,Malaysia,0,Contemporary international feature films
s2609,Happy Anniversary,Movie,2018,TV-MA,Adults,78,Comedies,United States,3,"Short-form US docs, stand-up, and family titles"
s2610,Happy as Lazzaro,Movie,2018,PG-13,Teens,127,Dramas,Italy,0,Contemporary international feature films
s2611,Happy Go Lucky,Movie,2014,TV-14,Teens,129,Comedies,India,0,Contemporary international feature films
s2612,Happy Hunting,Movie,2017,TV-MA,Adults,91,Horror Movies,United States,3,"Short-form US docs, stand-up, and family titles"
s2614,Happy New Year,Movie,2014,TV-14,Teens,179,Action & Adventure,India,0,Contemporary international feature films
s2615,Happy Old Year,Movie,2019,TV-MA,Adults,113,Dramas,Thailand,0,Contemporary international feature films
s2616,Happy Times,Movie,2014,NR,Unrated,79,Comedies,Mexico,0,Contemporary international feature films
s2620,Har Kisse Ke Hisse: Kaamyaab,Movie,2020,TV-14,Teens,105,Dramas,India,0,Contemporary international feature films
s2621,Haraamkhor,Movie,2015,TV-14,Teens,93,Dramas,India,0,Contemporary international feature films
s2622,Hard Kill,Movie,2020,R,Adults,98,Action & Adventure,United States,3,"Short-form US docs, stand-up, and family titles"
s2623,Hard Lessons,Movie,1986,TV-14,Teens,94,Dramas,United States,1,Mid-catalogue licensed features
s2624,Hard Tide,Movie,2015,TV-MA,Adults,79,Dramas,United Kingdom,3,"Short-form US docs, stand-up, and family titles"
s2625,Hardcore Henry,Movie,2015,R,Adults,96,Action & Adventure,Russia,0,Contemporary international feature films
s2627,Hari Kondabolu: Warn Your Relatives,Movie,2018,TV-MA,Adults,67,Stand-Up Comedy,United States,3,"Short-form US docs, stand-up, and family titles"
s2628,Harishchandrachi Factory,Movie,2009,TV-PG,Adults,99,Dramas,India,0,Contemporary international feature films
s2629,Harith Iskander: I Told You So,Movie,2018,TV-14,Teens,62,Stand-Up Comedy,United States,3,"Short-form US docs, stand-up, and family titles"
s2630,Harlem Globetrotters: The Team That Changed the World,Movie,2005,TV-14,Teens,55,Documentaries,Unknown Country,1,Mid-catalogue licensed features
s2631,Harold & Kumar Escape from Guantanamo Bay,Movie,2008,R,Adults,101,Comedies,United States,1,Mid-catalogue licensed features
s2632,Harold & Kumar Go to White Castle,Movie,2004,R,Adults,88,Comedies,United States,1,Mid-catalogue licensed features
s2633,Harold and Lillian: A Hollywood Love Story,Movie,2015,TV-14,Teens,95,Documentaries,United States,3,"Short-form US docs, stand-up, and family titles"
s2635,Harriet the Spy: Blog Wars,Movie,2010,TV-G,Kids,87,Children & Family Movies,United States,3,"Short-form US docs, stand-up, and family titles"
s2637,Harry and Snowman,Movie,2015,TV-PG,Adults,83,Documentaries,United States,3,"Short-form US docs, stand-up, and family titles"
s2638,Harry Benson: Shoot First,Movie,2016,NR,Unrated,90,Documentaries,United States,3,"Short-form US docs, stand-up, and family titles"
s2640,Harud,Movie,2010,TV-MA,Adults,100,Dramas,India,0,Contemporary international feature films
s2642,Hasan Minhaj: Homecoming King,Movie,2017,TV-MA,Adults,73,Stand-Up Comedy,Unknown Country,3,"Short-form US docs, stand-up, and family titles"
s2643,Hasee Toh Phasee,Movie,2014,TV-14,Teens,135,Comedies,India,0,Contemporary international feature films
s2644,Haseena Maan Jaayegi,Movie,1999,TV-PG,Adults,151,Action & Adventure,India,1,Mid-catalogue licensed features
s2647,Hasta los dientes,Movie,2018,TV-MA,Adults,109,Documentaries,Mexico,0,Contemporary international feature films
s2651,Hattrick,Movie,2007,TV-14,Teens,109,Comedies,India,1,Mid-catalogue licensed features
s2654,Haunters: The Art of the Scare,Movie,2017,TV-MA,Adults,89,Documentaries,United States,3,"Short-form US docs, stand-up, and family titles"
s2655,Haunting on Fraternity Row,Movie,2018,TV-MA,Adults,99,Horror Movies,United States,3,"Short-form US docs, stand-up, and family titles"
s2656,Have a Good Trip: Adventures in Psychedelics,Movie,2020,TV-MA,Adults,86,Documentaries,United States,3,"Short-form US docs, stand-up, and family titles"
s2658,Have You Seen the Listers?,Movie,2017,TV-MA,Adults,86,Documentaries,Australia,0,Contemporary international feature films
s2660,Havenhurst,Movie,2016,TV-MA,Adults,85,Horror Movies,United States,3,"Short-form US docs, stand-up, and family titles"
s2661,Hawaizaada,Movie,2015,TV-14,Teens,129,Dramas,India,0,Contemporary international feature films
s2662,Hayat Öpücügü,Movie,2015,TV-14,Teens,98,Comedies,Turkey,0,Contemporary international feature films
s2663,Haywire,Movie,2011,R,Adults,93,Action & Adventure,Ireland,3,"Short-form US docs, stand-up, and family titles"
s2664,Hazaaron Khwaishein Aisi,Movie,2003,TV-MA,Adults,111,Dramas,India,1,Mid-catalogue licensed features
s2665,Hazel Brugger: Tropical,Movie,2020,TV-MA,Adults,58,Stand-Up Comedy,Germany,3,"Short-form US docs, stand-up, and family titles"
s2666,He Even Has Your Eyes,Movie,2016,TV-MA,Adults,95,Comedies,France,0,Contemporary international feature films
s2667,He Named Me Malala,Movie,2015,PG-13,Teens,89,Documentaries,United States,3,"Short-form US docs, stand-up, and family titles"
s2668,He Never Died,Movie,2015,R,Adults,97,Comedies,Canada,0,Contemporary international feature films
s2669,He's Out There,Movie,2018,R,Adults,89,Horror Movies,United States,3,"Short-form US docs, stand-up, and family titles"
s2670,Head Count,Movie,2018,TV-MA,Adults,90,Horror Movies,United States,3,"Short-form US docs, stand-up, and family titles"
s2671,Head On,Movie,1998,TV-MA,Adults,104,Dramas,Australia,1,Mid-catalogue licensed features
s2672,Headshot,Movie,2016,TV-MA,Adults,119,Action & Adventure,Indonesia,0,Contemporary international feature films
s2674,Headwinds,Movie,2011,TV-MA,Adults,92,Dramas,France,0,Contemporary international feature films
s2675,Heal,Movie,2017,TV-14,Teens,107,Documentaries,United States,3,"Short-form US docs, stand-up, and family titles"
s2678,Heartbreakers,Movie,2001,PG-13,Teens,124,Comedies,United States,1,Mid-catalogue licensed features
s2680,Heartthrob,Movie,2017,TV-MA,Adults,87,Thrillers,United States,3,"Short-form US docs, stand-up, and family titles"
s2681,Heaven Without People,Movie,2017,TV-MA,Adults,91,Dramas,Lebanon,0,Contemporary international feature films
s2684,Hedgehogs,Movie,2016,PG,Teens,94,Children & Family Movies,United States,3,"Short-form US docs, stand-up, and family titles"
s2687,Helios,Movie,2015,TV-14,Teens,118,Action & Adventure,Hong Kong,0,Contemporary international feature films
s2689,Hell and Back,Movie,2015,R,Adults,86,Action & Adventure,United States,0,Contemporary international feature films
s2691,Hell or High Water,Movie,2016,R,Adults,102,Dramas,United States,3,"Short-form US docs, stand-up, and family titles"
s2692,Hellboy,Movie,2004,PG-13,Teens,122,Action & Adventure,United States,1,Mid-catalogue licensed features
s2693,Hello Brother,Movie,1999,TV-14,Teens,126,Action & Adventure,India,1,Mid-catalogue licensed features
s2695,"Hello, Love, Goodbye",Movie,2019,TV-14,Teens,117,Dramas,Philippines,0,Contemporary international feature films
s2697,"Hello, Privilege. It's Me, Chelsea",Movie,2019,TV-MA,Adults,65,Documentaries,United States,3,"Short-form US docs, stand-up, and family titles"
s2699,Heneral Luna,Movie,2015,R,Adults,118,Dramas,Philippines,0,Contemporary international feature films
s2701,Her,Movie,2013,R,Adults,126,Dramas,United States,0,Contemporary international feature films
s2703,Her Only Choice,Movie,2018,TV-14,Teens,87,Dramas,United States,3,"Short-form US docs, stand-up, and family titles"
s2704,Hera Pheri,Movie,1976,TV-14,Teens,156,Action & Adventure,India,2,Classic and vintage cinema
s2705,Here Alone,Movie,2016,TV-MA,Adults,97,Horror Movies,United States,3,"Short-form US docs, stand-up, and family titles"
s2707,Heritages,Movie,2014,TV-14,Teens,96,Documentaries,Lebanon,0,Contemporary international feature films
s2708,Hero,Movie,1997,TV-MA,Adults,89,Action & Adventure,Hong Kong,1,Mid-catalogue licensed features
s2710,Heroes Wanted,Movie,2016,TV-MA,Adults,97,Action & Adventure,Spain,0,Contemporary international feature films
s2711,Heroin(e),Movie,2017,TV-14,Teens,40,Documentaries,United States,3,"Short-form US docs, stand-up, and family titles"
s2712,Heroine,Movie,2012,TV-MA,Adults,143,Dramas,India,0,Contemporary international feature films
s2714,Hey Arnold! The Jungle Movie,Movie,2017,TV-PG,Adults,81,Children & Family Movies,United States,3,"Short-form US docs, stand-up, and family titles"
s2718,Hickok,Movie,2017,TV-MA,Adults,88,Action & Adventure,United States,3,"Short-form US docs, stand-up, and family titles"
s2719,Hidden in Plain Sight,Movie,2019,TV-14,Teens,87,Dramas,United States,0,Contemporary international feature films
s2722,Hide & Seek,Movie,2010,TV-14,Teens,96,Horror Movies,India,0,Contemporary international feature films
s2723,Hide and Seek,Movie,2016,TV-14,Teens,104,International Movies,China,0,Contemporary international feature films
s2724,High & Low The Movie,Movie,2016,TV-MA,Adults,129,Action & Adventure,Japan,0,Contemporary international feature films
s2725,High & Low The Movie 2 / End of Sky,Movie,2017,TV-MA,Adults,124,Action & Adventure,Japan,0,Contemporary international feature films
s2726,High & Low The Movie 3 / Final Mission,Movie,2017,TV-MA,Adults,118,Action & Adventure,Japan,0,Contemporary international feature films
s2727,High & Low The Red Rain,Movie,2016,TV-MA,Adults,111,Action & Adventure,Japan,0,Contemporary international feature films
s2728,High & Low The Worst,Movie,2019,TV-MA,Adults,125,Action & Adventure,Unknown Country,0,Contemporary international feature films
s2729,High End Yaariyan,Movie,2019,TV-14,Teens,120,Comedies,India,0,Contemporary international feature films
s2730,High Flying Bird,Movie,2019,TV-MA,Adults,91,Dramas,United States,3,"Short-form US docs, stand-up, and family titles"
s2734,High Society,Movie,2018,TV-MA,Adults,137,Dramas,South Korea,0,Contemporary international feature films
s2735,High Strung Free Dance,Movie,2019,TV-14,Teens,104,Dramas,Romania,0,Contemporary international feature films
s2737,Highly Strung,Movie,2015,TV-14,Teens,80,Documentaries,Australia,0,Contemporary international feature films
s2738,Highway,Movie,2014,TV-14,Teens,127,Action & Adventure,India,0,Contemporary international feature films
s2741,Hikaru Utada Laughter in the Dark Tour 2018,Movie,2018,TV-PG,Adults,141,International Movies,Japan,0,Contemporary international feature films
s2743,Hillbilly Elegy,Movie,2020,R,Adults,117,Dramas,United States,3,"Short-form US docs, stand-up, and family titles"
s2744,Himmatwala,Movie,2013,TV-14,Teens,140,Action & Adventure,India,0,Contemporary international feature films
s2747,Hiroshima: The Real History,Movie,2015,TV-PG,Adults,95,Documentaries,United Kingdom,3,"Short-form US docs, stand-up, and family titles"
s2748,His House,Movie,2020,TV-14,Teens,93,Horror Movies,United Kingdom,3,"Short-form US docs, stand-up, and family titles"
s2749,Hisss,Movie,2010,TV-MA,Adults,97,Horror Movies,India,0,Contemporary international feature films
s2753,History of Joy,Movie,2017,TV-14,Teens,118,Dramas,India,0,Contemporary international feature films
s2756,Hit & Run,Movie,2012,R,Adults,100,Action & Adventure,United States,0,Contemporary international feature films
s2757,Hitch,Movie,2005,PG-13,Teens,118,Comedies,United States,1,Mid-catalogue licensed features
s2758,Hitler - A Career,Movie,1977,TV-MA,Adults,150,Documentaries,West Germany,2,Classic and vintage cinema
s2760,Hitler's Olympics,Movie,2016,TV-PG,Adults,44,Documentaries,United Kingdom,3,"Short-form US docs, stand-up, and family titles"
s2761,Hitler's Steel Beast,Movie,2017,TV-14,Teens,54,Documentaries,France,3,"Short-form US docs, stand-up, and family titles"
s2763,Ho Mann Jahaan,Movie,2015,TV-PG,Adults,170,Dramas,Pakistan,0,Contemporary international feature films
s2767,Hokkabaz,Movie,2006,TV-MA,Adults,118,Comedies,Turkey,1,Mid-catalogue licensed features
s2768,Hold the Dark,Movie,2018,TV-MA,Adults,126,Action & Adventure,United States,0,Contemporary international feature films
s2769,Holding the Man,Movie,2015,TV-MA,Adults,128,Dramas,Australia,0,Contemporary international feature films
s2770,Hole in the Wall,Movie,2016,TV-MA,Adults,104,Dramas,South Africa,0,Contemporary international feature films
s2771,Holidate,Movie,2020,TV-MA,Adults,105,Comedies,United States,3,"Short-form US docs, stand-up, and family titles"
s2773,Holiday in the Wild,Movie,2019,TV-PG,Adults,86,Children & Family Movies,United States,0,Contemporary international feature films
s2774,Holiday Rush,Movie,2019,TV-PG,Adults,94,Children & Family Movies,United States,3,"Short-form US docs, stand-up, and family titles"
s2776,Holidays,Movie,2016,TV-MA,Adults,106,Comedies,United States,3,"Short-form US docs, stand-up, and family titles"
s2777,Holly Star,Movie,2018,PG,Teens,92,Children & Family Movies,United States,0,Contemporary international feature films
s2779,Holy Camp!,Movie,2017,TV-MA,Adults,108,Comedies,Spain,0,Contemporary international feature films
s2780,Holy Expectations,Movie,2019,TV-14,Teens,89,Children & Family Movies,Unknown Country,0,Contemporary international feature films
s2781,Holy Goalie,Movie,2017,TV-MA,Adults,95,Comedies,Spain,0,Contemporary international feature films
s2782,Holy Hell,Movie,2016,NR,Unrated,103,Documentaries,United States,3,"Short-form US docs, stand-up, and family titles"
s2783,Holy Man 2,Movie,2008,TV-14,Teens,92,Comedies,Thailand,1,Mid-catalogue licensed features
s2784,Holy Man 3,Movie,2010,TV-MA,Adults,102,Comedies,Thailand,0,Contemporary international feature films
s2785,Hombanna,Movie,2017,TV-14,Teens,126,Dramas,India,0,Contemporary international feature films
s2788,Home Is Where the Killer Is,Movie,2019,TV-14,Teens,87,Dramas,United States,3,"Short-form US docs, stand-up, and family titles"
s2790,HOMECOMING: A film by Beyoncé,Movie,2019,TV-MA,Adults,138,Documentaries,Unknown Country,0,Contemporary international feature films
s2791,Homeland,Movie,2019,TV-PG,Adults,73,Dramas,Unknown Country,0,Contemporary international feature films
s2793,Hometown Holiday,Movie,2018,TV-G,Kids,84,Romantic Movies,Canada,3,"Short-form US docs, stand-up, and family titles"
s2794,Honey 2,Movie,2011,PG-13,Teens,111,Dramas,United States,0,Contemporary international feature films
s2795,Honey: Rise Up and Dance,Movie,2018,PG-13,Teens,100,Dramas,United States,3,"Short-form US docs, stand-up, and family titles"
s2796,Honeymoon Travels Pvt. Ltd.,Movie,2007,TV-14,Teens,119,Comedies,India,1,Mid-catalogue licensed features
s2797,Honeytrap,Movie,2014,TV-MA,Adults,94,Dramas,United Kingdom,0,Contemporary international feature films
s2799,Hoodwinked Too! Hood vs. Evil,Movie,2011,PG,Teens,86,Children & Family Movies,United States,3,"Short-form US docs, stand-up, and family titles"
s2800,Hook,Movie,1991,PG,Teens,142,Children & Family Movies,United States,1,Mid-catalogue licensed features
s2802,Hop,Movie,2011,PG,Teens,95,Children & Family Movies,United States,3,"Short-form US docs, stand-up, and family titles"
s2803,Hope Aur Hum,Movie,2018,TV-14,Teens,95,Children & Family Movies,India,0,Contemporary international feature films
s2804,Hope Frozen: A Quest to Live Twice,Movie,2020,TV-PG,Adults,80,Documentaries,Thailand,3,"Short-form US docs, stand-up, and family titles"
s2805,Hope Springs Eternal,Movie,2018,PG,Teens,79,Dramas,United States,3,"Short-form US docs, stand-up, and family titles"
s2806,Hope: One in a Billion,Movie,2017,TV-14,Teens,81,Documentaries,United States,0,Contemporary international feature films
s2808,Horns,Movie,2013,R,Adults,120,Dramas,United States,0,Contemporary international feature films
s2810,Horrid Henry's Gross Day Out,Movie,2020,TV-Y,Kids,61,Children & Family Movies,United Kingdom,3,"Short-form US docs, stand-up, and family titles"
s2812,Horror Story,Movie,2013,TV-14,Teens,85,Horror Movies,India,0,Contemporary international feature films
s2813,Horse Girl,Movie,2020,R,Adults,104,Dramas,United States,3,"Short-form US docs, stand-up, and family titles"
s2815,Hostage to the Devil,Movie,2016,TV-14,Teens,96,Documentaries,Ireland,0,Contemporary international feature films
s2816,Hostages,Movie,2017,TV-PG,Adults,91,Documentaries,Unknown Country,3,"Short-form US docs, stand-up, and family titles"
s2817,Hostiles,Movie,2017,R,Adults,134,Dramas,United States,3,"Short-form US docs, stand-up, and family titles"
s2818,Hot Bot,Movie,2016,NR,Unrated,93,Comedies,United States,3,"Short-form US docs, stand-up, and family titles"
s2820,Hot Gimmick: Girl Meets Boy,Movie,2019,TV-MA,Adults,120,Dramas,Japan,0,Contemporary international feature films
s2821,Hot Girls Wanted,Movie,2015,TV-MA,Adults,83,Documentaries,United States,3,"Short-form US docs, stand-up, and family titles"
s2823,Hot Property,Movie,2016,TV-MA,Adults,82,Comedies,United Kingdom,3,"Short-form US docs, stand-up, and family titles"
s2824,Hot Rod,Movie,2007,PG-13,Teens,88,Comedies,United States,1,Mid-catalogue licensed features
s2825,Hot Sweet Sour,Movie,2017,TV-14,Teens,102,Dramas,Turkey,0,Contemporary international feature films
s2827,Hotel for Dogs,Movie,2009,PG,Teens,101,Children & Family Movies,Germany,1,Mid-catalogue licensed features
s2828,Hotel Pacific,Movie,1975,TV-MA,Adults,96,Classic Movies,Poland,2,Classic and vintage cinema
s2830,Hotel Transylvania 3: Summer Vacation,Movie,2018,PG,Teens,97,Children & Family Movies,United States,3,"Short-form US docs, stand-up, and family titles"
s2831,House Arrest,Movie,2019,TV-14,Teens,105,Comedies,India,0,Contemporary international feature films
s2832,House at the End of the Street,Movie,2012,PG-13,Teens,101,Horror Movies,United States,3,"Short-form US docs, stand-up, and family titles"
s2834,House of the Witch,Movie,2017,TV-MA,Adults,86,Horror Movies,United States,3,"Short-form US docs, stand-up, and family titles"
s2835,House of Z,Movie,2016,TV-14,Teens,88,Documentaries,United States,3,"Short-form US docs, stand-up, and family titles"
s2836,"Houston, We Have a Problem!",Movie,2016,TV-14,Teens,84,Comedies,Slovenia,0,Contemporary international feature films
s2837,How High 2,Movie,2019,TV-MA,Adults,89,Comedies,United States,3,"Short-form US docs, stand-up, and family titles"
s2838,How It Ends,Movie,2018,TV-MA,Adults,113,Action & Adventure,United States,3,"Short-form US docs, stand-up, and family titles"
s2839,How the Beatles Changed the World,Movie,2017,TV-PG,Adults,110,Documentaries,United States,3,"Short-form US docs, stand-up, and family titles"
s2840,How the Grinch Stole Christmas,Movie,2000,PG,Teens,105,Children & Family Movies,United States,1,Mid-catalogue licensed features
s2841,How to Be a Latin Lover,Movie,2017,PG-13,Teens,116,Comedies,Mexico,0,Contemporary international feature films
s2842,How to Be a Player,Movie,1997,R,Adults,94,Comedies,United States,1,Mid-catalogue licensed features
s2843,How to Change the World,Movie,2015,NR,Unrated,110,Documentaries,Canada,0,Contemporary international feature films
s2846,How to Get Over a Breakup,Movie,2018,TV-MA,Adults,104,Comedies,Peru,0,Contemporary international feature films
s2848,How to Make an American Quilt,Movie,1995,PG-13,Teens,116,Dramas,United States,1,Mid-catalogue licensed features
s2851,How to Stage a Coup,Movie,2017,TV-14,Teens,47,Documentaries,United Kingdom,3,"Short-form US docs, stand-up, and family titles"
s2852,How to Train Your Dragon 2,Movie,2014,PG,Teens,102,Children & Family Movies,United States,3,"Short-form US docs, stand-up, and family titles"
s2853,How to Win the US Presidency,Movie,2016,TV-PG,Adults,51,Documentaries,United States,3,"Short-form US docs, stand-up, and family titles"
s2854,Howards End,Movie,1992,PG,Teens,143,Classic Movies,United Kingdom,1,Mid-catalogue licensed features
s2855,Hridaynath,Movie,2012,TV-14,Teens,103,Dramas,India,0,Contemporary international feature films
s2856,Hubie Halloween,Movie,2020,PG-13,Teens,104,Comedies,United States,3,"Short-form US docs, stand-up, and family titles"
s2858,Hugo,Movie,2011,PG,Teens,127,Children & Family Movies,United Kingdom,0,Contemporary international feature films
s2859,Hulk Vs.,Movie,2009,PG-13,Teens,83,Action & Adventure,United States,1,Mid-catalogue licensed features
s2860,Hum Aapke Hain Koun,Movie,1994,TV-14,Teens,193,Classic Movies,India,1,Mid-catalogue licensed features
s2861,Hum Saath-Saath Hain,Movie,1999,TV-G,Kids,176,Dramas,India,1,Mid-catalogue licensed features
s2862,Human Nature,Movie,2019,TV-PG,Adults,95,Documentaries,United States,3,"Short-form US docs, stand-up, and family titles"
s2863,Humko Deewana Kar Gaye,Movie,2006,TV-PG,Adults,149,International Movies,India,1,Mid-catalogue licensed features
s2864,Humpty Sharma Ki Dulhania,Movie,2014,TV-14,Teens,131,Comedies,India,0,Contemporary international feature films
s2866,Hungerford,Movie,2014,TV-MA,Adults,79,Horror Movies,United Kingdom,0,Contemporary international feature films
s2867,Hunt for the Wilderpeople,Movie,2016,PG-13,Teens,101,Action & Adventure,New Zealand,0,Contemporary international feature films
s2868,Hunt to Kill,Movie,2010,R,Adults,97,Action & Adventure,Canada,3,"Short-form US docs, stand-up, and family titles"
s2869,Hunter in the Blue Side of Manchester,Movie,2020,TV-MA,Adults,89,Dramas,Indonesia,0,Contemporary international feature films
s2871,Hunter's Prayer,Movie,2015,R,Adults,91,Action & Adventure,United States,3,"Short-form US docs, stand-up, and family titles"
s2872,Hunterrr,Movie,2015,TV-MA,Adults,140,Comedies,India,0,Contemporary international feature films
s2875,Hurricane Bianca,Movie,2016,TV-MA,Adults,85,Comedies,United States,0,Contemporary international feature films
s2876,Hurricane Bianca: From Russia With Hate,Movie,2018,TV-MA,Adults,85,Comedies,United States,0,Contemporary international feature films
s2877,Husbands in Goa,Movie,2012,TV-14,Teens,150,Comedies,India,0,Contemporary international feature films
s2878,Hush,Movie,2016,R,Adults,82,Horror Movies,United States,3,"Short-form US docs, stand-up, and family titles"
s2879,Hustle & Flow,Movie,2005,R,Adults,117,Dramas,United States,1,Mid-catalogue licensed features
s2885,Hypersomnia,Movie,2016,TV-MA,Adults,84,Horror Movies,Argentina,0,Contemporary international feature films
s2886,I Am,Movie,2010,TV-MA,Adults,106,Dramas,India,0,Contemporary international feature films
s2889,I Am Bolt,Movie,2016,PG,Teens,107,Documentaries,United Kingdom,3,"Short-form US docs, stand-up, and family titles"
s2890,I Am Divine,Movie,2013,TV-MA,Adults,90,Documentaries,United States,3,"Short-form US docs, stand-up, and family titles"
s2891,I Am Jane Doe,Movie,2017,TV-14,Teens,98,Documentaries,United States,3,"Short-form US docs, stand-up, and family titles"
s2892,I am Jonas,Movie,2019,TV-MA,Adults,82,Dramas,France,0,Contemporary international feature films
s2893,I Am Kalam,Movie,2010,TV-PG,Adults,87,Children & Family Movies,India,0,Contemporary international feature films
s2894,I Am Maris,Movie,2018,TV-14,Teens,54,Documentaries,United States,3,"Short-form US docs, stand-up, and family titles"
s2896,I Am Michael,Movie,2015,TV-MA,Adults,102,Dramas,United States,3,"Short-form US docs, stand-up, and family titles"
s2897,I Am Mother,Movie,2019,TV-PG,Adults,114,International Movies,Australia,0,Contemporary international feature films
s2898,I Am not an Easy Man,Movie,2018,TV-MA,Adults,99,Comedies,France,0,Contemporary international feature films
s2899,I Am Not Madame Bovary,Movie,2016,TV-14,Teens,139,Comedies,China,0,Contemporary international feature films
s2901,I Am Not Your Negro,Movie,2017,PG-13,Teens,94,Documentaries,Switzerland,3,"Short-form US docs, stand-up, and family titles"
s2902,I Am Sun Mu,Movie,2015,NR,Unrated,88,Documentaries,China,0,Contemporary international feature films
s2903,I Am the Pretty Thing That Lives in the House,Movie,2016,TV-14,Teens,89,Horror Movies,Canada,0,Contemporary international feature films
s2904,I Am Vengeance,Movie,2018,R,Adults,93,Action & Adventure,United Kingdom,3,"Short-form US docs, stand-up, and family titles"
s2905,I Am Vengeance: Retaliation,Movie,2020,R,Adults,82,Action & Adventure,United Kingdom,3,"Short-form US docs, stand-up, and family titles"
s2906,I Am Woman,Movie,2019,TV-MA,Adults,117,Dramas,Australia,0,Contemporary international feature films
s2907,I Am Wrath,Movie,2016,R,Adults,91,Action & Adventure,United States,3,"Short-form US docs, stand-up, and family titles"
s2908,I Called Him Morgan,Movie,2016,TV-14,Teens,91,Documentaries,Sweden,3,"Short-form US docs, stand-up, and family titles"
s2909,I Don't Feel at Home in This World Anymore,Movie,2017,TV-MA,Adults,97,Dramas,United States,0,Contemporary international feature films
s2910,I Don't Know How She Does It,Movie,2011,PG-13,Teens,89,Comedies,United States,3,"Short-form US docs, stand-up, and family titles"
s2911,I Dream Of Dance,Movie,2017,TV-14,Teens,106,Children & Family Movies,Unknown Country,3,"Short-form US docs, stand-up, and family titles"
s2912,I Fine... Thank You... Love You,Movie,2014,TV-14,Teens,116,Comedies,Thailand,0,Contemporary international feature films
s2913,I Hate Luv Storys,Movie,2010,TV-14,Teens,128,Comedies,India,0,Contemporary international feature films
s2916,I Lost My Body,Movie,2019,TV-MA,Adults,81,Dramas,France,0,Contemporary international feature films
s2917,"I love you, stupid",Movie,2019,TV-MA,Adults,88,Comedies,Spain,0,Contemporary international feature films
s2919,I Will Follow,Movie,2010,TV-14,Teens,80,Dramas,United States,1,Mid-catalogue licensed features
s2920,"I, Daniel Blake",Movie,2016,R,Adults,100,Dramas,United Kingdom,0,Contemporary international feature films
s2921,I'll See You in My Dreams,Movie,2015,PG-13,Teens,96,Comedies,United States,0,Contemporary international feature films
s2922,I'll Sleep When I'm Dead,Movie,2016,TV-MA,Adults,80,Documentaries,United States,3,"Short-form US docs, stand-up, and family titles"
s2923,I'm Brent Morin,Movie,2015,TV-MA,Adults,67,Stand-Up Comedy,United States,3,"Short-form US docs, stand-up, and family titles"
s2924,I'm in Love with a Church Girl,Movie,2013,PG,Teens,119,Dramas,United States,0,Contemporary international feature films
s2925,I'm Leaving Now,Movie,2019,TV-MA,Adults,75,Documentaries,United States,3,"Short-form US docs, stand-up, and family titles"
s2926,I'm No Longer Here,Movie,2019,TV-MA,Adults,112,Dramas,Mexico,0,Contemporary international feature films
s2928,I'm Thinking of Ending Things,Movie,2020,R,Adults,135,Dramas,United States,0,Contemporary international feature films
s2930,반드시 잡는다,Movie,2017,TV-MA,Adults,110,Dramas,South Korea,0,Contemporary international feature films
s2931,Ibiza,Movie,2018,TV-MA,Adults,94,Comedies,United States,3,"Short-form US docs, stand-up, and family titles"
s2932,IBOY,Movie,2017,TV-MA,Adults,91,International Movies,United Kingdom,0,Contemporary international feature films
s2933,Icarus,Movie,2017,TV-MA,Adults,121,Documentaries,United States,3,"Short-form US docs, stand-up, and family titles"
s2935,Ice Guardians,Movie,2016,TV-MA,Adults,108,Documentaries,Canada,0,Contemporary international feature films
s2936,Iceman,Movie,2014,R,Adults,104,Action & Adventure,China,0,Contemporary international feature films
s2938,Ideachi Kalpana,Movie,2010,TV-14,Teens,124,Comedies,India,0,Contemporary international feature films
s2940,If Anything Happens I Love You,Movie,2020,PG,Teens,13,Dramas,United States,3,"Short-form US docs, stand-up, and family titles"
s2943,Igor,Movie,2008,PG,Teens,87,Children & Family Movies,United States,1,Mid-catalogue licensed features
s2944,III Smoking Barrels,Movie,2017,TV-MA,Adults,128,Dramas,India,0,Contemporary international feature films
s2945,Iliza Shlesinger: Confirmed Kills,Movie,2016,TV-MA,Adults,78,Stand-Up Comedy,United States,3,"Short-form US docs, stand-up, and family titles"
s2946,Iliza Shlesinger: Elder Millennial,Movie,2018,TV-MA,Adults,72,Stand-Up Comedy,United States,3,"Short-form US docs, stand-up, and family titles"
s2947,Iliza Shlesinger: Freezing Hot,Movie,2015,TV-MA,Adults,72,Stand-Up Comedy,Unknown Country,3,"Short-form US docs, stand-up, and family titles"
s2948,Iliza Shlesinger: Unveiled,Movie,2019,TV-MA,Adults,78,Stand-Up Comedy,United States,3,"Short-form US docs, stand-up, and family titles"
s2949,Iliza Shlesinger: War Paint,Movie,2013,NR,Unrated,75,Stand-Up Comedy,United States,3,"Short-form US docs, stand-up, and family titles"
s2950,Illang: The Wolf Brigade,Movie,2018,TV-MA,Adults,140,Action & Adventure,South Korea,0,Contemporary international feature films
s2951,Imagine That,Movie,2009,PG,Teens,108,Children & Family Movies,United States,1,Mid-catalogue licensed features
s2952,Imago,Movie,2018,TV-PG,Adults,97,Dramas,India,0,Contemporary international feature films
s2954,Immoral Tales,Movie,1974,UR,Unrated,103,Dramas,France,2,Classic and vintage cinema
s2957,Imperfect,Movie,2012,TV-MA,Adults,95,Action & Adventure,Singapore,0,Contemporary international feature films
s2958,Imperial Dreams,Movie,2014,TV-MA,Adults,86,Dramas,United States,3,"Short-form US docs, stand-up, and family titles"
s2960,In a Valley of Violence,Movie,2016,R,Adults,104,Action & Adventure,United States,3,"Short-form US docs, stand-up, and family titles"
s2962,In Darkness,Movie,2018,TV-MA,Adults,101,Independent Movies,United Kingdom,0,Contemporary international feature films
s2963,In Defense of a Married Man,Movie,1990,TV-14,Teens,94,Dramas,United States,1,Mid-catalogue licensed features
s2964,In Family I Trust,Movie,2018,TV-MA,Adults,98,Comedies,Spain,0,Contemporary international feature films
s2967,In Line,Movie,2017,TV-14,Teens,114,Dramas,Nigeria,0,Contemporary international feature films
s2968,In My Country,Movie,2018,TV-MA,Adults,99,Dramas,Unknown Country,0,Contemporary international feature films
s2969,In Paradox,Movie,2019,TV-14,Teens,94,International Movies,Kuwait,0,Contemporary international feature films
s2970,In Search of Fellini,Movie,2017,R,Adults,103,Action & Adventure,United States,3,"Short-form US docs, stand-up, and family titles"
s2973,In The Deep,Movie,2017,PG-13,Teens,89,Horror Movies,United Kingdom,0,Contemporary international feature films
s2974,In the Shadow of Iris,Movie,2016,TV-MA,Adults,99,Dramas,France,0,Contemporary international feature films
s2975,In the Shadow of the Moon,Movie,2019,TV-MA,Adults,116,Dramas,United States,0,Contemporary international feature films
s2976,In the Tall Grass,Movie,2019,TV-MA,Adults,102,Horror Movies,Canada,0,Contemporary international feature films
s2977,In This Corner of the World,Movie,2016,PG-13,Teens,129,Anime Features,Japan,0,Contemporary international feature films
s2979,Incarnate,Movie,2016,PG-13,Teens,87,Horror Movies,United States,3,"Short-form US docs, stand-up, and family titles"
s2980,Inception,Movie,2010,PG-13,Teens,148,Action & Adventure,United States,1,Mid-catalogue licensed features
s2981,Incir Receli 2,Movie,2014,TV-14,Teens,103,Dramas,Turkey,0,Contemporary international feature films
s2982,Incoming,Movie,2019,TV-MA,Adults,89,Action & Adventure,Serbia,0,Contemporary international feature films
s2983,Incomplete,Movie,2017,TV-MA,Adults,119,Dramas,India,0,Contemporary international feature films
s2984,Inconceivable,Movie,2017,R,Adults,106,Thrillers,United Kingdom,3,"Short-form US docs, stand-up, and family titles"
s2985,Incorruptible,Movie,2015,TV-MA,Adults,90,Documentaries,United States,3,"Short-form US docs, stand-up, and family titles"
s2986,Incredibles 2 (Spanish Version),Movie,2018,PG,Teens,118,Children & Family Movies,United States,0,Contemporary international feature films
s2987,INDIA,Movie,2014,NR,Unrated,95,Dramas,India,0,Contemporary international feature films
s2989,Indian Horse,Movie,2017,TV-MA,Adults,101,Dramas,Canada,0,Contemporary international feature films
s2991,Indiana Jones and the Kingdom of the Crystal Skull,Movie,2008,PG-13,Teens,123,Action & Adventure,United States,1,Mid-catalogue licensed features
s2992,Indiana Jones and the Last Crusade,Movie,1989,PG-13,Teens,127,Action & Adventure,United States,1,Mid-catalogue licensed features
s2993,Indiana Jones and the Raiders of the Lost Ark,Movie,1981,PG,Teens,116,Action & Adventure,United States,2,Classic and vintage cinema
s2994,Indiana Jones and the Temple of Doom,Movie,1984,PG,Teens,119,Action & Adventure,United States,2,Classic and vintage cinema
s2995,Indiscretion,Movie,2016,TV-MA,Adults,99,Dramas,United States,3,"Short-form US docs, stand-up, and family titles"
s2996,Inequality for All,Movie,2013,PG,Teens,90,Documentaries,United States,3,"Short-form US docs, stand-up, and family titles"
s2997,Influx,Movie,2016,TV-PG,Adults,90,Documentaries,United Kingdom,3,"Short-form US docs, stand-up, and family titles"
s2998,Inglourious Basterds,Movie,2009,R,Adults,153,Action & Adventure,Germany,1,Mid-catalogue licensed features
s3002,Inhuman Kiss,Movie,2019,TV-MA,Adults,122,Horror Movies,Thailand,0,Contemporary international feature films
s3004,Initial D,Movie,2005,TV-14,Teens,109,Action & Adventure,China,1,Mid-catalogue licensed features
s3006,Inkaar,Movie,2013,TV-MA,Adults,125,Dramas,India,0,Contemporary international feature films
s3007,Inkheart,Movie,2008,PG,Teens,106,Action & Adventure,Germany,1,Mid-catalogue licensed features
s3010,Insan,Movie,2005,TV-14,Teens,141,Action & Adventure,India,1,Mid-catalogue licensed features
s3013,Inside Man: Most Wanted,Movie,2019,R,Adults,106,Action & Adventure,United States,3,"Short-form US docs, stand-up, and family titles"
s3020,Insidious,Movie,2010,PG-13,Teens,103,Horror Movies,United States,1,Mid-catalogue licensed features
s3024,Instructions Not Included,Movie,2013,PG-13,Teens,122,Comedies,Mexico,0,Contemporary international feature films
s3027,Internet Famous,Movie,2016,TV-14,Teens,87,Comedies,United States,3,"Short-form US docs, stand-up, and family titles"
s3028,Interrogation,Movie,2015,TV-MA,Adults,116,Dramas,India,0,Contemporary international feature films
s3030,Interview with a Serial Killer,Movie,2008,TV-MA,Adults,45,Documentaries,United States,3,"Short-form US docs, stand-up, and family titles"
s3032,Into the Forest,Movie,2015,R,Adults,102,Dramas,Canada,0,Contemporary international feature films
s3033,Into the Inferno,Movie,2016,TV-PG,Adults,107,Documentaries,United Kingdom,3,"Short-form US docs, stand-up, and family titles"
s3035,Into the Wild,Movie,2007,R,Adults,148,Action & Adventure,United States,1,Mid-catalogue licensed features
s3036,Intuition,Movie,2020,TV-MA,Adults,116,Dramas,Argentina,0,Contemporary international feature films
s3038,Inuyasha the Movie - L'isola del fuoco scarlatto,Movie,2004,TV-PG,Adults,88,Action & Adventure,Japan,1,Mid-catalogue licensed features
s3039,Inuyasha the Movie - La spada del dominatore del mondo,Movie,2003,TV-14,Teens,99,Action & Adventure,Japan,1,Mid-catalogue licensed features
s3040,InuYasha the Movie: Affections Touching Across Time,Movie,2001,TV-PG,Adults,100,Action & Adventure,Japan,1,Mid-catalogue licensed features
s3041,InuYasha: The Movie 2: The Castle Beyond the Looking Glass,Movie,2002,TV-14,Teens,99,Action & Adventure,Japan,1,Mid-catalogue licensed features
s3042,Invader Zim: Enter the Florpus,Movie,2019,TV-Y7,Teens,72,Children & Family Movies,South Korea,0,Contemporary international feature films
s3043,Invictus,Movie,2009,PG-13,Teens,134,Dramas,United States,1,Mid-catalogue licensed features
s3044,Invisible,Movie,2017,TV-MA,Adults,87,Dramas,Argentina,0,Contemporary international feature films
s3045,Invisible Essence: The Little Prince,Movie,2018,TV-PG,Adults,91,Documentaries,Canada,3,"Short-form US docs, stand-up, and family titles"
s3046,Inxeba,Movie,2017,TV-MA,Adults,88,Dramas,South Africa,0,Contemporary international feature films
s3047,IO,Movie,2019,TV-14,Teens,96,Dramas,United States,3,"Short-form US docs, stand-up, and family titles"
s3048,Ip Man,Movie,2008,R,Adults,107,Action & Adventure,Hong Kong,0,Contemporary international feature films
s3049,Ip Man 2,Movie,2010,R,Adults,108,Action & Adventure,Hong Kong,0,Contemporary international feature films
s3050,Ip Man 3,Movie,2015,PG-13,Teens,105,Action & Adventure,China,0,Contemporary international feature films
s3051,Ip Man 4: The Finale,Movie,2019,TV-MA,Adults,105,Action & Adventure,Hong Kong,0,Contemporary international feature films
s3052,Iqbal,Movie,2006,TV-Y7,Teens,127,Dramas,India,1,Mid-catalogue licensed features
s3053,Irada Pakka,Movie,2010,TV-14,Teens,137,Comedies,India,0,Contemporary international feature films
s3055,Iron Cowboy: The Story of the 50.50.50,Movie,2018,TV-14,Teens,77,Documentaries,United States,3,"Short-form US docs, stand-up, and family titles"
s3056,Iron Fists and Kung-Fu Kicks,Movie,2019,TV-MA,Adults,108,Documentaries,Australia,0,Contemporary international feature films
s3058,Iron Man & Captain America: Heroes United,Movie,2014,PG,Teens,71,Children & Family Movies,United States,3,"Short-form US docs, stand-up, and family titles"
s3060,Iron Sky: The Coming Race,Movie,2019,TV-MA,Adults,93,Action & Adventure,Finland,0,Contemporary international feature films
s3061,Irreplaceable You,Movie,2018,TV-MA,Adults,96,Dramas,United States,3,"Short-form US docs, stand-up, and family titles"
s3063,Is Love Enough? Sir,Movie,2018,TV-MA,Adults,99,Dramas,India,0,Contemporary international feature films
s3064,Isa Pa with Feelings,Movie,2019,TV-G,Kids,102,International Movies,Philippines,0,Contemporary international feature films
s3065,Ishq Vishk,Movie,2003,TV-PG,Adults,129,Comedies,India,1,Mid-catalogue licensed features
s3066,Ishqedarriyaan,Movie,2015,TV-14,Teens,130,Dramas,India,0,Contemporary international feature films
s3067,Ishqiya,Movie,2009,TV-14,Teens,115,Comedies,India,1,Mid-catalogue licensed features
s3068,Isi & Ossi,Movie,2020,TV-MA,Adults,113,Comedies,Germany,0,Contemporary international feature films
s3069,Islands of Faith,Movie,2018,TV-PG,Adults,88,Documentaries,Indonesia,0,Contemporary international feature films
s3071,Isoken,Movie,2017,TV-14,Teens,98,Comedies,Nigeria,0,Contemporary international feature films
s3073,Issaq,Movie,2013,TV-MA,Adults,140,Dramas,India,0,Contemporary international feature films
s3074,It Comes at Night,Movie,2017,R,Adults,92,Horror Movies,United States,3,"Short-form US docs, stand-up, and family titles"
s3075,It Takes a Lunatic,Movie,2019,TV-MA,Adults,127,Documentaries,United States,3,"Short-form US docs, stand-up, and family titles"
s3076,It Takes a Man and a Woman,Movie,2013,TV-PG,Adults,127,Comedies,Philippines,0,Contemporary international feature films
s3077,It Takes Two,Movie,1995,PG,Teens,101,Children & Family Movies,United States,1,Mid-catalogue licensed features
s3079,It's Fine,Movie,2012,TV-14,Teens,101,Comedies,Unknown Country,0,Contemporary international feature films
s3080,It's Her Day,Movie,2016,TV-MA,Adults,112,Comedies,Nigeria,0,Contemporary international feature films
s3081,It's Now or Never,Movie,2015,TV-MA,Adults,91,Comedies,Spain,0,Contemporary international feature films
s3083,"It's Okay, Buddy",Movie,2017,TV-14,Teens,84,Comedies,Egypt,0,Contemporary international feature films
s3085,Ittefaq,Movie,2017,TV-MA,Adults,105,Dramas,India,0,Contemporary international feature films
s3086,Iverson,Movie,2014,NR,Unrated,88,Documentaries,United States,3,"Short-form US docs, stand-up, and family titles"
s3087,Iyore,Movie,2015,TV-PG,Adults,141,Dramas,Nigeria,0,Contemporary international feature films
s3090,최강전사 미니특공대 : 영웅의 탄생,Movie,2018,TV-Y7,Teens,68,Children & Family Movies,Unknown Country,3,"Short-form US docs, stand-up, and family titles"
s3092,Jaal,Movie,1986,TV-14,Teens,162,Action & Adventure,India,2,Classic and vintage cinema
s3093,Jaan-E-Mann: Let's Fall in Love... Again,Movie,2006,TV-14,Teens,163,Dramas,India,1,Mid-catalogue licensed features
s3094,Jaane Tu... Ya Jaane Na,Movie,2008,TV-14,Teens,147,Comedies,India,1,Mid-catalogue licensed features
s3095,Jab Harry Met Sejal,Movie,2017,TV-MA,Adults,142,Comedies,India,0,Contemporary international feature films
s3096,Jab We Met,Movie,2007,TV-14,Teens,143,Comedies,India,1,Mid-catalogue licensed features
s3097,Jack and the Cuckoo-Clock Heart,Movie,2013,PG,Teens,93,Children & Family Movies,France,0,Contemporary international feature films
s3098,Jack of all Trades,Movie,2018,TV-MA,Adults,86,Documentaries,Canada,3,"Short-form US docs, stand-up, and family titles"
s3100,Jack Whitehall: At Large,Movie,2017,TV-MA,Adults,68,Stand-Up Comedy,United Kingdom,3,"Short-form US docs, stand-up, and family titles"
s3101,Jack Whitehall: Christmas with My Father,Movie,2019,TV-MA,Adults,65,Stand-Up Comedy,United Kingdom,3,"Short-form US docs, stand-up, and family titles"
s3102,Jack Whitehall: I'm Only Joking,Movie,2020,TV-MA,Adults,58,Stand-Up Comedy,United Kingdom,3,"Short-form US docs, stand-up, and family titles"
s3104,Jackie Brown,Movie,1997,R,Adults,154,Dramas,United States,1,Mid-catalogue licensed features
s3105,Jackie: A Tale of Two Sisters,Movie,2017,TV-PG,Adults,44,Documentaries,United Kingdom,3,"Short-form US docs, stand-up, and family titles"
s3106,Jackpot,Movie,2015,TV-14,Teens,92,Comedies,Vietnam,0,Contemporary international feature films
s3107,Jacob's Ladder,Movie,2019,R,Adults,90,Thrillers,United States,3,"Short-form US docs, stand-up, and family titles"
s3108,Jada,Movie,2019,TV-14,Teens,124,Dramas,India,0,Contemporary international feature films
s3109,Jag älskar dig: En skilsmässokomedi,Movie,2016,TV-MA,Adults,91,Comedies,Sweden,0,Contemporary international feature films
s3110,Jagat,Movie,2015,TV-MA,Adults,76,Dramas,Malaysia,0,Contemporary international feature films
s3111,Jagga Jasoos,Movie,2017,TV-14,Teens,155,Action & Adventure,India,0,Contemporary international feature films
s3112,Jai Mummy Di,Movie,2020,TV-MA,Adults,101,Comedies,India,0,Contemporary international feature films
s3113,Jail,Movie,2009,TV-14,Teens,132,Dramas,India,1,Mid-catalogue licensed features
s3115,Jailbreak,Movie,2017,TV-MA,Adults,92,Action & Adventure,Cambodia,0,Contemporary international feature films
s3116,Jake's Buccaneer Blast,Movie,2014,TV-Y,Kids,22,Movies,Unknown Country,3,"Short-form US docs, stand-up, and family titles"
s3117,Jal,Movie,2013,TV-14,Teens,132,Dramas,India,0,Contemporary international feature films
s3118,Jalpari: The Desert Mermaid,Movie,2012,TV-14,Teens,94,Dramas,India,0,Contemporary international feature films
s3121,Janaan,Movie,2016,TV-14,Teens,132,Comedies,Pakistan,0,Contemporary international feature films
s3122,Jandino: Whatever it Takes,Movie,2016,TV-MA,Adults,94,Stand-Up Comedy,United Kingdom,3,"Short-form US docs, stand-up, and family titles"
s3124,Jani Dueñas: Grandes fracasos de ayer y hoy,Movie,2018,TV-MA,Adults,77,Stand-Up Comedy,Chile,3,"Short-form US docs, stand-up, and family titles"
s3125,Jaoon Kahan Bata Ae Dil,Movie,2018,TV-MA,Adults,107,Dramas,India,0,Contemporary international feature films
s3128,Jarhead: Law of Return,Movie,2019,R,Adults,103,Action & Adventure,Israel,0,Contemporary international feature films
s3129,Jatt James Bond,Movie,2014,TV-14,Teens,142,Comedies,India,0,Contemporary international feature films
s3130,Jatts in Golmaal,Movie,2013,TV-PG,Adults,128,Comedies,India,0,Contemporary international feature films
s3131,Jay and Silent Bob Strike Back,Movie,2001,R,Adults,105,Comedies,United States,1,Mid-catalogue licensed features
s3132,Jealousy and medicine,Movie,1973,TV-MA,Adults,97,Dramas,Poland,2,Classic and vintage cinema
s3133,Jefe,Movie,2018,TV-MA,Adults,90,Comedies,Spain,0,Contemporary international feature films
s3134,Jeff Dunham: All Over the Map,Movie,2014,TV-MA,Adults,84,Stand-Up Comedy,United States,3,"Short-form US docs, stand-up, and family titles"
s3135,Jeff Dunham: Arguing with Myself,Movie,2006,TV-MA,Adults,69,Stand-Up Comedy,United States,3,"Short-form US docs, stand-up, and family titles"
s3136,Jeff Dunham: Beside Himself,Movie,2019,TV-MA,Adults,58,Stand-Up Comedy,United States,3,"Short-form US docs, stand-up, and family titles"
s3137,Jeff Dunham: Controlled Chaos,Movie,2011,TV-MA,Adults,97,Stand-Up Comedy,United States,3,"Short-form US docs, stand-up, and family titles"
s3138,Jeff Dunham: Minding the Monsters,Movie,2012,TV-MA,Adults,80,Stand-Up Comedy,United States,3,"Short-form US docs, stand-up, and family titles"
s3139,Jeff Dunham: Relative Disaster,Movie,2017,TV-MA,Adults,71,Stand-Up Comedy,United States,3,"Short-form US docs, stand-up, and family titles"
s3140,Jeff Dunham: Unhinged in Hollywood,Movie,2015,TV-MA,Adults,71,Stand-Up Comedy,United States,3,"Short-form US docs, stand-up, and family titles"
s3141,Jeff Dunham's Very Special Christmas Special,Movie,2008,TV-MA,Adults,85,Stand-Up Comedy,United States,3,"Short-form US docs, stand-up, and family titles"
s3142,Jeff Foxworthy and Larry the Cable Guy: We’ve Been Thinking...,Movie,2016,TV-14,Teens,75,Stand-Up Comedy,United States,3,"Short-form US docs, stand-up, and family titles"
s3143,Jeff Garlin: Our Man In Chicago,Movie,2019,TV-MA,Adults,59,Stand-Up Comedy,United States,3,"Short-form US docs, stand-up, and family titles"
s3145,Jem and the Holograms,Movie,2015,PG,Teens,119,Dramas,United States,0,Contemporary international feature films
s3146,Jen Kirkman: I'm Gonna Die Alone (And I Feel Fine),Movie,2015,TV-MA,Adults,78,Stand-Up Comedy,United States,3,"Short-form US docs, stand-up, and family titles"
s3147,Jen Kirkman: Just Keep Livin’?,Movie,2017,TV-MA,Adults,69,Stand-Up Comedy,United States,3,"Short-form US docs, stand-up, and family titles"
s3149,Jenny Slate: Stage Fright,Movie,2019,TV-MA,Adults,67,Documentaries,United States,3,"Short-form US docs, stand-up, and family titles"
s3151,Jeremiah Tower: The Last Magnificent,Movie,2016,R,Adults,103,Documentaries,Mexico,3,"Short-form US docs, stand-up, and family titles"
s3152,Jeremy Scott: The People's Designer,Movie,2015,PG-13,Teens,109,Documentaries,United States,3,"Short-form US docs, stand-up, and family titles"
s3154,Jerry Before Seinfeld,Movie,2017,TV-14,Teens,62,Stand-Up Comedy,United States,3,"Short-form US docs, stand-up, and family titles"
s3155,Jerry Seinfeld: 23 Hours To Kill,Movie,2020,TV-PG,Adults,61,Stand-Up Comedy,United States,3,"Short-form US docs, stand-up, and family titles"
s3156,Jerry Seinfeld: Comedian,Movie,2002,R,Adults,81,Documentaries,United States,1,Mid-catalogue licensed features
s3157,Jerry Seinfeld: I'm Telling You for the Last Time,Movie,1998,TV-14,Teens,69,Stand-Up Comedy,United States,1,Mid-catalogue licensed features
s3158,Jersey Boys,Movie,2014,R,Adults,134,Dramas,United States,0,Contemporary international feature films
s3159,Jessica Darling's It List,Movie,2016,TV-Y,Kids,80,Children & Family Movies,United States,3,"Short-form US docs, stand-up, and family titles"
s3160,Jesus: Countdown to Calvary,Movie,2018,TV-14,Teens,53,Documentaries,Ireland,3,"Short-form US docs, stand-up, and family titles"
s3161,Jewel's Catch One,Movie,2016,TV-MA,Adults,84,Documentaries,United States,3,"Short-form US docs, stand-up, and family titles"
s3162,Jezebel,Movie,2019,TV-MA,Adults,86,Dramas,United States,3,"Short-form US docs, stand-up, and family titles"
s3163,JFK: The Making of a President,Movie,2017,TV-PG,Adults,44,Documentaries,United Kingdom,3,"Short-form US docs, stand-up, and family titles"
s3164,Jhankaar Beats,Movie,2003,TV-14,Teens,131,Comedies,India,1,Mid-catalogue licensed features
s3166,"Jim & Andy: The Great Beyond - Featuring a Very Special, Contractually Obligated Mention of Tony Clifton",Movie,2017,TV-MA,Adults,94,Documentaries,Canada,3,"Short-form US docs, stand-up, and family titles"
s3167,Jim Gaffigan: Beyond the Pale,Movie,2005,TV-14,Teens,72,Stand-Up Comedy,United States,1,Mid-catalogue licensed features
s3168,Jim Gaffigan: Cinco,Movie,2017,TV-14,Teens,74,Stand-Up Comedy,United States,3,"Short-form US docs, stand-up, and family titles"
s3169,Jim Gaffigan: King Baby,Movie,2009,TV-PG,Adults,71,Stand-Up Comedy,United States,3,"Short-form US docs, stand-up, and family titles"
s3170,Jim Gaffigan: Mr. Universe,Movie,2012,TV-14,Teens,77,Stand-Up Comedy,United States,3,"Short-form US docs, stand-up, and family titles"
s3171,Jim Gaffigan: Obsessed,Movie,2014,TV-14,Teens,70,Stand-Up Comedy,United States,3,"Short-form US docs, stand-up, and family titles"
s3172,Jim Jefferies : BARE,Movie,2014,TV-MA,Adults,77,Stand-Up Comedy,United States,3,"Short-form US docs, stand-up, and family titles"
s3173,Jim Jefferies: Freedumb,Movie,2016,TV-MA,Adults,87,Stand-Up Comedy,United States,3,"Short-form US docs, stand-up, and family titles"
s3174,Jim Jefferies: Intolerant,Movie,2020,TV-MA,Adults,67,Stand-Up Comedy,Unknown Country,3,"Short-form US docs, stand-up, and family titles"
s3175,Jim Jefferies: This Is Me Now,Movie,2018,TV-MA,Adults,71,Stand-Up Comedy,United States,3,"Short-form US docs, stand-up, and family titles"
s3176,Jim Norton: Mouthful of Shame,Movie,2017,TV-MA,Adults,62,Stand-Up Comedy,United States,3,"Short-form US docs, stand-up, and family titles"
s3177,Jimi Hendrix,Movie,1973,R,Adults,102,Documentaries,United States,2,Classic and vintage cinema
s3178,Jimmy Carr: Funny Business,Movie,2016,TV-MA,Adults,62,Stand-Up Comedy,United Kingdom,3,"Short-form US docs, stand-up, and family titles"
s3179,Jimmy Carr: The Best of Ultimate Gold Greatest Hits,Movie,2019,TV-MA,Adults,58,Stand-Up Comedy,Unknown Country,3,"Short-form US docs, stand-up, and family titles"
s3180,Jimmy Neutron: Boy Genius,Movie,2001,G,Kids,83,Children & Family Movies,United States,1,Mid-catalogue licensed features
s3182,Jindua,Movie,2017,TV-14,Teens,135,Dramas,India,0,Contemporary international feature films
s3183,Jingle Jangle: A Christmas Journey,Movie,2020,PG,Teens,124,Children & Family Movies,United States,0,Contemporary international feature films
s3186,Jinxed,Movie,2013,TV-Y,Kids,69,Children & Family Movies,United States,3,"Short-form US docs, stand-up, and family titles"
s3187,Jiro Dreams of Sushi,Movie,2011,PG,Teens,79,Documentaries,United States,3,"Short-form US docs, stand-up, and family titles"
s3188,Jis Desh Men Ganga Behti Hai,Movie,1960,TV-14,Teens,181,Action & Adventure,Unknown Country,2,Classic and vintage cinema
s3189,Jo Koy: Comin' In Hot,Movie,2019,TV-MA,Adults,60,Stand-Up Comedy,United States,3,"Short-form US docs, stand-up, and family titles"
s3190,Jo Koy: In His Elements,Movie,2020,TV-MA,Adults,55,Stand-Up Comedy,United States,3,"Short-form US docs, stand-up, and family titles"
s3191,Jo Koy: Live from Seattle,Movie,2017,TV-MA,Adults,63,Stand-Up Comedy,United States,3,"Short-form US docs, stand-up, and family titles"
s3192,Jo Pil-ho: The Dawning Rage,Movie,2018,TV-MA,Adults,128,Dramas,South Korea,0,Contemporary international feature films
s3193,Joan Didion: The Center Will Not Hold,Movie,2017,TV-14,Teens,98,Documentaries,United States,3,"Short-form US docs, stand-up, and family titles"
s3194,Joan Rivers: Don't Start with Me,Movie,2012,TV-MA,Adults,69,Stand-Up Comedy,United States,3,"Short-form US docs, stand-up, and family titles"
s3195,Joaquín Reyes: Una y no más,Movie,2017,TV-MA,Adults,78,Stand-Up Comedy,Unknown Country,3,"Short-form US docs, stand-up, and family titles"
s3196,Jodhaa Akbar,Movie,2008,TV-14,Teens,214,Action & Adventure,India,1,Mid-catalogue licensed features
s3197,Joe Cocker: Mad Dog with Soul,Movie,2017,TV-14,Teens,90,Documentaries,United Kingdom,0,Contemporary international feature films
s3198,Joe Mande’s Award-Winning Comedy Special,Movie,2017,TV-MA,Adults,67,Stand-Up Comedy,United States,3,"Short-form US docs, stand-up, and family titles"
s3199,Joe Rogan: Strange Times,Movie,2018,TV-MA,Adults,64,Stand-Up Comedy,Unknown Country,3,"Short-form US docs, stand-up, and family titles"
s3200,Joe Rogan: Triggered,Movie,2016,TV-MA,Adults,64,Stand-Up Comedy,United States,3,"Short-form US docs, stand-up, and family titles"
s3201,John & Jane,Movie,2005,TV-14,Teens,79,Documentaries,India,1,Mid-catalogue licensed features
s3202,John & Yoko: Above Us Only Sky,Movie,2018,TV-MA,Adults,90,Documentaries,United Kingdom,3,"Short-form US docs, stand-up, and family titles"
s3203,John Carter,Movie,2012,PG-13,Teens,133,Action & Adventure,United States,0,Contemporary international feature films
s3204,John Day,Movie,2013,TV-MA,Adults,125,International Movies,India,0,Contemporary international feature films
s3205,John Henry,Movie,2020,R,Adults,92,Dramas,United States,3,"Short-form US docs, stand-up, and family titles"
s3206,John Leguizamo's Latin History for Morons,Movie,2018,TV-MA,Adults,90,Stand-Up Comedy,United States,3,"Short-form US docs, stand-up, and family titles"
s3207,John Mellencamp: Plain Spoken,Movie,2017,TV-MA,Adults,80,Documentaries,Unknown Country,3,"Short-form US docs, stand-up, and family titles"
s3208,John Mulaney & The Sack Lunch Bunch,Movie,2019,TV-PG,Adults,70,Children & Family Movies,United States,3,"Short-form US docs, stand-up, and family titles"
s3209,John Mulaney: Kid Gorgeous at Radio City,Movie,2018,TV-MA,Adults,65,Stand-Up Comedy,United States,3,"Short-form US docs, stand-up, and family titles"
s3210,John Mulaney: New in Town,Movie,2012,TV-MA,Adults,60,Stand-Up Comedy,United States,3,"Short-form US docs, stand-up, and family titles"
s3211,John Mulaney: The Comeback Kid,Movie,2015,TV-MA,Adults,62,Stand-Up Comedy,United States,3,"Short-form US docs, stand-up, and family titles"
s3212,John Was Trying to Contact Aliens,Movie,2020,TV-PG,Adults,17,Documentaries,United States,3,"Short-form US docs, stand-up, and family titles"
s3216,Joker,Movie,2012,TV-PG,Adults,98,Comedies,India,0,Contemporary international feature films
s3217,Jonaki,Movie,2018,TV-MA,Adults,96,Dramas,India,0,Contemporary international feature films
s3218,Jonas,Movie,2015,TV-MA,Adults,97,Dramas,Brazil,0,Contemporary international feature films
s3219,Jonathan,Movie,2018,TV-MA,Adults,101,Dramas,United States,0,Contemporary international feature films
s3221,Jora 10 Numbaria,Movie,2017,TV-MA,Adults,135,Action & Adventure,India,0,Contemporary international feature films
s3222,Joseph: King of Dreams,Movie,2000,TV-PG,Adults,75,Children & Family Movies,United States,1,Mid-catalogue licensed features
s3223,Joshua: Teenager vs. Superpower,Movie,2017,TV-14,Teens,79,Documentaries,United States,3,"Short-form US docs, stand-up, and family titles"
s3225,Journey to Greenland,Movie,2016,TV-14,Teens,99,Comedies,France,0,Contemporary international feature films
s3226,Joy,Movie,2019,TV-MA,Adults,101,Dramas,Austria,0,Contemporary international feature films
s3230,Juanita,Movie,2019,TV-MA,Adults,90,Dramas,United States,0,Contemporary international feature films
s3231,Judah Friedlander: America Is the Greatest Country in the United States,Movie,2017,TV-MA,Adults,84,Stand-Up Comedy,United States,3,"Short-form US docs, stand-up, and family titles"
s3232,Judd Apatow: The Return,Movie,2017,TV-MA,Adults,70,Stand-Up Comedy,United States,3,"Short-form US docs, stand-up, and family titles"
s3233,Judge Singh LLB,Movie,2015,TV-PG,Adults,137,Comedies,India,0,Contemporary international feature films
s3234,Judwaa,Movie,1997,TV-14,Teens,133,Comedies,India,1,Mid-catalogue licensed features
s3235,Judwaa 2,Movie,2017,TV-14,Teens,145,Action & Adventure,India,0,Contemporary international feature films
s3236,Judy Moody and the Not Bummer Summer,Movie,2011,PG,Teens,91,Children & Family Movies,United States,3,"Short-form US docs, stand-up, and family titles"
s3237,Jugaad,Movie,2017,TV-14,Teens,52,Documentaries,Unknown Country,3,"Short-form US docs, stand-up, and family titles"
s3238,Julie & Julia,Movie,2009,PG-13,Teens,123,Comedies,United States,1,Mid-catalogue licensed features
s3244,Jumping the Broom,Movie,2011,PG-13,Teens,113,Comedies,United States,1,Mid-catalogue licensed features
s3245,Junebug,Movie,2005,R,Adults,107,Comedies,United States,1,Mid-catalogue licensed features
s3246,Jupiter Ascending,Movie,2015,PG-13,Teens,128,Action & Adventure,United States,0,Contemporary international feature films
s3248,Just Another Christmas,Movie,2020,TV-MA,Adults,101,Comedies,Brazil,0,Contemporary international feature films
s3249,Just Another Love Story,Movie,2007,TV-MA,Adults,104,Dramas,Denmark,0,Contemporary international feature films
s3250,Just Friends,Movie,2005,PG-13,Teens,94,Comedies,Germany,1,Mid-catalogue licensed features
s3251,Just Love,Movie,2018,TV-MA,Adults,96,Dramas,Argentina,0,Contemporary international feature films
s3252,Just The Way You Are,Movie,2016,TV-G,Kids,107,International Movies,Philippines,0,Contemporary international feature films
s3254,Justice,Movie,2017,R,Adults,92,Movies,United States,3,"Short-form US docs, stand-up, and family titles"
s3256,"Justice, My Foot!",Movie,1992,TV-14,Teens,95,Action & Adventure,Hong Kong,1,Mid-catalogue licensed features
s3257,Justin Bieber: Never Say Never,Movie,2011,G,Kids,106,Documentaries,United States,3,"Short-form US docs, stand-up, and family titles"
s3258,Justin Timberlake + the Tennessee Kids,Movie,2016,TV-MA,Adults,90,Music & Musicals,United States,3,"Short-form US docs, stand-up, and family titles"
s3261,Justine,Movie,2019,TV-MA,Adults,106,Dramas,United States,0,Contemporary international feature films
s3263,K-19: The Widowmaker,Movie,2002,PG-13,Teens,138,Action & Adventure,United Kingdom,1,Mid-catalogue licensed features
s3265,K-on! the movie,Movie,2011,TV-PG,Adults,110,Anime Features,Japan,0,Contemporary international feature films
s3269,Küçük Esnaf,Movie,2016,TV-MA,Adults,100,Comedies,Turkey,0,Contemporary international feature films
s3271,Kaabil,Movie,2017,TV-14,Teens,139,Dramas,India,0,Contemporary international feature films
s3272,Kaagar,Movie,2019,TV-MA,Adults,130,Dramas,India,0,Contemporary international feature films
s3273,Kaakan,Movie,2015,TV-PG,Adults,132,Dramas,India,0,Contemporary international feature films
s3274,Kaake Da Viyah,Movie,2019,TV-PG,Adults,133,Comedies,India,0,Contemporary international feature films
s3275,Kaal,Movie,2005,TV-14,Teens,126,Horror Movies,India,1,Mid-catalogue licensed features
s3276,Kaali Khuhi,Movie,2020,TV-14,Teens,91,Horror Movies,India,0,Contemporary international feature films
s3277,Kaalia,Movie,1981,TV-14,Teens,173,Action & Adventure,India,2,Classic and vintage cinema
s3278,Kaaliyan,Movie,2017,TV-PG,Adults,105,Dramas,India,0,Contemporary international feature films
s3279,Kabali (Hindi Version),Movie,2016,TV-MA,Adults,148,Action & Adventure,India,0,Contemporary international feature films
s3281,Kabhi Alvida Naa Kehna,Movie,2006,TV-14,Teens,192,Dramas,India,1,Mid-catalogue licensed features
s3282,Kabhi Haan Kabhi Naa,Movie,1994,TV-14,Teens,151,Comedies,India,1,Mid-catalogue licensed features
s3283,Kabhi Khushi Kabhie Gham,Movie,2001,TV-14,Teens,209,Dramas,India,1,Mid-catalogue licensed features
s3284,Kabir Singh,Movie,2019,TV-MA,Adults,171,Dramas,India,0,Contemporary international feature films
s3285,Kacche Dhaagey,Movie,2016,TV-14,Teens,120,Dramas,India,0,Contemporary international feature films
s3286,Kahaani,Movie,2012,TV-14,Teens,122,International Movies,India,0,Contemporary international feature films
s3287,Kahlil Gibran's The Prophet,Movie,2014,PG,Teens,85,Children & Family Movies,United States,0,Contemporary international feature films
s3288,Kai Po Che!,Movie,2013,TV-MA,Adults,120,Dramas,India,0,Contemporary international feature films
s3289,Kajraare,Movie,2010,TV-14,Teens,113,Dramas,India,0,Contemporary international feature films
s3291,Kal Ho Naa Ho,Movie,2003,TV-14,Teens,187,Comedies,India,1,Mid-catalogue licensed features
s3292,Kalakalappu,Movie,2012,TV-14,Teens,154,Comedies,India,0,Contemporary international feature films
s3293,Kaleidoscope,Movie,2016,TV-MA,Adults,99,Thrillers,United Kingdom,3,"Short-form US docs, stand-up, and family titles"
s3294,Kalek Shanab,Movie,2019,TV-PG,Adults,80,Comedies,United Arab Emirates,0,Contemporary international feature films
s3295,"Kalel, 15",Movie,2019,TV-MA,Adults,105,Dramas,Philippines,0,Contemporary international feature films
s3296,Kalki,Movie,2017,TV-14,Teens,41,Dramas,India,0,Contemporary international feature films
s3297,Kalushi: The Story of Solomon Mahlangu,Movie,2016,TV-MA,Adults,107,Dramas,South Africa,0,Contemporary international feature films
s3298,Kaminey,Movie,2009,TV-14,Teens,128,Dramas,India,0,Contemporary international feature films
s3299,Kanavu Variyam,Movie,2017,TV-PG,Adults,104,Comedies,India,0,Contemporary international feature films
s3300,Kandasamys: The Wedding,Movie,2019,TV-14,Teens,93,Comedies,South Africa,0,Contemporary international feature films
s3301,Kanika,Movie,2017,TV-14,Teens,110,Horror Movies,India,0,Contemporary international feature films
s3302,Kannum Kannum Kollaiyadithaal,Movie,2020,TV-14,Teens,160,Comedies,India,0,Contemporary international feature films
s3304,Kapoor & Sons,Movie,2016,TV-14,Teens,138,Comedies,India,0,Contemporary international feature films
s3305,Kappela,Movie,2020,TV-14,Teens,112,Dramas,India,0,Contemporary international feature films
s3306,Kara Bela,Movie,2015,TV-14,Teens,101,Comedies,Turkey,0,Contemporary international feature films
s3307,Kardec,Movie,2019,TV-14,Teens,110,Dramas,Brazil,0,Contemporary international feature films
s3308,Karkar,Movie,2007,TV-14,Teens,107,Comedies,Egypt,1,Mid-catalogue licensed features
s3309,"Karol Modzelewski, Łukasz „Lotek” Lodkowski No Offense",Movie,2016,TV-MA,Adults,65,Stand-Up Comedy,Unknown Country,3,"Short-form US docs, stand-up, and family titles"
s3310,Karthik Calling Karthik,Movie,2010,TV-14,Teens,135,Dramas,India,0,Contemporary international feature films
s3311,Kartini: Princess of Java,Movie,2017,TV-PG,Adults,118,Dramas,Indonesia,0,Contemporary international feature films
s3312,Karzzzz,Movie,2008,TV-14,Teens,137,International Movies,India,1,Mid-catalogue licensed features
s3313,Kasanova,Movie,2019,TV-14,Teens,117,Comedies,Nigeria,0,Contemporary international feature films
s3314,"Katarzyna Piasecka, Rafał Pacześ Seriously Funny",Movie,2016,TV-MA,Adults,65,Stand-Up Comedy,Unknown Country,3,"Short-form US docs, stand-up, and family titles"
s3315,Kate & Leopold,Movie,2001,PG-13,Teens,118,Comedies,United States,1,Mid-catalogue licensed features
s3316,Kath & Kimderella,Movie,2012,TV-14,Teens,86,Comedies,Australia,3,"Short-form US docs, stand-up, and family titles"
s3318,Katha,Movie,1982,TV-PG,Adults,140,Comedies,India,2,Classic and vintage cinema
s3319,Katherine Ryan: Glitter Room,Movie,2019,TV-MA,Adults,66,Stand-Up Comedy,United States,3,"Short-form US docs, stand-up, and family titles"
s3320,Katherine Ryan: In Trouble,Movie,2017,TV-MA,Adults,64,Stand-Up Comedy,United Kingdom,3,"Short-form US docs, stand-up, and family titles"
s3321,Kathleen Madigan: Bothering Jesus,Movie,2016,TV-MA,Adults,71,Stand-Up Comedy,United States,3,"Short-form US docs, stand-up, and family titles"
s3322,Katt Williams: American Hustle (The Movie),Movie,2007,TV-MA,Adults,89,Stand-Up Comedy,United States,3,"Short-form US docs, stand-up, and family titles"
s3323,Katt Williams: Great America,Movie,2018,TV-MA,Adults,60,Stand-Up Comedy,United States,3,"Short-form US docs, stand-up, and family titles"
s3324,Katt Williams: Kattpacalypse,Movie,2012,TV-MA,Adults,61,Stand-Up Comedy,United States,3,"Short-form US docs, stand-up, and family titles"
s3325,Katt Williams: Live,Movie,2006,NR,Unrated,85,Stand-Up Comedy,United States,1,Mid-catalogue licensed features
s3326,Katt Williams: The Pimp Chronicles: Pt. 1,Movie,2006,TV-MA,Adults,45,Stand-Up Comedy,United States,3,"Short-form US docs, stand-up, and family titles"
s3327,Katti Batti,Movie,2015,TV-14,Teens,132,Comedies,India,0,Contemporary international feature films
s3328,Kavin Jay: Everybody Calm Down!,Movie,2018,TV-MA,Adults,53,Stand-Up Comedy,Unknown Country,3,"Short-form US docs, stand-up, and family titles"
s3329,Kaviyude Osyath,Movie,2017,TV-14,Teens,116,Dramas,India,0,Contemporary international feature films
s3330,Kay Dyache Bola,Movie,2005,TV-14,Teens,133,Comedies,India,1,Mid-catalogue licensed features
s3332,KD (A) Karuppudurai,Movie,2019,TV-14,Teens,116,Comedies,India,0,Contemporary international feature films
s3333,Keith Richards: Under the Influence,Movie,2015,TV-14,Teens,82,Documentaries,United States,3,"Short-form US docs, stand-up, and family titles"
s3338,"Ken Jeong: You Complete Me, Ho",Movie,2019,TV-MA,Adults,62,Stand-Up Comedy,United States,3,"Short-form US docs, stand-up, and family titles"
s3340,Kenny Sebastian: The Most Interesting Person in the Room,Movie,2020,TV-MA,Adults,68,Stand-Up Comedy,India,3,"Short-form US docs, stand-up, and family titles"
s3342,Kevin Hart: I'm a Grown Little Man,Movie,2009,TV-MA,Adults,62,Stand-Up Comedy,United States,3,"Short-form US docs, stand-up, and family titles"
s3343,Kevin Hart: Irresponsible,Movie,2019,TV-MA,Adults,60,Stand-Up Comedy,United States,3,"Short-form US docs, stand-up, and family titles"
s3344,Kevin Hart: Laugh at My Pain,Movie,2011,R,Adults,89,Stand-Up Comedy,United States,3,"Short-form US docs, stand-up, and family titles"
s3345,Kevin Hart: Let Me Explain,Movie,2013,R,Adults,75,Stand-Up Comedy,United States,3,"Short-form US docs, stand-up, and family titles"
s3346,Kevin Hart: Seriously Funny,Movie,2010,TV-MA,Adults,67,Stand-Up Comedy,United States,3,"Short-form US docs, stand-up, and family titles"
s3347,Kevin Hart: What Now?,Movie,2016,R,Adults,96,Stand-Up Comedy,United States,3,"Short-form US docs, stand-up, and family titles"
s3348,Kevin Hart: Zero F**ks Given,Movie,2020,TV-MA,Adults,70,Stand-Up Comedy,United States,3,"Short-form US docs, stand-up, and family titles"
s3349,Kevin Hart's Guide to Black History,Movie,2019,TV-PG,Adults,63,Children & Family Movies,United States,3,"Short-form US docs, stand-up, and family titles"
s3350,Kevin James: Never Don't Give Up,Movie,2018,TV-PG,Adults,62,Stand-Up Comedy,United States,3,"Short-form US docs, stand-up, and family titles"
s3351,Kevin James: Sweat the Small Stuff,Movie,2001,TV-PG,Adults,42,Stand-Up Comedy,United States,1,Mid-catalogue licensed features
s3352,Kevyn Aucoin: Beauty & the Beast in Me,Movie,2017,TV-MA,Adults,90,Documentaries,United States,3,"Short-form US docs, stand-up, and family titles"
s3354,Khalnayak,Movie,1993,TV-14,Teens,170,Action & Adventure,India,1,Mid-catalogue licensed features
s3357,Khido Khundi,Movie,2018,TV-14,Teens,151,Dramas,India,0,Contemporary international feature films
s3358,Khoobsurat,Movie,2014,TV-14,Teens,121,Comedies,India,0,Contemporary international feature films
s3359,Khoon Khoon,Movie,1973,TV-14,Teens,132,Action & Adventure,India,2,Classic and vintage cinema
s3360,Khosla Ka Ghosla,Movie,2006,TV-14,Teens,124,Comedies,India,1,Mid-catalogue licensed features
s3362,Khubsoorat,Movie,1980,TV-PG,Adults,120,Classic Movies,India,2,Classic and vintage cinema
s3363,Khushi,Movie,2003,TV-14,Teens,157,Comedies,India,1,Mid-catalogue licensed features
s3364,Kia and Cosmos,Movie,2018,TV-14,Teens,124,Dramas,India,0,Contemporary international feature films
s3366,Kickboxer: Retaliation,Movie,2017,R,Adults,110,Action & Adventure,United States,3,"Short-form US docs, stand-up, and family titles"
s3367,Kickboxer: Vengeance,Movie,2016,TV-MA,Adults,90,Action & Adventure,United States,3,"Short-form US docs, stand-up, and family titles"
s3368,Kicking and Screaming,Movie,1995,R,Adults,97,Comedies,United States,1,Mid-catalogue licensed features
s3370,Kid Kulafu,Movie,2015,TV-14,Teens,108,Dramas,Philippines,0,Contemporary international feature films
s3372,Kidnapping Mr. Heineken,Movie,2015,R,Adults,95,Action & Adventure,Netherlands,0,Contemporary international feature films
s3373,Kidnapping Stella,Movie,2019,TV-MA,Adults,90,Dramas,Germany,0,Contemporary international feature films
s3374,Kids on the Block,Movie,2019,TV-PG,Adults,102,Children & Family Movies,Turkey,0,Contemporary international feature films
s3376,Kill Bill: Vol. 1,Movie,2003,R,Adults,111,Action & Adventure,United States,1,Mid-catalogue licensed features
s3377,Kill Bill: Vol. 2,Movie,2004,R,Adults,137,Action & Adventure,United States,1,Mid-catalogue licensed features
s3378,Kill Command,Movie,2016,TV-MA,Adults,100,Action & Adventure,United Kingdom,0,Contemporary international feature films
s3379,Kill Hitler! The Luck of the Devil,Movie,2015,TV-14,Teens,53,Documentaries,France,3,"Short-form US docs, stand-up, and family titles"
s3381,Kill Me If You Dare,Movie,2019,TV-14,Teens,100,Comedies,Turkey,0,Contemporary international feature films
s3382,Kill Ratio,Movie,2016,TV-MA,Adults,87,Action & Adventure,United States,3,"Short-form US docs, stand-up, and family titles"
s3383,Kill the Irishman,Movie,2011,R,Adults,106,Action & Adventure,United States,0,Contemporary international feature films
s3384,Kill the Messenger,Movie,2014,R,Adults,112,Dramas,United States,0,Contemporary international feature films
s3385,Killa,Movie,2014,TV-14,Teens,107,Dramas,India,0,Contemporary international feature films
s3386,Killer Cove,Movie,2019,TV-14,Teens,87,Thrillers,United States,3,"Short-form US docs, stand-up, and family titles"
s3388,Killer Klowns from Outer Space,Movie,1988,PG-13,Teens,86,Comedies,United States,2,Classic and vintage cinema
s3391,Killers,Movie,2010,PG-13,Teens,100,Action & Adventure,United States,1,Mid-catalogue licensed features
s3392,Killing Hasselhoff,Movie,2017,R,Adults,80,Comedies,United States,3,"Short-form US docs, stand-up, and family titles"
s3393,Killing Them Softly,Movie,2012,R,Adults,97,Dramas,United States,3,"Short-form US docs, stand-up, and family titles"
s3394,Kills on Wheels,Movie,2016,TV-MA,Adults,103,Action & Adventure,Hungary,0,Contemporary international feature films
s3395,Kilo Two Bravo,Movie,2014,R,Adults,109,Dramas,United Kingdom,0,Contemporary international feature films
s3397,King Jack,Movie,2015,NR,Unrated,81,Dramas,United States,3,"Short-form US docs, stand-up, and family titles"
s3398,King of Boys,Movie,2018,TV-MA,Adults,182,Dramas,Nigeria,0,Contemporary international feature films
s3399,King of Peking,Movie,2018,TV-14,Teens,88,Comedies,China,0,Contemporary international feature films
s3400,King's Ransom,Movie,2005,PG-13,Teens,98,Action & Adventure,United States,1,Mid-catalogue licensed features
s3403,Kingdom of Us,Movie,2017,TV-MA,Adults,110,Documentaries,United Kingdom,3,"Short-form US docs, stand-up, and family titles"
s3405,Kingpin,Movie,1996,PG-13,Teens,114,Comedies,United States,1,Mid-catalogue licensed features
s3406,Kings,Movie,2017,R,Adults,87,Dramas,France,3,"Short-form US docs, stand-up, and family titles"
s3409,Kis Kisko Pyaar Karoon,Movie,2015,TV-PG,Adults,132,Comedies,India,0,Contemporary international feature films
s3410,Kisaan,Movie,2009,TV-14,Teens,101,Action & Adventure,India,0,Contemporary international feature films
s3411,Kismat Konnection,Movie,2008,TV-PG,Adults,145,Comedies,India,1,Mid-catalogue licensed features
s3412,Kiss & Cry,Movie,2017,TV-MA,Adults,93,Dramas,Canada,0,Contemporary international feature films
s3414,Kiss the Girls,Movie,1997,R,Adults,116,Thrillers,United States,1,Mid-catalogue licensed features
s3415,Kiss the Ground,Movie,2020,TV-G,Kids,85,Documentaries,United States,3,"Short-form US docs, stand-up, and family titles"
s3418,Kita Kita,Movie,2017,TV-14,Teens,84,Comedies,Philippines,0,Contemporary international feature films
s3420,KL Zombi,Movie,2013,TV-14,Teens,92,Comedies,Malaysia,0,Contemporary international feature films
s3421,Klaus,Movie,2019,PG,Teens,98,Children & Family Movies,Spain,0,Contemporary international feature films
s3424,Knock Down The House,Movie,2019,PG,Teens,88,Documentaries,United States,3,"Short-form US docs, stand-up, and family titles"
s3425,Knock Knock,Movie,2015,R,Adults,99,Horror Movies,United States,3,"Short-form US docs, stand-up, and family titles"
s3426,Know Your Enemy - Japan,Movie,1945,TV-14,Teens,63,Classic Movies,United States,2,Classic and vintage cinema
s3427,Knowing,Movie,2009,PG-13,Teens,121,Sci-Fi & Fantasy,United States,1,Mid-catalogue licensed features
s3430,Kocan Kadar Konus,Movie,2015,TV-14,Teens,104,Comedies,Turkey,0,Contemporary international feature films
s3431,Kocan Kadar Konus 2: Dirilis,Movie,2016,TV-14,Teens,104,Comedies,Turkey,0,Contemporary international feature films
s3432,Kodachrome,Movie,2018,TV-MA,Adults,105,Comedies,Canada,0,Contemporary international feature films
s3433,Koi Aap Sa,Movie,2006,TV-14,Teens,135,Comedies,India,1,Mid-catalogue licensed features
s3434,Koko: The Gorilla Who Talks,Movie,2016,TV-G,Kids,56,Documentaries,United Kingdom,3,"Short-form US docs, stand-up, and family titles"
s3435,Kolaiyuthir Kaalam,Movie,2019,TV-14,Teens,107,International Movies,India,0,Contemporary international feature films
s3436,Komola Rocket,Movie,2018,TV-14,Teens,95,Dramas,Bangladesh,0,Contemporary international feature films
s3438,Kon-Tiki,Movie,2012,PG-13,Teens,96,Action & Adventure,United Kingdom,0,Contemporary international feature films
s3443,Koshish,Movie,1972,TV-14,Teens,115,International Movies,India,2,Classic and vintage cinema
s3444,Kraftidioten,Movie,2014,TV-MA,Adults,117,Comedies,Norway,0,Contemporary international feature films
s3445,Krish Trish and Baltiboy,Movie,2009,TV-Y7,Teens,58,Children & Family Movies,Unknown Country,3,"Short-form US docs, stand-up, and family titles"
s3446,Krish Trish and Baltiboy: Battle of Wits,Movie,2013,TV-Y7,Teens,62,Children & Family Movies,Unknown Country,3,"Short-form US docs, stand-up, and family titles"
s3447,Krish Trish and Baltiboy: Best Friends Forever,Movie,2016,TV-Y,Kids,65,Children & Family Movies,Unknown Country,3,"Short-form US docs, stand-up, and family titles"
s3448,Krish Trish and Baltiboy: Comics of India,Movie,2012,TV-Y7,Teens,61,Children & Family Movies,Unknown Country,3,"Short-form US docs, stand-up, and family titles"
s3449,Krish Trish and Baltiboy: Face Your Fears,Movie,2017,TV-Y7,Teens,65,Children & Family Movies,India,3,"Short-form US docs, stand-up, and family titles"
s3450,Krish Trish and Baltiboy: Oversmartness Never Pays,Movie,2017,TV-Y7,Teens,65,Children & Family Movies,Unknown Country,3,"Short-form US docs, stand-up, and family titles"
s3451,Krish Trish and Baltiboy: Part II,Movie,2010,TV-Y7,Teens,58,Children & Family Movies,Unknown Country,3,"Short-form US docs, stand-up, and family titles"
s3452,Krish Trish and Baltiboy: The Greatest Trick,Movie,2013,TV-Y7,Teens,60,Children & Family Movies,Unknown Country,3,"Short-form US docs, stand-up, and family titles"
s3453,Krisha,Movie,2015,R,Adults,81,Dramas,United States,3,"Short-form US docs, stand-up, and family titles"
s3454,Krishna and His Leela,Movie,2020,TV-MA,Adults,126,International Movies,India,0,Contemporary international feature films
s3456,Krishna Cottage,Movie,2004,TV-MA,Adults,124,Action & Adventure,India,1,Mid-catalogue licensed features
s3457,Kristy,Movie,2013,NR,Unrated,85,Horror Movies,United States,3,"Short-form US docs, stand-up, and family titles"
s3458,Krutant,Movie,2019,TV-14,Teens,114,Dramas,India,0,Contemporary international feature films
s3459,Krystal,Movie,2017,R,Adults,93,Comedies,United States,3,"Short-form US docs, stand-up, and family titles"
s3460,Kucch To Hai,Movie,2003,TV-14,Teens,136,Dramas,India,1,Mid-catalogue licensed features
s3461,Kuch Kuch Hota Hai,Movie,1998,TV-14,Teens,185,Comedies,India,1,Mid-catalogue licensed features
s3462,Kuldip Patwal: I Didn't Do It!,Movie,2017,TV-MA,Adults,126,Dramas,India,0,Contemporary international feature films
s3465,Kung Fu Hustle,Movie,2004,R,Adults,99,Action & Adventure,Hong Kong,1,Mid-catalogue licensed features
s3466,Kung Fu Magoo,Movie,2010,TV-Y7,Teens,79,Children & Family Movies,Mexico,3,"Short-form US docs, stand-up, and family titles"
s3467,Kung Fu Panda: Holiday,Movie,2010,TV-PG,Adults,26,Children & Family Movies,United States,3,"Short-form US docs, stand-up, and family titles"
s3468,Kung Fu Panda: Secrets of the Scroll,Movie,2016,TV-PG,Adults,23,Children & Family Movies,United States,3,"Short-form US docs, stand-up, and family titles"
s3469,Kung Fu Yoga,Movie,2017,TV-PG,Adults,107,Action & Adventure,China,0,Contemporary international feature films
s3470,Kuntilanak,Movie,2018,TV-14,Teens,106,Horror Movies,Indonesia,0,Contemporary international feature films
s3471,Kuppivala,Movie,2017,TV-14,Teens,133,Dramas,Unknown Country,0,Contemporary international feature films
s3472,Kurbaan,Movie,2009,TV-14,Teens,147,International Movies,India,1,Mid-catalogue licensed features
s3475,Kurt & Courtney,Movie,1998,R,Adults,95,Documentaries,United Kingdom,1,Mid-catalogue licensed features
s3477,Kurtulus Son Durak,Movie,2012,TV-MA,Adults,100,Comedies,Turkey,0,Contemporary international feature films
s3478,Kya Kehna,Movie,2000,TV-PG,Adults,149,Dramas,India,1,Mid-catalogue licensed features
s3479,Kyaa Kool Hai Hum,Movie,2005,TV-14,Teens,165,Comedies,India,1,Mid-catalogue licensed features
s3480,Kyaa Kool Hain Hum 3,Movie,2016,R,Adults,124,Comedies,India,0,Contemporary international feature films
s3481,Kygo: Live at the Hollywood Bowl,Movie,2017,TV-MA,Adults,52,Music & Musicals,United States,3,"Short-form US docs, stand-up, and family titles"
s3482,Kyo Kii... Main Jhuth Nahin Bolta,Movie,2001,TV-PG,Adults,150,Comedies,India,1,Mid-catalogue licensed features
s3483,Kyun! Ho Gaya Na,Movie,2004,TV-PG,Adults,165,International Movies,India,1,Mid-catalogue licensed features
s3485,Léa & I,Movie,2019,TV-MA,Adults,84,Documentaries,Unknown Country,3,"Short-form US docs, stand-up, and family titles"
s3486,La Última Fiesta,Movie,2016,TV-MA,Adults,104,Comedies,Argentina,0,Contemporary international feature films
s3487,LA 92,Movie,2017,R,Adults,114,Documentaries,United States,3,"Short-form US docs, stand-up, and family titles"
s3488,La Bamba,Movie,1987,PG-13,Teens,109,Classic Movies,United States,2,Classic and vintage cinema
s3490,La Coppia dei Campioni,Movie,2016,TV-MA,Adults,88,Comedies,Italy,0,Contemporary international feature films
s3495,La Gran Ilusión,Movie,2016,TV-14,Teens,50,International Movies,Unknown Country,3,"Short-form US docs, stand-up, and family titles"
s3498,La Leyenda del Diamante,Movie,2017,TV-MA,Adults,87,Action & Adventure,Mexico,0,Contemporary international feature films
s3501,LA Originals,Movie,2020,TV-MA,Adults,92,Documentaries,United States,3,"Short-form US docs, stand-up, and family titles"
s3508,Laal Rang,Movie,2016,TV-14,Teens,143,Dramas,India,0,Contemporary international feature films
s3509,Laatu,Movie,2018,TV-PG,Adults,116,Comedies,India,0,Contemporary international feature films
s3510,Laddaland,Movie,2011,TV-MA,Adults,112,Horror Movies,Thailand,0,Contemporary international feature films
s3511,Ladies First,Movie,2018,TV-G,Kids,40,Documentaries,India,3,"Short-form US docs, stand-up, and family titles"
s3513,Lady Bird,Movie,2017,R,Adults,94,Comedies,United States,0,Contemporary international feature films
s3514,Lady Bloodfight,Movie,2016,R,Adults,101,Action & Adventure,Hong Kong,3,"Short-form US docs, stand-up, and family titles"
s3515,Lady Driver,Movie,2019,PG,Teens,104,Dramas,United States,3,"Short-form US docs, stand-up, and family titles"
s3517,Lady in the Water,Movie,2006,PG-13,Teens,110,Sci-Fi & Fantasy,United States,1,Mid-catalogue licensed features
s3518,Lady J,Movie,2019,TV-MA,Adults,111,Dramas,France,0,Contemporary international feature films
s3519,Lady-Like,Movie,2018,NC-17,Adults,83,Comedies,United States,3,"Short-form US docs, stand-up, and family titles"
s3521,Laerte-se,Movie,2017,TV-MA,Adults,101,Documentaries,Brazil,0,Contemporary international feature films
s3522,Lagaan,Movie,2001,PG,Teens,224,Dramas,India,1,Mid-catalogue licensed features
s3523,Lagos Real Fake Life,Movie,2018,TV-MA,Adults,118,Comedies,Unknown Country,0,Contemporary international feature films
s3524,Lakeeran,Movie,2016,TV-PG,Adults,111,Dramas,India,0,Contemporary international feature films
s3525,Lakshya,Movie,2004,TV-PG,Adults,185,Action & Adventure,India,1,Mid-catalogue licensed features
s3526,Lal Patthar,Movie,1971,TV-14,Teens,153,Classic Movies,India,2,Classic and vintage cinema
s3527,Lalbaug Parel: Zali Mumbai Sonyachi,Movie,2010,TV-MA,Adults,145,Dramas,India,0,Contemporary international feature films
s3529,Lang Tong,Movie,2015,TV-MA,Adults,82,International Movies,Singapore,0,Contemporary international feature films
s3530,Lara and the Beat,Movie,2018,TV-MA,Adults,140,Dramas,Nigeria,0,Contemporary international feature films
s3531,Larceny,Movie,2017,TV-14,Teens,87,Action & Adventure,United States,3,"Short-form US docs, stand-up, and family titles"
s3533,Larry the Cable Guy: Remain Seated,Movie,2020,TV-14,Teens,68,Stand-Up Comedy,United States,3,"Short-form US docs, stand-up, and family titles"
s3538,Last Breath,Movie,2019,TV-MA,Adults,86,Documentaries,United Kingdom,0,Contemporary international feature films
s3540,Last Ferry,Movie,2019,TV-MA,Adults,86,Dramas,United States,0,Contemporary international feature films
s3541,Last Flight to Abuja,Movie,2012,TV-14,Teens,76,Dramas,Nigeria,0,Contemporary international feature films
s3543,Last Knights,Movie,2015,R,Adults,115,Action & Adventure,United Kingdom,3,"Short-form US docs, stand-up, and family titles"
s3544,Last Night,Movie,2010,R,Adults,93,Dramas,United States,0,Contemporary international feature films
s3546,Late Life: The Chien-Ming Wang Story,Movie,2018,TV-14,Teens,98,Documentaries,United States,3,"Short-form US docs, stand-up, and family titles"
s3547,Latte and the Magic Waterstone,Movie,2020,TV-Y,Kids,83,Children & Family Movies,Germany,3,"Short-form US docs, stand-up, and family titles"
s3548,Lavell Crawford: Can a Brother Get Some Love?,Movie,2011,TV-MA,Adults,81,Stand-Up Comedy,United States,3,"Short-form US docs, stand-up, and family titles"
s3550,Lawless,Movie,2012,R,Adults,116,Dramas,United States,3,"Short-form US docs, stand-up, and family titles"
s3552,Layer Cake,Movie,2004,R,Adults,105,Independent Movies,United Kingdom,1,Mid-catalogue licensed features
s3553,Layla M.,Movie,2016,TV-MA,Adults,99,Dramas,Netherlands,0,Contemporary international feature films
s3554,Le K Benzema,Movie,2017,TV-14,Teens,121,Documentaries,France,0,Contemporary international feature films
s3555,Le serment des Hitler,Movie,2014,TV-PG,Adults,54,Documentaries,France,3,"Short-form US docs, stand-up, and family titles"
s3556,League of Legends Origins,Movie,2019,TV-MA,Adults,78,Documentaries,United States,3,"Short-form US docs, stand-up, and family titles"
s3558,Leap Year,Movie,2010,PG,Teens,100,Comedies,United States,1,Mid-catalogue licensed features
s3559,Leap!,Movie,2016,PG,Teens,89,Children & Family Movies,France,0,Contemporary international feature films
s3560,LeapFrog: Letter Factory,Movie,2003,TV-Y,Kids,37,Children & Family Movies,United States,1,Mid-catalogue licensed features
s3561,LeapFrog: Numberland,Movie,2011,TV-Y,Kids,33,Movies,United States,3,"Short-form US docs, stand-up, and family titles"
s3562,LeapFrog: Phonics Farm,Movie,2011,TV-Y,Kids,35,Movies,United States,3,"Short-form US docs, stand-up, and family titles"
s3563,"LeapFrog: Sing-along, Read-along",Movie,2011,TV-Y,Kids,32,Children & Family Movies,Unknown Country,3,"Short-form US docs, stand-up, and family titles"
s3566,Lechmi,Movie,2017,TV-MA,Adults,147,Comedies,India,0,Contemporary international feature films
s3567,Lee Daniels' The Butler,Movie,2013,PG-13,Teens,132,Dramas,United States,0,Contemporary international feature films
s3568,Left Behind,Movie,2014,PG-13,Teens,110,Action & Adventure,United States,0,Contemporary international feature films
s3570,Legend,Movie,2015,R,Adults,132,Dramas,United Kingdom,0,Contemporary international feature films
s3571,Legend of the Guardians: The Owls of Ga'Hoole,Movie,2010,PG,Teens,97,Children & Family Movies,United States,3,"Short-form US docs, stand-up, and family titles"
s3572,Legend of the Naga Pearls,Movie,2017,TV-MA,Adults,108,Action & Adventure,China,0,Contemporary international feature films
s3575,Legendary Weapons of China,Movie,1982,TV-14,Teens,101,Action & Adventure,Hong Kong,2,Classic and vintage cinema
s3577,LEGENDS OF THE HIDDEN TEMPLE,Movie,2016,TV-PG,Adults,68,Children & Family Movies,United States,3,"Short-form US docs, stand-up, and family titles"
s3578,Legion,Movie,2010,R,Adults,100,Action & Adventure,United States,0,Contemporary international feature films
s3580,Lego DC Comics: Batman Be-Leaguered,Movie,2014,TV-Y7,Teens,22,Movies,United States,3,"Short-form US docs, stand-up, and family titles"
s3585,LEGO House - Home of the Brick,Movie,2018,TV-G,Kids,48,Documentaries,Unknown Country,3,"Short-form US docs, stand-up, and family titles"
s3588,LEGO Jurassic World: The Indominus Escape,Movie,2016,TV-Y7,Teens,25,Children & Family Movies,United States,3,"Short-form US docs, stand-up, and family titles"
s3589,LEGO Marvel Super Heroes: Avengers Reassembled!,Movie,2015,TV-Y7,Teens,22,Children & Family Movies,United States,3,"Short-form US docs, stand-up, and family titles"
s3590,LEGO Marvel Super Heroes: Black Panther,Movie,2018,TV-Y7,Teens,22,Children & Family Movies,United States,3,"Short-form US docs, stand-up, and family titles"
s3591,LEGO Marvel Super Heroes: Guardians of the Galaxy,Movie,2017,TV-Y,Kids,22,Children & Family Movies,United States,3,"Short-form US docs, stand-up, and family titles"
s3594,LEGO Ninjago: Masters of Spinjitzu: Day of the Departed,Movie,2016,TV-Y7-FV,Teens,44,Action & Adventure,Denmark,3,"Short-form US docs, stand-up, and family titles"
s3596,LEGO: Marvel Super Heroes: Maximum Overload,Movie,2013,TV-Y7,Teens,22,Children & Family Movies,United States,3,"Short-form US docs, stand-up, and family titles"
s3598,Lembi 8 Giga,Movie,2010,TV-MA,Adults,111,Comedies,Unknown Country,0,Contemporary international feature films
s3600,Lens,Movie,2015,TV-MA,Adults,109,Dramas,India,0,Contemporary international feature films
s3602,Leo the Lion,Movie,2013,TV-Y7-FV,Teens,78,Children & Family Movies,United States,3,"Short-form US docs, stand-up, and family titles"
s3603,"Les Bleus - Une autre histoire de France, 1996-2016",Movie,2016,TV-MA,Adults,103,Documentaries,France,0,Contemporary international feature films
s3604,Les Misérables,Movie,2012,PG-13,Teens,158,Dramas,United Kingdom,0,Contemporary international feature films
s3605,Leslie Jones: Time Machine,Movie,2020,TV-MA,Adults,66,Stand-Up Comedy,United States,3,"Short-form US docs, stand-up, and family titles"
s3606,Lessons from a School Shooting: Notes from Dunblane,Movie,2018,TV-14,Teens,24,Documentaries,United States,3,"Short-form US docs, stand-up, and family titles"
s3607,Let It Fall: Los Angeles 1982-1992,Movie,2017,TV-MA,Adults,144,Documentaries,United States,3,"Short-form US docs, stand-up, and family titles"
s3608,Let It Snow,Movie,2019,PG-13,Teens,93,Comedies,United States,0,Contemporary international feature films
s3609,Let There Be Light,Movie,1946,TV-PG,Adults,58,Classic Movies,United States,2,Classic and vintage cinema
s3610,Let's Dance,Movie,2006,TV-14,Teens,116,Comedies,Egypt,1,Mid-catalogue licensed features
s3615,Leyla Everlasting,Movie,2020,TV-MA,Adults,113,Comedies,Turkey,0,Contemporary international feature films
s3616,Lez Bomb,Movie,2018,TV-14,Teens,90,Comedies,United States,3,"Short-form US docs, stand-up, and family titles"
s3617,"Liar, Liar, Vampire",Movie,2015,TV-PG,Adults,68,Children & Family Movies,United States,3,"Short-form US docs, stand-up, and family titles"
s3618,Liar's Dice,Movie,2013,TV-MA,Adults,104,Dramas,India,0,Contemporary international feature films
s3619,Liberated: The New Sexual Revolution,Movie,2017,TV-MA,Adults,86,Documentaries,United States,3,"Short-form US docs, stand-up, and family titles"
s3621,Liefling,Movie,2010,TV-PG,Adults,118,Comedies,South Africa,0,Contemporary international feature films
s3623,Life 2.0,Movie,2010,TV-MA,Adults,99,Documentaries,United States,3,"Short-form US docs, stand-up, and family titles"
s3624,Life After Beth,Movie,2014,R,Adults,89,Comedies,United States,0,Contemporary international feature films
s3625,Life in a ... Metro,Movie,2007,TV-14,Teens,126,Dramas,India,1,Mid-catalogue licensed features
s3626,Life in the Doghouse,Movie,2018,TV-PG,Adults,83,Documentaries,United States,3,"Short-form US docs, stand-up, and family titles"
s3627,Life Ki Toh Lag Gayi,Movie,2012,TV-MA,Adults,109,Action & Adventure,India,0,Contemporary international feature films
s3628,Life of An Outcast,Movie,2018,TV-PG,Adults,80,Dramas,India,0,Contemporary international feature films
s3630,Life Overtakes Me,Movie,2019,TV-PG,Adults,40,Documentaries,Sweden,3,"Short-form US docs, stand-up, and family titles"
s3634,Life's Speed Bump,Movie,2006,TV-14,Teens,109,Comedies,Egypt,1,Mid-catalogue licensed features
s3635,Lifechanger,Movie,2018,TV-MA,Adults,84,Horror Movies,Canada,0,Contemporary international feature films
s3636,Lifeline,Movie,1997,TV-14,Teens,104,Action & Adventure,Hong Kong,1,Mid-catalogue licensed features
s3637,Light in the Dark,Movie,2019,TV-14,Teens,105,Dramas,Nigeria,0,Contemporary international feature films
s3638,Like Arrows,Movie,2018,TV-PG,Adults,99,Dramas,United States,3,"Short-form US docs, stand-up, and family titles"
s3639,Like Father,Movie,2018,TV-MA,Adults,104,Comedies,United States,0,Contemporary international feature films
s3640,Like Water for Chocolate,Movie,1992,R,Adults,105,Classic Movies,Mexico,1,Mid-catalogue licensed features
s3641,Lil Peep: Everybody’s Everything,Movie,2019,TV-MA,Adults,116,Documentaries,United States,3,"Short-form US docs, stand-up, and family titles"
s3642,Lila & Eve,Movie,2015,R,Adults,94,Dramas,United States,3,"Short-form US docs, stand-up, and family titles"
s3643,Lilli,Movie,2018,TV-MA,Adults,85,Dramas,India,0,Contemporary international feature films
s3645,Limitless,Movie,2017,TV-PG,Adults,59,Documentaries,India,3,"Short-form US docs, stand-up, and family titles"
s3647,Lincoln,Movie,2012,PG-13,Teens,150,Dramas,United States,0,Contemporary international feature films
s3648,Line Walker,Movie,2016,TV-MA,Adults,109,Action & Adventure,China,0,Contemporary international feature films
s3649,Lingua Franca,Movie,2020,TV-MA,Adults,94,Dramas,United States,0,Contemporary international feature films
s3651,Lion's Heart,Movie,2013,TV-14,Teens,111,Action & Adventure,Egypt,0,Contemporary international feature films
s3652,Lionheart,Movie,2018,TV-PG,Adults,95,Comedies,Nigeria,0,Contemporary international feature films
s3653,Liss Pereira: Reteniendo líquidos,Movie,2019,TV-14,Teens,59,Stand-Up Comedy,Brazil,3,"Short-form US docs, stand-up, and family titles"
s3654,Listen,Movie,2017,TV-MA,Adults,103,Dramas,Lebanon,0,Contemporary international feature films
s3655,Listen Up! The Lives of Quincy Jones,Movie,1990,TV-14,Teens,116,Documentaries,Unknown Country,1,Mid-catalogue licensed features
s3656,Little Baby Bum: Go Buster,Movie,2019,TV-Y,Kids,58,Children & Family Movies,Unknown Country,3,"Short-form US docs, stand-up, and family titles"
s3658,Little Boxes,Movie,2016,TV-MA,Adults,89,Comedies,United States,0,Contemporary international feature films
s3659,Little Dragon Maiden,Movie,1983,TV-14,Teens,92,Action & Adventure,Hong Kong,2,Classic and vintage cinema
s3660,Little Evil,Movie,2017,TV-MA,Adults,95,Comedies,United States,3,"Short-form US docs, stand-up, and family titles"
s3662,Little Lunch: The Halloween Horror Story,Movie,2016,TV-Y7,Teens,23,Children & Family Movies,Australia,3,"Short-form US docs, stand-up, and family titles"
s3663,Little Lunch: The Nightmare Before Graduation,Movie,2016,TV-Y7,Teens,25,Children & Family Movies,Australia,3,"Short-form US docs, stand-up, and family titles"
s3664,Little Men,Movie,2016,PG,Teens,85,Dramas,United States,3,"Short-form US docs, stand-up, and family titles"
s3665,Little Miss Sumo,Movie,2018,TV-G,Kids,20,Documentaries,United Kingdom,3,"Short-form US docs, stand-up, and family titles"
s3666,Little Monsters,Movie,1989,PG,Teens,102,Children & Family Movies,United States,1,Mid-catalogue licensed features
s3667,Little Nicky,Movie,2000,PG-13,Teens,90,Comedies,United States,1,Mid-catalogue licensed features
s3669,Little Singham aur Kaal ka Mahajaal,Movie,2018,TV-Y7-FV,Teens,68,Children & Family Movies,Unknown Country,3,"Short-form US docs, stand-up, and family titles"
s3670,Little Singham Bandarpur Mein Hu Ha Hu,Movie,2019,TV-Y7,Teens,67,Children & Family Movies,Unknown Country,3,"Short-form US docs, stand-up, and family titles"
s3671,Little Singham in London,Movie,2019,TV-Y7,Teens,66,Children & Family Movies,Unknown Country,3,"Short-form US docs, stand-up, and family titles"
s3672,Little Singham: Kaal Ka Badla,Movie,2020,TV-Y7,Teens,70,Children & Family Movies,Unknown Country,3,"Short-form US docs, stand-up, and family titles"
s3673,Little Singham: Kaal Ki Tabaahi,Movie,2019,TV-Y7,Teens,66,Children & Family Movies,Unknown Country,3,"Short-form US docs, stand-up, and family titles"
s3674,Little Singham: Legend of Dugabakka,Movie,2020,TV-Y7,Teens,68,Children & Family Movies,Unknown Country,3,"Short-form US docs, stand-up, and family titles"
s3675,Little Singham: Mahabali,Movie,2019,TV-Y7,Teens,69,Children & Family Movies,Unknown Country,3,"Short-form US docs, stand-up, and family titles"
s3676,Little Sister,Movie,2016,NR,Unrated,91,Comedies,United States,0,Contemporary international feature films
s3682,"Live Twice, Love Once",Movie,2020,TV-MA,Adults,102,Comedies,Spain,0,Contemporary international feature films
s3684,Living in Bondage: Breaking Free,Movie,2019,TV-MA,Adults,149,Horror Movies,Nigeria,0,Contemporary international feature films
s3687,Lizzie Borden Took an Ax,Movie,2014,TV-14,Teens,87,Thrillers,United States,3,"Short-form US docs, stand-up, and family titles"
s3689,Lo and Behold: Reveries of the Connected World,Movie,2016,PG-13,Teens,98,Documentaries,United States,3,"Short-form US docs, stand-up, and family titles"
s3690,Lo más sencillo es complicarlo todo,Movie,2018,TV-14,Teens,94,Comedies,Mexico,0,Contemporary international feature films
s3694,Lock,Movie,2016,TV-14,Teens,90,Dramas,India,0,Contemporary international feature films
s3695,Lock Your Girls In,Movie,1982,TV-PG,Adults,233,Comedies,Unknown Country,2,Classic and vintage cinema
s3696,"Lock, Stock and Two Smoking Barrels",Movie,1998,R,Adults,108,Action & Adventure,United Kingdom,1,Mid-catalogue licensed features
s3697,Locke,Movie,2013,R,Adults,85,Dramas,United Kingdom,0,Contemporary international feature films
s3699,Locked on You,Movie,2018,TV-14,Teens,105,Comedies,Turkey,0,Contemporary international feature films
s3701,Lockout,Movie,2012,PG-13,Teens,95,Action & Adventure,France,0,Contemporary international feature films
s3702,Loco Love,Movie,2017,TV-MA,Adults,103,Dramas,Mexico,0,Contemporary international feature films
s3704,Loev,Movie,2015,TV-MA,Adults,89,Dramas,India,0,Contemporary international feature films
s3705,Logan's Run,Movie,1976,PG,Teens,118,Action & Adventure,United States,2,Classic and vintage cinema
s3706,Lola Igna,Movie,2019,TV-14,Teens,114,Comedies,Philippines,0,Contemporary international feature films
s3708,Lolita,Movie,1962,R,Adults,153,Classic Movies,United Kingdom,2,Classic and vintage cinema
s3709,Lommbock,Movie,2017,TV-MA,Adults,106,Comedies,Germany,0,Contemporary international feature films
s3710,London Heist,Movie,2017,R,Adults,96,Action & Adventure,United Kingdom,3,"Short-form US docs, stand-up, and family titles"
s3711,London Hughes: To Catch a D*ck,Movie,2020,TV-MA,Adults,68,Stand-Up Comedy,United States,3,"Short-form US docs, stand-up, and family titles"
s3713,Long Shot,Movie,2017,TV-14,Teens,40,Documentaries,United States,3,"Short-form US docs, stand-up, and family titles"
s3714,Long Time Running,Movie,2017,TV-14,Teens,96,Documentaries,Canada,0,Contemporary international feature films
s3717,Look for a Star,Movie,2009,TV-14,Teens,117,Comedies,Hong Kong,0,Contemporary international feature films
s3718,"Look Out, Officer",Movie,1990,TV-14,Teens,88,Action & Adventure,Hong Kong,1,Mid-catalogue licensed features
s3719,Look Who's Back,Movie,2015,NR,Unrated,116,Comedies,Germany,0,Contemporary international feature films
s3720,Lorai: Play to Live,Movie,2015,TV-14,Teens,155,Dramas,India,0,Contemporary international feature films
s3721,"Lorena, Light-Footed Woman",Movie,2019,TV-G,Kids,28,Documentaries,Mexico,3,"Short-form US docs, stand-up, and family titles"
s3723,Los Herederos,Movie,2015,TV-MA,Adults,71,Dramas,Mexico,0,Contemporary international feature films
s3724,Los Niños Héroes de Chapultepec,Movie,2017,TV-14,Teens,88,Documentaries,Unknown Country,3,"Short-form US docs, stand-up, and family titles"
s3726,Los Tigres del Norte at Folsom Prison,Movie,2019,TV-PG,Adults,64,Documentaries,United States,3,"Short-form US docs, stand-up, and family titles"
s3728,Losing Sight of Shore,Movie,2017,TV-14,Teens,92,Documentaries,United States,3,"Short-form US docs, stand-up, and family titles"
s3730,Lost Bullet,Movie,2020,TV-MA,Adults,93,Action & Adventure,France,0,Contemporary international feature films
s3732,Lost Girls,Movie,2020,R,Adults,95,Dramas,United States,3,"Short-form US docs, stand-up, and family titles"
s3733,Lost in London,Movie,2017,TV-PG,Adults,86,Comedies,Nigeria,0,Contemporary international feature films
s3736,Loudon Wainwright III: Surviving Twin,Movie,2018,TV-14,Teens,92,Music & Musicals,Unknown Country,3,"Short-form US docs, stand-up, and family titles"
s3737,Louis C.K. 2017,Movie,2017,TV-MA,Adults,74,Movies,United States,3,"Short-form US docs, stand-up, and family titles"
s3738,Louis C.K.: Hilarious,Movie,2010,TV-MA,Adults,84,Movies,United States,3,"Short-form US docs, stand-up, and family titles"
s3739,Louis C.K.: Live at the Comedy Store,Movie,2015,TV-MA,Adults,66,Movies,United States,3,"Short-form US docs, stand-up, and family titles"
s3744,Love Aaj Kal,Movie,2020,TV-MA,Adults,140,Dramas,India,0,Contemporary international feature films
s3748,Love and Shukla,Movie,2017,TV-MA,Adults,110,Dramas,India,0,Contemporary international feature films
s3750,Love Beats Rhymes,Movie,2016,R,Adults,106,Dramas,United States,0,Contemporary international feature films
s3753,Love Dot Com: The Social Experiment,Movie,2019,TV-MA,Adults,98,Comedies,United States,3,"Short-form US docs, stand-up, and family titles"
s3755,Love for Sale,Movie,2018,TV-14,Teens,101,Dramas,Indonesia,0,Contemporary international feature films
s3756,Love for Sale 2,Movie,2019,TV-14,Teens,96,Dramas,Indonesia,0,Contemporary international feature films
s3758,Love In A Puff,Movie,2010,TV-MA,Adults,103,Comedies,Hong Kong,0,Contemporary international feature films
s3759,Love Is a Story,Movie,2015,TV-MA,Adults,105,International Movies,Romania,0,Contemporary international feature films
s3760,Love Is Blind,Movie,2019,TV-MA,Adults,93,Dramas,United States,0,Contemporary international feature films
s3762,Love Is War,Movie,2019,TV-14,Teens,111,Comedies,Nigeria,0,Contemporary international feature films
s3763,Love Jacked,Movie,2018,PG-13,Teens,94,Comedies,Canada,0,Contemporary international feature films
s3764,Love Jones,Movie,1997,R,Adults,109,Comedies,United States,1,Mid-catalogue licensed features
s3765,Love Like the Falling Rain,Movie,2020,TV-14,Teens,87,Dramas,Indonesia,0,Contemporary international feature films
s3768,Love Ni Bhavai,Movie,2017,TV-14,Teens,163,Comedies,India,0,Contemporary international feature films
s3770,Love O2O,Movie,2016,TV-14,Teens,103,International Movies,China,0,Contemporary international feature films
s3771,Love Off the Cuff,Movie,2017,TV-MA,Adults,120,Comedies,China,0,Contemporary international feature films
s3772,Love on Delivery,Movie,1994,TV-14,Teens,93,Action & Adventure,Hong Kong,1,Mid-catalogue licensed features
s3774,Love Per Square Foot,Movie,2018,TV-14,Teens,133,Comedies,India,0,Contemporary international feature films
s3777,Love Shot,Movie,2018,TV-MA,Adults,77,Dramas,United States,3,"Short-form US docs, stand-up, and family titles"
s3778,Love Station,Movie,2011,TV-14,Teens,97,Comedies,Egypt,0,Contemporary international feature films
s3780,Love Wedding Repeat,Movie,2020,TV-MA,Adults,101,Comedies,United Kingdom,0,Contemporary international feature films
s3781,Love You to the Stars and Back,Movie,2017,TV-14,Teens,111,Comedies,Philippines,0,Contemporary international feature films
s3782,Love You... Love You Not,Movie,2015,TV-14,Teens,115,Comedies,Indonesia,0,Contemporary international feature films
s3786,"Love, Guaranteed",Movie,2020,TV-PG,Adults,91,Comedies,United States,0,Contemporary international feature films
s3787,"Love, Rosie",Movie,2014,R,Adults,103,Comedies,Germany,0,Contemporary international feature films
s3788,"Love, Surreal and Odd",Movie,2017,TV-14,Teens,95,Comedies,Turkey,0,Contemporary international feature films
s3789,Love.com,Movie,2017,TV-MA,Adults,92,Comedies,Brazil,0,Contemporary international feature films
s3791,Lovesong,Movie,2016,TV-MA,Adults,84,Dramas,United States,0,Contemporary international feature films
s3793,LoveTrue,Movie,2016,TV-MA,Adults,82,Documentaries,United States,3,"Short-form US docs, stand-up, and family titles"
s3794,Loving,Movie,2016,PG-13,Teens,124,Dramas,United Kingdom,0,Contemporary international feature films
s3795,Loving Annabelle,Movie,2006,TV-MA,Adults,77,Dramas,United States,1,Mid-catalogue licensed features
s3796,Loving is Losing,Movie,2019,TV-MA,Adults,91,Comedies,Colombia,0,Contemporary international feature films
s3797,Loving You,Movie,1995,TV-14,Teens,79,Dramas,Hong Kong,1,Mid-catalogue licensed features
s3798,"LSD: Love, Sex Aur Dhokha",Movie,2010,TV-MA,Adults,112,Dramas,India,0,Contemporary international feature films
s3799,Lu Over the Wall,Movie,2017,PG,Teens,113,Anime Features,Japan,0,Contemporary international feature films
s3800,Lucas Brothers: On Drugs,Movie,2017,TV-MA,Adults,50,Stand-Up Comedy,United States,3,"Short-form US docs, stand-up, and family titles"
s3801,Luccas Neto em: Acampamento de Férias 2,Movie,2020,TV-G,Kids,81,Children & Family Movies,Brazil,0,Contemporary international feature films
s3802,Luccas Neto in: Children's Day,Movie,2019,TV-G,Kids,81,Children & Family Movies,Unknown Country,3,"Short-form US docs, stand-up, and family titles"
s3803,Luccas Neto in: Summer Camp,Movie,2019,TV-G,Kids,87,Children & Family Movies,Brazil,0,Contemporary international feature films
s3804,Luccas Neto in: The End of Christmas,Movie,2019,TV-Y,Kids,71,Children & Family Movies,Brazil,0,Contemporary international feature films
s3805,Lucha: Playing the Impossible,Movie,2016,TV-PG,Adults,98,Documentaries,Argentina,0,Contemporary international feature films
s3806,Luciano Mellera: Infantiloide,Movie,2018,TV-14,Teens,66,Stand-Up Comedy,Argentina,3,"Short-form US docs, stand-up, and family titles"
s3807,Lucid Dream,Movie,2017,TV-MA,Adults,102,International Movies,South Korea,0,Contemporary international feature films
s3809,Luck by Chance,Movie,2009,TV-14,Teens,156,Dramas,India,1,Mid-catalogue licensed features
s3810,Luckee,Movie,2019,TV-14,Teens,113,Comedies,India,0,Contemporary international feature films
s3811,Lucknow Central,Movie,2017,TV-14,Teens,144,Dramas,India,0,Contemporary international feature films
s3813,Lucky: No Time for Love,Movie,2005,TV-14,Teens,131,Dramas,India,1,Mid-catalogue licensed features
s3814,Ludo,Movie,2020,TV-MA,Adults,150,Comedies,India,0,Contemporary international feature films
s3817,Luka Chuppi,Movie,2019,TV-PG,Adults,125,Comedies,India,0,Contemporary international feature films
s3824,Lupin the 3rd: The Castle of Cagliostro: Special Edition,Movie,1979,PG-13,Teens,100,Action & Adventure,Japan,2,Classic and vintage cinema
s3825,Lupt,Movie,2018,TV-14,Teens,110,Horror Movies,India,0,Contemporary international feature films
s3826,Lusers,Movie,2015,TV-MA,Adults,100,Comedies,Argentina,0,Contemporary international feature films
s3827,Lust Stories,Movie,2018,TV-MA,Adults,121,Comedies,India,0,Contemporary international feature films
s3828,Luv Shuv Tey Chicken Khurana,Movie,2012,TV-14,Teens,129,Comedies,India,0,Contemporary international feature films
s3829,Lynne Koplitz: Hormonal Beast,Movie,2017,TV-MA,Adults,51,Stand-Up Comedy,United States,3,"Short-form US docs, stand-up, and family titles"
s3830,Ma Chu Ka,Movie,2017,TV-14,Teens,117,International Movies,India,0,Contemporary international feature films
s3831,Ma Rainey's Black Bottom,Movie,2020,R,Adults,94,Dramas,United States,3,"Short-form US docs, stand-up, and family titles"
s3832,Ma Rainey's Black Bottom: A Legacy Brought to Screen,Movie,2020,TV-PG,Adults,32,Documentaries,Unknown Country,3,"Short-form US docs, stand-up, and family titles"
s3833,Maacher Jhol,Movie,2017,TV-PG,Adults,107,Dramas,India,0,Contemporary international feature films
s3834,Mac & Devin Go to High School,Movie,2012,R,Adults,76,Comedies,United States,3,"Short-form US docs, stand-up, and family titles"
s3835,Macchli Jal Ki Rani Hai,Movie,2014,TV-MA,Adults,118,Horror Movies,India,0,Contemporary international feature films
s3836,Machete Kills,Movie,2013,R,Adults,108,Action & Adventure,United States,3,"Short-form US docs, stand-up, and family titles"
s3837,Macho,Movie,2016,TV-MA,Adults,101,Comedies,Mexico,0,Contemporary international feature films
s3838,Mad Max,Movie,1979,R,Adults,93,Action & Adventure,Australia,2,Classic and vintage cinema
s3840,Mad Money,Movie,2008,PG-13,Teens,99,Comedies,United States,1,Mid-catalogue licensed features
s3841,Mad Ron's Prevues from Hell,Movie,1987,NR,Unrated,84,Cult Movies,United States,1,Mid-catalogue licensed features
s3842,Mad World,Movie,2016,TV-MA,Adults,102,Dramas,Hong Kong,0,Contemporary international feature films
s3843,Madaari,Movie,2016,TV-14,Teens,134,Dramas,India,0,Contemporary international feature films
s3844,Madagascar: Escape 2 Africa,Movie,2008,PG,Teens,91,Children & Family Movies,United States,1,Mid-catalogue licensed features
s3846,Maddman: The Steve Madden Story,Movie,2017,TV-MA,Adults,78,Documentaries,United States,3,"Short-form US docs, stand-up, and family titles"
s3847,Made in China,Movie,2019,TV-MA,Adults,128,Comedies,India,0,Contemporary international feature films
s3849,Madness in the Desert,Movie,2004,TV-14,Teens,141,Documentaries,India,1,Mid-catalogue licensed features
s3850,Madras Café,Movie,2013,TV-14,Teens,128,Dramas,India,0,Contemporary international feature films
s3851,Madre,Movie,2016,TV-MA,Adults,95,International Movies,Chile,0,Contemporary international feature films
s3857,Magic Snowflake,Movie,2013,TV-Y,Kids,73,Children & Family Movies,France,3,"Short-form US docs, stand-up, and family titles"
s3859,Magnetic,Movie,2018,TV-14,Teens,110,Action & Adventure,France,0,Contemporary international feature films
s3860,Magnificent,Movie,2015,TV-14,Teens,143,Comedies,India,0,Contemporary international feature films
s3861,Magnolia,Movie,1999,R,Adults,189,Dramas,United States,1,Mid-catalogue licensed features
s3862,Magnus,Movie,2016,TV-PG,Adults,75,Children & Family Movies,Norway,0,Contemporary international feature films
s3863,Mahabharat,Movie,2013,TV-14,Teens,119,Action & Adventure,India,0,Contemporary international feature films
s3864,Maharaja: The Story of Ranjit Singh,Movie,2010,TV-14,Teens,56,Dramas,Unknown Country,3,"Short-form US docs, stand-up, and family titles"
s3867,Mahi NRI,Movie,2017,TV-14,Teens,134,Comedies,United Kingdom,0,Contemporary international feature films
s3869,Mahjong Heroes,Movie,1981,TV-PG,Adults,92,Comedies,Hong Kong,2,Classic and vintage cinema
s3872,Main aurr Mrs. Khanna,Movie,2009,TV-14,Teens,109,International Movies,India,0,Contemporary international feature films
s3873,Main Hoon Na,Movie,2004,TV-14,Teens,171,Action & Adventure,India,1,Mid-catalogue licensed features
s3874,"Main, Meri Patni Aur Woh",Movie,2005,TV-PG,Adults,129,Comedies,India,1,Mid-catalogue licensed features
s3875,Maine Pyaar Kyun Kiya,Movie,2005,TV-14,Teens,137,Comedies,India,1,Mid-catalogue licensed features
s3876,Maine Pyar Kiya,Movie,1989,TV-PG,Adults,192,Dramas,India,1,Mid-catalogue licensed features
s3879,Making The Witcher,Movie,2020,TV-MA,Adults,33,Documentaries,United States,3,"Short-form US docs, stand-up, and family titles"
s3880,Making Unorthodox,Movie,2020,TV-G,Kids,21,Documentaries,Germany,3,"Short-form US docs, stand-up, and family titles"
s3882,Maktub,Movie,2018,TV-MA,Adults,106,Comedies,Israel,0,Contemporary international feature films
s3883,Mala Kahich Problem Nahi,Movie,2017,TV-PG,Adults,132,Dramas,India,0,Contemporary international feature films
s3884,Malaal,Movie,2019,TV-14,Teens,133,Dramas,India,0,Contemporary international feature films
s3885,Malang,Movie,2020,TV-MA,Adults,131,Action & Adventure,India,0,Contemporary international feature films
s3886,Malena Pichot: Estupidez compleja,Movie,2018,TV-MA,Adults,51,Stand-Up Comedy,Argentina,3,"Short-form US docs, stand-up, and family titles"
s3887,Malevolent,Movie,2018,TV-MA,Adults,89,Horror Movies,United Kingdom,3,"Short-form US docs, stand-up, and family titles"
s3888,Malibu Rescue,Movie,2019,TV-G,Kids,70,Children & Family Movies,United States,3,"Short-form US docs, stand-up, and family titles"
s3889,Malibu Rescue: The Next Wave,Movie,2020,TV-G,Kids,71,Children & Family Movies,United States,3,"Short-form US docs, stand-up, and family titles"
s3891,Malicious,Movie,2018,TV-MA,Adults,91,Horror Movies,United States,3,"Short-form US docs, stand-up, and family titles"
s3892,Mallesham,Movie,2019,TV-PG,Adults,131,Dramas,India,0,Contemporary international feature films
s3893,Mama's Boy,Movie,2018,TV-14,Teens,101,Comedies,Egypt,0,Contemporary international feature films
s3896,Man of Tai Chi,Movie,2013,R,Adults,105,Action & Adventure,United States,0,Contemporary international feature films
s3898,Man Up,Movie,2015,R,Adults,88,Comedies,United Kingdom,0,Contemporary international feature films
s3901,Mandi,Movie,1983,TV-MA,Adults,155,Dramas,India,2,Classic and vintage cinema
s3902,Mandobasar Galpo,Movie,2017,TV-14,Teens,103,Dramas,India,0,Contemporary international feature films
s3903,Manglehorn,Movie,2014,PG-13,Teens,97,Dramas,United States,3,"Short-form US docs, stand-up, and family titles"
s3904,Mango Dreams,Movie,2016,TV-14,Teens,92,Dramas,United States,3,"Short-form US docs, stand-up, and family titles"
s3905,Manhattan Romance,Movie,2014,TV-14,Teens,98,Comedies,United States,0,Contemporary international feature films
s3906,Manhunt,Movie,2017,TV-MA,Adults,109,Action & Adventure,China,0,Contemporary international feature films
s3909,Maniyarayile Ashokan,Movie,2020,TV-14,Teens,110,Comedies,India,0,Contemporary international feature films
s3910,Manje Bistre,Movie,2017,TV-14,Teens,136,Comedies,India,0,Contemporary international feature films
s3911,MANK,Movie,2020,R,Adults,133,Dramas,United States,0,Contemporary international feature films
s3912,Manmadhudu 2,Movie,2019,TV-MA,Adults,152,Comedies,India,0,Contemporary international feature films
s3913,Mann,Movie,1999,TV-14,Teens,173,Dramas,India,1,Mid-catalogue licensed features
s3914,Manolo: The Boy Who Made Shoes for Lizards,Movie,2017,TV-MA,Adults,89,Documentaries,United Kingdom,3,"Short-form US docs, stand-up, and family titles"
s3915,Manorama Six Feet Under,Movie,2007,TV-14,Teens,129,Dramas,India,1,Mid-catalogue licensed features
s3916,Manoranjan,Movie,1974,TV-14,Teens,162,Comedies,India,2,Classic and vintage cinema
s3917,Mansfield Park,Movie,1999,PG-13,Teens,112,Comedies,United Kingdom,1,Mid-catalogue licensed features
s3918,Manson Family Vacation,Movie,2015,TV-MA,Adults,85,Comedies,United States,0,Contemporary international feature films
s3919,Manto,Movie,2018,TV-MA,Adults,114,Dramas,India,0,Contemporary international feature films
s3920,Mantostaan,Movie,2017,TV-MA,Adults,75,Dramas,India,0,Contemporary international feature films
s3921,Mantra,Movie,2017,TV-14,Teens,89,Dramas,India,0,Contemporary international feature films
s3922,Manu,Movie,2018,TV-14,Teens,177,Dramas,India,0,Contemporary international feature films
s3923,Manusangada,Movie,2017,TV-14,Teens,93,Dramas,India,0,Contemporary international feature films
s3924,Maps to the Stars,Movie,2014,R,Adults,112,Comedies,Canada,0,Contemporary international feature films
s3926,Mara,Movie,2017,TV-MA,Adults,99,Horror Movies,United Kingdom,3,"Short-form US docs, stand-up, and family titles"
s3928,Marauders,Movie,2016,R,Adults,107,Action & Adventure,Canada,3,"Short-form US docs, stand-up, and family titles"
s3929,Marc Maron: End Times Fun,Movie,2020,TV-MA,Adults,71,Stand-Up Comedy,United States,3,"Short-form US docs, stand-up, and family titles"
s3930,Marc Maron: Thinky Pain,Movie,2013,TV-MA,Adults,95,Stand-Up Comedy,United States,3,"Short-form US docs, stand-up, and family titles"
s3931,Marc Maron: Too Real,Movie,2017,TV-MA,Adults,70,Stand-Up Comedy,United States,3,"Short-form US docs, stand-up, and family titles"
s3935,Marco Luque: Tamo Junto,Movie,2017,TV-MA,Adults,73,Stand-Up Comedy,Brazil,3,"Short-form US docs, stand-up, and family titles"
s3937,Marco Polo: One Hundred Eyes,Movie,2015,TV-MA,Adults,29,Movies,United States,3,"Short-form US docs, stand-up, and family titles"
s3938,Maria,Movie,2019,TV-MA,Adults,90,Action & Adventure,Philippines,0,Contemporary international feature films
s3939,Maria Bamford: Old Baby,Movie,2017,TV-MA,Adults,64,Stand-Up Comedy,United States,3,"Short-form US docs, stand-up, and family titles"
s3940,Maria Bamford: The Special Special Special,Movie,2012,TV-MA,Adults,50,Stand-Up Comedy,United States,3,"Short-form US docs, stand-up, and family titles"
s3941,Mariah Carey's Merriest Christmas,Movie,2015,TV-G,Kids,38,Children & Family Movies,United States,3,"Short-form US docs, stand-up, and family titles"
s3943,"Mariusz Kałamaga, Karol Kopiec, Wiolka Walaszczyk Hilarious Trio",Movie,2016,TV-MA,Adults,69,Stand-Up Comedy,Unknown Country,3,"Short-form US docs, stand-up, and family titles"
s3944,Mark Gatiss: A Study in Sherlock,Movie,2016,TV-14,Teens,29,Movies,Unknown Country,3,"Short-form US docs, stand-up, and family titles"
s3946,Marlon Wayans: Woke-ish,Movie,2018,TV-MA,Adults,67,Stand-Up Comedy,United States,3,"Short-form US docs, stand-up, and family titles"
s3948,Maroon,Movie,2016,TV-MA,Adults,94,Dramas,India,0,Contemporary international feature films
s3949,Marriage Palace,Movie,2018,TV-14,Teens,135,Comedies,India,0,Contemporary international feature films
s3950,Marriage Story,Movie,2019,R,Adults,137,Dramas,United Kingdom,0,Contemporary international feature films
s3954,Martial Arts of Shaolin,Movie,1986,R,Adults,90,Action & Adventure,Hong Kong,2,Classic and vintage cinema
s3955,Martin Lawrence Live: Runteldat,Movie,2002,R,Adults,104,Stand-Up Comedy,United States,1,Mid-catalogue licensed features
s3956,Martin Luther: The Idea that Changed the World,Movie,2017,TV-PG,Adults,55,Documentaries,United States,3,"Short-form US docs, stand-up, and family titles"
s3957,"Martin Matte: La vie, la mort...eh la la..!",Movie,2019,TV-14,Teens,62,Stand-Up Comedy,Canada,3,"Short-form US docs, stand-up, and family titles"
s3958,Martyrs of Marriage,Movie,2016,TV-14,Teens,83,Documentaries,India,3,"Short-form US docs, stand-up, and family titles"
s3959,Marvel & ESPN Films Present: 1 of 1: Genesis,Movie,2014,TV-PG,Adults,77,Documentaries,Unknown Country,3,"Short-form US docs, stand-up, and family titles"
s3962,Marvel Super Hero Adventures: Frost Fight!,Movie,2015,PG,Teens,74,Children & Family Movies,United States,3,"Short-form US docs, stand-up, and family titles"
s3965,Marvel's Hulk: Where Monsters Dwell,Movie,2016,PG,Teens,75,Children & Family Movies,United States,3,"Short-form US docs, stand-up, and family titles"
s3967,Marvel's Iron Man & Hulk: Heroes United,Movie,2013,PG,Teens,72,Action & Adventure,United States,3,"Short-form US docs, stand-up, and family titles"
s3972,Mary and the Witch's Flower,Movie,2017,PG,Teens,103,Anime Features,Japan,0,Contemporary international feature films
s3973,Mary Kom,Movie,2014,TV-PG,Adults,120,Dramas,India,0,Contemporary international feature films
s3974,Mary Poppins Returns,Movie,2018,PG,Teens,131,Children & Family Movies,United States,0,Contemporary international feature films
s3977,Masameer - The Movie,Movie,2020,TV-14,Teens,100,Comedies,Saudi Arabia,0,Contemporary international feature films
s3979,Mascots,Movie,2016,TV-MA,Adults,95,Comedies,United States,3,"Short-form US docs, stand-up, and family titles"
s3983,Maska,Movie,2020,TV-MA,Adults,112,Comedies,India,0,Contemporary international feature films
s3984,Masoom,Movie,1983,TV-14,Teens,138,Dramas,India,2,Classic and vintage cinema
s3985,Master,Movie,2016,NR,Unrated,143,Action & Adventure,South Korea,0,Contemporary international feature films
s3987,Master Z: The Ip Man Legacy,Movie,2018,TV-14,Teens,108,Action & Adventure,Hong Kong,0,Contemporary international feature films
s3988,Match,Movie,2017,TV-14,Teens,91,Dramas,Unknown Country,0,Contemporary international feature films
s3989,Mater,Movie,2017,TV-MA,Adults,80,Dramas,Argentina,0,Contemporary international feature films
s3990,Material,Movie,2012,TV-14,Teens,94,Comedies,South Africa,0,Contemporary international feature films
s3991,Matichya Chuli,Movie,2006,TV-14,Teens,132,Comedies,India,1,Mid-catalogue licensed features
s3992,Mau Nieto: Viviendo sobrio… desde el bar,Movie,2018,TV-MA,Adults,57,Stand-Up Comedy,Mexico,3,"Short-form US docs, stand-up, and family titles"
s3993,Mauli,Movie,2018,TV-14,Teens,136,Action & Adventure,India,0,Contemporary international feature films
s3994,Maurício Meirelles: Generating Chaos,Movie,2020,TV-MA,Adults,63,Stand-Up Comedy,Brazil,3,"Short-form US docs, stand-up, and family titles"
s3995,Max Rose,Movie,2013,TV-14,Teens,84,Dramas,United States,3,"Short-form US docs, stand-up, and family titles"
s3996,May the Devil Take You,Movie,2018,TV-MA,Adults,111,Horror Movies,Indonesia,0,Contemporary international feature films
s3997,May We Chat,Movie,2014,TV-MA,Adults,99,Dramas,Hong Kong,0,Contemporary international feature films
s3998,May You Prosper,Movie,2017,TV-14,Teens,93,Comedies,Egypt,0,Contemporary international feature films
s3999,Maya Angelou: And Still I Rise,Movie,2016,TV-PG,Adults,114,Documentaries,United States,3,"Short-form US docs, stand-up, and family titles"
s4000,Maya Memsaab,Movie,1993,TV-14,Teens,122,Dramas,France,1,Mid-catalogue licensed features
s4001,Mayday Life,Movie,2019,TV-PG,Adults,120,International Movies,China,0,Contemporary international feature films
s4002,Maynard,Movie,2017,TV-PG,Adults,100,Documentaries,United States,3,"Short-form US docs, stand-up, and family titles"
s4003,Maz Jobrani: Immigrant,Movie,2017,TV-14,Teens,67,Stand-Up Comedy,Unknown Country,3,"Short-form US docs, stand-up, and family titles"
s4004,Maza Pati Karodpati,Movie,1988,TV-PG,Adults,132,Comedies,India,2,Classic and vintage cinema
s4005,Me and the Alien,Movie,2016,TV-MA,Adults,83,Comedies,Mexico,0,Contemporary international feature films
s4006,Mea Culpa,Movie,2017,TV-MA,Adults,54,Stand-Up Comedy,Mexico,3,"Short-form US docs, stand-up, and family titles"
s4007,Mean Dreams,Movie,2016,R,Adults,105,Dramas,Canada,0,Contemporary international feature films
s4008,Mean Girls 2,Movie,2011,PG-13,Teens,98,Comedies,United States,3,"Short-form US docs, stand-up, and family titles"
s4009,Mean Streets,Movie,1973,R,Adults,112,Classic Movies,United States,2,Classic and vintage cinema
s4014,Meditation Park,Movie,2017,TV-PG,Adults,94,Dramas,Canada,3,"Short-form US docs, stand-up, and family titles"
s4015,Medium,Movie,1985,TV-MA,Adults,90,Horror Movies,Poland,2,Classic and vintage cinema
s4017,Meet the In-Laws,Movie,2017,TV-PG,Adults,75,Comedies,Nigeria,0,Contemporary international feature films
s4018,Meet the Trumps: From Immigrant to President,Movie,2017,TV-14,Teens,48,Documentaries,United Kingdom,3,"Short-form US docs, stand-up, and family titles"
s4022,Meghnadbodh Rohoshyo,Movie,2017,TV-MA,Adults,150,Dramas,India,0,Contemporary international feature films
s4023,Mehandi Circus,Movie,2019,TV-MA,Adults,126,Dramas,India,0,Contemporary international feature films
s4024,Melle,Movie,2017,TV-PG,Adults,110,Dramas,India,0,Contemporary international feature films
s4026,Melvin Goes to Dinner,Movie,2003,R,Adults,84,Comedies,United States,1,Mid-catalogue licensed features
s4027,Memoir of a Murderer,Movie,2017,TV-MA,Adults,118,Dramas,South Korea,0,Contemporary international feature films
s4028,Memories of a Teenager,Movie,2019,TV-MA,Adults,97,Dramas,Argentina,0,Contemporary international feature films
s4030,Memory Games,Movie,2018,TV-14,Teens,86,Documentaries,Germany,3,"Short-form US docs, stand-up, and family titles"
s4032,Men in Black,Movie,1997,PG-13,Teens,98,Action & Adventure,United States,1,Mid-catalogue licensed features
s4033,Men in Black II,Movie,2002,PG-13,Teens,88,Action & Adventure,United States,1,Mid-catalogue licensed features
s4035,Menahi,Movie,2008,TV-14,Teens,101,Comedies,Saudi Arabia,1,Mid-catalogue licensed features
s4036,Menashe,Movie,2017,PG,Teens,82,Dramas,United States,3,"Short-form US docs, stand-up, and family titles"
s4037,Menorca,Movie,2016,TV-MA,Adults,81,Dramas,Canada,0,Contemporary international feature films
s4038,Merantau,Movie,2009,R,Adults,112,Action & Adventure,Indonesia,0,Contemporary international feature films
s4039,Merata: How Mum Decolonised the Screen,Movie,2018,TV-14,Teens,88,Documentaries,New Zealand,3,"Short-form US docs, stand-up, and family titles"
s4040,Mercenary,Movie,2016,TV-MA,Adults,99,Dramas,France,0,Contemporary international feature films
s4041,Mercury 13,Movie,2018,TV-PG,Adults,79,Documentaries,United States,3,"Short-form US docs, stand-up, and family titles"
s4042,Mercy,Movie,2016,TV-MA,Adults,88,Dramas,United States,3,"Short-form US docs, stand-up, and family titles"
s4043,Mercy Black,Movie,2019,TV-14,Teens,88,Horror Movies,United States,3,"Short-form US docs, stand-up, and family titles"
s4045,Mere Pyare Prime Minister,Movie,2019,TV-MA,Adults,103,Dramas,India,0,Contemporary international feature films
s4046,Merku Thodarchi Malai,Movie,2018,TV-MA,Adults,115,Dramas,India,0,Contemporary international feature films
s4050,Merry Men 2: Another Mission,Movie,2019,TV-MA,Adults,115,Comedies,Nigeria,0,Contemporary international feature films
s4051,Merry Men: The Real Yoruba Demons,Movie,2018,TV-MA,Adults,106,Comedies,Nigeria,0,Contemporary international feature films
s4052,Mersal,Movie,2017,TV-14,Teens,162,Action & Adventure,India,0,Contemporary international feature films
s4053,Message from the King,Movie,2017,TV-MA,Adults,103,Independent Movies,United Kingdom,0,Contemporary international feature films
s4055,Metallica Through The Never,Movie,2013,R,Adults,93,Music & Musicals,United States,3,"Short-form US docs, stand-up, and family titles"
s4058,Metro,Movie,2016,TV-14,Teens,116,Dramas,India,0,Contemporary international feature films
s4059,Mexicanos de Bronce,Movie,2016,TV-MA,Adults,100,Documentaries,Mexico,0,Contemporary international feature films
s4061,MFKZ,Movie,2017,R,Adults,95,Action & Adventure,France,0,Contemporary international feature films
s4062,Mi amigo Alexis,Movie,2019,TV-PG,Adults,102,Children & Family Movies,Chile,0,Contemporary international feature films
s4063,Mi Obra Maestra,Movie,2018,TV-MA,Adults,105,Comedies,Argentina,0,Contemporary international feature films
s4064,Mi Shivajiraje Bhosale Boltoy,Movie,2009,TV-14,Teens,148,Comedies,India,1,Mid-catalogue licensed features
s4065,MI-5,Movie,2015,R,Adults,105,Action & Adventure,United Kingdom,0,Contemporary international feature films
s4067,Michael,Movie,2011,TV-MA,Adults,86,Dramas,India,0,Contemporary international feature films
s4068,"Michael Bolton's Big, Sexy Valentine's Day Special",Movie,2017,TV-MA,Adults,54,Comedies,United States,3,"Short-form US docs, stand-up, and family titles"
s4069,Michael Che Matters,Movie,2016,TV-MA,Adults,61,Stand-Up Comedy,United States,3,"Short-form US docs, stand-up, and family titles"
s4070,Michael Lost and Found,Movie,2017,TV-PG,Adults,19,Documentaries,Canada,3,"Short-form US docs, stand-up, and family titles"
s4071,Michael McIntyre: Showman,Movie,2020,TV-MA,Adults,63,Stand-Up Comedy,United Kingdom,3,"Short-form US docs, stand-up, and family titles"
s4072,Michelle Buteau: Welcome to Buteaupia,Movie,2020,TV-MA,Adults,59,Stand-Up Comedy,United States,3,"Short-form US docs, stand-up, and family titles"
s4073,Michelle Wolf: Joke Show,Movie,2019,TV-MA,Adults,60,Stand-Up Comedy,United States,3,"Short-form US docs, stand-up, and family titles"
s4074,Middle Men,Movie,2009,R,Adults,113,Comedies,United States,1,Mid-catalogue licensed features
s4075,Middle School: The Worst Years of My Life,Movie,2016,PG,Teens,92,Children & Family Movies,United States,3,"Short-form US docs, stand-up, and family titles"
s4077,Midnight at the Magnolia,Movie,2020,TV-G,Kids,87,Comedies,Canada,3,"Short-form US docs, stand-up, and family titles"
s4081,Midnight Special,Movie,2016,PG-13,Teens,112,Action & Adventure,United States,0,Contemporary international feature films
s4083,Mighty Express: A Mighty Christmas,Movie,2020,TV-Y,Kids,26,Children & Family Movies,Canada,3,"Short-form US docs, stand-up, and family titles"
s4090,Mighty Raju Rio Calling,Movie,2014,TV-Y7,Teens,97,Children & Family Movies,India,0,Contemporary international feature films
s4091,Mike Birbiglia: My Girlfriend's Boyfriend,Movie,2013,TV-14,Teens,76,Stand-Up Comedy,United States,3,"Short-form US docs, stand-up, and family titles"
s4092,Mike Birbiglia: Thank God for Jokes,Movie,2017,TV-MA,Adults,71,Stand-Up Comedy,United States,3,"Short-form US docs, stand-up, and family titles"
s4093,Mike Birbiglia: The New One,Movie,2019,TV-MA,Adults,86,Stand-Up Comedy,United States,3,"Short-form US docs, stand-up, and family titles"
s4094,Mike Birbiglia: What I Should Have Said Was Nothing: Tales from My Secret Public Journal,Movie,2008,TV-MA,Adults,56,Stand-Up Comedy,United States,3,"Short-form US docs, stand-up, and family titles"
s4095,Mike Epps: Don't Take It Personal,Movie,2015,TV-MA,Adults,60,Stand-Up Comedy,United States,3,"Short-form US docs, stand-up, and family titles"
s4096,Mike Epps: Only One Mike,Movie,2019,TV-MA,Adults,63,Stand-Up Comedy,United States,3,"Short-form US docs, stand-up, and family titles"
s4097,Milada,Movie,2017,TV-14,Teens,124,Dramas,Czech Republic,0,Contemporary international feature films
s4098,Mile 22,Movie,2018,R,Adults,94,Action & Adventure,United States,3,"Short-form US docs, stand-up, and family titles"
s4099,Milea,Movie,2020,TV-14,Teens,100,Dramas,Indonesia,0,Contemporary international feature films
s4100,Miles Davis: Birth of the Cool,Movie,2019,TV-MA,Adults,115,Documentaries,United States,3,"Short-form US docs, stand-up, and family titles"
s4101,MILF,Movie,2018,TV-MA,Adults,102,Comedies,France,0,Contemporary international feature films
s4102,Milk,Movie,2008,R,Adults,128,Dramas,United States,1,Mid-catalogue licensed features
s4108,MindGamers,Movie,2017,R,Adults,99,International Movies,Austria,0,Contemporary international feature films
s4109,Mindhorn,Movie,2017,TV-MA,Adults,88,Comedies,United Kingdom,0,Contemporary international feature films
s4111,Mine,Movie,2016,TV-14,Teens,106,Dramas,United States,0,Contemporary international feature films
s4112,Mine 9,Movie,2019,TV-MA,Adults,83,Dramas,United States,3,"Short-form US docs, stand-up, and family titles"
s4117,Minimalism: A Documentary About the Important Things,Movie,2016,TV-14,Teens,78,Documentaries,United States,3,"Short-form US docs, stand-up, and family titles"
s4118,Minnaminugu the FireFly,Movie,2017,TV-14,Teens,128,Dramas,India,0,Contemporary international feature films
s4120,Miracle,Movie,2004,PG,Teens,136,Children & Family Movies,Canada,1,Mid-catalogue licensed features
s4121,Miracle in Cell No. 7,Movie,2019,TV-14,Teens,132,Dramas,Turkey,0,Contemporary international feature films
s4123,Mirage,Movie,2018,TV-MA,Adults,129,Dramas,Spain,0,Contemporary international feature films
s4124,Mirai,Movie,2018,PG,Teens,98,Action & Adventure,Japan,0,Contemporary international feature films
s4125,Miranda Sings Live…Your Welcome,Movie,2019,TV-14,Teens,62,Stand-Up Comedy,United States,3,"Short-form US docs, stand-up, and family titles"
s4126,Mirror Mirror,Movie,2012,PG,Teens,106,Children & Family Movies,United States,0,Contemporary international feature films
s4127,Mirzya,Movie,2016,TV-MA,Adults,129,Dramas,India,0,Contemporary international feature films
s4129,Mischief,Movie,2019,TV-PG,Adults,120,Comedies,India,0,Contemporary international feature films
s4130,Misfit,Movie,2017,TV-14,Teens,81,Children & Family Movies,Netherlands,0,Contemporary international feature films
s4131,Misfit 2,Movie,2019,TV-G,Kids,82,Children & Family Movies,Netherlands,0,Contemporary international feature films
s4133,Miss Americana,Movie,2020,TV-MA,Adults,85,Documentaries,United States,3,"Short-form US docs, stand-up, and family titles"
s4136,Miss Hokusai,Movie,2015,PG-13,Teens,90,Anime Features,Japan,3,"Short-form US docs, stand-up, and family titles"
s4138,Miss India,Movie,2020,TV-PG,Adults,136,Dramas,India,0,Contemporary international feature films
s4139,Miss J Contemplates Her Choice,Movie,2014,TV-MA,Adults,89,Dramas,Singapore,0,Contemporary international feature films
s4140,Miss Julie,Movie,2014,PG-13,Teens,130,Dramas,Norway,0,Contemporary international feature films
s4141,Miss Me This Christmas,Movie,2017,TV-14,Teens,85,Romantic Movies,United States,3,"Short-form US docs, stand-up, and family titles"
s4143,Miss Representation,Movie,2011,NR,Unrated,90,Documentaries,United States,3,"Short-form US docs, stand-up, and family titles"
s4145,Miss Sharon Jones!,Movie,2015,TV-MA,Adults,94,Documentaries,United States,3,"Short-form US docs, stand-up, and family titles"
s4146,Miss Stevens,Movie,2016,NR,Unrated,86,Dramas,United States,3,"Short-form US docs, stand-up, and family titles"
s4147,Miss Virginia,Movie,2019,TV-MA,Adults,102,Dramas,United States,3,"Short-form US docs, stand-up, and family titles"
s4148,Mission Blue,Movie,2014,TV-PG,Adults,94,Documentaries,United States,3,"Short-form US docs, stand-up, and family titles"
s4149,Mission Control: The Unsung Heroes of Apollo,Movie,2017,TV-14,Teens,100,Documentaries,United States,3,"Short-form US docs, stand-up, and family titles"
s4150,Mission Istaanbul: Darr Ke Aagey Jeet Hai,Movie,2008,TV-MA,Adults,119,Action & Adventure,India,1,Mid-catalogue licensed features
s4151,Mission of Honor,Movie,2018,TV-MA,Adults,107,Action & Adventure,United Kingdom,0,Contemporary international feature films
s4152,Mission: Destroy Love,Movie,2014,TV-PG,Adults,93,Comedies,Malaysia,0,Contemporary international feature films
s4153,Mississippi Grind,Movie,2015,R,Adults,109,Dramas,United States,0,Contemporary international feature films
s4154,Mitt,Movie,2014,TV-PG,Adults,93,Documentaries,United States,3,"Short-form US docs, stand-up, and family titles"
s4155,Mo Amer: The Vagabond,Movie,2018,TV-MA,Adults,57,Stand-Up Comedy,United States,3,"Short-form US docs, stand-up, and family titles"
s4156,Mo Gilligan: Momentum,Movie,2019,TV-MA,Adults,64,Stand-Up Comedy,United Kingdom,3,"Short-form US docs, stand-up, and family titles"
s4160,Modest Heroes: Ponoc Short Films Theatre,Movie,2018,PG,Teens,54,Anime Features,Japan,3,"Short-form US docs, stand-up, and family titles"
s4162,Moh Maya Money,Movie,2016,TV-MA,Adults,109,Dramas,India,0,Contemporary international feature films
s4163,Mohamed Hussein,Movie,2019,TV-14,Teens,96,Comedies,Egypt,0,Contemporary international feature films
s4164,Mohawk,Movie,2017,TV-MA,Adults,92,Action & Adventure,United States,0,Contemporary international feature films
s4165,Mohenjo Daro,Movie,2016,TV-14,Teens,168,Action & Adventure,India,0,Contemporary international feature films
s4166,Mojave,Movie,2015,R,Adults,93,Dramas,United States,0,Contemporary international feature films
s4167,Mokalik (Mechanic),Movie,2019,TV-14,Teens,100,Dramas,Nigeria,0,Contemporary international feature films
s4169,Molly's Game,Movie,2017,R,Adults,141,Dramas,China,0,Contemporary international feature films
s4170,Mom,Movie,2017,TV-14,Teens,139,Dramas,India,0,Contemporary international feature films
s4172,Moms at War,Movie,2018,TV-14,Teens,92,Comedies,Nigeria,0,Contemporary international feature films
s4173,Mona Lisa Smile,Movie,2003,PG-13,Teens,119,Dramas,United States,1,Mid-catalogue licensed features
s4175,Money,Movie,2016,R,Adults,84,Thrillers,United States,3,"Short-form US docs, stand-up, and family titles"
s4177,Money Heist: The Phenomenon,Movie,2020,TV-MA,Adults,57,Documentaries,Spain,3,"Short-form US docs, stand-up, and family titles"
s4178,Money Talks,Movie,1997,R,Adults,96,Action & Adventure,United States,1,Mid-catalogue licensed features
s4179,Money Trap,Movie,2019,TV-MA,Adults,122,Comedies,Turkey,0,Contemporary international feature films
s4183,Monkey Up,Movie,2016,PG,Teens,83,Children & Family Movies,Canada,3,"Short-form US docs, stand-up, and family titles"
s4184,Monopoly (The Bank Of Luck),Movie,2017,TV-MA,Adults,117,Comedies,Egypt,0,Contemporary international feature films
s4185,Monster Family,Movie,2017,PG,Teens,93,Children & Family Movies,Germany,3,"Short-form US docs, stand-up, and family titles"
s4186,Monster High 13 Wishes,Movie,2013,TV-Y7,Teens,73,Children & Family Movies,United States,3,"Short-form US docs, stand-up, and family titles"
s4187,"Monster High: Boo York, Boo York",Movie,2015,TV-Y7,Teens,72,Children & Family Movies,United States,3,"Short-form US docs, stand-up, and family titles"
s4188,Monster High: Electrified,Movie,2017,TV-Y,Kids,72,Movies,Unknown Country,3,"Short-form US docs, stand-up, and family titles"
s4189,Monster High: Escape from Skull Shores,Movie,2012,TV-Y7,Teens,46,Children & Family Movies,United States,3,"Short-form US docs, stand-up, and family titles"
s4190,Monster High: Freaky Fusion,Movie,2014,TV-Y7,Teens,74,Children & Family Movies,United States,3,"Short-form US docs, stand-up, and family titles"
s4191,Monster High: Friday Night Frights,Movie,2013,TV-Y7,Teens,46,Children & Family Movies,United States,3,"Short-form US docs, stand-up, and family titles"
s4192,Monster High: Fright On!,Movie,2011,TV-Y7,Teens,46,Children & Family Movies,United States,3,"Short-form US docs, stand-up, and family titles"
s4193,"Monster High: Frights, Camera, Action!",Movie,2014,TV-Y7,Teens,74,Children & Family Movies,United States,3,"Short-form US docs, stand-up, and family titles"
s4194,Monster High: Ghouls Rule,Movie,2012,TV-Y7,Teens,71,Children & Family Movies,United States,3,"Short-form US docs, stand-up, and family titles"
s4195,Monster High: Great Scarrier Reef,Movie,2016,TV-Y7,Teens,72,Children & Family Movies,United States,3,"Short-form US docs, stand-up, and family titles"
s4196,Monster High: Haunted,Movie,2015,TV-Y7,Teens,76,Children & Family Movies,United States,3,"Short-form US docs, stand-up, and family titles"
s4197,Monster High: New Ghoul at School,Movie,2010,TV-Y7,Teens,23,Children & Family Movies,United States,3,"Short-form US docs, stand-up, and family titles"
s4198,"Monster High: Scaris, City of Frights",Movie,2013,TV-G,Kids,60,Children & Family Movies,United States,3,"Short-form US docs, stand-up, and family titles"
s4199,Monster High: Why Do Ghouls Fall in Love?,Movie,2013,TV-Y7,Teens,46,Children & Family Movies,United States,3,"Short-form US docs, stand-up, and family titles"
s4200,Monster House,Movie,2006,PG,Teens,91,Children & Family Movies,United States,1,Mid-catalogue licensed features
s4201,Monster Island,Movie,2017,TV-Y7,Teens,81,Children & Family Movies,India,3,"Short-form US docs, stand-up, and family titles"
s4203,Monster-in-Law,Movie,2005,PG-13,Teens,101,Comedies,United States,1,Mid-catalogue licensed features
s4204,Monsters: Dark Continent,Movie,2014,R,Adults,119,Action & Adventure,United Kingdom,0,Contemporary international feature films
s4208,Monty Python and the Holy Grail,Movie,1975,PG,Teens,92,Action & Adventure,United Kingdom,2,Classic and vintage cinema
s4210,Monty Python Conquers America,Movie,2008,TV-MA,Adults,55,Documentaries,Unknown Country,3,"Short-form US docs, stand-up, and family titles"
s4211,"Monty Python Live (Mostly): One Down, Five to Go",Movie,2014,TV-MA,Adults,137,Comedies,United Kingdom,0,Contemporary international feature films
s4212,Monty Python: Before the Flying Circus,Movie,2000,TV-MA,Adults,56,Comedies,United Kingdom,1,Mid-catalogue licensed features
s4213,Monty Python: Live at Aspen,Movie,1998,TV-MA,Adults,58,Comedies,United States,1,Mid-catalogue licensed features
s4214,Monty Python: Live at The Hollywood Bowl,Movie,1982,R,Adults,80,Comedies,United Kingdom,2,Classic and vintage cinema
s4215,Monty Python: The Meaning of Live,Movie,2014,TV-MA,Adults,94,Documentaries,United Kingdom,3,"Short-form US docs, stand-up, and family titles"
s4219,Monty Python's Life of Brian,Movie,1979,R,Adults,94,Classic Movies,United Kingdom,2,Classic and vintage cinema
s4222,Moon,Movie,2009,R,Adults,97,Dramas,United Kingdom,1,Mid-catalogue licensed features
s4223,Moonlight,Movie,2016,R,Adults,111,Dramas,United States,0,Contemporary international feature films
s4224,Moonwalkers,Movie,2015,R,Adults,96,Action & Adventure,France,0,Contemporary international feature films
s4225,Moor,Movie,2015,TV-14,Teens,135,Dramas,Pakistan,0,Contemporary international feature films
s4228,Morris from America,Movie,2016,R,Adults,91,Dramas,Germany,0,Contemporary international feature films
s4230,Mortified Nation,Movie,2013,TV-MA,Adults,84,Documentaries,United States,3,"Short-form US docs, stand-up, and family titles"
s4231,Morya,Movie,2011,TV-14,Teens,121,Dramas,India,0,Contemporary international feature films
s4232,Moshe Kasher: Live in Oakland,Movie,2012,TV-MA,Adults,61,Stand-Up Comedy,United States,3,"Short-form US docs, stand-up, and family titles"
s4235,Mostly Sunny,Movie,2016,TV-MA,Adults,83,Documentaries,Canada,3,"Short-form US docs, stand-up, and family titles"
s4236,Mosul,Movie,2020,TV-MA,Adults,103,Action & Adventure,United States,0,Contemporary international feature films
s4237,MOTHER,Movie,2020,TV-14,Teens,127,Dramas,Japan,0,Contemporary international feature films
s4239,Motichoor Chaknachoor,Movie,2019,TV-14,Teens,132,Comedies,India,0,Contemporary international feature films
s4240,Motor Mitraan Di,Movie,2016,TV-PG,Adults,117,Comedies,India,0,Contemporary international feature films
s4242,Motu Patlu: King of Kings,Movie,2016,TV-Y7-FV,Teens,109,Children & Family Movies,India,0,Contemporary international feature films
s4243,Mountain,Movie,2017,PG,Teens,74,Action & Adventure,Australia,0,Contemporary international feature films
s4245,Movie 43,Movie,2013,R,Adults,94,Comedies,United States,3,"Short-form US docs, stand-up, and family titles"
s4248,Mowgli: Legend of the Jungle,Movie,2018,PG-13,Teens,105,Action & Adventure,United Kingdom,0,Contemporary international feature films
s4249,Mr. Chandramouli,Movie,2018,TV-MA,Adults,131,Dramas,India,0,Contemporary international feature films
s4250,Mr. Church,Movie,2016,PG-13,Teens,105,Dramas,United States,3,"Short-form US docs, stand-up, and family titles"
s4251,Mr. Deeds,Movie,2002,PG-13,Teens,97,Comedies,United States,1,Mid-catalogue licensed features
s4252,Mr. Gaga: A True Story of Love and Dance,Movie,2015,TV-14,Teens,102,Documentaries,Israel,0,Contemporary international feature films
s4254,Mr. Peabody & Sherman,Movie,2014,PG,Teens,93,Children & Family Movies,United States,0,Contemporary international feature films
s4255,Mr. Pig,Movie,2016,TV-MA,Adults,97,Dramas,Mexico,0,Contemporary international feature films
s4256,MR. RIGHT,Movie,2015,R,Adults,96,Action & Adventure,United States,0,Contemporary international feature films
s4257,Mr. Romantic,Movie,2009,TV-14,Teens,97,Comedies,Unknown Country,1,Mid-catalogue licensed features
s4258,Mr. Roosevelt,Movie,2017,TV-MA,Adults,91,Comedies,United States,3,"Short-form US docs, stand-up, and family titles"
s4260,Mr. Virgin,Movie,1984,TV-14,Teens,86,Comedies,Hong Kong,2,Classic and vintage cinema
s4261,Mr. Woodcock,Movie,2007,PG-13,Teens,88,Comedies,United States,1,Mid-catalogue licensed features
s4263,Mrs. Serial Killer,Movie,2020,TV-MA,Adults,107,International Movies,India,0,Contemporary international feature films
s4264,Ms. Mammy,Movie,2012,TV-14,Teens,90,Comedies,Egypt,0,Contemporary international feature films
s4265,Mubarakan,Movie,2017,PG-13,Teens,153,Comedies,India,0,Contemporary international feature films
s4266,Much Ado About Nothing,Movie,2016,TV-MA,Adults,96,Dramas,Chile,0,Contemporary international feature films
s4267,Much Loved,Movie,2015,TV-MA,Adults,104,Dramas,France,0,Contemporary international feature films
s4268,Mucho Mucho Amor: The Legend of Walter Mercado,Movie,2020,TV-14,Teens,96,Documentaries,United States,3,"Short-form US docs, stand-up, and family titles"
s4269,Mucize,Movie,2015,TV-14,Teens,136,Dramas,Turkey,0,Contemporary international feature films
s4270,Mud,Movie,2012,PG-13,Teens,131,Dramas,United States,0,Contemporary international feature films
s4271,Mudbound,Movie,2017,R,Adults,135,Dramas,United States,0,Contemporary international feature films
s4272,Mugamoodi,Movie,2012,TV-14,Teens,150,Action & Adventure,India,0,Contemporary international feature films
s4273,Mujeres arriba,Movie,2019,TV-14,Teens,98,Comedies,Chile,0,Contemporary international feature films
s4274,Mujhse Shaadi Karogi,Movie,2004,TV-PG,Adults,158,Comedies,India,1,Mid-catalogue licensed features
s4275,Mujrim,Movie,1989,TV-14,Teens,163,Action & Adventure,India,1,Mid-catalogue licensed features
s4276,Mukhsin,Movie,2006,TV-PG,Adults,98,Children & Family Movies,Malaysia,1,Mid-catalogue licensed features
s4277,Mumbai Cha Raja,Movie,2012,TV-MA,Adults,77,Dramas,India,0,Contemporary international feature films
s4278,Mumbai Delhi Mumbai,Movie,2014,TV-MA,Adults,107,Comedies,India,0,Contemporary international feature films
s4279,Mumbai Matinee,Movie,2003,TV-14,Teens,116,Comedies,India,1,Mid-catalogue licensed features
s4280,Mumbai Meri Jaan,Movie,2008,TV-MA,Adults,135,Dramas,India,1,Mid-catalogue licensed features
s4281,Munafik 2,Movie,2018,TV-MA,Adults,104,Horror Movies,Malaysia,0,Contemporary international feature films
s4282,Mundeyan Ton Bachke Rahin,Movie,2014,TV-14,Teens,139,Comedies,India,0,Contemporary international feature films
s4283,Mune: Guardian of the Moon,Movie,2014,PG,Teens,85,Children & Family Movies,France,3,"Short-form US docs, stand-up, and family titles"
s4284,Muppets Most Wanted,Movie,2014,PG,Teens,110,Children & Family Movies,United States,3,"Short-form US docs, stand-up, and family titles"
s4285,Muqaddar ka Faisla,Movie,1987,TV-14,Teens,172,Action & Adventure,India,2,Classic and vintage cinema
s4286,Muramba,Movie,2017,TV-MA,Adults,128,Comedies,India,0,Contemporary international feature films
s4287,Muran,Movie,2011,TV-14,Teens,134,Action & Adventure,India,0,Contemporary international feature films
s4290,Murder Mystery,Movie,2019,PG-13,Teens,98,Comedies,United States,3,"Short-form US docs, stand-up, and family titles"
s4291,Murder Party,Movie,2007,NR,Unrated,79,Comedies,United States,1,Mid-catalogue licensed features
s4292,Murder to Mercy: The Cyntoia Brown Story,Movie,2020,TV-MA,Adults,97,Documentaries,United States,3,"Short-form US docs, stand-up, and family titles"
s4295,Music Teacher,Movie,2019,TV-14,Teens,102,Dramas,India,0,Contemporary international feature films
s4296,Must Be... Love,Movie,2013,TV-14,Teens,106,Comedies,Philippines,0,Contemporary international feature films
s4297,Mustang Island,Movie,2017,TV-14,Teens,86,Comedies,United States,0,Contemporary international feature films
s4299,Mute,Movie,2018,TV-MA,Adults,127,Sci-Fi & Fantasy,United Kingdom,0,Contemporary international feature films
s4300,Mutiny of the Worker Bees,Movie,2020,TV-MA,Adults,94,Comedies,Mexico,0,Contemporary international feature films
s4301,Mutiny on the Bounty,Movie,1962,TV-PG,Adults,185,Action & Adventure,United States,2,Classic and vintage cinema
s4302,Muzaffarnagar Baaqi Hai,Movie,2015,TV-MA,Adults,136,Documentaries,India,0,Contemporary international feature films
s4303,My Amnesia Girl,Movie,2010,TV-14,Teens,105,International Movies,Philippines,0,Contemporary international feature films
s4305,My Babysitter's a Vampire: The Movie,Movie,2010,TV-PG,Adults,80,Children & Family Movies,Canada,3,"Short-form US docs, stand-up, and family titles"
s4306,My Beautiful Broken Brain,Movie,2016,TV-14,Teens,84,Documentaries,United Kingdom,3,"Short-form US docs, stand-up, and family titles"
s4307,My Big Night,Movie,2015,TV-MA,Adults,97,Comedies,Spain,0,Contemporary international feature films
s4308,My Birthday Song,Movie,2018,TV-14,Teens,92,Dramas,India,0,Contemporary international feature films
s4309,My Brother ... Nikhil,Movie,2005,TV-PG,Adults,116,Dramas,India,1,Mid-catalogue licensed features
s4311,My Daddy is in Heaven,Movie,2017,TV-14,Teens,95,Dramas,United States,3,"Short-form US docs, stand-up, and family titles"
s4314,My Dog is My Guide,Movie,2013,TV-14,Teens,99,Comedies,Egypt,0,Contemporary international feature films
s4315,My Entire High School Sinking Into the Sea,Movie,2016,PG-13,Teens,77,Comedies,United States,3,"Short-form US docs, stand-up, and family titles"
s4316,My Ex & Whys,Movie,2017,TV-14,Teens,121,Comedies,Philippines,0,Contemporary international feature films
s4317,My Ex-Ex,Movie,2015,TV-MA,Adults,91,Comedies,Canada,0,Contemporary international feature films
s4319,My Friend Pinto,Movie,2011,TV-14,Teens,100,Comedies,India,0,Contemporary international feature films
s4320,My Fuhrer,Movie,2007,TV-14,Teens,91,Comedies,Germany,1,Mid-catalogue licensed features
s4321,My Girl,Movie,1991,PG-13,Teens,102,Dramas,United States,1,Mid-catalogue licensed features
s4322,My Happy Family,Movie,2017,TV-14,Teens,119,Dramas,Georgia,0,Contemporary international feature films
s4324,My Honor Was Loyalty,Movie,2015,TV-MA,Adults,115,Dramas,Italy,0,Contemporary international feature films
s4325,My Horrible Grandma,Movie,2012,TV-MA,Adults,100,Comedies,Egypt,0,Contemporary international feature films
s4328,My Life as a Zucchini,Movie,2016,PG-13,Teens,68,Comedies,Switzerland,0,Contemporary international feature films
s4331,My Little Pony Equestria Girls: Forgotten Friendship,Movie,2018,TV-Y,Kids,44,Children & Family Movies,United States,3,"Short-form US docs, stand-up, and family titles"
s4332,My Little Pony Equestria Girls: Friendship Games,Movie,2015,TV-Y,Kids,72,Children & Family Movies,United States,3,"Short-form US docs, stand-up, and family titles"
s4333,My Little Pony Equestria Girls: Legend of Everfree,Movie,2016,TV-Y7,Teens,73,Children & Family Movies,United States,3,"Short-form US docs, stand-up, and family titles"
s4334,My Little Pony Equestria Girls: Rainbow Rocks,Movie,2014,TV-Y,Kids,73,Children & Family Movies,United States,3,"Short-form US docs, stand-up, and family titles"
s4335,My Little Pony Equestria Girls: Rollercoaster of Friendship,Movie,2018,TV-Y,Kids,44,Children & Family Movies,United States,3,"Short-form US docs, stand-up, and family titles"
s4336,My Little Pony Friendship Is Magic: Best Gift Ever,Movie,2018,TV-Y,Kids,44,Children & Family Movies,United States,3,"Short-form US docs, stand-up, and family titles"
s4339,My Mother's Wound,Movie,2016,TV-MA,Adults,115,Dramas,Unknown Country,0,Contemporary international feature films
s4342,My Next Guest with David Letterman and Shah Rukh Khan,Movie,2019,TV-PG,Adults,61,International Movies,Unknown Country,3,"Short-form US docs, stand-up, and family titles"
s4343,My Octopus Teacher,Movie,2020,TV-G,Kids,86,Documentaries,South Africa,3,"Short-form US docs, stand-up, and family titles"
s4345,My Only Mother,Movie,2013,TV-14,Teens,104,Comedies,Unknown Country,0,Contemporary international feature films
s4346,My Own Man,Movie,2015,TV-MA,Adults,82,Documentaries,United States,3,"Short-form US docs, stand-up, and family titles"
s4348,My Perfect Romance,Movie,2018,PG,Teens,92,Comedies,Canada,0,Contemporary international feature films
s4352,"My Schoolmate, the Barbarian",Movie,2001,TV-14,Teens,90,Action & Adventure,Hong Kong,1,Mid-catalogue licensed features
s4353,My Scientology Movie,Movie,2015,TV-MA,Adults,99,Documentaries,United Kingdom,3,"Short-form US docs, stand-up, and family titles"
s4356,My Sister's Keeper,Movie,2009,PG-13,Teens,109,Dramas,United States,1,Mid-catalogue licensed features
s4357,My Sleeping Lover,Movie,2008,TV-PG,Adults,93,Comedies,Egypt,1,Mid-catalogue licensed features
s4358,My Step Dad: The Hippie,Movie,2018,TV-MA,Adults,100,Comedies,Turkey,0,Contemporary international feature films
s4359,My Stupid Boss,Movie,2016,TV-G,Kids,107,Comedies,Indonesia,0,Contemporary international feature films
s4360,My Stupid Boss 2,Movie,2019,TV-14,Teens,95,Comedies,Indonesia,0,Contemporary international feature films
s4361,My Suicide,Movie,2009,TV-MA,Adults,111,Comedies,United States,1,Mid-catalogue licensed features
s4363,"My Teacher, My Obsession",Movie,2018,TV-14,Teens,86,Thrillers,United States,3,"Short-form US docs, stand-up, and family titles"
s4364,My Travel Buddy,Movie,2017,TV-MA,Adults,111,Comedies,Turkey,0,Contemporary international feature films
s4365,My True Friend,Movie,2012,TV-MA,Adults,108,Action & Adventure,Thailand,0,Contemporary international feature films
s4366,My Way,Movie,2016,TV-14,Teens,101,Documentaries,Italy,0,Contemporary international feature films
s4367,My Week with Marilyn,Movie,2011,R,Adults,99,Dramas,United Kingdom,0,Contemporary international feature films
s4368,My Wife and I,Movie,2017,TV-MA,Adults,100,Comedies,South Africa,0,Contemporary international feature films
s4369,My Wife and My Wifey,Movie,2014,TV-14,Teens,99,Comedies,Unknown Country,0,Contemporary international feature films
s4373,Mystic Pizza,Movie,1988,R,Adults,104,Comedies,United States,2,Classic and vintage cinema
s4375,Mystic River,Movie,2003,R,Adults,138,Dramas,United States,1,Mid-catalogue licensed features
s4377,Mythily Veendum Varunnu,Movie,2017,TV-PG,Adults,88,Horror Movies,India,0,Contemporary international feature films
s4380,Naa Bangaaru Talli,Movie,2013,TV-14,Teens,122,Dramas,India,0,Contemporary international feature films
s4381,Naam Shabana,Movie,2017,TV-14,Teens,141,Action & Adventure,India,0,Contemporary international feature films
s4382,Naan Sigappu Manithan,Movie,2014,TV-14,Teens,147,Action & Adventure,India,0,Contemporary international feature films
s4383,Nacho Libre,Movie,2006,PG,Teens,92,Comedies,United States,1,Mid-catalogue licensed features
s4385,Naga The Eternal Yogi,Movie,2016,TV-PG,Adults,73,Documentaries,Italy,3,"Short-form US docs, stand-up, and family titles"
s4393,Nails,Movie,2017,TV-MA,Adults,85,Horror Movies,Ireland,3,"Short-form US docs, stand-up, and family titles"
s4394,Naked,Movie,2017,TV-14,Teens,97,Comedies,United States,3,"Short-form US docs, stand-up, and family titles"
s4395,Naledi: A Baby Elephant's Tale,Movie,2016,TV-PG,Adults,91,Documentaries,United States,3,"Short-form US docs, stand-up, and family titles"
s4396,Namak Halaal,Movie,1982,TV-14,Teens,171,Action & Adventure,India,2,Classic and vintage cinema
s4397,Namastey London,Movie,2007,TV-14,Teens,130,Comedies,India,1,Mid-catalogue licensed features
s4398,Namour,Movie,2016,NR,Unrated,80,Dramas,United States,3,"Short-form US docs, stand-up, and family titles"
s4399,Nang Nak,Movie,1999,TV-MA,Adults,101,Horror Movies,Thailand,1,Mid-catalogue licensed features
s4400,Naomi and Ely's No Kiss List,Movie,2015,TV-MA,Adults,91,Comedies,United States,0,Contemporary international feature films
s4401,Nappily Ever After,Movie,2018,TV-MA,Adults,99,Comedies,United States,0,Contemporary international feature films
s4406,Naruto Shippûden the Movie: Bonds,Movie,2008,TV-PG,Adults,93,Action & Adventure,Japan,0,Contemporary international feature films
s4407,Naruto Shippûden the Movie: The Will of Fire,Movie,2009,TV-PG,Adults,96,Action & Adventure,Japan,0,Contemporary international feature films
s4408,Naruto Shippuden : Blood Prison,Movie,2011,TV-14,Teens,102,Action & Adventure,Japan,0,Contemporary international feature films
s4409,Naruto Shippuden: The Movie,Movie,2007,TV-PG,Adults,95,Action & Adventure,Japan,0,Contemporary international feature films
s4410,Naruto Shippuden: The Movie: The Lost Tower,Movie,2010,TV-14,Teens,85,Action & Adventure,Japan,0,Contemporary international feature films
s4411,Naruto the Movie 2: Legend of the Stone of Gelel,Movie,2005,TV-PG,Adults,97,Action & Adventure,Japan,1,Mid-catalogue licensed features
s4412,Naruto the Movie 3: Guardians of the Crescent Moon Kingdom,Movie,2006,TV-PG,Adults,95,Action & Adventure,Japan,1,Mid-catalogue licensed features
s4413,Naruto the Movie: Ninja Clash in the Land of Snow,Movie,2004,TV-PG,Adults,83,Action & Adventure,Japan,1,Mid-catalogue licensed features
s4414,Nasha,Movie,2013,TV-14,Teens,115,Dramas,India,0,Contemporary international feature films
s4415,Nasha Natasha,Movie,2020,TV-PG,Adults,72,Documentaries,Uruguay,0,Contemporary international feature films
s4416,Natalia Valdebenito: El especial,Movie,2018,TV-MA,Adults,69,Stand-Up Comedy,Chile,3,"Short-form US docs, stand-up, and family titles"
s4417,Natalia Valdebenito: Gritona,Movie,2017,TV-MA,Adults,76,Stand-Up Comedy,United States,3,"Short-form US docs, stand-up, and family titles"
s4418,Natalie Palamides: Nate - A One Man Show,Movie,2020,TV-MA,Adults,60,Comedies,United States,3,"Short-form US docs, stand-up, and family titles"
s4419,Natascha Kampusch: The Whole Story,Movie,2010,TV-14,Teens,51,Movies,United States,3,"Short-form US docs, stand-up, and family titles"
s4420,Nate Bargatze: The Tennessee Kid,Movie,2019,TV-PG,Adults,61,Stand-Up Comedy,United States,3,"Short-form US docs, stand-up, and family titles"
s4421,Nathicharami,Movie,2018,TV-MA,Adults,114,Dramas,India,0,Contemporary international feature films
s4422,National Bird,Movie,2016,TV-MA,Adults,92,Documentaries,United States,3,"Short-form US docs, stand-up, and family titles"
s4423,National Lampoon's Loaded Weapon 1,Movie,1993,PG-13,Teens,82,Action & Adventure,Unknown Country,1,Mid-catalogue licensed features
s4424,National Parks Adventure,Movie,2016,TV-G,Kids,42,Documentaries,United States,3,"Short-form US docs, stand-up, and family titles"
s4425,National Treasure,Movie,2004,PG,Teens,131,Action & Adventure,United States,1,Mid-catalogue licensed features
s4426,Natsamrat - Asa Nat Hone Nahi,Movie,2016,TV-14,Teens,165,Dramas,India,0,Contemporary international feature films
s4427,Natural Born Pranksters,Movie,2016,R,Adults,91,Comedies,United States,3,"Short-form US docs, stand-up, and family titles"
s4428,Natural Selection,Movie,2015,R,Adults,101,Dramas,United States,3,"Short-form US docs, stand-up, and family titles"
s4431,Nature: Raising the Dinosaur Giant,Movie,2016,TV-G,Kids,53,Documentaries,United States,3,"Short-form US docs, stand-up, and family titles"
s4436,Naughty Jatts,Movie,2013,TV-PG,Adults,121,Comedies,India,0,Contemporary international feature films
s4437,Nazi Concentration Camps,Movie,1945,TV-MA,Adults,59,Classic Movies,United States,2,Classic and vintage cinema
s4440,Ne Zha,Movie,2019,TV-14,Teens,110,Action & Adventure,China,0,Contemporary international feature films
s4441,Neal Brennan: 3 Mics,Movie,2017,TV-MA,Adults,66,Stand-Up Comedy,United States,3,"Short-form US docs, stand-up, and family titles"
s4442,Nee Enge En Anbe,Movie,2014,TV-14,Teens,137,International Movies,Unknown Country,0,Contemporary international feature films
s4443,Needhi Singh,Movie,2016,TV-14,Teens,103,Action & Adventure,India,0,Contemporary international feature films
s4444,Neevevaro,Movie,2018,TV-14,Teens,132,Dramas,India,0,Contemporary international feature films
s4447,Neruda,Movie,2016,R,Adults,108,Dramas,Chile,0,Contemporary international feature films
s4448,Neseli Hayat,Movie,2009,TV-14,Teens,108,Comedies,Turkey,1,Mid-catalogue licensed features
s4451,Never Heard,Movie,2018,TV-PG,Adults,89,Dramas,United States,3,"Short-form US docs, stand-up, and family titles"
s4453,New Money,Movie,2018,TV-14,Teens,107,Dramas,Nigeria,0,Contemporary international feature films
s4454,New York Minute,Movie,2004,PG,Teens,91,Children & Family Movies,United States,1,Mid-catalogue licensed features
s4455,Newness,Movie,2017,TV-MA,Adults,117,Dramas,United States,0,Contemporary international feature films
s4456,Newtown,Movie,2016,NR,Unrated,84,Documentaries,United States,3,"Short-form US docs, stand-up, and family titles"
s4457,Next,Movie,2007,PG-13,Teens,96,Action & Adventure,United States,1,Mid-catalogue licensed features
s4458,Next Enti?,Movie,2018,TV-14,Teens,117,Comedies,India,0,Contemporary international feature films
s4459,Next Gen,Movie,2018,TV-PG,Adults,106,Children & Family Movies,China,0,Contemporary international feature films
s4461,Nibunan,Movie,2017,TV-14,Teens,124,Action & Adventure,India,0,Contemporary international feature films
s4463,Nigerian Prince,Movie,2018,TV-MA,Adults,104,Dramas,United States,0,Contemporary international feature films
s4464,Night Comes On,Movie,2018,TV-MA,Adults,87,Dramas,United States,3,"Short-form US docs, stand-up, and family titles"
s4465,Night Moves,Movie,2013,R,Adults,113,Dramas,United States,0,Contemporary international feature films
s4466,Night of Knots,Movie,2018,TV-MA,Adults,93,Comedies,Turkey,0,Contemporary international feature films
s4468,Night on Earth: Shot in the Dark,Movie,2020,TV-PG,Adults,59,Movies,United Kingdom,3,"Short-form US docs, stand-up, and family titles"
s4470,Nightcrawler,Movie,2014,R,Adults,118,Dramas,United States,0,Contemporary international feature films
s4474,Nights in Rodanthe,Movie,2008,PG-13,Teens,97,Dramas,United States,1,Mid-catalogue licensed features
s4475,Nikki Glaser: Bangin’,Movie,2019,TV-MA,Adults,64,Stand-Up Comedy,United States,3,"Short-form US docs, stand-up, and family titles"
s4476,Nila,Movie,2016,TV-MA,Adults,94,Dramas,India,0,Contemporary international feature films
s4477,Nimbe,Movie,2019,TV-MA,Adults,115,Dramas,Nigeria,0,Contemporary international feature films
s4478,Ninja Assassin,Movie,2009,R,Adults,99,Action & Adventure,Germany,1,Mid-catalogue licensed features
s4481,NiNoKuni,Movie,2019,TV-14,Teens,107,Action & Adventure,Japan,0,Contemporary international feature films
s4483,Niyazi Gül Dörtnala,Movie,2015,TV-14,Teens,102,Comedies,Turkey,0,Contemporary international feature films
s4484,Njan Prakashan,Movie,2018,TV-PG,Adults,125,Comedies,India,0,Contemporary international feature films
s4485,No Direction Home: Bob Dylan,Movie,2005,TV-MA,Adults,208,Documentaries,United Kingdom,1,Mid-catalogue licensed features
s4486,No Entry,Movie,2005,TV-PG,Adults,161,Comedies,India,1,Mid-catalogue licensed features
s4487,No Estoy Loca,Movie,2018,TV-MA,Adults,116,Comedies,Chile,0,Contemporary international feature films
s4489,No Game No Life: Zero,Movie,2017,TV-MA,Adults,106,Action & Adventure,Japan,0,Contemporary international feature films
s4491,No Longer kids,Movie,1979,TV-14,Teens,237,Comedies,Egypt,2,Classic and vintage cinema
s4492,No One Killed Jessica,Movie,2011,TV-MA,Adults,131,Dramas,India,0,Contemporary international feature films
s4493,No One Will Ever Know,Movie,2017,TV-MA,Adults,102,Dramas,Mexico,0,Contemporary international feature films
s4494,No Other Woman,Movie,2011,TV-MA,Adults,103,Dramas,Philippines,0,Contemporary international feature films
s4495,No Reservations,Movie,2007,PG,Teens,104,Comedies,United States,1,Mid-catalogue licensed features
s4499,Noblemen,Movie,2019,TV-MA,Adults,109,Dramas,India,0,Contemporary international feature films
s4500,Nobody Knows I'm Here,Movie,2020,TV-MA,Adults,92,Dramas,Chile,0,Contemporary international feature films
s4501,Nobody Sleeps in the Woods Tonight,Movie,2020,TV-MA,Adults,103,Horror Movies,Poland,0,Contemporary international feature films
s4502,Nobody Speak: Trials of the Free Press,Movie,2017,TV-14,Teens,96,Documentaries,Netherlands,3,"Short-form US docs, stand-up, and family titles"
s4504,Nocturnal Animals,Movie,2016,R,Adults,117,Dramas,United States,0,Contemporary international feature films
s4507,"Norm Macdonald: Hitler's Dog, Gossip & Trickery",Movie,2017,TV-MA,Adults,61,Stand-Up Comedy,United States,3,"Short-form US docs, stand-up, and family titles"
s4508,Norm of the North: Family Vacation,Movie,2020,TV-Y7,Teens,89,Children & Family Movies,United States,3,"Short-form US docs, stand-up, and family titles"
s4509,Norm of the North: Keys to the Kingdom,Movie,2019,TV-PG,Adults,92,Children & Family Movies,India,3,"Short-form US docs, stand-up, and family titles"
s4510,Norm of the North: King Sized Adventure,Movie,2019,TV-PG,Adults,90,Children & Family Movies,United States,3,"Short-form US docs, stand-up, and family titles"
s4511,Norman Lear: Just Another Version of You,Movie,2016,TV-MA,Adults,91,Documentaries,United States,3,"Short-form US docs, stand-up, and family titles"
s4515,Not Alone,Movie,2017,TV-14,Teens,50,Documentaries,United States,3,"Short-form US docs, stand-up, and family titles"
s4516,Notes for My Son,Movie,2020,TV-MA,Adults,84,Dramas,Argentina,0,Contemporary international feature films
s4517,Notes on Blindness,Movie,2016,TV-PG,Adults,87,Documentaries,United Kingdom,0,Contemporary international feature films
s4518,Nothing to Hide,Movie,2018,TV-MA,Adults,94,Comedies,France,0,Contemporary international feature films
s4519,Nothing to Lose,Movie,2018,PG,Teens,133,Dramas,Brazil,0,Contemporary international feature films
s4520,Nothing to Lose 2,Movie,2019,PG-13,Teens,97,Dramas,Brazil,0,Contemporary international feature films
s4521,NOVA: Bird Brain,Movie,2017,TV-G,Kids,53,Children & Family Movies,United States,3,"Short-form US docs, stand-up, and family titles"
s4522,NOVA: Black Hole Apocalypse,Movie,2018,TV-G,Kids,113,Documentaries,United States,3,"Short-form US docs, stand-up, and family titles"
s4523,NOVA: Building Chernobyl's MegaTomb,Movie,2017,TV-PG,Adults,53,Documentaries,United States,3,"Short-form US docs, stand-up, and family titles"
s4524,NOVA: Chinese Chariot Revealed,Movie,2017,TV-PG,Adults,54,Documentaries,United States,3,"Short-form US docs, stand-up, and family titles"
s4525,NOVA: Day the Dinosaurs Died,Movie,2017,TV-PG,Adults,53,Documentaries,United States,3,"Short-form US docs, stand-up, and family titles"
s4526,NOVA: Death Dive to Saturn,Movie,2017,TV-G,Kids,54,Documentaries,United States,3,"Short-form US docs, stand-up, and family titles"
s4527,NOVA: Decoding the Weather Machine,Movie,2018,TV-14,Teens,113,Documentaries,United States,3,"Short-form US docs, stand-up, and family titles"
s4528,NOVA: Eclipse Over America,Movie,2017,TV-G,Kids,53,Documentaries,United States,3,"Short-form US docs, stand-up, and family titles"
s4529,NOVA: Extreme Animal Weapons,Movie,2017,TV-PG,Adults,53,Documentaries,United States,3,"Short-form US docs, stand-up, and family titles"
s4530,NOVA: First Face of America,Movie,2018,TV-PG,Adults,53,Documentaries,United States,3,"Short-form US docs, stand-up, and family titles"
s4531,NOVA: Holocaust Escape Tunnel,Movie,2017,TV-14,Teens,54,Documentaries,United States,3,"Short-form US docs, stand-up, and family titles"
s4532,NOVA: Killer Floods,Movie,2017,TV-PG,Adults,54,Documentaries,United States,3,"Short-form US docs, stand-up, and family titles"
s4533,NOVA: Killer Hurricanes,Movie,2017,TV-PG,Adults,52,Documentaries,United States,3,"Short-form US docs, stand-up, and family titles"
s4534,NOVA: Killer Volcanoes,Movie,2017,TV-PG,Adults,54,Documentaries,United States,3,"Short-form US docs, stand-up, and family titles"
s4535,NOVA: Poisoned Water,Movie,2017,TV-PG,Adults,54,Documentaries,United States,3,"Short-form US docs, stand-up, and family titles"
s4536,NOVA: Prediction by the Numbers,Movie,2018,TV-G,Kids,53,Documentaries,United States,3,"Short-form US docs, stand-up, and family titles"
s4537,NOVA: Secrets of the Shining Knight,Movie,2017,TV-PG,Adults,53,Documentaries,United States,3,"Short-form US docs, stand-up, and family titles"
s4538,NOVA: Thai Cave Rescue,Movie,2018,TV-PG,Adults,53,Documentaries,United States,3,"Short-form US docs, stand-up, and family titles"
s4539,NOVA: The Impossible Flight,Movie,2018,TV-PG,Adults,113,Documentaries,United States,3,"Short-form US docs, stand-up, and family titles"
s4540,Nova: Ultimate Mars Challenge,Movie,2012,TV-G,Kids,53,Movies,United States,3,"Short-form US docs, stand-up, and family titles"
s4542,November Criminals,Movie,2017,PG-13,Teens,86,Dramas,United States,3,"Short-form US docs, stand-up, and family titles"
s4543,Now and Then,Movie,1995,PG-13,Teens,102,Dramas,United States,1,Mid-catalogue licensed features
s4544,Now More Than Ever: The History of Chicago,Movie,2016,TV-MA,Adults,114,Documentaries,United States,3,"Short-form US docs, stand-up, and family titles"
s4545,Nowhere Boy,Movie,2009,R,Adults,99,Dramas,United Kingdom,3,"Short-form US docs, stand-up, and family titles"
s4550,Numbered,Movie,2012,TV-PG,Adults,55,Documentaries,Israel,3,"Short-form US docs, stand-up, and family titles"
s4551,Numero Zero. The Roots of Italian Rap,Movie,2015,TV-MA,Adults,91,Documentaries,Italy,0,Contemporary international feature films
s4555,Nymphomaniac: Volume 1,Movie,2013,NR,Unrated,117,Dramas,Denmark,0,Contemporary international feature films
s4556,Nymphomaniac: Volume II,Movie,2013,TV-MA,Adults,124,Dramas,Denmark,0,Contemporary international feature films
s4557,O Silêncio do Céu,Movie,2016,TV-MA,Adults,102,Dramas,Brazil,0,Contemporary international feature films
s4559,Oasis: Supersonic,Movie,2016,R,Adults,122,Documentaries,United Kingdom,0,Contemporary international feature films
s4560,Obvious Child,Movie,2014,R,Adults,84,Comedies,United States,0,Contemporary international feature films
s4561,Océans,Movie,2009,G,Kids,84,Documentaries,France,0,Contemporary international feature films
s4562,Occupation,Movie,2018,R,Adults,120,Action & Adventure,Australia,0,Contemporary international feature films
s4564,Ocean's Eleven,Movie,1960,TV-PG,Adults,127,Action & Adventure,United States,2,Classic and vintage cinema
s4565,Ocean's Thirteen,Movie,2007,PG-13,Teens,122,Action & Adventure,United States,1,Mid-catalogue licensed features
s4566,Ocean's Twelve,Movie,2004,PG-13,Teens,125,Action & Adventure,United States,1,Mid-catalogue licensed features
s4570,Octonauts & the Caves of Sac Actun,Movie,2020,TV-Y,Kids,72,Children & Family Movies,United Kingdom,3,"Short-form US docs, stand-up, and family titles"
s4571,Octonauts & the Great Barrier Reef,Movie,2020,TV-Y,Kids,47,Children & Family Movies,United Kingdom,3,"Short-form US docs, stand-up, and family titles"
s4573,Oddbods: Party Monsters,Movie,2018,TV-Y,Kids,23,Movies,Unknown Country,3,"Short-form US docs, stand-up, and family titles"
s4574,Oddbods: The Festive Menace,Movie,2018,TV-Y,Kids,23,Movies,Unknown Country,3,"Short-form US docs, stand-up, and family titles"
s4575,Odu Raja Odu,Movie,2018,TV-14,Teens,121,Comedies,India,0,Contemporary international feature films
s4577,Off Course,Movie,2015,TV-MA,Adults,107,Comedies,Spain,0,Contemporary international feature films
s4578,Offering to the Storm,Movie,2020,TV-MA,Adults,140,International Movies,Spain,0,Contemporary international feature films
s4580,Officer Downe,Movie,2016,R,Adults,91,Action & Adventure,United States,3,"Short-form US docs, stand-up, and family titles"
s4581,Offline - Das leben ist kein bonuslevel,Movie,2016,TV-MA,Adults,89,Action & Adventure,Germany,0,Contemporary international feature films
s4584,Oh Darling Yeh Hai India,Movie,1995,TV-14,Teens,154,Action & Adventure,India,1,Mid-catalogue licensed features
s4586,Oh My Ghost 2,Movie,2011,TV-MA,Adults,103,Comedies,Thailand,0,Contemporary international feature films
s4587,Oh My Ghost 3,Movie,2012,TV-MA,Adults,103,Comedies,Thailand,0,Contemporary international feature films
s4588,Oh My Ghost 4,Movie,2015,TV-MA,Adults,106,Comedies,Unknown Country,0,Contemporary international feature films
s4589,Oh My God,Movie,2012,TV-PG,Adults,129,Comedies,India,0,Contemporary international feature films
s4592,"Oh, Hello On Broadway",Movie,2017,TV-MA,Adults,102,Stand-Up Comedy,United States,3,"Short-form US docs, stand-up, and family titles"
s4593,"Oh, Ramona!",Movie,2019,TV-MA,Adults,109,Comedies,Romania,0,Contemporary international feature films
s4594,Oh! Baby,Movie,2019,TV-14,Teens,157,Comedies,India,0,Contemporary international feature films
s4595,Oh! Baby (Malayalam),Movie,2019,TV-14,Teens,146,Comedies,Unknown Country,0,Contemporary international feature films
s4596,Oh! Baby (Tamil),Movie,2019,TV-14,Teens,146,Comedies,Unknown Country,0,Contemporary international feature films
s4598,Okafor's Law,Movie,2016,TV-14,Teens,110,Comedies,Nigeria,0,Contemporary international feature films
s4599,Okja,Movie,2017,TV-MA,Adults,121,Action & Adventure,South Korea,0,Contemporary international feature films
s4600,Okko's Inn,Movie,2018,PG,Teens,96,Anime Features,Japan,0,Contemporary international feature films
s4601,Oklahoma City,Movie,2017,TV-14,Teens,102,Documentaries,United States,3,"Short-form US docs, stand-up, and family titles"
s4603,Old Lord Savanna,Movie,2018,TV-14,Teens,96,Documentaries,Brazil,0,Contemporary international feature films
s4607,Olmo & the Seagull,Movie,2014,TV-MA,Adults,82,Dramas,Denmark,0,Contemporary international feature films
s4608,Olympus Has Fallen,Movie,2013,R,Adults,119,Action & Adventure,United States,3,"Short-form US docs, stand-up, and family titles"
s4609,Om Shanti Om,Movie,2007,TV-14,Teens,169,Comedies,India,1,Mid-catalogue licensed features
s4610,Omar & Salma 2,Movie,2009,TV-14,Teens,101,Comedies,Egypt,1,Mid-catalogue licensed features
s4611,Omar and Salma 3,Movie,2012,TV-MA,Adults,97,Comedies,Egypt,0,Contemporary international feature films
s4613,On Body and Soul,Movie,2017,TV-MA,Adults,116,Dramas,Hungary,0,Contemporary international feature films
s4616,On My Skin,Movie,2018,TV-MA,Adults,100,Dramas,Italy,0,Contemporary international feature films
s4618,On the Wrong Track,Movie,1983,TV-14,Teens,89,Action & Adventure,Hong Kong,2,Classic and vintage cinema
s4619,On Yoga The Architecture of Peace,Movie,2017,TV-14,Teens,92,Documentaries,Brazil,0,Contemporary international feature films
s4620,Onaatah,Movie,2016,TV-14,Teens,107,Dramas,India,0,Contemporary international feature films
s4621,Once a Gangster,Movie,2010,TV-MA,Adults,95,Action & Adventure,Hong Kong,0,Contemporary international feature films
s4622,Once Again,Movie,2018,TV-PG,Adults,101,Dramas,India,0,Contemporary international feature films
s4623,Once in a Lifetime Sessions with George Ezra,Movie,2018,TV-MA,Adults,78,Documentaries,United States,3,"Short-form US docs, stand-up, and family titles"
s4624,Once in a Lifetime Sessions with Kasabian,Movie,2018,TV-MA,Adults,79,Documentaries,United States,3,"Short-form US docs, stand-up, and family titles"
s4625,Once In A Lifetime Sessions with Moby,Movie,2018,TV-14,Teens,86,Documentaries,United States,3,"Short-form US docs, stand-up, and family titles"
s4626,Once In A Lifetime Sessions with Nile Rodgers,Movie,2018,TV-PG,Adults,70,Documentaries,United States,3,"Short-form US docs, stand-up, and family titles"
s4627,Once In A Lifetime Sessions with Noel Gallagher,Movie,2018,TV-MA,Adults,66,Documentaries,United States,3,"Short-form US docs, stand-up, and family titles"
s4628,Once in a Lifetime Sessions with OneRepublic,Movie,2018,TV-PG,Adults,73,Documentaries,United States,3,"Short-form US docs, stand-up, and family titles"
s4629,Once in a Lifetime Sessions with Snow Patrol,Movie,2018,TV-MA,Adults,83,Documentaries,United States,3,"Short-form US docs, stand-up, and family titles"
s4630,Once In A Lifetime Sessions with TLC,Movie,2018,TV-PG,Adults,72,Documentaries,United States,3,"Short-form US docs, stand-up, and family titles"
s4633,Once Upon a Time in London,Movie,2019,TV-MA,Adults,111,Dramas,United Kingdom,0,Contemporary international feature films
s4634,Once Upon a Time in Mumbaai,Movie,2010,NR,Unrated,133,Dramas,India,0,Contemporary international feature films
s4635,Once Upon a Time in Mumbai Dobaara!,Movie,2013,TV-14,Teens,142,Dramas,India,0,Contemporary international feature films
s4636,Once Upon a Time in the West,Movie,1968,PG-13,Teens,166,Action & Adventure,Italy,2,Classic and vintage cinema
s4637,One 2 Ka 4,Movie,2001,TV-14,Teens,160,Action & Adventure,India,1,Mid-catalogue licensed features
s4638,One by Two,Movie,2014,TV-14,Teens,135,Comedies,India,0,Contemporary international feature films
s4639,One Day,Movie,2016,TV-PG,Adults,135,Dramas,Thailand,0,Contemporary international feature films
s4641,One Day We'll Talk About Today,Movie,2020,TV-G,Kids,128,Dramas,Indonesia,0,Contemporary international feature films
s4642,One Day: Justice Delivered,Movie,2019,TV-14,Teens,120,Dramas,India,0,Contemporary international feature films
s4643,One Direction: This Is Us,Movie,2013,PG,Teens,92,Documentaries,United States,3,"Short-form US docs, stand-up, and family titles"
s4644,One Heart: The A.R. Rahman Concert Film,Movie,2017,TV-G,Kids,87,Documentaries,India,0,Contemporary international feature films
s4645,One in a Billion,Movie,2016,TV-14,Teens,70,Documentaries,United States,3,"Short-form US docs, stand-up, and family titles"
s4646,One Last Shot,Movie,1998,TV-MA,Adults,31,Comedies,Canada,1,Mid-catalogue licensed features
s4647,One Last Thing,Movie,2018,TV-MA,Adults,92,Dramas,United States,3,"Short-form US docs, stand-up, and family titles"
s4648,One More Shot,Movie,2017,TV-MA,Adults,89,Documentaries,United States,3,"Short-form US docs, stand-up, and family titles"
s4650,One More Try,Movie,2012,TV-14,Teens,102,Dramas,Philippines,0,Contemporary international feature films
s4651,One Night Stand,Movie,2016,TV-MA,Adults,93,Dramas,India,0,Contemporary international feature films
s4652,One of Us,Movie,2017,TV-14,Teens,95,Documentaries,United States,3,"Short-form US docs, stand-up, and family titles"
s4657,One Take,Movie,2020,TV-G,Kids,86,Documentaries,Thailand,0,Contemporary international feature films
s4659,One-Way to Tomorrow,Movie,2020,TV-MA,Adults,90,Dramas,Turkey,0,Contemporary international feature films
s4660,Only,Movie,2019,TV-MA,Adults,97,Dramas,United States,0,Contemporary international feature films
s4661,Only God Forgives,Movie,2013,R,Adults,90,Cult Movies,Denmark,0,Contemporary international feature films
s4662,Only Mine,Movie,2018,TV-14,Teens,88,Thrillers,United States,3,"Short-form US docs, stand-up, and family titles"
s4663,Only the Dead,Movie,2015,TV-MA,Adults,76,Documentaries,Australia,3,"Short-form US docs, stand-up, and family titles"
s4664,Open Season,Movie,2006,PG,Teens,86,Children & Family Movies,United States,1,Mid-catalogue licensed features
s4665,Opening Night,Movie,2016,TV-MA,Adults,84,Comedies,United States,0,Contemporary international feature films
s4666,Operações Especiais,Movie,2015,TV-MA,Adults,99,Action & Adventure,Brazil,0,Contemporary international feature films
s4667,Operation Christmas Drop,Movie,2020,TV-G,Kids,96,Children & Family Movies,United States,0,Contemporary international feature films
s4668,Operation Chromite,Movie,2016,NR,Unrated,111,Action & Adventure,South Korea,0,Contemporary international feature films
s4670,Operation Mekong,Movie,2016,TV-MA,Adults,124,Action & Adventure,China,0,Contemporary international feature films
s4671,Operation Odessa,Movie,2018,TV-MA,Adults,93,Documentaries,Unknown Country,3,"Short-form US docs, stand-up, and family titles"
s4674,Operation Red Sea,Movie,2018,TV-MA,Adults,139,Action & Adventure,China,0,Contemporary international feature films
s4675,Operator,Movie,2016,TV-MA,Adults,91,Comedies,United States,0,Contemporary international feature films
s4676,Opium and the Kung Fu Master,Movie,1984,TV-MA,Adults,86,Action & Adventure,Hong Kong,2,Classic and vintage cinema
s4677,Oprah Presents When They See Us Now,Movie,2019,TV-PG,Adults,61,Documentaries,United States,3,"Short-form US docs, stand-up, and family titles"
s4679,Orbiter 9,Movie,2017,TV-14,Teens,95,Dramas,Spain,0,Contemporary international feature films
s4681,Ordinary People,Movie,2016,TV-MA,Adults,107,Dramas,Philippines,0,Contemporary international feature films
s4682,Ordinary World,Movie,2016,TV-14,Teens,87,Comedies,United States,3,"Short-form US docs, stand-up, and family titles"
s4683,Organize Isler,Movie,2005,TV-14,Teens,104,Action & Adventure,Turkey,1,Mid-catalogue licensed features
s4685,Oru Vishsheshapetta Biryani Kissa,Movie,2017,TV-14,Teens,122,Comedies,India,0,Contemporary international feature films
s4688,Other People,Movie,2016,TV-MA,Adults,97,Comedies,United States,0,Contemporary international feature films
s4689,Otherhood,Movie,2019,R,Adults,101,Comedies,United Kingdom,3,"Short-form US docs, stand-up, and family titles"
s4690,OtherLife,Movie,2017,TV-MA,Adults,96,Dramas,Australia,0,Contemporary international feature films
s4691,Oththa Seruppu Size 7,Movie,2019,TV-MA,Adults,103,Dramas,India,0,Contemporary international feature films
s4692,Ottaal,Movie,2014,TV-PG,Adults,88,Dramas,India,0,Contemporary international feature films
s4693,Our Godfather,Movie,2019,TV-MA,Adults,93,Documentaries,United Kingdom,3,"Short-form US docs, stand-up, and family titles"
s4694,Our House,Movie,2018,PG-13,Teens,90,Horror Movies,Canada,0,Contemporary international feature films
s4695,Our Idiot Brother,Movie,2011,R,Adults,90,Comedies,United States,0,Contemporary international feature films
s4696,Our Lovers,Movie,2016,TV-MA,Adults,92,Comedies,Spain,0,Contemporary international feature films
s4698,Our Planet - Behind The Scenes,Movie,2019,TV-G,Kids,63,Documentaries,United Kingdom,3,"Short-form US docs, stand-up, and family titles"
s4699,Our Shining Days,Movie,2017,TV-PG,Adults,103,Comedies,China,0,Contemporary international feature films
s4700,Our Souls at Night,Movie,2017,TV-14,Teens,103,Dramas,United States,0,Contemporary international feature films
s4702,Out of Life,Movie,1991,TV-MA,Adults,94,Classic Movies,France,1,Mid-catalogue licensed features
s4703,"Out of Many, One",Movie,2018,TV-PG,Adults,35,Documentaries,United States,3,"Short-form US docs, stand-up, and family titles"
s4704,Out of Thin Air,Movie,2017,TV-MA,Adults,85,Documentaries,Unknown Country,3,"Short-form US docs, stand-up, and family titles"
s4708,Outlaw King,Movie,2018,R,Adults,122,Action & Adventure,United Kingdom,0,Contemporary international feature films
s4709,Outlawed,Movie,2018,TV-MA,Adults,102,Action & Adventure,United Kingdom,3,"Short-form US docs, stand-up, and family titles"
s4710,Outside In,Movie,2018,TV-MA,Adults,110,Dramas,United States,0,Contemporary international feature films
s4711,Outside the Wire,Movie,2021,R,Adults,116,Action & Adventure,Unknown Country,3,"Short-form US docs, stand-up, and family titles"
s4713,Over the Moon,Movie,2020,PG,Teens,100,Children & Family Movies,China,0,Contemporary international feature films
s4714,Overnight Republic,Movie,2017,TV-MA,Adults,105,Comedies,Turkey,0,Contemporary international feature films
s4715,Oversize Cops,Movie,2017,TV-MA,Adults,100,Action & Adventure,Thailand,0,Contemporary international feature films
s4716,Oye Lucky! Lucky Oye!,Movie,2008,TV-14,Teens,118,Comedies,India,1,Mid-catalogue licensed features
s4718,P,Movie,2006,TV-MA,Adults,105,Horror Movies,United Kingdom,1,Mid-catalogue licensed features
s4719,P Se PM Tak,Movie,2015,TV-14,Teens,117,Comedies,India,0,Contemporary international feature films
s4721,P.S. I Love You,Movie,2007,PG-13,Teens,126,Dramas,United States,1,Mid-catalogue licensed features
s4722,Paan Singh Tomar,Movie,2010,TV-14,Teens,129,Action & Adventure,India,0,Contemporary international feature films
s4724,Paathi,Movie,2017,TV-14,Teens,89,Dramas,India,0,Contemporary international feature films
s4728,Pablo Escobar: Angel or Demon?,Movie,2007,NR,Unrated,82,Documentaries,Venezuela,1,Mid-catalogue licensed features
s4730,Pac's Scary Halloween,Movie,2016,TV-Y7,Teens,44,Movies,Unknown Country,3,"Short-form US docs, stand-up, and family titles"
s4731,Pachamama,Movie,2019,PG,Teens,71,Children & Family Movies,France,3,"Short-form US docs, stand-up, and family titles"
s4733,Pacificum: Return to the Ocean,Movie,2017,TV-G,Kids,74,Documentaries,Peru,3,"Short-form US docs, stand-up, and family titles"
s4734,Pad Man,Movie,2018,PG-13,Teens,130,Dramas,India,0,Contemporary international feature films
s4736,Paddleton,Movie,2019,TV-MA,Adults,89,Comedies,United States,0,Contemporary international feature films
s4737,Pagpag: Nine Lives,Movie,2013,TV-14,Teens,106,Horror Movies,Philippines,0,Contemporary international feature films
s4738,Paharganj,Movie,2019,TV-MA,Adults,107,Dramas,India,0,Contemporary international feature films
s4739,Paheli,Movie,2005,TV-PG,Adults,134,Dramas,India,1,Mid-catalogue licensed features
s4740,Pahuna,Movie,2018,TV-PG,Adults,82,Comedies,India,0,Contemporary international feature films
s4741,Pahuyut Fighting Beat,Movie,2007,TV-MA,Adults,82,Action & Adventure,Thailand,1,Mid-catalogue licensed features
s4742,Paid in Full,Movie,2002,R,Adults,98,Action & Adventure,United States,1,Mid-catalogue licensed features
s4743,Paint It Black,Movie,2016,R,Adults,96,Dramas,United States,3,"Short-form US docs, stand-up, and family titles"
s4744,Painted Faces,Movie,1988,TV-PG,Adults,108,Dramas,Hong Kong,2,Classic and vintage cinema
s4747,Palermo Hollywood,Movie,2004,TV-MA,Adults,106,Dramas,Argentina,1,Mid-catalogue licensed features
s4748,Palio,Movie,2015,TV-14,Teens,91,Documentaries,United Kingdom,0,Contemporary international feature films
s4749,Palm Trees in the Snow,Movie,2015,TV-MA,Adults,163,Dramas,Spain,0,Contemporary international feature films
s4750,Pan's Labyrinth,Movie,2006,R,Adults,119,Dramas,Mexico,1,Mid-catalogue licensed features
s4752,Pandigai,Movie,2017,TV-MA,Adults,125,Action & Adventure,India,0,Contemporary international feature films
s4753,Pandora,Movie,2016,TV-MA,Adults,137,Dramas,South Korea,0,Contemporary international feature films
s4754,Panic Room,Movie,2002,R,Adults,112,Thrillers,United States,1,Mid-catalogue licensed features
s4755,Panipat - The Great Betrayal,Movie,2019,TV-14,Teens,171,Dramas,India,0,Contemporary international feature films
s4756,Panoptic,Movie,2017,TV-MA,Adults,69,Documentaries,Lebanon,3,"Short-form US docs, stand-up, and family titles"
s4757,Pants on Fire,Movie,2014,TV-G,Kids,87,Children & Family Movies,Canada,3,"Short-form US docs, stand-up, and family titles"
s4758,Papa the Great,Movie,2000,TV-PG,Adults,137,Comedies,India,1,Mid-catalogue licensed features
s4759,Paper Year,Movie,2018,TV-MA,Adults,89,Dramas,Canada,0,Contemporary international feature films
s4762,Paradise Beach,Movie,2019,TV-MA,Adults,94,Action & Adventure,France,0,Contemporary international feature films
s4763,Paradise Lost,Movie,2018,TV-MA,Adults,111,Dramas,Brazil,0,Contemporary international feature films
s4765,Paradox,Movie,2018,TV-MA,Adults,74,Dramas,United States,3,"Short-form US docs, stand-up, and family titles"
s4768,Paranormal Activity,Movie,2007,R,Adults,86,Horror Movies,United States,1,Mid-catalogue licensed features
s4769,Paranormal Investigation,Movie,2018,TV-14,Teens,93,Horror Movies,United States,0,Contemporary international feature films
s4771,ParaNorman,Movie,2012,PG,Teens,93,Children & Family Movies,United States,3,"Short-form US docs, stand-up, and family titles"
s4773,Parchís: the Documentary,Movie,2019,TV-14,Teens,106,Documentaries,Spain,0,Contemporary international feature films
s4774,Pardes,Movie,1997,TV-14,Teens,187,Dramas,India,1,Mid-catalogue licensed features
s4775,Pareeth Pandaari,Movie,2017,TV-PG,Adults,109,Dramas,India,0,Contemporary international feature films
s4776,Pari,Movie,2018,TV-14,Teens,116,Horror Movies,Pakistan,0,Contemporary international feature films
s4777,Paris Is Burning,Movie,1990,R,Adults,77,Classic Movies,United States,1,Mid-catalogue licensed features
s4778,Paris Is Us,Movie,2019,TV-MA,Adults,84,Dramas,France,0,Contemporary international feature films
s4779,Park Na-rae: Glamour Warning,Movie,2019,TV-MA,Adults,63,Stand-Up Comedy,South Korea,3,"Short-form US docs, stand-up, and family titles"
s4781,Parmanu: The Story of Pokhran,Movie,2018,TV-PG,Adults,124,Dramas,India,0,Contemporary international feature films
s4782,Parrot Sketch Not Included: Twenty Years of Monty Python,Movie,1989,TV-14,Teens,72,Comedies,United Kingdom,1,Mid-catalogue licensed features
s4784,Party Monster: Scratching the Surface,Movie,2018,TV-14,Teens,33,Comedies,United States,3,"Short-form US docs, stand-up, and family titles"
s4786,Paskal,Movie,2018,TV-14,Teens,115,Action & Adventure,Malaysia,0,Contemporary international feature films
s4787,Passenger 57,Movie,1992,R,Adults,84,Action & Adventure,United States,1,Mid-catalogue licensed features
s4790,Patiala House,Movie,2011,TV-PG,Adults,140,Dramas,India,0,Contemporary international feature films
s4791,Patient Seventeen,Movie,2017,TV-14,Teens,68,Documentaries,United States,3,"Short-form US docs, stand-up, and family titles"
s4792,Patria,Movie,2019,TV-MA,Adults,90,Documentaries,Mexico,0,Contemporary international feature films
s4793,PATRICK (2019),Movie,2019,TV-PG,Adults,94,Comedies,United Kingdom,3,"Short-form US docs, stand-up, and family titles"
s4795,Patriot Games,Movie,1992,R,Adults,117,Action & Adventure,United States,1,Mid-catalogue licensed features
s4796,Patron Mutlu Son Istiyor,Movie,2014,TV-MA,Adults,105,Comedies,Turkey,0,Contemporary international feature films
s4797,Patton Oswalt: Annihilation,Movie,2017,TV-MA,Adults,66,Stand-Up Comedy,United States,3,"Short-form US docs, stand-up, and family titles"
s4799,Patton Oswalt: Talking for Clapping,Movie,2016,TV-MA,Adults,66,Stand-Up Comedy,United States,3,"Short-form US docs, stand-up, and family titles"
s4800,Paul Blart: Mall Cop,Movie,2009,PG,Teens,91,Action & Adventure,United States,1,Mid-catalogue licensed features
s4802,Paulettante Veedu,Movie,2016,TV-14,Teens,104,Dramas,India,0,Contemporary international feature films
s4804,Payday,Movie,2018,TV-MA,Adults,110,Comedies,Nigeria,0,Contemporary international feature films
s4805,Paying Guests,Movie,2009,TV-14,Teens,114,Comedies,India,1,Mid-catalogue licensed features
s4806,Peace Haven,Movie,2016,TV-14,Teens,73,Comedies,India,0,Contemporary international feature films
s4809,Pedal the World,Movie,2015,TV-MA,Adults,85,Documentaries,Germany,0,Contemporary international feature films
s4810,Pee Mak,Movie,2013,TV-MA,Adults,112,Comedies,Thailand,0,Contemporary international feature films
s4811,Pee-wee's Big Holiday,Movie,2016,TV-PG,Adults,90,Children & Family Movies,United States,0,Contemporary international feature films
s4813,Pee-wee's Playhouse: Christmas Special,Movie,1988,TV-PG,Adults,48,Movies,United States,1,Mid-catalogue licensed features
s4814,Peepli Live,Movie,2010,TV-MA,Adults,109,Comedies,India,0,Contemporary international feature films
s4815,Pegasus,Movie,2019,TV-MA,Adults,98,Comedies,China,0,Contemporary international feature films
s4816,Pek Yakında,Movie,2014,TV-MA,Adults,134,Comedies,Turkey,0,Contemporary international feature films
s4817,Pekak,Movie,2016,TV-MA,Adults,95,Dramas,Malaysia,0,Contemporary international feature films
s4818,Penalty,Movie,2019,TV-14,Teens,125,Dramas,India,0,Contemporary international feature films
s4819,Penalty Kick,Movie,2018,TV-14,Teens,89,Comedies,Colombia,0,Contemporary international feature films
s4820,Penelope,Movie,2006,PG,Teens,89,Children & Family Movies,United Kingdom,1,Mid-catalogue licensed features
s4821,Penguins of Madagascar: The Movie,Movie,2014,PG,Teens,92,Children & Family Movies,Unknown Country,3,"Short-form US docs, stand-up, and family titles"
s4824,People You May Know,Movie,2016,TV-MA,Adults,108,Dramas,United States,0,Contemporary international feature films
s4825,Peppermint,Movie,2018,R,Adults,102,Action & Adventure,Hong Kong,3,"Short-form US docs, stand-up, and family titles"
s4826,Perú: Tesoro escondido,Movie,2017,TV-PG,Adults,76,Documentaries,Uruguay,3,"Short-form US docs, stand-up, and family titles"
s4827,Perdida,Movie,2018,TV-MA,Adults,104,Dramas,Argentina,0,Contemporary international feature films
s4828,Perfect Bid: The Contestant Who Knew Too Much,Movie,2017,TV-MA,Adults,72,Documentaries,Canada,3,"Short-form US docs, stand-up, and family titles"
s4829,Perfect Stranger,Movie,2007,R,Adults,109,Thrillers,United States,1,Mid-catalogue licensed features
s4831,Period. End of Sentence.,Movie,2018,TV-PG,Adults,26,Documentaries,United States,3,"Short-form US docs, stand-up, and family titles"
s4834,Personal Shopper,Movie,2016,R,Adults,105,Dramas,France,0,Contemporary international feature films
s4835,Pete Davidson: Alive From New York,Movie,2020,TV-MA,Adults,50,Stand-Up Comedy,United States,3,"Short-form US docs, stand-up, and family titles"
s4836,Peter and the Farm,Movie,2016,TV-MA,Adults,92,Documentaries,United States,3,"Short-form US docs, stand-up, and family titles"
s4837,Peter Rabbit,Movie,2018,PG,Teens,95,Children & Family Movies,United States,3,"Short-form US docs, stand-up, and family titles"
s4838,Pets United,Movie,2020,TV-Y7,Teens,93,Children & Family Movies,Germany,0,Contemporary international feature films
s4839,Petta,Movie,2019,TV-14,Teens,170,Action & Adventure,India,0,Contemporary international feature films
s4840,Petta (Telugu Version),Movie,2019,TV-14,Teens,170,Action & Adventure,Unknown Country,0,Contemporary international feature films
s4841,Pettersson and Findus 2,Movie,2016,TV-G,Kids,82,Children & Family Movies,Germany,3,"Short-form US docs, stand-up, and family titles"
s4842,Phamous,Movie,2018,TV-MA,Adults,108,Dramas,Unknown Country,0,Contemporary international feature films
s4843,Phantom,Movie,2015,TV-14,Teens,129,Action & Adventure,India,0,Contemporary international feature films
s4844,Phantom Boy,Movie,2015,PG,Teens,85,Action & Adventure,France,0,Contemporary international feature films
s4845,Philadelphia,Movie,1993,PG-13,Teens,126,Classic Movies,United States,1,Mid-catalogue licensed features
s4846,Phir Bhi Dil Hai Hindustani,Movie,2000,TV-14,Teens,159,Comedies,India,1,Mid-catalogue licensed features
s4847,Phir Hera Pheri,Movie,2006,TV-14,Teens,150,Comedies,India,1,Mid-catalogue licensed features
s4848,Phir Se,Movie,2015,TV-14,Teens,118,International Movies,India,0,Contemporary international feature films
s4849,Phobia 2,Movie,2009,TV-MA,Adults,125,Horror Movies,Thailand,0,Contemporary international feature films
s4850,Phone Swap,Movie,2012,TV-14,Teens,112,Comedies,Nigeria,0,Contemporary international feature films
s4851,PhotoCopy,Movie,2016,TV-14,Teens,138,Comedies,India,0,Contemporary international feature films
s4852,Phullu,Movie,2017,TV-14,Teens,96,Dramas,India,0,Contemporary international feature films
s4853,Pick of the Litter,Movie,2018,TV-PG,Adults,81,Children & Family Movies,United States,3,"Short-form US docs, stand-up, and family titles"
s4854,Pickpockets,Movie,2017,TV-MA,Adults,108,Dramas,Colombia,0,Contemporary international feature films
s4855,Pieces of a Woman,Movie,2020,R,Adults,128,Dramas,Canada,0,Contemporary international feature films
s4856,Piercing,Movie,2018,R,Adults,81,Dramas,United States,0,Contemporary international feature films
s4857,Pierre Jackson,Movie,2018,TV-MA,Adults,81,Romantic Movies,United States,3,"Short-form US docs, stand-up, and family titles"
s4858,Pihu,Movie,2018,TV-14,Teens,90,Dramas,India,0,Contemporary international feature films
s4860,Pimpal,Movie,2017,TV-PG,Adults,92,Dramas,India,0,Contemporary international feature films
s4862,Pineapple Express,Movie,2008,R,Adults,112,Action & Adventure,United States,1,Mid-catalogue licensed features
s4863,Pink,Movie,2016,TV-14,Teens,130,Dramas,India,0,Contemporary international feature films
s4864,Pinkfong & Baby Shark's Space Adventure,Movie,2019,TV-Y,Kids,65,Children & Family Movies,Unknown Country,3,"Short-form US docs, stand-up, and family titles"
s4866,Pinky Memsaab,Movie,2018,TV-MA,Adults,124,Dramas,Pakistan,0,Contemporary international feature films
s4869,Pitaah,Movie,2002,TV-MA,Adults,127,Dramas,India,1,Mid-catalogue licensed features
s4870,Pizza,Movie,2014,TV-14,Teens,102,Horror Movies,India,0,Contemporary international feature films
s4871,"Pizza, birra, faso",Movie,1998,TV-MA,Adults,81,Dramas,Argentina,1,Mid-catalogue licensed features
s4873,PK,Movie,2014,TV-14,Teens,146,Comedies,India,0,Contemporary international feature films
s4874,"Plaire, aimer et courir vite",Movie,2018,TV-MA,Adults,133,Dramas,France,0,Contemporary international feature films
s4875,Planet 51,Movie,2009,PG,Teens,91,Children & Family Movies,Spain,1,Mid-catalogue licensed features
s4878,Planet Hulk,Movie,2010,TV-14,Teens,81,Action & Adventure,United States,3,"Short-form US docs, stand-up, and family titles"
s4879,Planetarium,Movie,2016,TV-MA,Adults,108,Dramas,France,0,Contemporary international feature films
s4880,Platoon,Movie,1986,R,Adults,120,Action & Adventure,United States,2,Classic and vintage cinema
s4881,Players,Movie,2012,TV-14,Teens,162,Action & Adventure,India,0,Contemporary international feature films
s4882,Playing for Keeps,Movie,2012,PG-13,Teens,106,Comedies,United States,0,Contemporary international feature films
s4883,Playing for Time,Movie,1980,TV-14,Teens,149,Dramas,United States,2,Classic and vintage cinema
s4884,Playing Hard,Movie,2018,TV-MA,Adults,92,Documentaries,Canada,0,Contemporary international feature films
s4886,PNL - Dans la légende tour,Movie,2020,TV-MA,Adults,65,International Movies,Unknown Country,3,"Short-form US docs, stand-up, and family titles"
s4887,Poacher,Movie,2018,TV-MA,Adults,28,Dramas,United Kingdom,3,"Short-form US docs, stand-up, and family titles"
s4889,Pocoyo & Cars,Movie,2015,TV-Y,Kids,19,Movies,Unknown Country,3,"Short-form US docs, stand-up, and family titles"
s4890,Pocoyo & The Space Circus,Movie,2008,TV-Y,Kids,25,Movies,Spain,3,"Short-form US docs, stand-up, and family titles"
s4891,Pocoyo Carnival,Movie,2015,TV-Y,Kids,22,Movies,Unknown Country,3,"Short-form US docs, stand-up, and family titles"
s4892,Pocoyo Halloween: Space Halloween,Movie,2015,TV-Y,Kids,40,Movies,United States,3,"Short-form US docs, stand-up, and family titles"
s4893,Pocoyo Halloween: Spooky Movies,Movie,2014,TV-Y,Kids,22,Movies,Unknown Country,3,"Short-form US docs, stand-up, and family titles"
s4894,Pocoyo Special Sports,Movie,2016,TV-Y,Kids,24,Movies,Unknown Country,3,"Short-form US docs, stand-up, and family titles"
s4895,Point Blank,Movie,2019,TV-MA,Adults,87,Action & Adventure,France,3,"Short-form US docs, stand-up, and family titles"
s4897,Pokémon the Movie: I Choose You!,Movie,2017,TV-Y7,Teens,97,Anime Features,Japan,0,Contemporary international feature films
s4898,Pokémon the Movie: Power of Us,Movie,2018,TV-Y7,Teens,98,Anime Features,Japan,0,Contemporary international feature films
s4901,Pokémon: Mewtwo Strikes Back - Evolution,Movie,2019,TV-Y7,Teens,98,Anime Features,Japan,0,Contemporary international feature films
s4902,Polar,Movie,2019,TV-MA,Adults,119,Action & Adventure,United States,0,Contemporary international feature films
s4903,Polaroid,Movie,2019,PG-13,Teens,88,Horror Movies,United States,3,"Short-form US docs, stand-up, and family titles"
s4906,Pooja Kiven Aa,Movie,2013,TV-PG,Adults,122,Comedies,India,0,Contemporary international feature films
s4908,"Pop, Lock 'n Roll",Movie,2017,TV-14,Teens,88,Dramas,South Africa,0,Contemporary international feature films
s4909,Pope Francis: A Man of His Word,Movie,2018,PG,Teens,96,Documentaries,Switzerland,0,Contemporary international feature films
s4910,Popeye,Movie,1980,PG,Teens,114,Action & Adventure,United States,2,Classic and vintage cinema
s4914,Porto,Movie,2016,TV-MA,Adults,77,Dramas,Portugal,0,Contemporary international feature films
s4916,Poseidon,Movie,2006,PG-13,Teens,98,Action & Adventure,United States,1,Mid-catalogue licensed features
s4917,Posesif,Movie,2017,TV-MA,Adults,102,Dramas,Indonesia,0,Contemporary international feature films
s4918,Poshter Girl,Movie,2016,TV-14,Teens,138,Comedies,India,0,Contemporary international feature films
s4920,Postcards from London,Movie,2018,TV-MA,Adults,90,Dramas,United Kingdom,0,Contemporary international feature films
s4921,Poster Boys,Movie,2017,PG-13,Teens,128,Comedies,India,0,Contemporary international feature films
s4922,Potato Potahto,Movie,2017,TV-MA,Adults,104,Comedies,Ghana,0,Contemporary international feature films
s4923,Pottersville,Movie,2017,PG-13,Teens,86,Comedies,United States,3,"Short-form US docs, stand-up, and family titles"
s4926,Power Paandi,Movie,2017,TV-MA,Adults,124,Dramas,India,0,Contemporary international feature films
s4943,"Power Rangers Samurai: Christmas Together, Friends Forever (Christmas Special)",Movie,2011,TV-Y7,Teens,24,Movies,United States,3,"Short-form US docs, stand-up, and family titles"
s4944,Power Rangers Samurai: Clash of the Red Rangers,Movie,2011,TV-Y7,Teens,46,Children & Family Movies,United States,3,"Short-form US docs, stand-up, and family titles"
s4945,Power Rangers Samurai: Party Monsters (Halloween Special),Movie,2011,TV-Y7,Teens,24,Movies,United States,3,"Short-form US docs, stand-up, and family titles"
s4947,Power Rangers Super Megaforce: The Legendary Battle (Extended),Movie,2014,TV-Y7,Teens,55,Movies,United States,3,"Short-form US docs, stand-up, and family titles"
s4949,Power Rangers Super Samurai: Stuck on Christmas,Movie,2012,TV-Y7,Teens,24,Children & Family Movies,United States,3,"Short-form US docs, stand-up, and family titles"
s4950,Power Rangers Super Samurai: Trickster Treat,Movie,2012,TV-Y7,Teens,23,Movies,United States,3,"Short-form US docs, stand-up, and family titles"
s4956,Power Rangers: Megaforce: Raising Spirits,Movie,2013,TV-Y7,Teens,24,Children & Family Movies,United States,3,"Short-form US docs, stand-up, and family titles"
s4957,Power Rangers: Megaforce: The Robo Knight Before Christmas,Movie,2013,TV-Y7,Teens,24,Children & Family Movies,United States,3,"Short-form US docs, stand-up, and family titles"
s4958,Prague,Movie,2013,TV-MA,Adults,106,Dramas,India,0,Contemporary international feature films
s4959,Pranaam,Movie,2019,TV-14,Teens,117,Action & Adventure,India,0,Contemporary international feature films
s4961,Prelude to War,Movie,1942,TV-14,Teens,52,Classic Movies,United States,2,Classic and vintage cinema
s4962,Prem Ratan Dhan Payo,Movie,2015,TV-14,Teens,164,Action & Adventure,India,0,Contemporary international feature films
s4963,Premachi Goshta,Movie,2013,TV-14,Teens,127,International Movies,India,0,Contemporary international feature films
s4964,Prescription Thugs,Movie,2015,NR,Unrated,86,Documentaries,United States,3,"Short-form US docs, stand-up, and family titles"
s4967,Pretty Little Stalker,Movie,2018,TV-14,Teens,84,Thrillers,United States,3,"Short-form US docs, stand-up, and family titles"
s4969,Pretville,Movie,2012,TV-PG,Adults,95,Comedies,South Africa,0,Contemporary international feature films
s4970,Primal Fear,Movie,1996,R,Adults,131,Dramas,United States,1,Mid-catalogue licensed features
s4971,Prince,Movie,1969,TV-PG,Adults,152,Dramas,India,2,Classic and vintage cinema
s4972,Prince Charming,Movie,1984,TV-14,Teens,93,Comedies,Hong Kong,2,Classic and vintage cinema
s4975,Prince of Peoria: A Christmas Moose Miracle,Movie,2018,TV-G,Kids,29,Children & Family Movies,United States,3,"Short-form US docs, stand-up, and family titles"
s4976,Princess Cyd,Movie,2017,TV-MA,Adults,97,Dramas,United States,0,Contemporary international feature films
s4977,Print the Legend,Movie,2014,TV-14,Teens,100,Documentaries,United States,3,"Short-form US docs, stand-up, and family titles"
s4979,Private Life,Movie,2018,R,Adults,124,Comedies,United States,0,Contemporary international feature films
s4982,Professor,Movie,1962,TV-PG,Adults,163,Comedies,India,2,Classic and vintage cinema
s4983,Professor Mack,Movie,2018,TV-MA,Adults,84,Comedies,United States,3,"Short-form US docs, stand-up, and family titles"
s4985,Project Marathwada,Movie,2016,TV-MA,Adults,103,Dramas,India,0,Contemporary international feature films
s4987,Project Papa,Movie,2018,TV-14,Teens,92,Dramas,India,0,Contemporary international feature films
s4988,Project Power,Movie,2020,R,Adults,113,Action & Adventure,United States,3,"Short-form US docs, stand-up, and family titles"
s4990,Prom Night,Movie,2008,PG-13,Teens,88,Horror Movies,United States,1,Mid-catalogue licensed features
s4991,Prosecuting Evil: The Extraordinary World of Ben Ferencz,Movie,2019,TV-MA,Adults,83,Documentaries,Canada,3,"Short-form US docs, stand-up, and family titles"
s4992,Prospect,Movie,2018,R,Adults,100,Sci-Fi & Fantasy,Canada,0,Contemporary international feature films
s4994,Psycho,Movie,2020,TV-MA,Adults,143,Horror Movies,India,0,Contemporary international feature films
s4995,Psychokinesis,Movie,2018,TV-MA,Adults,102,Action & Adventure,South Korea,0,Contemporary international feature films
s4999,Puerto Ricans in Paris,Movie,2015,R,Adults,82,Comedies,United States,3,"Short-form US docs, stand-up, and family titles"
s5001,Pukar,Movie,2000,TV-14,Teens,165,Action & Adventure,India,1,Mid-catalogue licensed features
s5002,Pulang,Movie,2018,TV-14,Teens,119,Action & Adventure,Malaysia,0,Contemporary international feature films
s5003,Pulp Fiction,Movie,1994,R,Adults,154,Classic Movies,United States,1,Mid-catalogue licensed features
s5004,Punjab 1984,Movie,2014,TV-14,Teens,158,Dramas,Canada,0,Contemporary international feature films
s5006,Pup Star,Movie,2016,G,Kids,92,Children & Family Movies,Canada,3,"Short-form US docs, stand-up, and family titles"
s5007,Pup Star: Better 2Gether,Movie,2017,PG,Teens,93,Children & Family Movies,Canada,0,Contemporary international feature films
s5008,Pup Star: World Tour,Movie,2018,G,Kids,87,Children & Family Movies,Canada,0,Contemporary international feature films
s5009,Puppy Star Christmas,Movie,2018,PG,Teens,91,Children & Family Movies,United States,3,"Short-form US docs, stand-up, and family titles"
s5010,Puriyatha Puthir,Movie,2017,TV-MA,Adults,120,International Movies,India,0,Contemporary international feature films
s5011,Pusher,Movie,2012,R,Adults,89,Action & Adventure,United Kingdom,3,"Short-form US docs, stand-up, and family titles"
s5012,Puss in Book: Trapped in an Epic Tale,Movie,2017,TV-Y7,Teens,24,Children & Family Movies,United States,3,"Short-form US docs, stand-up, and family titles"
s5013,Puss in Boots,Movie,2011,PG,Teens,92,Children & Family Movies,United States,3,"Short-form US docs, stand-up, and family titles"
s5015,Pyaar Ka Punchnama,Movie,2011,TV-14,Teens,149,Comedies,India,0,Contemporary international feature films
s5016,Pyaar Ka Punchnama 2,Movie,2015,TV-MA,Adults,136,Comedies,India,0,Contemporary international feature films
s5017,Pyaar Ke Side Effects,Movie,2006,TV-MA,Adults,120,Comedies,India,1,Mid-catalogue licensed features
s5019,Pyar Ke Do Pal,Movie,1986,TV-14,Teens,153,Dramas,India,2,Classic and vintage cinema
s5020,Q Ball,Movie,2019,TV-MA,Adults,96,Documentaries,United States,3,"Short-form US docs, stand-up, and family titles"
s5021,Qarib Qarib Singlle,Movie,2017,TV-14,Teens,120,Comedies,India,0,Contemporary international feature films
s5023,Qila,Movie,1998,TV-14,Teens,161,Dramas,India,1,Mid-catalogue licensed features
s5025,Qismat,Movie,2018,TV-PG,Adults,137,Dramas,India,0,Contemporary international feature films
s5026,QLIMAX THE SOURCE,Movie,2020,TV-14,Teens,57,Music & Musicals,Netherlands,3,"Short-form US docs, stand-up, and family titles"
s5029,Quantum of Solace,Movie,2008,PG-13,Teens,106,Action & Adventure,United Kingdom,1,Mid-catalogue licensed features
s5030,Quartet,Movie,2012,PG-13,Teens,98,Comedies,United Kingdom,0,Contemporary international feature films
s5031,Queen,Movie,2014,TV-MA,Adults,138,Comedies,India,0,Contemporary international feature films
s5033,Queen of the Desert,Movie,2015,PG-13,Teens,128,Dramas,United States,0,Contemporary international feature films
s5040,Quién te cantará,Movie,2018,TV-MA,Adults,125,Dramas,Spain,0,Contemporary international feature films
s5042,Quiet Victory: The Charlie Wedemeyer Story,Movie,1988,TV-PG,Adults,93,Dramas,United States,1,Mid-catalogue licensed features
s5043,Quigley Down Under,Movie,1990,PG-13,Teens,120,Action & Adventure,Australia,1,Mid-catalogue licensed features
s5044,Quincy,Movie,2018,TV-MA,Adults,124,Documentaries,United States,3,"Short-form US docs, stand-up, and family titles"
s5046,R.K.Nagar,Movie,2019,TV-14,Teens,132,Action & Adventure,India,0,Contemporary international feature films
s5047,R.L. Stine's Mostly Ghostly,Movie,2008,PG,Teens,98,Children & Family Movies,United States,1,Mid-catalogue licensed features
s5048,Raajneeti,Movie,2010,TV-14,Teens,162,Dramas,India,0,Contemporary international feature films
s5049,Raat Akeli Hai,Movie,2020,TV-MA,Adults,150,Dramas,India,0,Contemporary international feature films
s5052,Rabun,Movie,2004,TV-PG,Adults,85,Dramas,Malaysia,1,Mid-catalogue licensed features
s5053,Race,Movie,2008,TV-14,Teens,155,Action & Adventure,India,1,Mid-catalogue licensed features
s5054,Race 2,Movie,2013,TV-14,Teens,139,Action & Adventure,India,0,Contemporary international feature films
s5055,Race to Witch Mountain,Movie,2009,PG,Teens,99,Children & Family Movies,United States,3,"Short-form US docs, stand-up, and family titles"
s5056,Rachel Getting Married,Movie,2008,R,Adults,113,Dramas,United States,1,Mid-catalogue licensed features
s5057,Radical: the Controversial Saga of Dada Figueiredo,Movie,2013,TV-MA,Adults,71,Documentaries,Brazil,0,Contemporary international feature films
s5058,Radio Rebel,Movie,2012,TV-G,Kids,90,Children & Family Movies,United States,3,"Short-form US docs, stand-up, and family titles"
s5059,Radiopetti,Movie,2015,TV-PG,Adults,83,Dramas,India,0,Contemporary international feature films
s5060,Radium Girls,Movie,2018,TV-14,Teens,103,Dramas,United States,0,Contemporary international feature films
s5061,Raees,Movie,2017,TV-14,Teens,143,Action & Adventure,India,0,Contemporary international feature films
s5062,"Rafał Banaś, Michał Leja Laugh out Loud",Movie,2016,TV-MA,Adults,64,Stand-Up Comedy,Unknown Country,3,"Short-form US docs, stand-up, and family titles"
s5063,Rafinha Bastos: Ultimatum,Movie,2018,TV-MA,Adults,63,Stand-Up Comedy,Brazil,3,"Short-form US docs, stand-up, and family titles"
s5064,Raging Bull,Movie,1980,R,Adults,129,Classic Movies,United States,2,Classic and vintage cinema
s5065,Ragini MMS,Movie,2011,TV-MA,Adults,93,Horror Movies,India,0,Contemporary international feature films
s5066,Ragini MMS 2,Movie,2014,TV-MA,Adults,113,Horror Movies,India,0,Contemporary international feature films
s5068,Rahasya,Movie,2015,TV-14,Teens,117,Dramas,India,0,Contemporary international feature films
s5069,Raiders!: The Story of the Greatest Fan Film Ever Made,Movie,2015,NR,Unrated,93,Documentaries,United States,3,"Short-form US docs, stand-up, and family titles"
s5070,Railroad Tigers,Movie,2016,TV-14,Teens,124,Action & Adventure,China,0,Contemporary international feature films
s5071,Rain Man,Movie,1988,R,Adults,134,Classic Movies,United States,2,Classic and vintage cinema
s5072,Rainbow Jelly,Movie,2018,TV-14,Teens,119,Dramas,India,0,Contemporary international feature films
s5074,Rainbow Time,Movie,2016,TV-MA,Adults,92,Comedies,United States,0,Contemporary international feature films
s5076,Raising the Bar,Movie,2016,TV-Y,Kids,97,Children & Family Movies,Australia,0,Contemporary international feature films
s5077,Raising Victor Vargas,Movie,2002,R,Adults,88,Dramas,France,1,Mid-catalogue licensed features
s5078,Raja Hindustani,Movie,1996,TV-14,Teens,177,Dramas,India,1,Mid-catalogue licensed features
s5079,Raja Natwarlal,Movie,2014,TV-14,Teens,131,Dramas,India,0,Contemporary international feature films
s5081,Rajma Chawal,Movie,2018,TV-MA,Adults,119,Comedies,India,0,Contemporary international feature films
s5082,Rajnigandha,Movie,1974,TV-PG,Adults,104,Comedies,India,2,Classic and vintage cinema
s5084,Rakkhosh,Movie,2019,TV-MA,Adults,116,Horror Movies,India,0,Contemporary international feature films
s5085,Ralph Breaks the Internet: Wreck-It Ralph 2,Movie,2018,PG,Teens,113,Children & Family Movies,United States,3,"Short-form US docs, stand-up, and family titles"
s5086,Ralphie May: Imperfectly Yours,Movie,2015,TV-MA,Adults,69,Stand-Up Comedy,United States,3,"Short-form US docs, stand-up, and family titles"
s5087,Ralphie May: Unruly,Movie,2015,TV-MA,Adults,83,Stand-Up Comedy,United States,3,"Short-form US docs, stand-up, and family titles"
s5088,"Ram Dass, Going Home",Movie,2018,TV-14,Teens,32,Documentaries,United States,3,"Short-form US docs, stand-up, and family titles"
s5089,Ram Jaane,Movie,1995,TV-14,Teens,142,Dramas,India,1,Mid-catalogue licensed features
s5090,Ram Teri Ganga Maili,Movie,1985,TV-14,Teens,178,Classic Movies,India,2,Classic and vintage cinema
s5091,Raman Raghav 2.0,Movie,2016,TV-MA,Adults,133,International Movies,India,0,Contemporary international feature films
s5093,Ramen Shop,Movie,2018,TV-PG,Adults,90,Dramas,Singapore,0,Contemporary international feature films
s5094,Ramji Londonwaley,Movie,2005,TV-14,Teens,154,Comedies,India,1,Mid-catalogue licensed features
s5095,Rampage: President Down,Movie,2016,TV-MA,Adults,100,Action & Adventure,Canada,0,Contemporary international feature films
s5096,Rampant,Movie,2018,TV-MA,Adults,122,Action & Adventure,South Korea,0,Contemporary international feature films
s5097,Ranbhool,Movie,2010,TV-MA,Adults,115,Horror Movies,India,0,Contemporary international feature films
s5098,Rang De Basanti,Movie,2006,TV-14,Teens,159,Dramas,India,1,Mid-catalogue licensed features
s5099,Rango,Movie,2011,PG,Teens,110,Children & Family Movies,United States,1,Mid-catalogue licensed features
s5100,Rangoon,Movie,2017,TV-14,Teens,153,Action & Adventure,India,0,Contemporary international feature films
s5101,Rangreza,Movie,2017,TV-14,Teens,126,Dramas,Pakistan,0,Contemporary international feature films
s5104,Ratones Paranoicos: The Band that Rocked Argentina,Movie,2021,TV-MA,Adults,76,Documentaries,Unknown Country,0,Contemporary international feature films
s5105,Rats,Movie,2016,NR,Unrated,88,Documentaries,United States,3,"Short-form US docs, stand-up, and family titles"
s5106,Rattlesnake,Movie,2019,TV-MA,Adults,86,Horror Movies,United States,0,Contemporary international feature films
s5107,Ravenous,Movie,2017,TV-MA,Adults,104,Horror Movies,Canada,0,Contemporary international feature films
s5108,"Ray Romano: Right Here, Around the Corner",Movie,2019,TV-MA,Adults,59,Stand-Up Comedy,United States,3,"Short-form US docs, stand-up, and family titles"
s5109,Raya and Sakina,Movie,1984,TV-14,Teens,230,Comedies,Unknown Country,2,Classic and vintage cinema
s5113,Reaction,Movie,2011,TV-14,Teens,99,Dramas,Egypt,0,Contemporary international feature films
s5114,Ready,Movie,2011,TV-PG,Adults,144,Comedies,India,0,Contemporary international feature films
s5115,Ready to Mingle,Movie,2019,TV-MA,Adults,98,Comedies,Mexico,0,Contemporary international feature films
s5116,Real Crime: Diamond Geezers,Movie,2008,TV-14,Teens,46,Documentaries,United Kingdom,3,"Short-form US docs, stand-up, and family titles"
s5117,Real Crime: Supermarket Heist (Tesco Bomber),Movie,2010,TV-14,Teens,46,Documentaries,United Kingdom,3,"Short-form US docs, stand-up, and family titles"
s5119,Real Steel,Movie,2011,PG-13,Teens,127,Action & Adventure,United States,1,Mid-catalogue licensed features
s5122,Rebecca,Movie,2020,PG-13,Teens,123,Dramas,United Kingdom,0,Contemporary international feature films
s5123,Rebel Without a Cause,Movie,1955,PG-13,Teens,111,Classic Movies,United States,2,Classic and vintage cinema
s5126,Rebirth,Movie,2016,TV-MA,Adults,101,Dramas,United States,3,"Short-form US docs, stand-up, and family titles"
s5128,Recall,Movie,2018,TV-MA,Adults,73,Dramas,Canada,3,"Short-form US docs, stand-up, and family titles"
s5132,Recovery Boys,Movie,2018,TV-MA,Adults,90,Documentaries,United States,3,"Short-form US docs, stand-up, and family titles"
s5134,Red Christmas,Movie,2016,TV-MA,Adults,81,Horror Movies,Australia,3,"Short-form US docs, stand-up, and family titles"
s5135,Red Dawn,Movie,1984,PG-13,Teens,114,Action & Adventure,United States,2,Classic and vintage cinema
s5136,Red Oleanders Raktokarobi,Movie,2017,TV-14,Teens,112,Dramas,India,0,Contemporary international feature films
s5137,Red Trees,Movie,2017,TV-PG,Adults,80,Documentaries,United Kingdom,3,"Short-form US docs, stand-up, and family titles"
s5139,Redemption,Movie,2013,R,Adults,100,Action & Adventure,United Kingdom,0,Contemporary international feature films
s5141,Refugee,Movie,2016,TV-PG,Adults,24,Documentaries,Unknown Country,3,"Short-form US docs, stand-up, and family titles"
s5142,Regatta,Movie,2015,TV-MA,Adults,100,Action & Adventure,Egypt,0,Contemporary international feature films
s5143,Reggie Watts: Spatial,Movie,2016,TV-MA,Adults,62,Music & Musicals,United States,3,"Short-form US docs, stand-up, and family titles"
s5146,Rehmataan,Movie,2012,TV-14,Teens,116,Dramas,India,0,Contemporary international feature films
s5148,Reincarnated,Movie,2012,R,Adults,96,Documentaries,United States,3,"Short-form US docs, stand-up, and family titles"
s5149,ReMastered: Devil at the Crossroads,Movie,2019,TV-14,Teens,49,Documentaries,United States,3,"Short-form US docs, stand-up, and family titles"
s5150,ReMastered: Massacre at the Stadium,Movie,2019,TV-MA,Adults,65,Documentaries,United States,3,"Short-form US docs, stand-up, and family titles"
s5151,ReMastered: The Lion's Share,Movie,2019,TV-14,Teens,84,Documentaries,Unknown Country,3,"Short-form US docs, stand-up, and family titles"
s5152,ReMastered: The Miami Showband Massacre,Movie,2019,TV-MA,Adults,71,Documentaries,United States,3,"Short-form US docs, stand-up, and family titles"
s5153,ReMastered: The Two Killings of Sam Cooke,Movie,2019,TV-MA,Adults,74,Documentaries,United States,3,"Short-form US docs, stand-up, and family titles"
s5154,ReMastered: Tricky Dick & The Man in Black,Movie,2018,TV-14,Teens,59,Documentaries,United States,3,"Short-form US docs, stand-up, and family titles"
s5155,ReMastered: Who Killed Jam Master Jay?,Movie,2018,TV-MA,Adults,59,Documentaries,Unknown Country,3,"Short-form US docs, stand-up, and family titles"
s5156,ReMastered: Who Shot the Sheriff,Movie,2018,TV-14,Teens,57,Documentaries,United States,3,"Short-form US docs, stand-up, and family titles"
s5157,Rembat,Movie,2015,TV-PG,Adults,88,Action & Adventure,Malaysia,0,Contemporary international feature films
s5158,Remember,Movie,2015,R,Adults,95,Action & Adventure,Canada,0,Contemporary international feature films
s5159,Remember Me,Movie,2010,PG-13,Teens,112,Dramas,United States,1,Mid-catalogue licensed features
s5160,Rememory,Movie,2017,PG-13,Teens,112,Dramas,United Kingdom,0,Contemporary international feature films
s5161,Rencor tatuado,Movie,2018,TV-MA,Adults,152,Dramas,Mexico,0,Contemporary international feature films
s5167,Resident Evil: Afterlife,Movie,2010,R,Adults,97,Action & Adventure,Germany,0,Contemporary international feature films
s5168,Residente,Movie,2017,TV-MA,Adults,97,Documentaries,United States,3,"Short-form US docs, stand-up, and family titles"
s5169,Residue,Movie,2020,TV-MA,Adults,90,Dramas,United States,3,"Short-form US docs, stand-up, and family titles"
s5171,Restless Creature: Wendy Whelan,Movie,2016,TV-MA,Adults,94,Documentaries,United States,3,"Short-form US docs, stand-up, and family titles"
s5172,Results,Movie,2015,R,Adults,105,Comedies,United States,3,"Short-form US docs, stand-up, and family titles"
s5173,Resurface,Movie,2017,TV-MA,Adults,28,Documentaries,United States,3,"Short-form US docs, stand-up, and family titles"
s5175,Retablo,Movie,2017,TV-MA,Adults,102,Dramas,Peru,0,Contemporary international feature films
s5177,Return of the Prodigal Son,Movie,1976,TV-MA,Adults,124,Dramas,Egypt,2,Classic and vintage cinema
s5178,Return To The 36th Chamber,Movie,1980,R,Adults,97,Action & Adventure,Hong Kong,2,Classic and vintage cinema
s5179,Revelations,Movie,2016,NR,Unrated,118,Dramas,India,0,Contemporary international feature films
s5181,Revenge of the Green Dragons,Movie,2014,R,Adults,95,Action & Adventure,Hong Kong,0,Contemporary international feature films
s5182,Revenge of the Pontianak,Movie,2019,TV-14,Teens,92,Horror Movies,Singapore,0,Contemporary international feature films
s5183,Revenger,Movie,2018,TV-MA,Adults,102,Action & Adventure,South Korea,0,Contemporary international feature films
s5184,Reversing Roe,Movie,2018,TV-14,Teens,100,Documentaries,United States,3,"Short-form US docs, stand-up, and family titles"
s5186,Revolt,Movie,2017,R,Adults,87,Action & Adventure,United Kingdom,3,"Short-form US docs, stand-up, and family titles"
s5189,Revolutionary Road,Movie,2008,R,Adults,120,Dramas,United States,1,Mid-catalogue licensed features
s5190,Rezeta,Movie,2012,NR,Unrated,84,Dramas,Mexico,0,Contemporary international feature films
s5193,Rhys Nicholson Live at the Athenaeum,Movie,2020,TV-MA,Adults,66,Stand-Up Comedy,United Kingdom,3,"Short-form US docs, stand-up, and family titles"
s5196,Ricardo O'Farrill Abrazo Genial,Movie,2016,TV-MA,Adults,92,Stand-Up Comedy,Mexico,3,"Short-form US docs, stand-up, and family titles"
s5197,Ricardo O'Farrill: Abrazo navideño,Movie,2016,TV-MA,Adults,31,Stand-Up Comedy,Mexico,3,"Short-form US docs, stand-up, and family titles"
s5198,Ricardo Quevedo: Hay gente así,Movie,2018,TV-MA,Adults,59,Stand-Up Comedy,Colombia,3,"Short-form US docs, stand-up, and family titles"
s5199,Ricardo Quevedo: Los amargados somos más,Movie,2019,TV-MA,Adults,59,Stand-Up Comedy,Unknown Country,3,"Short-form US docs, stand-up, and family titles"
s5200,Rich in Love,Movie,2020,TV-14,Teens,105,Comedies,Brazil,0,Contemporary international feature films
s5201,Richard Pryor: Live in Concert,Movie,1979,TV-MA,Adults,79,Stand-Up Comedy,United States,2,Classic and vintage cinema
s5203,Ricky Gervais: Humanity,Movie,2018,TV-MA,Adults,79,Stand-Up Comedy,United Kingdom,3,"Short-form US docs, stand-up, and family titles"
s5204,Ride Like a Girl,Movie,2020,PG,Teens,99,Children & Family Movies,Australia,0,Contemporary international feature films
s5206,Riding Faith,Movie,2020,TV-PG,Adults,81,Children & Family Movies,United States,0,Contemporary international feature films
s5207,Right Here Right Now,Movie,2018,TV-MA,Adults,91,Comedies,Germany,0,Contemporary international feature films
s5208,Righteous Kill,Movie,2008,R,Adults,101,Dramas,United States,1,Mid-catalogue licensed features
s5210,Rim of the World,Movie,2019,TV-14,Teens,99,Action & Adventure,United States,0,Contemporary international feature films
s5212,Ringan,Movie,2015,TV-14,Teens,103,Dramas,India,0,Contemporary international feature films
s5213,Riot,Movie,2015,TV-MA,Adults,88,Action & Adventure,Unknown Country,3,"Short-form US docs, stand-up, and family titles"
s5214,Rip Tide,Movie,2017,TV-PG,Adults,87,Children & Family Movies,Australia,0,Contemporary international feature films
s5215,Riphagen - The Untouchable,Movie,2016,TV-14,Teens,132,Dramas,Netherlands,0,Contemporary international feature films
s5218,Rise of the Zombie,Movie,2013,TV-MA,Adults,83,Horror Movies,India,0,Contemporary international feature films
s5219,Rise: Ini Kalilah,Movie,2018,TV-PG,Adults,101,Dramas,Malaysia,0,Contemporary international feature films
s5221,Rising High,Movie,2020,TV-MA,Adults,95,Dramas,Germany,0,Contemporary international feature films
s5222,Rising Phoenix,Movie,2020,PG-13,Teens,107,Documentaries,United Kingdom,0,Contemporary international feature films
s5224,Rivaaz,Movie,2011,TV-MA,Adults,107,Dramas,India,0,Contemporary international feature films
s5225,"River, el más grande siempre",Movie,2019,TV-G,Kids,105,Documentaries,Argentina,0,Contemporary international feature films
s5226,River's Edge,Movie,2018,TV-MA,Adults,118,Dramas,Japan,0,Contemporary international feature films
s5228,Rize,Movie,2005,PG-13,Teens,87,Documentaries,United States,1,Mid-catalogue licensed features
s5229,Road To High & Low,Movie,2016,TV-MA,Adults,94,Action & Adventure,Japan,0,Contemporary international feature films
s5230,ROAD TO ROMA,Movie,2020,TV-PG,Adults,73,Documentaries,Mexico,3,"Short-form US docs, stand-up, and family titles"
s5231,Road to Sangam,Movie,2010,TV-14,Teens,136,Dramas,India,0,Contemporary international feature films
s5232,Road to Yesterday,Movie,2015,TV-14,Teens,96,Dramas,Nigeria,0,Contemporary international feature films
s5233,Road Trip: Beer Pong,Movie,2009,R,Adults,97,Comedies,United States,3,"Short-form US docs, stand-up, and family titles"
s5234,"Rob Schneider: Asian Momma, Mexican Kids",Movie,2020,TV-MA,Adults,44,Stand-Up Comedy,United States,3,"Short-form US docs, stand-up, and family titles"
s5235,Roberto Saviano: Writing Under Police Protection,Movie,2016,TV-14,Teens,45,Documentaries,Italy,3,"Short-form US docs, stand-up, and family titles"
s5236,Robin Hood: The Rebellion,Movie,2018,TV-14,Teens,92,Action & Adventure,United Kingdom,0,Contemporary international feature films
s5241,Rocco,Movie,2016,TV-MA,Adults,103,Documentaries,France,0,Contemporary international feature films
s5242,Rock My Heart,Movie,2019,TV-PG,Adults,110,Children & Family Movies,Germany,0,Contemporary international feature films
s5243,Rock On!!,Movie,2008,TV-14,Teens,139,Dramas,India,1,Mid-catalogue licensed features
s5244,Rocko's Modern Life: Static Cling,Movie,2019,TV-Y7,Teens,46,Children & Family Movies,United States,3,"Short-form US docs, stand-up, and family titles"
s5245,Rocky,Movie,1976,PG,Teens,120,Action & Adventure,United States,2,Classic and vintage cinema
s5246,Rocky Handsome,Movie,2016,TV-MA,Adults,119,Action & Adventure,India,0,Contemporary international feature films
s5247,Rocky II,Movie,1979,PG,Teens,119,Dramas,United States,2,Classic and vintage cinema
s5248,Rocky III,Movie,1982,PG,Teens,100,Dramas,United States,2,Classic and vintage cinema
s5249,Rocky IV,Movie,1985,PG,Teens,92,Dramas,United States,2,Classic and vintage cinema
s5250,Rocky V,Movie,1990,PG-13,Teens,104,Dramas,United States,1,Mid-catalogue licensed features
s5251,Rodney Carrington: Here Comes the Truth,Movie,2017,TV-MA,Adults,66,Stand-Up Comedy,United States,3,"Short-form US docs, stand-up, and family titles"
s5252,Rodney King,Movie,2017,TV-MA,Adults,53,Dramas,United States,3,"Short-form US docs, stand-up, and family titles"
s5253,Roger Corman's Death Race 2050,Movie,2017,R,Adults,93,Action & Adventure,United States,3,"Short-form US docs, stand-up, and family titles"
s5254,Rogue City,Movie,2020,TV-MA,Adults,116,Dramas,France,0,Contemporary international feature films
s5255,Rogue Warfare,Movie,2019,R,Adults,103,Action & Adventure,United States,3,"Short-form US docs, stand-up, and family titles"
s5256,Rogue Warfare: The Hunt,Movie,2020,R,Adults,104,Action & Adventure,United States,3,"Short-form US docs, stand-up, and family titles"
s5257,Roh's Beauty,Movie,2014,TV-MA,Adults,98,Dramas,Egypt,0,Contemporary international feature films
s5258,Roll Red Roll,Movie,2018,TV-MA,Adults,80,Documentaries,United States,3,"Short-form US docs, stand-up, and family titles"
s5259,Roll With Me,Movie,2017,TV-MA,Adults,90,Documentaries,United States,3,"Short-form US docs, stand-up, and family titles"
s5260,Rolling Papers,Movie,2015,TV-MA,Adults,79,Documentaries,United States,3,"Short-form US docs, stand-up, and family titles"
s5261,Rolling Thunder Revue: A Bob Dylan Story by Martin Scorsese,Movie,2019,TV-MA,Adults,142,Documentaries,United States,0,Contemporary international feature films
s5262,ROMA,Movie,2018,R,Adults,135,Dramas,Mexico,0,Contemporary international feature films
s5264,Romance Doll,Movie,2020,TV-MA,Adults,124,Dramas,Japan,0,Contemporary international feature films
s5266,Romantik Komedi,Movie,2010,NR,Unrated,110,Comedies,Turkey,0,Contemporary international feature films
s5267,Romantik Komedi 2: Bekarlığa Veda,Movie,2013,TV-14,Teens,105,Comedies,Turkey,0,Contemporary international feature films
s5268,Romeo Akbar Walter,Movie,2019,TV-14,Teens,141,Dramas,India,0,Contemporary international feature films
s5269,Romeo Ranjha,Movie,2014,TV-14,Teens,122,Action & Adventure,India,0,Contemporary international feature films
s5270,Romina,Movie,2018,TV-MA,Adults,75,Horror Movies,Mexico,0,Contemporary international feature films
s5271,"Ron White: If You Quit Listening, I'll Shut Up",Movie,2018,TV-MA,Adults,63,Stand-Up Comedy,United States,3,"Short-form US docs, stand-up, and family titles"
s5272,Ronnie Coleman: The King,Movie,2018,TV-MA,Adults,93,Documentaries,United States,3,"Short-form US docs, stand-up, and family titles"
s5273,Ronny Chieng: Asian Comedian Destroys America!,Movie,2019,TV-MA,Adults,63,Stand-Up Comedy,United States,3,"Short-form US docs, stand-up, and family titles"
s5275,Room,Movie,2015,R,Adults,118,Dramas,Ireland,0,Contemporary international feature films
s5277,Room for Rent,Movie,2017,TV-MA,Adults,89,Comedies,Canada,0,Contemporary international feature films
s5278,Room on the Broom,Movie,2012,TV-Y7,Teens,26,Children & Family Movies,United Kingdom,3,"Short-form US docs, stand-up, and family titles"
s5280,Rooting for Roona,Movie,2020,TV-PG,Adults,42,Documentaries,India,3,"Short-form US docs, stand-up, and family titles"
s5281,Roots,Movie,2016,TV-PG,Adults,62,Documentaries,Unknown Country,3,"Short-form US docs, stand-up, and family titles"
s5282,Roped,Movie,2020,PG,Teens,90,Children & Family Movies,United States,0,Contemporary international feature films
s5283,Rory Scovel Tries Stand-Up for the First Time,Movie,2017,TV-MA,Adults,66,Stand-Up Comedy,United States,3,"Short-form US docs, stand-up, and family titles"
s5285,Rose Island,Movie,2020,TV-14,Teens,119,Comedies,Italy,0,Contemporary international feature films
s5286,Rosemary's Baby,Movie,1968,R,Adults,137,Classic Movies,United States,2,Classic and vintage cinema
s5289,Rounders,Movie,1998,R,Adults,121,Dramas,United States,1,Mid-catalogue licensed features
s5290,Rowdy Rathore,Movie,2012,TV-14,Teens,137,Action & Adventure,India,0,Contemporary international feature films
s5291,Roxanne Roxanne,Movie,2018,TV-MA,Adults,100,Dramas,United States,3,"Short-form US docs, stand-up, and family titles"
s5294,Rudy Habibie,Movie,2016,TV-14,Teens,143,Dramas,Indonesia,0,Contemporary international feature films
s5296,Rugrats in Paris: The Movie,Movie,2000,G,Kids,79,Children & Family Movies,Germany,1,Mid-catalogue licensed features
s5297,Rukh,Movie,2017,TV-MA,Adults,103,Dramas,India,0,Contemporary international feature films
s5298,Rumble,Movie,2016,TV-MA,Adults,92,Action & Adventure,Mexico,0,Contemporary international feature films
s5299,Rumble in the Bronx,Movie,1995,R,Adults,89,Action & Adventure,Hong Kong,1,Mid-catalogue licensed features
s5300,Rumor Has It,Movie,2005,PG-13,Teens,97,Comedies,United States,1,Mid-catalogue licensed features
s5301,Run,Movie,2004,TV-14,Teens,134,Action & Adventure,India,1,Mid-catalogue licensed features
s5303,Runaway Bride,Movie,1999,PG,Teens,116,Comedies,United States,1,Mid-catalogue licensed features
s5304,Running for Grace,Movie,2018,TV-14,Teens,110,Dramas,United States,0,Contemporary international feature films
s5306,Running Out Of Time,Movie,2018,TV-14,Teens,88,Thrillers,United States,3,"Short-form US docs, stand-up, and family titles"
s5307,Running Shaadi,Movie,2017,TV-14,Teens,115,Comedies,India,0,Contemporary international feature films
s5309,Rush: Beyond the Lighted Stage,Movie,2010,TV-MA,Adults,107,Documentaries,Canada,0,Contemporary international feature films
s5310,RUSSELL BRAND: RE:BIRTH,Movie,2018,TV-MA,Adults,63,Stand-Up Comedy,Unknown Country,3,"Short-form US docs, stand-up, and family titles"
s5311,Russell Howard: Recalibrate,Movie,2017,TV-MA,Adults,69,Stand-Up Comedy,United Kingdom,3,"Short-form US docs, stand-up, and family titles"
s5312,Russell Madness,Movie,2015,PG,Teens,93,Children & Family Movies,United States,0,Contemporary international feature films
s5314,Russell Peters: Almost Famous,Movie,2016,TV-MA,Adults,73,Stand-Up Comedy,United States,3,"Short-form US docs, stand-up, and family titles"
s5315,Russell Peters: Notorious,Movie,2013,NR,Unrated,72,Stand-Up Comedy,United States,3,"Short-form US docs, stand-up, and family titles"
s5317,Rust Creek,Movie,2019,R,Adults,108,Thrillers,United States,3,"Short-form US docs, stand-up, and family titles"
s5319,Rustom,Movie,2016,TV-14,Teens,141,Dramas,India,0,Contemporary international feature films
s5320,Ryan Hamilton: Happy Face,Movie,2017,TV-14,Teens,57,Stand-Up Comedy,United States,3,"Short-form US docs, stand-up, and family titles"
s5321,S Is for Stanley,Movie,2016,TV-MA,Adults,82,Documentaries,Italy,3,"Short-form US docs, stand-up, and family titles"
s5322,S Storm,Movie,2016,TV-MA,Adults,95,Action & Adventure,Hong Kong,0,Contemporary international feature films
s5323,S.W.A.T.,Movie,2003,PG-13,Teens,117,Action & Adventure,United States,1,Mid-catalogue licensed features
s5324,"Sí, Mi Amor",Movie,2020,TV-MA,Adults,107,Comedies,Unknown Country,0,Contemporary international feature films
s5325,Saadey CM Saab,Movie,2015,TV-PG,Adults,131,Comedies,India,0,Contemporary international feature films
s5326,Saaho,Movie,2019,TV-14,Teens,172,Action & Adventure,India,0,Contemporary international feature films
s5327,Saath Saath,Movie,1982,TV-14,Teens,118,Dramas,India,2,Classic and vintage cinema
s5328,Saavat,Movie,2019,TV-14,Teens,118,Dramas,India,0,Contemporary international feature films
s5329,Saawan,Movie,2016,TV-14,Teens,128,Dramas,Pakistan,0,Contemporary international feature films
s5331,Sabrina,Movie,2018,TV-MA,Adults,114,Horror Movies,Indonesia,0,Contemporary international feature films
s5333,Sacro GRA,Movie,2013,TV-MA,Adults,91,Documentaries,Italy,0,Contemporary international feature films
s5334,Sad Hill Unearthed,Movie,2017,TV-14,Teens,83,Documentaries,Spain,0,Contemporary international feature films
s5335,Sadece Sen,Movie,2014,TV-MA,Adults,105,Dramas,Turkey,0,Contemporary international feature films
s5336,Sadie's Last Days on Earth,Movie,2016,TV-14,Teens,94,Comedies,Canada,0,Contemporary international feature films
s5337,Sadma,Movie,1983,TV-14,Teens,137,Dramas,India,2,Classic and vintage cinema
s5339,Saeed Mirza: The Leftist Sufi,Movie,2016,TV-MA,Adults,61,Documentaries,India,3,"Short-form US docs, stand-up, and family titles"
s5341,Safety Not Guaranteed,Movie,2012,R,Adults,86,Comedies,United States,0,Contemporary international feature films
s5342,Sahara,Movie,2017,TV-Y7,Teens,86,Children & Family Movies,France,3,"Short-form US docs, stand-up, and family titles"
s5343,Saheb Bibi Golaam,Movie,2016,TV-MA,Adults,118,Dramas,India,0,Contemporary international feature films
s5344,Saheb Biwi Aur Gangster Returns,Movie,2013,TV-MA,Adults,139,Dramas,India,0,Contemporary international feature films
s5347,Sairat,Movie,2016,TV-14,Teens,173,Dramas,India,0,Contemporary international feature films
s5348,Sakaling Maging Tayo,Movie,2019,TV-14,Teens,90,International Movies,Philippines,0,Contemporary international feature films
s5349,Sakhi,Movie,2007,TV-PG,Adults,152,Dramas,India,1,Mid-catalogue licensed features
s5351,Salaakhen,Movie,1975,TV-14,Teens,134,Action & Adventure,India,2,Classic and vintage cinema
s5352,Saladin,Movie,1963,TV-MA,Adults,194,Action & Adventure,Egypt,2,Classic and vintage cinema
s5353,Salam - The First ****** Nobel Laureate,Movie,2018,TV-PG,Adults,76,Documentaries,United States,3,"Short-form US docs, stand-up, and family titles"
s5354,Salem: His Sister's Father,Movie,2014,TV-14,Teens,99,Dramas,Egypt,0,Contemporary international feature films
s5357,Sam Jay: 3 In The Morning,Movie,2020,TV-MA,Adults,64,Stand-Up Comedy,United States,3,"Short-form US docs, stand-up, and family titles"
s5358,Sam Kinison: Breaking the Rules,Movie,1987,TV-MA,Adults,50,Stand-Up Comedy,United States,2,Classic and vintage cinema
s5359,Sam Kinison: Family Entertainment Hour,Movie,1991,TV-MA,Adults,49,Stand-Up Comedy,United States,1,Mid-catalogue licensed features
s5360,Sam Kinison: Live in Vegas,Movie,1991,TV-MA,Adults,71,Stand-Up Comedy,United States,1,Mid-catalogue licensed features
s5361,Sam Kinison: The Scream Continues,Movie,2016,TV-MA,Adults,29,Documentaries,United States,3,"Short-form US docs, stand-up, and family titles"
s5362,Samantaral,Movie,2017,TV-MA,Adults,110,Dramas,India,0,Contemporary international feature films
s5364,Samarppanam,Movie,2017,TV-PG,Adults,116,Dramas,India,0,Contemporary international feature films
s5365,Same Kind of Different as Me,Movie,2017,PG-13,Teens,119,Dramas,United States,0,Contemporary international feature films
s5366,Sameer Abu Alneel,Movie,2013,TV-14,Teens,107,Comedies,Egypt,0,Contemporary international feature films
s5368,Sample This,Movie,2012,TV-14,Teens,83,Documentaries,United States,3,"Short-form US docs, stand-up, and family titles"
s5369,Samson,Movie,2018,PG-13,Teens,109,Action & Adventure,South Africa,0,Contemporary international feature films
s5370,Samudri Lootere,Movie,2018,TV-Y,Kids,65,Children & Family Movies,Unknown Country,3,"Short-form US docs, stand-up, and family titles"
s5372,San Pietro,Movie,1945,TV-14,Teens,32,Classic Movies,United States,2,Classic and vintage cinema
s5373,Sanai Choughade,Movie,2008,TV-14,Teens,122,Comedies,India,1,Mid-catalogue licensed features
s5374,Sand Castle,Movie,2017,TV-MA,Adults,113,Action & Adventure,United States,0,Contemporary international feature films
s5375,Sand Storm,Movie,2016,TV-PG,Adults,88,Dramas,Israel,0,Contemporary international feature films
s5376,Sandy Wexler,Movie,2017,TV-14,Teens,131,Comedies,United States,3,"Short-form US docs, stand-up, and family titles"
s5377,Sangam,Movie,1964,TV-14,Teens,228,Classic Movies,India,2,Classic and vintage cinema
s5378,Sanju,Movie,2018,TV-MA,Adults,159,Dramas,India,0,Contemporary international feature films
s5380,Santa Banta Pvt Ltd,Movie,2016,TV-14,Teens,111,Comedies,India,0,Contemporary international feature films
s5382,Santa Claws,Movie,2014,TV-PG,Adults,86,Children & Family Movies,United States,3,"Short-form US docs, stand-up, and family titles"
s5383,Santa Girl,Movie,2019,TV-PG,Adults,91,Children & Family Movies,United States,0,Contemporary international feature films
s5384,Santa Pac's Merry Berry Day,Movie,2016,TV-Y,Kids,44,Movies,Unknown Country,3,"Short-form US docs, stand-up, and family titles"
s5385,Santa's Apprentice,Movie,2010,TV-G,Kids,72,Children & Family Movies,Australia,3,"Short-form US docs, stand-up, and family titles"
s5386,Santana,Movie,2020,TV-MA,Adults,107,Action & Adventure,South Africa,0,Contemporary international feature films
s5387,Santo Cachón,Movie,2018,TV-14,Teens,87,Comedies,Colombia,0,Contemporary international feature films
s5388,Sara's Notebook,Movie,2018,TV-MA,Adults,117,Dramas,Spain,0,Contemporary international feature films
s5389,Sarah Cooper: Everything's Fine,Movie,2020,TV-MA,Adults,50,Comedies,United States,3,"Short-form US docs, stand-up, and family titles"
s5390,Sarah Silverman A Speck of Dust,Movie,2017,TV-MA,Adults,71,Stand-Up Comedy,United States,3,"Short-form US docs, stand-up, and family titles"
s5391,Sarah's Key,Movie,2010,PG-13,Teens,102,Dramas,France,0,Contemporary international feature films
s5392,Sarajevo,Movie,2014,TV-PG,Adults,98,Dramas,Austria,0,Contemporary international feature films
s5393,Sardaar ji,Movie,2015,TV-14,Teens,140,Comedies,Canada,0,Contemporary international feature films
s5394,Sardaarji 2,Movie,2016,TV-PG,Adults,145,Action & Adventure,Australia,0,Contemporary international feature films
s5395,Sarivar Sari,Movie,2005,TV-14,Teens,126,Dramas,India,1,Mid-catalogue licensed features
s5396,Sarkar,Movie,2018,TV-MA,Adults,162,Action & Adventure,Unknown Country,0,Contemporary international feature films
s5397,Sarvam Thaala Mayam (Tamil Version),Movie,2018,TV-14,Teens,131,Dramas,Unknown Country,0,Contemporary international feature films
s5398,Sarvam Thaala Mayam (Telugu Version),Movie,2018,TV-14,Teens,131,Dramas,India,0,Contemporary international feature films
s5399,Sarvopari Palakkaran,Movie,2017,TV-14,Teens,133,Dramas,India,0,Contemporary international feature films
s5400,Sat Shri Akaal England,Movie,2017,TV-14,Teens,127,Comedies,India,0,Contemporary international feature films
s5401,Sat Sri Akal,Movie,2008,TV-14,Teens,141,Dramas,India,1,Mid-catalogue licensed features
s5402,Satan & Adam,Movie,2018,TV-MA,Adults,78,Documentaries,United States,3,"Short-form US docs, stand-up, and family titles"
s5404,Satrangi Re,Movie,2012,TV-14,Teens,150,Dramas,India,0,Contemporary international feature films
s5405,Satria Heroes: Revenge of the Darkness,Movie,2017,TV-G,Kids,92,Children & Family Movies,Indonesia,3,"Short-form US docs, stand-up, and family titles"
s5406,Satte Pe Satta,Movie,1982,TV-14,Teens,153,Comedies,India,2,Classic and vintage cinema
s5408,Saturday Church,Movie,2017,TV-MA,Adults,83,Dramas,United States,3,"Short-form US docs, stand-up, and family titles"
s5409,Satyagraha,Movie,2013,TV-14,Teens,146,Dramas,India,0,Contemporary international feature films
s5410,Saudi Arabia Uncovered,Movie,2016,TV-14,Teens,52,Documentaries,United Kingdom,3,"Short-form US docs, stand-up, and family titles"
s5411,Savage Dog,Movie,2017,TV-MA,Adults,95,Action & Adventure,United States,3,"Short-form US docs, stand-up, and family titles"
s5412,Savage Raghda,Movie,2018,TV-MA,Adults,93,Comedies,Egypt,0,Contemporary international feature films
s5415,Saverio Raimondo: Il Satiro Parlante,Movie,2019,TV-MA,Adults,53,Stand-Up Comedy,Italy,3,"Short-form US docs, stand-up, and family titles"
s5416,Saving Capitalism,Movie,2017,TV-PG,Adults,73,Documentaries,United States,3,"Short-form US docs, stand-up, and family titles"
s5417,Saving Mr. Banks,Movie,2013,PG-13,Teens,126,Comedies,United States,0,Contemporary international feature films
s5418,Saving Zoë,Movie,2019,R,Adults,95,Dramas,United States,3,"Short-form US docs, stand-up, and family titles"
s5419,Savita Damodar Paranjpe,Movie,2018,TV-14,Teens,119,Horror Movies,India,0,Contemporary international feature films
s5421,Say When,Movie,2014,R,Adults,99,Comedies,United States,0,Contemporary international feature films
s5422,Sayed the Servant,Movie,1985,TV-14,Teens,173,Comedies,Unknown Country,2,Classic and vintage cinema
s5423,Scales: Mermaids Are Real,Movie,2017,PG,Teens,93,Children & Family Movies,United States,3,"Short-form US docs, stand-up, and family titles"
s5426,Scandal in Sorrento,Movie,1955,TV-PG,Adults,93,Classic Movies,Italy,2,Classic and vintage cinema
s5428,Scarecrow,Movie,2019,TV-MA,Adults,121,Comedies,Egypt,0,Contemporary international feature films
s5429,Scary Movie,Movie,2000,R,Adults,88,Comedies,United States,1,Mid-catalogue licensed features
s5430,Scary Movie 5,Movie,2013,PG-13,Teens,88,Comedies,United States,3,"Short-form US docs, stand-up, and family titles"
s5431,Schindler's List,Movie,1993,R,Adults,195,Classic Movies,United States,1,Mid-catalogue licensed features
s5433,School Daze,Movie,1988,R,Adults,120,Comedies,United States,2,Classic and vintage cinema
s5434,School Life,Movie,2019,TV-MA,Adults,112,Comedies,France,0,Contemporary international feature films
s5435,Schubert In Love,Movie,2016,TV-14,Teens,94,Comedies,Germany,0,Contemporary international feature films
s5438,Scooby-Doo on Zombie Island,Movie,1998,TV-PG,Adults,77,Children & Family Movies,United States,1,Mid-catalogue licensed features
s5440,Scorpion King 5: Book of Souls,Movie,2018,PG-13,Teens,102,Action & Adventure,United States,3,"Short-form US docs, stand-up, and family titles"
s5441,Scott Pilgrim vs. the World,Movie,2010,PG-13,Teens,112,Action & Adventure,United States,1,Mid-catalogue licensed features
s5443,Scream 2,Movie,1997,R,Adults,121,Horror Movies,United States,1,Mid-catalogue licensed features
s5444,Scream 3,Movie,2000,R,Adults,117,Horror Movies,United States,1,Mid-catalogue licensed features
s5445,Screwball,Movie,2018,TV-MA,Adults,105,Documentaries,United States,3,"Short-form US docs, stand-up, and family titles"
s5446,SDU: Sex Duties Unit,Movie,2013,TV-MA,Adults,96,Comedies,Hong Kong,0,Contemporary international feature films
s5448,Seal Team Six: The Raid on Osama Bin Laden,Movie,2012,TV-MA,Adults,90,Action & Adventure,United States,3,"Short-form US docs, stand-up, and family titles"
s5449,Search Party,Movie,2014,R,Adults,93,Comedies,United States,3,"Short-form US docs, stand-up, and family titles"
s5450,Searching for Bobby Fischer,Movie,1993,PG,Teens,110,Children & Family Movies,United States,1,Mid-catalogue licensed features
s5451,Searching for Sugar Man,Movie,2012,PG-13,Teens,86,Documentaries,Sweden,0,Contemporary international feature films
s5452,Season of the Witch,Movie,2011,PG-13,Teens,95,Action & Adventure,United States,3,"Short-form US docs, stand-up, and family titles"
s5453,Sebastián Marcelo Wainraich,Movie,2018,TV-MA,Adults,49,Stand-Up Comedy,Argentina,3,"Short-form US docs, stand-up, and family titles"
s5454,Sebastian Maniscalco: Stay Hungry,Movie,2019,TV-MA,Adults,65,Stand-Up Comedy,United States,3,"Short-form US docs, stand-up, and family titles"
s5455,Sebastian Maniscalco: What's Wrong with People?,Movie,2012,TV-MA,Adults,76,Stand-Up Comedy,United States,3,"Short-form US docs, stand-up, and family titles"
s5456,Sebastian Maniscalco: Why Would You Do That,Movie,2016,TV-MA,Adults,63,Stand-Up Comedy,United States,3,"Short-form US docs, stand-up, and family titles"
s5458,Secret,Movie,2007,TV-PG,Adults,101,Dramas,Hong Kong,1,Mid-catalogue licensed features
s5461,Secret in Their Eyes,Movie,2015,PG-13,Teens,111,Dramas,United States,0,Contemporary international feature films
s5462,Secret Obsession,Movie,2019,TV-14,Teens,98,Thrillers,United States,3,"Short-form US docs, stand-up, and family titles"
s5465,Secret Superstar,Movie,2017,TV-14,Teens,150,Dramas,India,0,Contemporary international feature films
s5467,Secrets in the Hot Spring,Movie,2018,TV-14,Teens,108,Comedies,Taiwan,0,Contemporary international feature films
s5468,Secrets of Althorp - The Spencers,Movie,2013,TV-PG,Adults,54,Documentaries,United States,3,"Short-form US docs, stand-up, and family titles"
s5469,Secrets of Chatsworth,Movie,2013,TV-PG,Adults,54,Documentaries,United States,3,"Short-form US docs, stand-up, and family titles"
s5471,Secrets of Henry VIII's Palace: Hampton Court,Movie,2013,TV-PG,Adults,54,Documentaries,United States,3,"Short-form US docs, stand-up, and family titles"
s5472,Secrets of Her Majesty's Secret Service,Movie,2014,TV-PG,Adults,55,Documentaries,United Kingdom,3,"Short-form US docs, stand-up, and family titles"
s5473,Secrets of Highclere Castle,Movie,2013,TV-PG,Adults,54,Documentaries,United States,3,"Short-form US docs, stand-up, and family titles"
s5474,Secrets of Scotland Yard,Movie,2013,TV-14,Teens,55,Documentaries,United Kingdom,3,"Short-form US docs, stand-up, and family titles"
s5475,Secrets of Selfridges,Movie,2014,TV-PG,Adults,55,Documentaries,United States,3,"Short-form US docs, stand-up, and family titles"
s5476,Secrets of the Saqqara Tomb,Movie,2020,TV-PG,Adults,114,Documentaries,United States,3,"Short-form US docs, stand-up, and family titles"
s5477,Secrets of the Tower of London,Movie,2013,TV-PG,Adults,55,Documentaries,United Kingdom,3,"Short-form US docs, stand-up, and family titles"
s5478,Secrets of Underground London,Movie,2014,TV-PG,Adults,55,Documentaries,United Kingdom,3,"Short-form US docs, stand-up, and family titles"
s5479,Secrets of Westminster,Movie,2014,TV-PG,Adults,55,Documentaries,United States,3,"Short-form US docs, stand-up, and family titles"
s5480,Security,Movie,2017,R,Adults,92,Action & Adventure,United States,3,"Short-form US docs, stand-up, and family titles"
s5482,See You Yesterday,Movie,2019,TV-MA,Adults,87,Dramas,United States,0,Contemporary international feature films
s5483,Seeing Allred,Movie,2018,TV-14,Teens,96,Documentaries,United States,3,"Short-form US docs, stand-up, and family titles"
s5484,Sei,Movie,2018,TV-14,Teens,126,Action & Adventure,India,0,Contemporary international feature films
s5489,Selfless,Movie,2015,PG-13,Teens,117,Sci-Fi & Fantasy,United States,0,Contemporary international feature films
s5491,Semana Santa,Movie,2015,TV-MA,Adults,87,Dramas,Mexico,0,Contemporary international feature films
s5492,Sen Kimsin?,Movie,2012,TV-14,Teens,102,Comedies,Turkey,0,Contemporary international feature films
s5493,Senna,Movie,2010,PG-13,Teens,106,Documentaries,United Kingdom,0,Contemporary international feature films
s5496,Seoul Searching,Movie,2015,TV-MA,Adults,109,Comedies,South Korea,0,Contemporary international feature films
s5497,Septembers of Shiraz,Movie,2016,PG-13,Teens,110,Dramas,United States,0,Contemporary international feature films
s5498,"Septiembre, un llanto en silencio",Movie,2017,TV-MA,Adults,69,Dramas,Guatemala,0,Contemporary international feature films
s5499,Sergio,Movie,2020,R,Adults,119,Dramas,United States,0,Contemporary international feature films
s5501,Serious Men,Movie,2020,TV-MA,Adults,115,Comedies,India,0,Contemporary international feature films
s5502,Seriously Single,Movie,2020,TV-MA,Adults,108,Comedies,South Africa,0,Contemporary international feature films
s5504,Set It Up,Movie,2018,TV-MA,Adults,106,Comedies,United States,3,"Short-form US docs, stand-up, and family titles"
s5505,Set Off,Movie,2008,TV-MA,Adults,96,Dramas,China,1,Mid-catalogue licensed features
s5506,Set Up,Movie,2011,R,Adults,85,Action & Adventure,United States,3,"Short-form US docs, stand-up, and family titles"
s5507,Seth Meyers: Lobby Baby,Movie,2019,TV-MA,Adults,61,Stand-Up Comedy,United States,3,"Short-form US docs, stand-up, and family titles"
s5508,Seth Rogen's Hilarity for Charity,Movie,2018,TV-MA,Adults,70,Stand-Up Comedy,United States,3,"Short-form US docs, stand-up, and family titles"
s5509,SETHUM AAYIRAM PON,Movie,2020,TV-MA,Adults,103,Dramas,India,0,Contemporary international feature films
s5510,Settai,Movie,2013,TV-14,Teens,123,Comedies,India,0,Contemporary international feature films
s5511,Seven (Tamil),Movie,2019,TV-MA,Adults,111,Dramas,India,0,Contemporary international feature films
s5512,Seven (Telugu),Movie,2019,TV-14,Teens,116,Dramas,Unknown Country,0,Contemporary international feature films
s5513,Seven and a half dates,Movie,2018,TV-14,Teens,107,Dramas,Unknown Country,0,Contemporary international feature films
s5515,Seven in Heaven,Movie,2018,PG-13,Teens,94,Horror Movies,United States,3,"Short-form US docs, stand-up, and family titles"
s5516,Seven Pounds,Movie,2008,PG-13,Teens,123,Dramas,United States,1,Mid-catalogue licensed features
s5518,Seven Sundays,Movie,2017,TV-MA,Adults,128,Comedies,Philippines,0,Contemporary international feature films
s5519,Seventeen,Movie,2019,TV-MA,Adults,100,Comedies,Spain,0,Contemporary international feature films
s5520,Seventh Son,Movie,2014,PG-13,Teens,102,Action & Adventure,United States,0,Contemporary international feature films
s5521,Sex and the City 2,Movie,2010,R,Adults,146,Comedies,United States,1,Mid-catalogue licensed features
s5522,Sex and the City: The Movie,Movie,2008,R,Adults,145,Comedies,United States,1,Mid-catalogue licensed features
s5523,Sex Doll,Movie,2016,UR,Unrated,103,Dramas,United Kingdom,0,Contemporary international feature films
s5524,Sex Drive,Movie,2008,R,Adults,109,Comedies,United States,1,Mid-catalogue licensed features
s5527,"Sexo, Pudor y Lagrimas",Movie,1999,R,Adults,111,Comedies,Mexico,1,Mid-catalogue licensed features
s5528,Sextuplets,Movie,2019,TV-14,Teens,100,Comedies,United States,3,"Short-form US docs, stand-up, and family titles"
s5530,SGT. Will Gardner,Movie,2019,TV-MA,Adults,125,Dramas,United States,3,"Short-form US docs, stand-up, and family titles"
s5531,Shéhérazade,Movie,2019,TV-MA,Adults,111,Dramas,France,0,Contemporary international feature films
s5532,Shabd,Movie,2005,TV-14,Teens,146,Dramas,India,1,Mid-catalogue licensed features
s5533,Shadow,Movie,2018,TV-14,Teens,116,Action & Adventure,China,0,Contemporary international feature films
s5535,Shahanpan Dega Deva,Movie,2011,TV-14,Teens,115,Comedies,India,0,Contemporary international feature films
s5536,Shaitan,Movie,2011,TV-MA,Adults,126,Action & Adventure,India,0,Contemporary international feature films
s5538,Shakti: The Power,Movie,2002,TV-MA,Adults,168,Dramas,India,1,Mid-catalogue licensed features
s5540,Shanghai,Movie,2012,TV-14,Teens,109,Dramas,India,0,Contemporary international feature films
s5541,Shanghai Fortress,Movie,2019,TV-14,Teens,107,Dramas,China,0,Contemporary international feature films
s5542,Shararat,Movie,2002,TV-PG,Adults,148,Comedies,India,1,Mid-catalogue licensed features
s5543,Shark Busters,Movie,2002,TV-14,Teens,92,Dramas,Hong Kong,1,Mid-catalogue licensed features
s5544,Shark Night,Movie,2011,PG-13,Teens,91,Horror Movies,United States,3,"Short-form US docs, stand-up, and family titles"
s5545,Shattered Memories,Movie,2018,TV-14,Teens,86,Dramas,United States,3,"Short-form US docs, stand-up, and family titles"
s5548,Shaun the Sheep: The Farmer’s Llamas,Movie,2020,TV-Y,Kids,28,Children & Family Movies,United Kingdom,3,"Short-form US docs, stand-up, and family titles"
s5549,Shaurya: It Takes Courage to Make Right... Right,Movie,2008,TV-14,Teens,135,Dramas,India,1,Mid-catalogue licensed features
s5550,Shawn Mendes: In Wonder,Movie,2020,TV-MA,Adults,83,Documentaries,United States,3,"Short-form US docs, stand-up, and family titles"
s5551,Shawn Mendes: Live in Concert,Movie,2020,TV-PG,Adults,87,Music & Musicals,United Kingdom,3,"Short-form US docs, stand-up, and family titles"
s5553,She Did That,Movie,2019,TV-PG,Adults,71,Documentaries,United States,3,"Short-form US docs, stand-up, and family titles"
s5554,She Made Me a Criminal,Movie,2006,TV-14,Teens,105,Comedies,Egypt,1,Mid-catalogue licensed features
s5556,She's Dating the Gangster,Movie,2014,TV-14,Teens,113,Dramas,Philippines,0,Contemporary international feature films
s5558,She's Out of My League,Movie,2010,R,Adults,105,Comedies,United States,1,Mid-catalogue licensed features
s5559,She's the One,Movie,2013,TV-14,Teens,111,Dramas,Philippines,0,Contemporary international feature films
s5560,Shelby American,Movie,2019,TV-MA,Adults,119,Documentaries,United States,3,"Short-form US docs, stand-up, and family titles"
s5561,Shelter,Movie,2010,R,Adults,112,Horror Movies,United States,3,"Short-form US docs, stand-up, and family titles"
s5562,Shepherds and Butchers,Movie,2016,R,Adults,106,Dramas,South Africa,0,Contemporary international feature films
s5564,Sherlock Holmes,Movie,2009,PG-13,Teens,128,Action & Adventure,United States,1,Mid-catalogue licensed features
s5565,Shikari,Movie,1991,TV-14,Teens,163,Dramas,India,1,Mid-catalogue licensed features
s5566,Shimla Mirchi,Movie,2020,TV-14,Teens,121,Comedies,India,0,Contemporary international feature films
s5567,Shimmer Lake,Movie,2017,TV-MA,Adults,87,Dramas,Canada,0,Contemporary international feature films
s5569,Shine Your Eyes,Movie,2020,TV-MA,Adults,103,Dramas,Brazil,0,Contemporary international feature films
s5570,Shirkers,Movie,2018,TV-14,Teens,97,Documentaries,United States,3,"Short-form US docs, stand-up, and family titles"
s5571,Shiva,Movie,1990,TV-MA,Adults,168,Action & Adventure,India,1,Mid-catalogue licensed features
s5572,Shonar Pahar,Movie,2018,TV-PG,Adults,131,Dramas,India,0,Contemporary international feature films
s5574,Shootout at Lokhandwala,Movie,2007,UR,Unrated,116,Action & Adventure,India,1,Mid-catalogue licensed features
s5576,Shopkins: Chef Club,Movie,2016,TV-Y,Kids,45,Movies,United States,3,"Short-form US docs, stand-up, and family titles"
s5577,Shopkins: Wild,Movie,2018,TV-Y,Kids,75,Movies,Australia,3,"Short-form US docs, stand-up, and family titles"
s5578,Shopkins: World Vacation,Movie,2017,TV-Y,Kids,71,Movies,Australia,3,"Short-form US docs, stand-up, and family titles"
s5579,Shor In the City,Movie,2011,TV-MA,Adults,106,Comedies,India,0,Contemporary international feature films
s5580,Shorgul,Movie,2016,TV-14,Teens,122,Dramas,India,0,Contemporary international feature films
s5581,Short Term 12,Movie,2013,R,Adults,97,Dramas,United States,3,"Short-form US docs, stand-up, and family titles"
s5582,Shortcut Safari,Movie,2016,TV-PG,Adults,101,Action & Adventure,India,0,Contemporary international feature films
s5583,Shorts,Movie,2009,PG,Teens,89,Children & Family Movies,United States,1,Mid-catalogue licensed features
s5584,Shot Caller,Movie,2017,R,Adults,121,Dramas,United States,0,Contemporary international feature films
s5586,SHOT! The Psycho-Spiritual Mantra of Rock,Movie,2016,TV-MA,Adults,98,Documentaries,United Kingdom,3,"Short-form US docs, stand-up, and family titles"
s5588,Shrek the Musical,Movie,2013,TV-G,Kids,130,Children & Family Movies,United States,0,Contemporary international feature films
s5590,Shubh Aarambh,Movie,2017,TV-PG,Adults,127,Dramas,India,0,Contemporary international feature films
s5591,Shuddhi,Movie,2017,TV-14,Teens,115,Dramas,India,0,Contemporary international feature films
s5592,Shutter,Movie,2004,TV-MA,Adults,96,Horror Movies,Thailand,1,Mid-catalogue licensed features
s5593,Si Doel the Movie,Movie,2018,TV-PG,Adults,86,Dramas,Indonesia,0,Contemporary international feature films
s5594,Si Doel the Movie 2,Movie,2019,TV-G,Kids,95,Dramas,Indonesia,0,Contemporary international feature films
s5595,Si Doel the Movie 3,Movie,2020,TV-G,Kids,93,Dramas,Indonesia,0,Contemporary international feature films
s5596,Si saben cómo me pongo ¿pá qué me invitan?,Movie,2018,TV-MA,Adults,89,Comedies,Colombia,0,Contemporary international feature films
s5597,Sicilian Ghost Story,Movie,2017,TV-MA,Adults,119,Dramas,Italy,0,Contemporary international feature films
s5600,Siddhant,Movie,2014,TV-G,Kids,105,Dramas,India,0,Contemporary international feature films
s5601,Sierra Burgess Is A Loser,Movie,2018,PG-13,Teens,106,Comedies,United States,3,"Short-form US docs, stand-up, and family titles"
s5602,Sigaram Thodu,Movie,2014,TV-14,Teens,141,Dramas,India,0,Contemporary international feature films
s5605,Silencer,Movie,2018,TV-MA,Adults,88,Action & Adventure,United States,3,"Short-form US docs, stand-up, and family titles"
s5606,Silent,Movie,2014,TV-Y,Kids,3,Children & Family Movies,United States,3,"Short-form US docs, stand-up, and family titles"
s5607,Silent Hill: Revelation,Movie,2012,R,Adults,94,Horror Movies,Canada,3,"Short-form US docs, stand-up, and family titles"
s5608,Silicon Cowboys,Movie,2016,TV-PG,Adults,77,Documentaries,United States,3,"Short-form US docs, stand-up, and family titles"
s5609,Sillu Karuppatti,Movie,2019,TV-14,Teens,133,Comedies,India,0,Contemporary international feature films
s5611,Silver Linings Playbook,Movie,2012,R,Adults,122,Comedies,United States,0,Contemporary international feature films
s5614,Simon Amstell: Set Free,Movie,2019,TV-MA,Adults,52,Stand-Up Comedy,United Kingdom,3,"Short-form US docs, stand-up, and family titles"
s5615,Simon Killer,Movie,2012,TV-MA,Adults,105,Dramas,United States,0,Contemporary international feature films
s5616,Simplemente Manu NNa,Movie,2017,TV-MA,Adults,72,Stand-Up Comedy,Mexico,3,"Short-form US docs, stand-up, and family titles"
s5617,Sin City,Movie,2019,TV-14,Teens,101,International Movies,Unknown Country,0,Contemporary international feature films
s5621,"Sincerely Yours, Dhaka",Movie,2018,TV-MA,Adults,136,Comedies,Bangladesh,0,Contemporary international feature films
s5625,Singapore,Movie,1960,TV-PG,Adults,158,Comedies,India,2,Classic and vintage cinema
s5627,Singh Saab the Great,Movie,2013,TV-14,Teens,143,Action & Adventure,India,0,Contemporary international feature films
s5628,Singham,Movie,2011,TV-14,Teens,142,Action & Adventure,India,0,Contemporary international feature films
s5629,Single,Movie,2015,TV-PG,Adults,127,Comedies,Indonesia,0,Contemporary international feature films
s5633,Singularity,Movie,2017,PG-13,Teens,92,Action & Adventure,Switzerland,0,Contemporary international feature films
s5634,Sinister 2,Movie,2015,R,Adults,97,Horror Movies,United States,3,"Short-form US docs, stand-up, and family titles"
s5635,Sinister Circle,Movie,2017,TV-MA,Adults,87,Horror Movies,Peru,0,Contemporary international feature films
s5637,Siren,Movie,2016,TV-MA,Adults,83,Horror Movies,United States,3,"Short-form US docs, stand-up, and family titles"
s5639,Sister Cities,Movie,2016,TV-MA,Adults,88,Dramas,United States,3,"Short-form US docs, stand-up, and family titles"
s5640,Sister Code,Movie,2015,R,Adults,95,Comedies,United States,0,Contemporary international feature films
s5642,Sisterakas,Movie,2012,TV-14,Teens,105,Comedies,Philippines,0,Contemporary international feature films
s5644,Sitara: Let Girls Dream,Movie,2020,TV-PG,Adults,16,Children & Family Movies,Pakistan,3,"Short-form US docs, stand-up, and family titles"
s5646,Skin,Movie,2019,TV-MA,Adults,76,Documentaries,Nigeria,3,"Short-form US docs, stand-up, and family titles"
s5648,Skin Trade,Movie,2014,R,Adults,96,Action & Adventure,Thailand,3,"Short-form US docs, stand-up, and family titles"
s5651,Skins,Movie,2017,TV-MA,Adults,78,Dramas,Spain,0,Contemporary international feature films
s5652,Skiptrace,Movie,2016,PG-13,Teens,107,Action & Adventure,China,0,Contemporary international feature films
s5653,Sky Ladder: The Art of Cai Guo-Qiang,Movie,2016,TV-MA,Adults,80,Documentaries,United States,3,"Short-form US docs, stand-up, and family titles"
s5654,Sky on Fire,Movie,2016,TV-MA,Adults,100,Action & Adventure,China,0,Contemporary international feature films
s5655,Sky Tour: The Movie,Movie,2020,TV-G,Kids,93,Documentaries,Vietnam,0,Contemporary international feature films
s5656,Skydancers,Movie,2014,TV-G,Kids,49,Documentaries,United States,3,"Short-form US docs, stand-up, and family titles"
s5658,Skyline,Movie,2010,PG-13,Teens,94,Action & Adventure,United States,1,Mid-catalogue licensed features
s5660,Slam,Movie,2017,TV-MA,Adults,99,Comedies,Italy,0,Contemporary international feature films
s5662,Sleeping with Other People,Movie,2015,R,Adults,101,Comedies,United States,0,Contemporary international feature films
s5667,Sleepover,Movie,2004,PG,Teens,89,Comedies,United States,1,Mid-catalogue licensed features
s5668,Sling Blade,Movie,1996,R,Adults,135,Dramas,United States,1,Mid-catalogue licensed features
s5669,Sliver,Movie,1993,R,Adults,107,Thrillers,United States,1,Mid-catalogue licensed features
s5671,Slow Country,Movie,2017,TV-MA,Adults,115,Dramas,Nigeria,0,Contemporary international feature films
s5672,Slow West,Movie,2015,R,Adults,84,Action & Adventure,United Kingdom,0,Contemporary international feature films
s5673,Small Crimes,Movie,2017,TV-MA,Adults,95,Dramas,Canada,0,Contemporary international feature films
s5674,Small Soldiers,Movie,1998,PG-13,Teens,110,Action & Adventure,United States,1,Mid-catalogue licensed features
s5675,Small Town Crime,Movie,2017,R,Adults,92,Thrillers,United States,3,"Short-form US docs, stand-up, and family titles"
s5676,Smart People,Movie,2008,R,Adults,95,Comedies,United States,1,Mid-catalogue licensed features
s5677,Smash: Motorized Mayhem,Movie,2017,TV-MA,Adults,66,Documentaries,United States,3,"Short-form US docs, stand-up, and family titles"
s5678,Smoke & Mirrors,Movie,2016,TV-14,Teens,123,Dramas,Spain,0,Contemporary international feature films
s5680,SMOSH: The Movie,Movie,2015,PG-13,Teens,83,Comedies,United States,3,"Short-form US docs, stand-up, and family titles"
s5682,Sniper: Special Ops,Movie,2016,R,Adults,86,Action & Adventure,United States,3,"Short-form US docs, stand-up, and family titles"
s5683,Snow Day,Movie,2000,PG,Teens,89,Children & Family Movies,United States,1,Mid-catalogue licensed features
s5684,Snowden,Movie,2016,R,Adults,134,Dramas,United Kingdom,0,Contemporary international feature films
s5685,Snowpiercer,Movie,2013,R,Adults,126,Action & Adventure,South Korea,0,Contemporary international feature films
s5686,So Much Love to Give,Movie,2020,TV-14,Teens,108,Comedies,Argentina,0,Contemporary international feature films
s5687,Socha Na Tha,Movie,2005,TV-14,Teens,137,Comedies,India,1,Mid-catalogue licensed features
s5688,Social Animals,Movie,2018,TV-MA,Adults,87,Documentaries,United States,3,"Short-form US docs, stand-up, and family titles"
s5690,Soekarno,Movie,2013,TV-MA,Adults,142,Dramas,Indonesia,0,Contemporary international feature films
s5691,Sofía Niño de Rivera: Exposed,Movie,2016,TV-MA,Adults,80,Stand-Up Comedy,Mexico,3,"Short-form US docs, stand-up, and family titles"
s5692,Sofía Niño de Rivera: Selección Natural,Movie,2018,TV-MA,Adults,62,Stand-Up Comedy,Mexico,3,"Short-form US docs, stand-up, and family titles"
s5694,Sohni Mahiwal,Movie,1984,TV-14,Teens,160,Dramas,India,2,Classic and vintage cinema
s5695,Sol Levante,Movie,2020,TV-14,Teens,5,Action & Adventure,Japan,3,"Short-form US docs, stand-up, and family titles"
s5696,Soldier,Movie,1998,TV-14,Teens,155,Comedies,India,1,Mid-catalogue licensed features
s5697,Solo,Movie,2018,TV-MA,Adults,91,Dramas,Spain,0,Contemporary international feature films
s5698,Solo Con Tu Pareja,Movie,1991,NR,Unrated,94,Comedies,Mexico,1,Mid-catalogue licensed features
s5699,Solo: A Star Wars Story,Movie,2018,PG-13,Teens,135,Action & Adventure,United States,0,Contemporary international feature films
s5700,Solo: A Star Wars Story (Spanish Version),Movie,2018,PG-13,Teens,135,Action & Adventure,United States,0,Contemporary international feature films
s5701,Solomon Kane,Movie,2009,R,Adults,104,Action & Adventure,Czech Republic,0,Contemporary international feature films
s5703,Some Freaks,Movie,2017,TV-MA,Adults,97,Dramas,United States,3,"Short-form US docs, stand-up, and family titles"
s5705,Someone Great,Movie,2019,R,Adults,92,Comedies,United States,3,"Short-form US docs, stand-up, and family titles"
s5708,Something Huge,Movie,2017,TV-MA,Adults,87,Comedies,Spain,0,Contemporary international feature films
s5710,Something's Gotta Give,Movie,2003,PG-13,Teens,128,Comedies,United States,1,Mid-catalogue licensed features
s5711,Sometimes,Movie,2016,TV-14,Teens,101,Dramas,India,0,Contemporary international feature films
s5714,Sommore: Chandelier Status,Movie,2013,TV-MA,Adults,77,Stand-Up Comedy,United States,3,"Short-form US docs, stand-up, and family titles"
s5715,Sommore: The Reign Continues,Movie,2015,TV-MA,Adults,93,Stand-Up Comedy,United States,3,"Short-form US docs, stand-up, and family titles"
s5716,Son of a Gun,Movie,2014,R,Adults,109,Action & Adventure,Australia,0,Contemporary international feature films
s5717,Son Of Adam,Movie,2018,TV-14,Teens,110,Dramas,Egypt,0,Contemporary international feature films
s5719,Soni,Movie,2018,TV-MA,Adults,97,Dramas,India,0,Contemporary international feature films
s5721,Sons of Ben,Movie,2016,NR,Unrated,73,Documentaries,United States,3,"Short-form US docs, stand-up, and family titles"
s5723,Soorma,Movie,2018,TV-14,Teens,131,Dramas,India,0,Contemporary international feature films
s5724,Sorry To Disturb,Movie,2008,TV-14,Teens,116,Dramas,Egypt,1,Mid-catalogue licensed features
s5727,Soul Robbers,Movie,2015,TV-14,Teens,88,Horror Movies,Mexico,0,Contemporary international feature films
s5728,Soul Surfer,Movie,2011,PG,Teens,106,Dramas,United States,0,Contemporary international feature films
s5729,Soul to Keep,Movie,2019,TV-MA,Adults,94,Horror Movies,United States,3,"Short-form US docs, stand-up, and family titles"
s5731,Sour Grapes,Movie,2016,NR,Unrated,85,Documentaries,United Kingdom,3,"Short-form US docs, stand-up, and family titles"
s5733,Space Cowboys,Movie,2000,PG-13,Teens,130,Action & Adventure,United States,1,Mid-catalogue licensed features
s5737,Spanish Affair 2,Movie,2015,TV-MA,Adults,107,Comedies,Spain,0,Contemporary international feature films
s5739,Sparkle,Movie,1976,PG,Teens,98,Dramas,United States,2,Classic and vintage cinema
s5740,Sparring,Movie,2017,TV-MA,Adults,94,Dramas,France,0,Contemporary international feature films
s5744,Special 26,Movie,2013,TV-PG,Adults,137,Dramas,India,0,Contemporary international feature films
s5745,Special Correspondents,Movie,2016,TV-MA,Adults,101,Comedies,Canada,3,"Short-form US docs, stand-up, and family titles"
s5746,Spectral,Movie,2016,TV-14,Teens,108,Action & Adventure,United States,0,Contemporary international feature films
s5748,Speech & Debate,Movie,2017,PG-13,Teens,96,Comedies,United States,0,Contemporary international feature films
s5749,Speed Is My Need,Movie,2019,TV-14,Teens,75,Documentaries,United Kingdom,3,"Short-form US docs, stand-up, and family titles"
s5750,Spelling the Dream,Movie,2020,TV-G,Kids,83,Children & Family Movies,United States,3,"Short-form US docs, stand-up, and family titles"
s5751,Spenser Confidential,Movie,2020,R,Adults,111,Action & Adventure,United States,3,"Short-form US docs, stand-up, and family titles"
s5752,SPF-18,Movie,2017,PG-13,Teens,75,Dramas,United States,0,Contemporary international feature films
s5754,Spider-Man 3,Movie,2007,PG-13,Teens,139,Action & Adventure,United States,1,Mid-catalogue licensed features
s5755,Spider-Man: Into the Spider-Verse,Movie,2018,PG,Teens,117,Action & Adventure,United States,0,Contemporary international feature films
s5758,Spirit Riding Free: Ride Along Adventure,Movie,2020,TV-Y7,Teens,79,Children & Family Movies,United States,3,"Short-form US docs, stand-up, and family titles"
s5760,Spirit Riding Free: Spirit of Christmas,Movie,2019,TV-Y7,Teens,46,Children & Family Movies,United States,3,"Short-form US docs, stand-up, and family titles"
s5763,Spitfire: The Plane that Saved the World,Movie,2018,TV-14,Teens,95,Documentaries,United Kingdom,3,"Short-form US docs, stand-up, and family titles"
s5764,Spivak,Movie,2017,TV-MA,Adults,92,Comedies,United States,3,"Short-form US docs, stand-up, and family titles"
s5766,Splatter,Movie,2009,TV-MA,Adults,29,Horror Movies,United States,3,"Short-form US docs, stand-up, and family titles"
s5767,Spookley and the Christmas Kittens,Movie,2019,TV-Y,Kids,45,Children & Family Movies,United States,3,"Short-form US docs, stand-up, and family titles"
s5768,Spookley the Square Pumpkin,Movie,2004,G,Kids,47,Children & Family Movies,United States,1,Mid-catalogue licensed features
s5770,Spotlight,Movie,2015,R,Adults,129,Dramas,United States,0,Contemporary international feature films
s5771,Spring Breakers,Movie,2012,R,Adults,94,Comedies,United States,0,Contemporary international feature films
s5772,Springsteen on Broadway,Movie,2018,TV-MA,Adults,153,Music & Musicals,United States,0,Contemporary international feature films
s5773,Sprinter,Movie,2018,TV-MA,Adults,112,Dramas,Jamaica,0,Contemporary international feature films
s5774,Spy Kids,Movie,2001,PG,Teens,88,Children & Family Movies,United States,1,Mid-catalogue licensed features
s5775,Spy Kids 2: The Island of Lost Dreams,Movie,2002,PG,Teens,100,Children & Family Movies,United States,1,Mid-catalogue licensed features
s5776,Spy Kids 3: Game Over,Movie,2003,PG,Teens,83,Children & Family Movies,United States,1,Mid-catalogue licensed features
s5777,Spy Kids: All the Time in the World,Movie,2011,PG,Teens,88,Children & Family Movies,United States,3,"Short-form US docs, stand-up, and family titles"
s5779,Spy Time,Movie,2015,TV-MA,Adults,93,Action & Adventure,Spain,0,Contemporary international feature films
s5780,Spyder,Movie,2017,TV-14,Teens,140,Action & Adventure,India,0,Contemporary international feature films
s5781,St. Agatha,Movie,2018,TV-MA,Adults,103,Horror Movies,United States,3,"Short-form US docs, stand-up, and family titles"
s5782,Staged Killer,Movie,2019,TV-14,Teens,88,Thrillers,United States,3,"Short-form US docs, stand-up, and family titles"
s5784,Standoff,Movie,2015,R,Adults,86,Action & Adventure,Canada,3,"Short-form US docs, stand-up, and family titles"
s5785,Star Men,Movie,2015,TV-14,Teens,88,Documentaries,Canada,3,"Short-form US docs, stand-up, and family titles"
s5791,Star Wars: Episode VIII: The Last Jedi,Movie,2017,PG-13,Teens,152,Action & Adventure,United States,0,Contemporary international feature films
s5794,StarBeam: Halloween Hero,Movie,2020,TV-Y,Kids,33,Children & Family Movies,Canada,3,"Short-form US docs, stand-up, and family titles"
s5795,Stardust,Movie,2007,PG-13,Teens,128,Action & Adventure,United Kingdom,1,Mid-catalogue licensed features
s5797,Starred Up,Movie,2013,TV-MA,Adults,106,Dramas,United Kingdom,0,Contemporary international feature films
s5798,Stars in the Sky: A Hunting Story,Movie,2018,TV-14,Teens,69,Documentaries,United States,3,"Short-form US docs, stand-up, and family titles"
s5799,Starsky & Hutch,Movie,2004,PG-13,Teens,101,Action & Adventure,United States,1,Mid-catalogue licensed features
s5801,Starting Over Again,Movie,2014,TV-14,Teens,128,Dramas,Philippines,0,Contemporary international feature films
s5806,Steal a Pencil for Me,Movie,2006,TV-PG,Adults,94,Documentaries,United States,1,Mid-catalogue licensed features
s5807,Stealing History,Movie,2006,TV-PG,Adults,52,Documentaries,United States,3,"Short-form US docs, stand-up, and family titles"
s5808,Steam Team to the Rescue,Movie,2019,TV-Y,Kids,23,Children & Family Movies,Unknown Country,3,"Short-form US docs, stand-up, and family titles"
s5809,Steel Rain,Movie,2018,TV-MA,Adults,140,Action & Adventure,South Korea,0,Contemporary international feature films
s5810,Step Brothers,Movie,2008,R,Adults,98,Comedies,United States,1,Mid-catalogue licensed features
s5811,Step Outside,Movie,2018,TV-14,Teens,89,Comedies,Egypt,0,Contemporary international feature films
s5812,Step Sisters,Movie,2018,PG-13,Teens,108,Comedies,United States,3,"Short-form US docs, stand-up, and family titles"
s5813,Stephanie,Movie,2017,R,Adults,86,Horror Movies,United States,3,"Short-form US docs, stand-up, and family titles"
s5814,Stereo,Movie,2014,TV-MA,Adults,91,International Movies,Germany,0,Contemporary international feature films
s5815,Steve Jobs,Movie,2015,R,Adults,122,Dramas,United Kingdom,0,Contemporary international feature films
s5816,Steve Martin and Martin Short: An Evening You Will Forget for the Rest of Your Life,Movie,2018,TV-14,Teens,74,Stand-Up Comedy,United States,3,"Short-form US docs, stand-up, and family titles"
s5817,Sthaniya Sambaad,Movie,2010,TV-14,Teens,106,Dramas,India,0,Contemporary international feature films
s5818,Still,Movie,2010,TV-MA,Adults,100,Horror Movies,Thailand,0,Contemporary international feature films
s5820,Still LAUGH-IN: The Stars Celebrate,Movie,2019,TV-MA,Adults,61,Comedies,United States,3,"Short-form US docs, stand-up, and family titles"
s5821,Stink!,Movie,2015,TV-PG,Adults,91,Documentaries,United States,3,"Short-form US docs, stand-up, and family titles"
s5825,Stonehearst Asylum,Movie,2014,PG-13,Teens,113,Horror Movies,United States,0,Contemporary international feature films
s5826,Stop at Nothing: The Lance Armstrong Story,Movie,2014,NR,Unrated,100,Documentaries,Australia,0,Contemporary international feature films
s5829,Story of an Egg,Movie,2017,TV-PG,Adults,132,Comedies,India,0,Contemporary international feature films
s5831,Straight Up,Movie,2020,TV-MA,Adults,96,Comedies,United States,0,Contemporary international feature films
s5832,Strange but True,Movie,2019,PG-13,Teens,96,Dramas,Canada,0,Contemporary international feature films
s5833,Strange Voices,Movie,1987,TV-PG,Adults,96,Dramas,United States,1,Mid-catalogue licensed features
s5834,Strange Weather,Movie,2016,R,Adults,91,Dramas,United States,3,"Short-form US docs, stand-up, and family titles"
s5836,Stranger than Fiction,Movie,2006,PG-13,Teens,113,Comedies,United States,1,Mid-catalogue licensed features
s5840,Stray Bullet,Movie,2010,TV-MA,Adults,76,Dramas,Lebanon,0,Contemporary international feature films
s5841,Stree,Movie,2018,TV-MA,Adults,127,Comedies,India,0,Contemporary international feature films
s5842,Street Flow,Movie,2019,TV-MA,Adults,96,Dramas,France,0,Contemporary international feature films
s5846,Stretch Armstrong: The Breakout,Movie,2018,TV-Y7,Teens,104,Children & Family Movies,United States,3,"Short-form US docs, stand-up, and family titles"
s5847,Strictly Ballroom,Movie,1992,PG,Teens,95,Classic Movies,Australia,1,Mid-catalogue licensed features
s5848,Strike a Pose,Movie,2016,TV-MA,Adults,85,Documentaries,Netherlands,0,Contemporary international feature films
s5849,Stripes,Movie,1981,R,Adults,106,Classic Movies,United States,2,Classic and vintage cinema
s5850,Striptease,Movie,1996,R,Adults,117,Comedies,United States,1,Mid-catalogue licensed features
s5853,Strong Island,Movie,2017,TV-MA,Adults,108,Documentaries,United States,3,"Short-form US docs, stand-up, and family titles"
s5854,Stronger Than the World,Movie,2016,NR,Unrated,123,Action & Adventure,Brazil,0,Contemporary international feature films
s5857,Struggle: The Life and Lost Art of Szukalski,Movie,2018,TV-MA,Adults,105,Documentaries,Poland,3,"Short-form US docs, stand-up, and family titles"
s5858,Stuart Little,Movie,1999,PG,Teens,85,Children & Family Movies,Germany,1,Mid-catalogue licensed features
s5859,Stuart Little 2,Movie,2002,PG,Teens,78,Children & Family Movies,United States,1,Mid-catalogue licensed features
s5860,Stuck Apart,Movie,2021,TV-MA,Adults,97,Comedies,Turkey,0,Contemporary international feature films
s5861,Studio 54,Movie,2018,TV-MA,Adults,99,Documentaries,United States,3,"Short-form US docs, stand-up, and family titles"
s5862,Stunt School,Movie,2019,TV-G,Kids,95,Children & Family Movies,Turkey,0,Contemporary international feature films
s5864,Sturgill Simpson Presents Sound & Fury,Movie,2019,TV-MA,Adults,42,Anime Features,United States,3,"Short-form US docs, stand-up, and family titles"
s5866,Submission,Movie,2019,TV-MA,Adults,95,Action & Adventure,United States,3,"Short-form US docs, stand-up, and family titles"
s5867,Suburra,Movie,2015,NR,Unrated,135,Dramas,Italy,0,Contemporary international feature films
s5869,Suckseed,Movie,2011,TV-MA,Adults,130,Comedies,Thailand,0,Contemporary international feature films
s5870,Sudani from Nigeria,Movie,2018,TV-14,Teens,115,Comedies,India,0,Contemporary international feature films
s5872,Suffragette,Movie,2015,PG-13,Teens,107,Dramas,United Kingdom,0,Contemporary international feature films
s5873,Sugar High,Movie,2020,TV-G,Kids,44,Children & Family Movies,United States,3,"Short-form US docs, stand-up, and family titles"
s5876,Suicide (Hitabdut),Movie,2014,TV-MA,Adults,114,International Movies,Israel,0,Contemporary international feature films
s5877,Suite Française,Movie,2014,TV-MA,Adults,107,Dramas,United Kingdom,0,Contemporary international feature films
s5879,Summer Night,Movie,2019,TV-MA,Adults,93,Comedies,United States,0,Contemporary international feature films
s5880,Summer of '92,Movie,2015,TV-MA,Adults,94,Dramas,Denmark,0,Contemporary international feature films
s5882,Sun Dogs,Movie,2017,TV-MA,Adults,94,Comedies,Mexico,0,Contemporary international feature films
s5883,Sunday's Illness,Movie,2017,PG-13,Teens,113,Dramas,Spain,0,Contemporary international feature films
s5885,SunGanges,Movie,2018,TV-14,Teens,74,Documentaries,India,3,"Short-form US docs, stand-up, and family titles"
s5887,Sunrise,Movie,2014,TV-MA,Adults,85,Dramas,India,0,Contemporary international feature films
s5889,Super Bheem Bana Vajraveer,Movie,2018,TV-Y7,Teens,63,Children & Family Movies,India,3,"Short-form US docs, stand-up, and family titles"
s5890,Super Dark Times,Movie,2017,TV-MA,Adults,104,Dramas,United States,0,Contemporary international feature films
s5891,Super Deluxe,Movie,2019,TV-MA,Adults,176,Comedies,India,0,Contemporary international feature films
s5894,Super Monsters and the Wish Star,Movie,2018,TV-Y,Kids,28,Children & Family Movies,Unknown Country,3,"Short-form US docs, stand-up, and family titles"
s5895,Super Monsters Back to School,Movie,2019,TV-Y,Kids,24,Children & Family Movies,Canada,3,"Short-form US docs, stand-up, and family titles"
s5896,Super Monsters Furever Friends,Movie,2019,TV-Y,Kids,59,Children & Family Movies,Unknown Country,3,"Short-form US docs, stand-up, and family titles"
s5899,Super Monsters Save Christmas,Movie,2019,TV-Y,Kids,24,Children & Family Movies,United States,3,"Short-form US docs, stand-up, and family titles"
s5900,Super Monsters Save Halloween,Movie,2018,TV-Y,Kids,25,Children & Family Movies,Unknown Country,3,"Short-form US docs, stand-up, and family titles"
s5901,Super Monsters: Dia de los Monsters,Movie,2020,TV-Y,Kids,25,Children & Family Movies,Canada,3,"Short-form US docs, stand-up, and family titles"
s5902,Super Monsters: Santa’s Super Monster Helpers,Movie,2020,TV-Y,Kids,24,Children & Family Movies,Unknown Country,3,"Short-form US docs, stand-up, and family titles"
s5903,Super Monsters: The New Class,Movie,2020,TV-Y,Kids,25,Children & Family Movies,Canada,3,"Short-form US docs, stand-up, and family titles"
s5904,Super Monsters: Vida's First Halloween,Movie,2019,TV-Y,Kids,24,Children & Family Movies,United States,3,"Short-form US docs, stand-up, and family titles"
s5905,Super Nani,Movie,2014,TV-PG,Adults,127,Comedies,India,0,Contemporary international feature films
s5907,Superbad,Movie,2007,R,Adults,113,Comedies,United States,1,Mid-catalogue licensed features
s5908,Superfly,Movie,1972,R,Adults,91,Action & Adventure,United States,2,Classic and vintage cinema
s5910,Superlopez,Movie,2018,TV-MA,Adults,108,Action & Adventure,Spain,0,Contemporary international feature films
s5911,Superman Returns,Movie,2006,PG-13,Teens,154,Action & Adventure,United States,1,Mid-catalogue licensed features
s5915,Superstar,Movie,1999,PG-13,Teens,82,Comedies,United States,1,Mid-catalogue licensed features
s5916,Sur Sapata,Movie,2019,TV-14,Teens,140,Comedies,India,0,Contemporary international feature films
s5917,Sur: The Melody of Life,Movie,2002,TV-14,Teens,137,Dramas,India,1,Mid-catalogue licensed features
s5918,Surat Dari Praha,Movie,2016,TV-14,Teens,98,Dramas,Indonesia,0,Contemporary international feature films
s5919,Surf's Up,Movie,2007,PG,Teens,86,Children & Family Movies,United States,1,Mid-catalogue licensed features
s5920,Surga Yang Tak Dirindukan,Movie,2015,TV-14,Teens,121,Dramas,Indonesia,0,Contemporary international feature films
s5921,Surga Yang Tak Dirindukan 2,Movie,2017,TV-14,Teens,119,Dramas,Indonesia,0,Contemporary international feature films
s5926,Surviving R. Kelly: The Impact,Movie,2019,TV-14,Teens,85,Documentaries,United States,3,"Short-form US docs, stand-up, and family titles"
s5928,Survivors Guide to Prison,Movie,2017,TV-MA,Adults,103,Documentaries,United States,3,"Short-form US docs, stand-up, and family titles"
s5929,Susanne Bartsch: On Top,Movie,2017,TV-MA,Adults,86,Documentaries,United States,3,"Short-form US docs, stand-up, and family titles"
s5930,Sustainable,Movie,2016,TV-G,Kids,92,Documentaries,United States,3,"Short-form US docs, stand-up, and family titles"
s5931,Suzzanna: Buried Alive,Movie,2018,TV-MA,Adults,126,Horror Movies,Indonesia,0,Contemporary international feature films
s5932,Svaha: The Sixth Finger,Movie,2019,TV-MA,Adults,123,International Movies,South Korea,0,Contemporary international feature films
s5933,Swades,Movie,2004,TV-PG,Adults,185,Dramas,India,1,Mid-catalogue licensed features
s5934,Swami,Movie,1977,TV-PG,Adults,123,Dramas,India,2,Classic and vintage cinema
s5936,Swearnet Live,Movie,2014,TV-MA,Adults,75,Comedies,Canada,0,Contemporary international feature films
s5937,Swearnet: The Movie,Movie,2014,NC-17,Adults,112,Comedies,Canada,0,Contemporary international feature films
s5938,Sweeney Todd: The Demon Barber of Fleet Street,Movie,2007,R,Adults,116,Dramas,United States,1,Mid-catalogue licensed features
s5940,Sweet Virginia,Movie,2017,R,Adults,93,Dramas,United States,0,Contemporary international feature films
s5941,Sweetheart,Movie,2019,PG-13,Teens,83,Horror Movies,United States,3,"Short-form US docs, stand-up, and family titles"
s5942,Swiped,Movie,2018,TV-14,Teens,94,Comedies,United States,3,"Short-form US docs, stand-up, and family titles"
s5943,Swiss Army Man,Movie,2016,R,Adults,97,Comedies,United States,0,Contemporary international feature films
s5947,Sword Master,Movie,2016,TV-MA,Adults,108,Action & Adventure,China,0,Contemporary international feature films
s5948,Sword Masters: Two Champions of Shaolin,Movie,1980,R,Adults,101,Action & Adventure,Hong Kong,2,Classic and vintage cinema
s5949,Swordfish,Movie,2001,R,Adults,99,Action & Adventure,United States,1,Mid-catalogue licensed features
s5951,Sylvia,Movie,2018,TV-14,Teens,104,Dramas,Nigeria,0,Contemporary international feature films
s5953,System Crasher,Movie,2020,TV-MA,Adults,120,Dramas,Germany,0,Contemporary international feature films
s5954,Taal,Movie,1999,TV-PG,Adults,177,Dramas,India,1,Mid-catalogue licensed features
s5955,Taare Zameen Par,Movie,2007,PG,Teens,162,Dramas,India,1,Mid-catalogue licensed features
s5958,Tahaan,Movie,2008,TV-14,Teens,95,Dramas,India,1,Mid-catalogue licensed features
s5960,Take Me,Movie,2017,TV-MA,Adults,84,Comedies,United States,3,"Short-form US docs, stand-up, and family titles"
s5961,Take Me Home Tonight,Movie,2011,R,Adults,97,Comedies,United States,3,"Short-form US docs, stand-up, and family titles"
s5963,Take the 10,Movie,2017,TV-MA,Adults,80,Comedies,United States,3,"Short-form US docs, stand-up, and family titles"
s5964,"Take the Ball, Pass the Ball",Movie,2018,TV-MA,Adults,109,Documentaries,Spain,0,Contemporary international feature films
s5965,Take Your Pills,Movie,2018,TV-14,Teens,88,Documentaries,United States,3,"Short-form US docs, stand-up, and family titles"
s5967,Takers,Movie,2010,PG-13,Teens,107,Action & Adventure,United States,3,"Short-form US docs, stand-up, and family titles"
s5969,Talaash,Movie,2012,TV-14,Teens,140,Dramas,India,0,Contemporary international feature films
s5970,Talentime,Movie,2009,TV-14,Teens,120,Dramas,Malaysia,1,Mid-catalogue licensed features
s5972,Tales From the Hood 2,Movie,2018,R,Adults,110,Cult Movies,United States,0,Contemporary international feature films
s5976,Tall Girl,Movie,2019,TV-PG,Adults,103,Children & Family Movies,United States,0,Contemporary international feature films
s5977,Tallulah,Movie,2016,TV-MA,Adults,112,Dramas,United States,0,Contemporary international feature films
s5978,Tamanchey,Movie,2014,TV-MA,Adults,111,Action & Adventure,India,0,Contemporary international feature films
s5979,Tamasha,Movie,2015,TV-14,Teens,133,Dramas,India,0,Contemporary international feature films
s5980,Tanda Tanya,Movie,2011,TV-MA,Adults,102,Dramas,Unknown Country,0,Contemporary international feature films
s5982,Tango Feroz,Movie,1993,TV-MA,Adults,124,Classic Movies,Argentina,1,Mid-catalogue licensed features
s5983,Tanu Weds Manu,Movie,2011,TV-14,Teens,114,Comedies,India,0,Contemporary international feature films
s5984,Taramani,Movie,2017,TV-MA,Adults,148,Dramas,India,0,Contemporary international feature films
s5985,Tarek's Situation,Movie,2006,TV-14,Teens,110,Comedies,Egypt,1,Mid-catalogue licensed features
s5986,Target,Movie,2018,TV-14,Teens,91,Comedies,Indonesia,0,Contemporary international feature films
s5987,Tarif de nuit,Movie,2015,TV-MA,Adults,81,International Movies,France,0,Contemporary international feature films
s5988,Tarung Sarung,Movie,2020,TV-PG,Adults,116,Action & Adventure,Indonesia,0,Contemporary international feature films
s5989,Tarzan,Movie,1999,G,Kids,89,Children & Family Movies,United States,1,Mid-catalogue licensed features
s5990,Tarzan 2,Movie,2005,G,Kids,72,Children & Family Movies,United States,1,Mid-catalogue licensed features
s5991,Tattah,Movie,2013,TV-14,Teens,112,Comedies,Egypt,0,Contemporary international feature films
s5992,Tatu,Movie,2017,TV-MA,Adults,101,Action & Adventure,Nigeria,0,Contemporary international feature films
s5993,TAU,Movie,2018,R,Adults,98,Sci-Fi & Fantasy,United States,3,"Short-form US docs, stand-up, and family titles"
s5994,Taxi Ballad,Movie,2012,TV-MA,Adults,81,Dramas,Lebanon,0,Contemporary international feature films
s5995,Taxi Driver,Movie,1976,R,Adults,114,Classic Movies,United States,2,Classic and vintage cinema
s5997,Taylor Swift reputation Stadium Tour,Movie,2018,TV-PG,Adults,125,Music & Musicals,Unknown Country,3,"Short-form US docs, stand-up, and family titles"
s5998,Taylor Tomlinson: Quarter-Life Crisis,Movie,2020,TV-MA,Adults,61,Stand-Up Comedy,United States,3,"Short-form US docs, stand-up, and family titles"
s6000,Tayo the Little Bus Movie: Mission Ace,Movie,2016,TV-Y7,Teens,48,Children & Family Movies,United States,3,"Short-form US docs, stand-up, and family titles"
s6001,TE3N,Movie,2016,TV-14,Teens,128,Dramas,India,0,Contemporary international feature films
s6002,Teach Us All,Movie,2017,TV-14,Teens,81,Documentaries,United States,3,"Short-form US docs, stand-up, and family titles"
s6003,Team Foxcatcher,Movie,2016,TV-MA,Adults,91,Documentaries,United States,3,"Short-form US docs, stand-up, and family titles"
s6005,Tears of the Sun,Movie,2003,R,Adults,121,Action & Adventure,United States,1,Mid-catalogue licensed features
s6007,Tee Shot: Ariya Jutanugarn,Movie,2019,TV-14,Teens,103,Children & Family Movies,Thailand,0,Contemporary international feature films
s6008,Teefa in Trouble,Movie,2018,TV-14,Teens,155,Action & Adventure,Pakistan,0,Contemporary international feature films
s6009,Teen Aur Aadha,Movie,2018,TV-MA,Adults,119,Dramas,India,0,Contemporary international feature films
s6011,Teen Patti,Movie,2010,TV-PG,Adults,137,Dramas,India,0,Contemporary international feature films
s6013,Teenage Cocktail,Movie,2016,TV-MA,Adults,89,Dramas,United States,0,Contemporary international feature films
s6014,Teenage Mutant Ninja Turtles,Movie,2007,PG,Teens,87,Children & Family Movies,Hong Kong,1,Mid-catalogue licensed features
s6015,Teenage Mutant Ninja Turtles II: The Secret of the Ooze,Movie,1991,PG,Teens,88,Children & Family Movies,United States,1,Mid-catalogue licensed features
s6016,Teenage Mutant Ninja Turtles: The Movie,Movie,1990,PG,Teens,94,Action & Adventure,Unknown Country,1,Mid-catalogue licensed features
s6017,Tees Maar Khan,Movie,2010,TV-PG,Adults,125,Comedies,India,0,Contemporary international feature films
s6018,Tell Me Who I Am,Movie,2019,TV-MA,Adults,86,Documentaries,United Kingdom,3,"Short-form US docs, stand-up, and family titles"
s6019,Tellur Aliens,Movie,2016,TV-Y7,Teens,67,Children & Family Movies,United States,3,"Short-form US docs, stand-up, and family titles"
s6020,Temple,Movie,2017,TV-MA,Adults,78,Horror Movies,Japan,3,"Short-form US docs, stand-up, and family titles"
s6021,Temporada de Caza,Movie,2017,TV-MA,Adults,108,Dramas,Argentina,0,Contemporary international feature films
s6022,Ten Years,Movie,2015,TV-MA,Adults,102,Dramas,Hong Kong,0,Contemporary international feature films
s6023,Tere Naal Love Ho Gaya,Movie,2012,TV-14,Teens,127,Comedies,India,0,Contemporary international feature films
s6025,Term Life,Movie,2016,R,Adults,93,Dramas,United States,3,"Short-form US docs, stand-up, and family titles"
s6026,Terminator 3: Rise of the Machines,Movie,2003,R,Adults,109,Action & Adventure,United States,1,Mid-catalogue licensed features
s6027,Terminator Salvation,Movie,2009,PG-13,Teens,115,Action & Adventure,United States,1,Mid-catalogue licensed features
s6028,Terra,Movie,2015,TV-PG,Adults,98,Documentaries,France,0,Contemporary international feature films
s6033,Terrifier,Movie,2017,TV-MA,Adults,84,Horror Movies,United States,0,Contemporary international feature films
s6035,Teshan,Movie,2016,TV-PG,Adults,133,Comedies,India,0,Contemporary international feature films
s6036,Tezz,Movie,2012,TV-MA,Adults,121,Action & Adventure,United Kingdom,0,Contemporary international feature films
s6038,Thaandavam,Movie,2012,TV-14,Teens,156,Action & Adventure,India,0,Contemporary international feature films
s6040,Thackeray (Hindi),Movie,2019,TV-14,Teens,135,Dramas,India,0,Contemporary international feature films
s6041,Thackeray (Marathi),Movie,2019,TV-14,Teens,135,Dramas,Unknown Country,0,Contemporary international feature films
s6042,Thambi,Movie,2019,TV-14,Teens,148,International Movies,India,0,Contemporary international feature films
s6043,Thank You,Movie,2011,TV-14,Teens,131,Comedies,India,0,Contemporary international feature films
s6045,That Thing Called Tadhana,Movie,2015,TV-MA,Adults,91,Dramas,Philippines,0,Contemporary international feature films
s6049,The 101-Year-Old Man Who Skipped Out on the Bill and Disappeared,Movie,2016,TV-MA,Adults,108,Comedies,Sweden,0,Contemporary international feature films
s6050,The 12th Man,Movie,2018,TV-MA,Adults,130,Action & Adventure,Norway,0,Contemporary international feature films
s6052,The 24 Hour War,Movie,2016,TV-MA,Adults,100,Documentaries,United States,3,"Short-form US docs, stand-up, and family titles"
s6053,The 2nd,Movie,2020,TV-MA,Adults,93,Action & Adventure,United States,3,"Short-form US docs, stand-up, and family titles"
s6054,The 3rd Eye,Movie,2018,TV-MA,Adults,108,Horror Movies,Indonesia,0,Contemporary international feature films
s6055,The 3rd Eye 2,Movie,2019,TV-MA,Adults,117,Horror Movies,Indonesia,0,Contemporary international feature films
s6058,The 4th Company,Movie,2016,TV-MA,Adults,117,Action & Adventure,Mexico,0,Contemporary international feature films
s6059,The 9th Precinct,Movie,2019,TV-MA,Adults,95,International Movies,Taiwan,0,Contemporary international feature films
s6061,The Accidental Spy,Movie,2017,TV-MA,Adults,104,Action & Adventure,Nigeria,0,Contemporary international feature films
s6062,The Accountant of Auschwitz,Movie,2018,TV-14,Teens,78,Documentaries,Canada,3,"Short-form US docs, stand-up, and family titles"
s6063,The Adderall Diaries,Movie,2015,R,Adults,87,Dramas,United States,3,"Short-form US docs, stand-up, and family titles"
s6065,The Adventure Club,Movie,2016,TV-Y7,Teens,88,Children & Family Movies,Canada,3,"Short-form US docs, stand-up, and family titles"
s6068,The Adventures of Sharkboy and Lavagirl,Movie,2005,PG,Teens,93,Children & Family Movies,United States,1,Mid-catalogue licensed features
s6070,The Adventures of Tintin,Movie,2011,PG,Teens,107,Children & Family Movies,United States,3,"Short-form US docs, stand-up, and family titles"
s6071,The Aerial,Movie,2007,TV-MA,Adults,99,Dramas,Argentina,1,Mid-catalogue licensed features
s6072,The African Doctor,Movie,2016,TV-14,Teens,94,Comedies,France,0,Contemporary international feature films
s6073,The After Party,Movie,2018,TV-MA,Adults,90,Comedies,United States,3,"Short-form US docs, stand-up, and family titles"
s6074,The Age of Shadows,Movie,2016,TV-MA,Adults,140,Action & Adventure,South Korea,0,Contemporary international feature films
s6076,The Amazing Praybeyt Benjamin,Movie,2014,TV-14,Teens,105,Action & Adventure,Philippines,0,Contemporary international feature films
s6079,The American Game,Movie,2019,TV-PG,Adults,91,Comedies,Unknown Country,0,Contemporary international feature films
s6080,The American Meme,Movie,2018,TV-MA,Adults,98,Documentaries,United States,3,"Short-form US docs, stand-up, and family titles"
s6081,The American President,Movie,1995,PG-13,Teens,113,Comedies,United States,1,Mid-catalogue licensed features
s6082,The Amityville Horror,Movie,2005,R,Adults,89,Horror Movies,United States,1,Mid-catalogue licensed features
s6084,The Angel,Movie,2018,TV-MA,Adults,114,Dramas,Israel,0,Contemporary international feature films
s6085,The Angry Birds Movie 2,Movie,2019,PG,Teens,97,Children & Family Movies,Finland,0,Contemporary international feature films
s6086,The Animal People,Movie,2019,TV-MA,Adults,97,Documentaries,United States,3,"Short-form US docs, stand-up, and family titles"
s6087,The Ant's Scream,Movie,2010,TV-14,Teens,108,Comedies,Egypt,0,Contemporary international feature films
s6089,The Apostate,Movie,2015,TV-MA,Adults,80,Comedies,Spain,0,Contemporary international feature films
s6090,The App,Movie,2019,TV-MA,Adults,79,Dramas,Italy,0,Contemporary international feature films
s6091,The App That Stole Christmas,Movie,2020,TV-PG,Adults,64,Children & Family Movies,United States,3,"Short-form US docs, stand-up, and family titles"
s6092,The Arbitration,Movie,2016,TV-MA,Adults,101,Dramas,Nigeria,0,Contemporary international feature films
s6093,The Art of Loving,Movie,2017,TV-MA,Adults,115,Dramas,Poland,0,Contemporary international feature films
s6094,The Art of the Steal,Movie,2013,R,Adults,90,Action & Adventure,Canada,0,Contemporary international feature films
s6095,The Art of War,Movie,2000,R,Adults,117,Action & Adventure,United States,1,Mid-catalogue licensed features
s6096,The Artist,Movie,2011,PG-13,Teens,101,Comedies,France,0,Contemporary international feature films
s6098,The Assignment,Movie,2016,R,Adults,95,Action & Adventure,France,3,"Short-form US docs, stand-up, and family titles"
s6099,The Autopsy of Jane Doe,Movie,2016,R,Adults,86,Horror Movies,United Kingdom,0,Contemporary international feature films
s6100,The Awakening of Motti Wolkenbruch,Movie,2018,TV-MA,Adults,94,Comedies,Switzerland,0,Contemporary international feature films
s6101,The B-Side: Elsa Dorfman's Portrait Photography,Movie,2016,R,Adults,76,Documentaries,United States,3,"Short-form US docs, stand-up, and family titles"
s6103,The Babysitter,Movie,2017,TV-MA,Adults,85,Comedies,United States,3,"Short-form US docs, stand-up, and family titles"
s6104,The Babysitter: Killer Queen,Movie,2020,TV-MA,Adults,102,Comedies,United States,3,"Short-form US docs, stand-up, and family titles"
s6107,The Bachelors,Movie,2017,TV-14,Teens,100,Dramas,United States,3,"Short-form US docs, stand-up, and family titles"
s6108,The Bad Batch,Movie,2016,R,Adults,119,Dramas,United States,0,Contemporary international feature films
s6109,The Bad Education Movie,Movie,2015,TV-MA,Adults,87,Comedies,United Kingdom,3,"Short-form US docs, stand-up, and family titles"
s6110,The Bad Kids,Movie,2016,TV-MA,Adults,101,Documentaries,United States,3,"Short-form US docs, stand-up, and family titles"
s6111,The Ballad of Buster Scruggs,Movie,2018,R,Adults,133,Comedies,United States,0,Contemporary international feature films
s6112,The Ballad of Lefty Brown,Movie,2017,R,Adults,112,Dramas,United States,3,"Short-form US docs, stand-up, and family titles"
s6113,The Bar,Movie,2017,TV-MA,Adults,102,Comedies,Spain,0,Contemporary international feature films
s6114,The Bare-Footed Kid,Movie,1993,TV-14,Teens,83,Action & Adventure,Hong Kong,1,Mid-catalogue licensed features
s6116,The Basement,Movie,2018,TV-MA,Adults,89,Horror Movies,United States,3,"Short-form US docs, stand-up, and family titles"
s6117,The Battered Bastards of Baseball,Movie,2014,TV-MA,Adults,80,Documentaries,United States,3,"Short-form US docs, stand-up, and family titles"
s6118,The Battle of Midway,Movie,1942,TV-14,Teens,18,Classic Movies,United States,2,Classic and vintage cinema
s6119,The Beach Loafer,Movie,2004,TV-14,Teens,112,Comedies,Egypt,1,Mid-catalogue licensed features
s6120,The Beast,Movie,2020,TV-MA,Adults,100,Action & Adventure,Italy,0,Contemporary international feature films
s6121,The Beast Stalker,Movie,2008,TV-14,Teens,110,Action & Adventure,Hong Kong,1,Mid-catalogue licensed features
s6123,The Beginning of Life,Movie,2016,TV-PG,Adults,96,Documentaries,Unknown Country,3,"Short-form US docs, stand-up, and family titles"
s6124,The Beginning of Life 2: Outside,Movie,2020,TV-PG,Adults,92,Documentaries,Brazil,0,Contemporary international feature films
s6126,The Best of Rafał Rutkowski Olka Szczęśniak,Movie,2016,TV-MA,Adults,63,Stand-Up Comedy,Unknown Country,3,"Short-form US docs, stand-up, and family titles"
s6132,The Bill Murray Stories: Life Lessons Learned From a Mythical Man,Movie,2018,TV-MA,Adults,72,Documentaries,United States,3,"Short-form US docs, stand-up, and family titles"
s6133,The Binding,Movie,2020,TV-MA,Adults,93,Horror Movies,Italy,0,Contemporary international feature films
s6134,The Birth Reborn,Movie,2018,TV-MA,Adults,91,Documentaries,Unknown Country,3,"Short-form US docs, stand-up, and family titles"
s6135,The Birth Reborn 3,Movie,2018,TV-14,Teens,73,Documentaries,Unknown Country,3,"Short-form US docs, stand-up, and family titles"
s6136,The Bittersweet,Movie,2017,TV-MA,Adults,98,Action & Adventure,China,0,Contemporary international feature films
s6137,The Black Godfather,Movie,2019,TV-MA,Adults,118,Documentaries,United States,3,"Short-form US docs, stand-up, and family titles"
s6138,The Black Prince,Movie,2017,PG-13,Teens,121,Dramas,United Kingdom,0,Contemporary international feature films
s6139,The Black Room,Movie,2016,TV-MA,Adults,95,Horror Movies,United States,3,"Short-form US docs, stand-up, and family titles"
s6140,The Blackcoat's Daughter,Movie,2015,R,Adults,95,Horror Movies,Canada,0,Contemporary international feature films
s6142,The Blazing Sun,Movie,1954,TV-14,Teens,116,Classic Movies,Egypt,2,Classic and vintage cinema
s6143,The Bleeder,Movie,2016,R,Adults,98,Dramas,United States,3,"Short-form US docs, stand-up, and family titles"
s6144,The Bleeding Edge,Movie,2018,TV-14,Teens,101,Documentaries,Australia,3,"Short-form US docs, stand-up, and family titles"
s6145,The Blind Christ,Movie,2016,TV-MA,Adults,86,Dramas,Chile,0,Contemporary international feature films
s6146,The Bling Lagosians,Movie,2019,TV-14,Teens,99,Dramas,Nigeria,0,Contemporary international feature films
s6147,The Bling Ring,Movie,2013,R,Adults,91,Dramas,United States,0,Contemporary international feature films
s6148,The Blue Elephant 2,Movie,2019,TV-14,Teens,130,Horror Movies,Egypt,0,Contemporary international feature films
s6150,The Blue Umbrella,Movie,2005,TV-PG,Adults,90,Children & Family Movies,India,1,Mid-catalogue licensed features
s6151,The Body,Movie,2019,TV-14,Teens,101,International Movies,India,0,Contemporary international feature films
s6152,The Body Remembers When the World Broke Open,Movie,2019,TV-MA,Adults,106,Dramas,Canada,0,Contemporary international feature films
s6153,The Bomb,Movie,2016,TV-14,Teens,59,Documentaries,United States,3,"Short-form US docs, stand-up, and family titles"
s6156,The Book of Eli,Movie,2010,R,Adults,118,Action & Adventure,United States,1,Mid-catalogue licensed features
s6157,The Book of Sun,Movie,2020,TV-14,Teens,120,Comedies,Saudi Arabia,0,Contemporary international feature films
s6160,The Boss Baby: Get That Baby!,Movie,2020,TV-Y7,Teens,115,Children & Family Movies,United States,0,Contemporary international feature films
s6161,The Boss's Daughter,Movie,2015,TV-MA,Adults,98,Dramas,France,0,Contemporary international feature films
s6163,The Bounty Hunter,Movie,2010,PG-13,Teens,111,Action & Adventure,United States,1,Mid-catalogue licensed features
s6164,The Box,Movie,2009,PG-13,Teens,116,Sci-Fi & Fantasy,United States,1,Mid-catalogue licensed features
s6165,The Boy,Movie,2016,PG-13,Teens,97,Horror Movies,United States,0,Contemporary international feature films
s6166,The Boy in the Striped Pajamas,Movie,2008,PG-13,Teens,95,Dramas,United Kingdom,1,Mid-catalogue licensed features
s6167,The Boy Who Cried Werewolf,Movie,2010,TV-Y,Kids,86,Children & Family Movies,United States,3,"Short-form US docs, stand-up, and family titles"
s6168,The Boy Who Harnessed the Wind,Movie,2019,TV-PG,Adults,114,Children & Family Movies,United Kingdom,0,Contemporary international feature films
s6169,The Boys in the Band,Movie,2020,R,Adults,122,Dramas,United States,0,Contemporary international feature films
s6170,The Boys in the Band: Something Personal,Movie,2020,TV-MA,Adults,28,Documentaries,United States,3,"Short-form US docs, stand-up, and family titles"
s6171,The Brave,Movie,2019,TV-MA,Adults,103,Action & Adventure,United States,3,"Short-form US docs, stand-up, and family titles"
s6172,The Brave One,Movie,2007,R,Adults,122,Dramas,United States,1,Mid-catalogue licensed features
s6173,The Brawler,Movie,2019,TV-MA,Adults,95,Dramas,United States,0,Contemporary international feature films
s6174,The Breadwinner,Movie,2017,PG-13,Teens,93,Children & Family Movies,Ireland,0,Contemporary international feature films
s6177,The Break-Up,Movie,2006,PG-13,Teens,107,Comedies,United States,1,Mid-catalogue licensed features
s6178,The Breaker Upperers,Movie,2018,TV-MA,Adults,82,Comedies,New Zealand,0,Contemporary international feature films
s6179,The Breakup Playlist,Movie,2015,TV-MA,Adults,118,Dramas,Philippines,0,Contemporary international feature films
s6181,The Bridge,Movie,2017,TV-14,Teens,119,Dramas,Nigeria,0,Contemporary international feature films
s6182,The Bridge Curse,Movie,2020,TV-MA,Adults,88,Horror Movies,Taiwan,0,Contemporary international feature films
s6183,The Bros,Movie,2017,TV-14,Teens,102,Comedies,South Korea,0,Contemporary international feature films
s6184,The Brothers Grimm,Movie,2005,PG-13,Teens,119,Action & Adventure,United States,1,Mid-catalogue licensed features
s6185,The Bucket List,Movie,2007,PG-13,Teens,97,Comedies,United States,1,Mid-catalogue licensed features
s6186,The Bulbul's Nest,Movie,2013,TV-MA,Adults,96,Comedies,Unknown Country,0,Contemporary international feature films
s6187,The Bund,Movie,1983,TV-14,Teens,103,Action & Adventure,Hong Kong,2,Classic and vintage cinema
s6188,The Burial of Kojo,Movie,2018,TV-14,Teens,81,Dramas,Ghana,0,Contemporary international feature films
s6190,The Butterfly's Dream,Movie,2013,TV-PG,Adults,118,Dramas,Turkey,0,Contemporary international feature films
s6191,The Bye Bye Man,Movie,2017,PG-13,Teens,96,Horror Movies,United States,3,"Short-form US docs, stand-up, and family titles"
s6192,The Bygone,Movie,2019,TV-MA,Adults,106,Independent Movies,United States,3,"Short-form US docs, stand-up, and family titles"
s6193,The C Word,Movie,2016,TV-14,Teens,93,Documentaries,United States,3,"Short-form US docs, stand-up, and family titles"
s6195,The Cakemaker,Movie,2017,TV-14,Teens,109,Dramas,Israel,0,Contemporary international feature films
s6196,The Call,Movie,2020,TV-MA,Adults,112,International Movies,South Korea,0,Contemporary international feature films
s6198,The Captive,Movie,2014,R,Adults,112,Dramas,Canada,0,Contemporary international feature films
s6199,The Car,Movie,1977,PG,Teens,96,Cult Movies,United States,2,Classic and vintage cinema
s6200,The Car: Road to Revenge,Movie,2019,TV-MA,Adults,89,Action & Adventure,United States,0,Contemporary international feature films
s6201,The Carter Effect,Movie,2017,TV-MA,Adults,60,Documentaries,United States,3,"Short-form US docs, stand-up, and family titles"
s6202,The Case for Christ,Movie,2017,TV-PG,Adults,113,Dramas,United States,0,Contemporary international feature films
s6205,The Cell,Movie,2017,TV-MA,Adults,126,Action & Adventure,Egypt,0,Contemporary international feature films
s6206,The CEO,Movie,2016,TV-14,Teens,109,Dramas,Nigeria,0,Contemporary international feature films
s6210,The Charnel House,Movie,2016,R,Adults,93,Horror Movies,United States,3,"Short-form US docs, stand-up, and family titles"
s6214,The Chord,Movie,2010,TV-MA,Adults,101,Dramas,Egypt,0,Contemporary international feature films
s6215,The Chosen,Movie,2016,TV-14,Teens,111,Dramas,Spain,0,Contemporary international feature films
s6217,The Chosen Ones,Movie,2015,TV-MA,Adults,107,Dramas,Mexico,0,Contemporary international feature films
s6218,The Christmas Candle,Movie,2013,PG,Teens,100,Dramas,United Kingdom,0,Contemporary international feature films
s6219,The Christmas Chronicles,Movie,2018,TV-PG,Adults,104,Children & Family Movies,United States,3,"Short-form US docs, stand-up, and family titles"
s6220,The Christmas Chronicles: Part Two,Movie,2020,PG,Teens,115,Children & Family Movies,Canada,0,Contemporary international feature films
s6221,The Christmas Project,Movie,2016,TV-PG,Adults,92,Children & Family Movies,United States,3,"Short-form US docs, stand-up, and family titles"
s6222,The Cincinnati Kid,Movie,1965,TV-14,Teens,103,Classic Movies,United States,2,Classic and vintage cinema
s6226,The Clapper,Movie,2017,R,Adults,90,Comedies,United States,0,Contemporary international feature films
s6227,The Claudia Kishi Club,Movie,2020,TV-14,Teens,17,Documentaries,United States,3,"Short-form US docs, stand-up, and family titles"
s6228,The Climb,Movie,2017,TV-14,Teens,105,Action & Adventure,France,0,Contemporary international feature films
s6229,The Cloverfield Paradox,Movie,2018,PG-13,Teens,102,Action & Adventure,United States,3,"Short-form US docs, stand-up, and family titles"
s6232,The Coldest Game,Movie,2019,TV-MA,Adults,103,Dramas,Poland,0,Contemporary international feature films
s6234,The Command,Movie,2018,PG-13,Teens,118,Dramas,France,0,Contemporary international feature films
s6235,The Company Men,Movie,2010,R,Adults,105,Dramas,United States,0,Contemporary international feature films
s6236,The Competition,Movie,2018,TV-14,Teens,103,Comedies,United States,3,"Short-form US docs, stand-up, and family titles"
s6237,The Con Is On,Movie,2018,R,Adults,95,Comedies,United States,3,"Short-form US docs, stand-up, and family titles"
s6240,The Confirmation,Movie,2016,PG-13,Teens,101,Comedies,Canada,0,Contemporary international feature films
s6242,The Congress,Movie,2013,TV-MA,Adults,123,Dramas,Israel,0,Contemporary international feature films
s6243,The Conjuring,Movie,2013,R,Adults,112,Horror Movies,United States,3,"Short-form US docs, stand-up, and family titles"
s6244,The Consul's Son,Movie,2011,TV-14,Teens,114,Comedies,Egypt,0,Contemporary international feature films
s6246,The Craft,Movie,1996,R,Adults,101,Horror Movies,United States,1,Mid-catalogue licensed features
s6248,The Creative Brain,Movie,2019,TV-14,Teens,53,Documentaries,United States,3,"Short-form US docs, stand-up, and family titles"
s6250,The Crew,Movie,2015,TV-MA,Adults,81,Action & Adventure,France,0,Contemporary international feature films
s6252,The Crimes That Bind,Movie,2020,TV-14,Teens,100,Dramas,Argentina,0,Contemporary international feature films
s6253,The Croods,Movie,2013,PG,Teens,99,Children & Family Movies,United States,3,"Short-form US docs, stand-up, and family titles"
s6254,The Crow,Movie,1994,R,Adults,102,Action & Adventure,United States,1,Mid-catalogue licensed features
s6256,The Cruise,Movie,1970,TV-PG,Adults,66,Comedies,Poland,2,Classic and vintage cinema
s6257,The Crying Game,Movie,1992,R,Adults,112,Classic Movies,United Kingdom,1,Mid-catalogue licensed features
s6258,The Crystal Calls Making the Dark Crystal: Age of Resistance,Movie,2019,TV-PG,Adults,83,Documentaries,United States,3,"Short-form US docs, stand-up, and family titles"
s6262,The D Train,Movie,2015,R,Adults,101,Comedies,United Kingdom,3,"Short-form US docs, stand-up, and family titles"
s6263,The Da Vinci Code,Movie,2006,PG-13,Teens,149,Thrillers,United States,1,Mid-catalogue licensed features
s6264,The Damned Rain,Movie,2009,TV-14,Teens,99,Dramas,India,1,Mid-catalogue licensed features
s6265,The Dancer,Movie,2011,TV-MA,Adults,105,Dramas,Indonesia,0,Contemporary international feature films
s6266,The Danish Girl,Movie,2015,R,Adults,120,Dramas,United Kingdom,0,Contemporary international feature films
s6267,The Dark Crystal,Movie,1982,PG,Teens,93,Children & Family Movies,United States,2,Classic and vintage cinema
s6269,The Dark Side of Life: Mumbai City,Movie,2018,TV-MA,Adults,121,Dramas,India,0,Contemporary international feature films
s6270,The Darkest Dawn,Movie,2016,TV-MA,Adults,75,Action & Adventure,United Kingdom,0,Contemporary international feature films
s6271,The Darkness,Movie,2016,PG-13,Teens,92,Horror Movies,United States,3,"Short-form US docs, stand-up, and family titles"
s6272,The Daughter,Movie,2015,TV-MA,Adults,95,Dramas,Australia,3,"Short-form US docs, stand-up, and family titles"
s6273,The Dawn Wall,Movie,2017,TV-MA,Adults,100,Documentaries,Austria,0,Contemporary international feature films
s6276,The Day of the Lord,Movie,2020,TV-MA,Adults,93,Horror Movies,Mexico,0,Contemporary international feature films
s6278,The Dealer,Movie,2010,TV-14,Teens,124,Action & Adventure,Egypt,1,Mid-catalogue licensed features
s6279,The Death and Life of Marsha P. Johnson,Movie,2017,TV-MA,Adults,106,Documentaries,Greece,0,Contemporary international feature films
s6280,The Death of Mr. Lazarescu,Movie,2005,R,Adults,154,Dramas,Romania,1,Mid-catalogue licensed features
s6281,The Death of Stalin,Movie,2017,R,Adults,107,Comedies,United Kingdom,0,Contemporary international feature films
s6282,The Debt Collector,Movie,2018,TV-MA,Adults,96,Action & Adventure,United Kingdom,3,"Short-form US docs, stand-up, and family titles"
s6283,The Debt Collector 2,Movie,2020,TV-MA,Adults,97,Action & Adventure,United States,3,"Short-form US docs, stand-up, and family titles"
s6284,The Decline,Movie,2020,TV-MA,Adults,83,Action & Adventure,Canada,0,Contemporary international feature films
s6288,The Delivery Boy,Movie,2018,TV-14,Teens,67,International Movies,Nigeria,3,"Short-form US docs, stand-up, and family titles"
s6289,The Departed,Movie,2006,R,Adults,151,Dramas,United States,1,Mid-catalogue licensed features
s6290,The Desert Bride,Movie,2017,TV-14,Teens,78,Dramas,Argentina,0,Contemporary international feature films
s6291,The Detained,Movie,2017,TV-14,Teens,85,Horror Movies,United States,3,"Short-form US docs, stand-up, and family titles"
s6292,The Devil All The Time,Movie,2020,R,Adults,139,Dramas,United States,0,Contemporary international feature films
s6293,The Devil and Father Amorth,Movie,2017,TV-PG,Adults,69,Documentaries,Italy,3,"Short-form US docs, stand-up, and family titles"
s6294,The Devil Inside,Movie,2012,R,Adults,84,Horror Movies,United States,3,"Short-form US docs, stand-up, and family titles"
s6298,The Devil We Know,Movie,2018,TV-14,Teens,88,Documentaries,United States,3,"Short-form US docs, stand-up, and family titles"
s6299,The Devil's Mistress,Movie,2016,TV-MA,Adults,110,Dramas,Czech Republic,0,Contemporary international feature films
s6300,The Diabolical,Movie,2015,TV-MA,Adults,86,Horror Movies,United States,0,Contemporary international feature films
s6301,The Dirt,Movie,2019,TV-MA,Adults,108,Comedies,United States,0,Contemporary international feature films
s6303,The Disaster Artist,Movie,2017,R,Adults,104,Comedies,United States,0,Contemporary international feature films
s6306,The Discovery,Movie,2017,TV-MA,Adults,102,Dramas,United States,0,Contemporary international feature films
s6307,The Distinguished Citizen,Movie,2016,TV-MA,Adults,113,Comedies,Argentina,0,Contemporary international feature films
s6308,The Do-Over,Movie,2016,TV-MA,Adults,109,Action & Adventure,United States,3,"Short-form US docs, stand-up, and family titles"
s6309,The Doll,Movie,2016,TV-MA,Adults,106,Horror Movies,Indonesia,0,Contemporary international feature films
s6310,The Doll 2,Movie,2017,TV-MA,Adults,117,Horror Movies,Indonesia,0,Contemporary international feature films
s6314,The Dreamer,Movie,2009,TV-PG,Adults,121,Dramas,Indonesia,0,Contemporary international feature films
s6315,The Drowning,Movie,2016,TV-MA,Adults,99,Thrillers,United States,3,"Short-form US docs, stand-up, and family titles"
s6316,The Drug King,Movie,2018,TV-MA,Adults,139,Dramas,South Korea,0,Contemporary international feature films
s6319,The Duel,Movie,2016,R,Adults,110,Dramas,United States,3,"Short-form US docs, stand-up, and family titles"
s6320,The Dukes of Hazzard,Movie,2005,PG-13,Teens,104,Action & Adventure,United States,1,Mid-catalogue licensed features
s6321,The Dukes of Hazzard: The Beginning,Movie,2007,R,Adults,95,Action & Adventure,United States,1,Mid-catalogue licensed features
s6324,The Edge of Democracy,Movie,2019,TV-14,Teens,122,Documentaries,Brazil,0,Contemporary international feature films
s6325,The Edge of Seventeen,Movie,2016,R,Adults,105,Comedies,United States,0,Contemporary international feature films
s6326,The Eichmann Show,Movie,2015,TV-MA,Adults,96,Dramas,United Kingdom,0,Contemporary international feature films
s6328,The Emigrant,Movie,1994,TV-14,Teens,130,Dramas,Egypt,1,Mid-catalogue licensed features
s6329,The End,Movie,2019,TV-MA,Adults,97,Action & Adventure,Kuwait,0,Contemporary international feature films
s6330,The End of Evangelion,Movie,1997,TV-MA,Adults,87,Action & Adventure,Japan,1,Mid-catalogue licensed features
s6332,The End of the Tour,Movie,2015,R,Adults,106,Dramas,United States,0,Contemporary international feature films
s6333,The Endless,Movie,2017,TV-MA,Adults,112,Independent Movies,United States,0,Contemporary international feature films
s6334,The Endless Trench,Movie,2019,TV-MA,Adults,148,Dramas,Spain,0,Contemporary international feature films
s6338,The Evil Dead,Movie,1981,TV-MA,Adults,85,Classic Movies,United States,2,Classic and vintage cinema
s6339,The Exception,Movie,2016,R,Adults,107,Dramas,United Kingdom,0,Contemporary international feature films
s6341,The Eyes of My Mother,Movie,2016,R,Adults,76,Horror Movies,United States,3,"Short-form US docs, stand-up, and family titles"
s6342,The F**k-It List,Movie,2019,TV-MA,Adults,103,Comedies,United States,3,"Short-form US docs, stand-up, and family titles"
s6343,The Family,Movie,2013,R,Adults,112,Action & Adventure,France,0,Contemporary international feature films
s6346,The Fear of 13,Movie,2015,TV-MA,Adults,95,Documentaries,United Kingdom,3,"Short-form US docs, stand-up, and family titles"
s6347,The Feels,Movie,2018,TV-MA,Adults,88,Comedies,United States,0,Contemporary international feature films
s6349,The Fighter,Movie,2010,R,Adults,116,Dramas,United States,1,Mid-catalogue licensed features
s6350,The Figurine (Araromire),Movie,2009,TV-14,Teens,121,Horror Movies,Nigeria,0,Contemporary international feature films
s6351,The Final Destination,Movie,2009,R,Adults,82,Horror Movies,United States,3,"Short-form US docs, stand-up, and family titles"
s6353,The First Lady,Movie,2015,TV-MA,Adults,107,Dramas,Unknown Country,0,Contemporary international feature films
s6354,The First Line,Movie,2014,TV-14,Teens,87,Dramas,United States,0,Contemporary international feature films
s6355,The First Temptation of Christ,Movie,2019,TV-MA,Adults,46,Comedies,Brazil,3,"Short-form US docs, stand-up, and family titles"
s6356,The First Wives Club,Movie,1996,PG,Teens,103,Comedies,United States,1,Mid-catalogue licensed features
s6358,The Five Venoms,Movie,1978,R,Adults,97,Action & Adventure,Hong Kong,2,Classic and vintage cinema
s6361,The Flintstones,Movie,1994,PG,Teens,91,Children & Family Movies,United States,1,Mid-catalogue licensed features
s6362,The Flintstones in Viva Rock Vegas,Movie,2000,PG,Teens,91,Children & Family Movies,United States,1,Mid-catalogue licensed features
s6363,The Florida Project,Movie,2017,R,Adults,111,Dramas,United States,0,Contemporary international feature films
s6364,The Flying Guillotine,Movie,1975,TV-MA,Adults,101,Action & Adventure,Hong Kong,2,Classic and vintage cinema
s6365,The Forbidden Kingdom,Movie,2008,PG-13,Teens,104,Action & Adventure,United States,1,Mid-catalogue licensed features
s6366,The Force,Movie,2017,TV-MA,Adults,92,Documentaries,United States,3,"Short-form US docs, stand-up, and family titles"
s6367,The Foreigner,Movie,2017,R,Adults,113,Action & Adventure,United Kingdom,0,Contemporary international feature films
s6368,The Forest,Movie,2016,PG-13,Teens,93,Horror Movies,United States,3,"Short-form US docs, stand-up, and family titles"
s6369,The Forest of Love,Movie,2019,TV-MA,Adults,151,Dramas,Japan,0,Contemporary international feature films
s6371,The Forgotten,Movie,2014,TV-MA,Adults,89,Horror Movies,United Kingdom,3,"Short-form US docs, stand-up, and family titles"
s6372,The Forty-Year-Old Version,Movie,2020,R,Adults,124,Comedies,United States,0,Contemporary international feature films
s6374,The Founder,Movie,2016,PG-13,Teens,115,Dramas,United States,3,"Short-form US docs, stand-up, and family titles"
s6376,The Free Man,Movie,2016,TV-PG,Adults,84,Documentaries,New Zealand,3,"Short-form US docs, stand-up, and family titles"
s6378,The Frozen Ground,Movie,2013,R,Adults,106,Dramas,United States,0,Contemporary international feature films
s6379,The Fundamentals of Caring,Movie,2016,TV-MA,Adults,97,Comedies,United States,0,Contemporary international feature films
s6381,The Fury of a Patient Man,Movie,2016,TV-MA,Adults,92,International Movies,Spain,0,Contemporary international feature films
s6384,The Game Changers,Movie,2018,TV-MA,Adults,86,Documentaries,United States,3,"Short-form US docs, stand-up, and family titles"
s6385,The Garden of Words,Movie,2013,TV-14,Teens,46,Anime Features,Japan,0,Contemporary international feature films
s6387,The Gathering,Movie,2003,TV-14,Teens,124,Comedies,Indonesia,1,Mid-catalogue licensed features
s6388,The Gentleman Driver,Movie,2018,TV-MA,Adults,83,Documentaries,United States,3,"Short-form US docs, stand-up, and family titles"
s6390,The Ghost and the Tout,Movie,2018,TV-14,Teens,100,Comedies,Nigeria,0,Contemporary international feature films
s6392,The Ghost Who Walks,Movie,2019,TV-MA,Adults,107,Dramas,United States,0,Contemporary international feature films
s6393,The Giant,Movie,2017,TV-14,Teens,115,Dramas,Spain,0,Contemporary international feature films
s6395,The Girl Allergic to Wi-Fi,Movie,2018,TV-MA,Adults,104,International Movies,Philippines,0,Contemporary international feature films
s6396,The Girl from the Song,Movie,2016,TV-MA,Adults,101,Dramas,Spain,0,Contemporary international feature films
s6397,The Girl with the Dragon Tattoo,Movie,2011,R,Adults,158,Dramas,United States,1,Mid-catalogue licensed features
s6400,The Golem,Movie,2018,TV-MA,Adults,95,Horror Movies,Israel,0,Contemporary international feature films
s6402,The Good Catholic,Movie,2017,PG-13,Teens,97,Comedies,United States,0,Contemporary international feature films
s6405,The Good Neighbor,Movie,2016,TV-MA,Adults,97,Dramas,United States,0,Contemporary international feature films
s6407,"The Goods: Live Hard, Sell Hard",Movie,2009,R,Adults,89,Comedies,United States,3,"Short-form US docs, stand-up, and family titles"
s6409,The Gospel of John,Movie,2014,TV-14,Teens,161,Dramas,United Kingdom,0,Contemporary international feature films
s6410,The Gospel of Luke,Movie,2015,TV-14,Teens,205,Dramas,United States,0,Contemporary international feature films
s6411,The Gospel of Mark,Movie,2015,TV-14,Teens,123,Dramas,Unknown Country,0,Contemporary international feature films
s6412,The Gospel of Matthew,Movie,2014,TV-14,Teens,190,Dramas,Unknown Country,0,Contemporary international feature films
s6414,The Grandmaster,Movie,2013,PG-13,Teens,108,Action & Adventure,Hong Kong,0,Contemporary international feature films
s6415,The Great Battle,Movie,2018,TV-MA,Adults,136,Action & Adventure,South Korea,0,Contemporary international feature films
s6420,The Great Gambler,Movie,1979,TV-14,Teens,161,Action & Adventure,India,2,Classic and vintage cinema
s6421,The Great Hack,Movie,2019,TV-MA,Adults,114,Documentaries,United States,3,"Short-form US docs, stand-up, and family titles"
s6423,The Great Magician,Movie,2011,TV-14,Teens,128,Action & Adventure,Hong Kong,0,Contemporary international feature films
s6424,The Great Raid,Movie,2005,R,Adults,133,Action & Adventure,United States,1,Mid-catalogue licensed features
s6426,The Green Hornet,Movie,2011,PG-13,Teens,119,Action & Adventure,United States,1,Mid-catalogue licensed features
s6427,The Green Inferno,Movie,2013,R,Adults,101,Horror Movies,United States,3,"Short-form US docs, stand-up, and family titles"
s6428,The Guardian Brothers,Movie,2016,TV-G,Kids,86,Children & Family Movies,China,3,"Short-form US docs, stand-up, and family titles"
s6429,The Guernsey Literary and Potato Peel Pie Society,Movie,2018,TV-PG,Adults,124,Dramas,United Kingdom,0,Contemporary international feature films
s6432,The Half Of It,Movie,2020,PG-13,Teens,105,Comedies,United States,0,Contemporary international feature films
s6433,The Happytime Murders,Movie,2018,R,Adults,91,Action & Adventure,United States,3,"Short-form US docs, stand-up, and family titles"
s6434,The Hard Way,Movie,2019,TV-MA,Adults,94,Action & Adventure,United States,3,"Short-form US docs, stand-up, and family titles"
s6435,The Hateful Eight,Movie,2015,R,Adults,168,Action & Adventure,United States,0,Contemporary international feature films
s6437,The Hater,Movie,2020,TV-MA,Adults,136,Dramas,Poland,0,Contemporary international feature films
s6438,The Hatred,Movie,2017,R,Adults,94,Horror Movies,United States,3,"Short-form US docs, stand-up, and family titles"
s6442,The Haunting of Molly Hartley,Movie,2008,PG-13,Teens,85,Horror Movies,United States,1,Mid-catalogue licensed features
s6443,The Healer,Movie,2017,TV-14,Teens,108,Children & Family Movies,Spain,0,Contemporary international feature films
s6445,The Heartbreak Club,Movie,2020,TV-14,Teens,101,Comedies,Indonesia,0,Contemporary international feature films
s6446,The Heartbreak Kid,Movie,2007,R,Adults,116,Comedies,United States,1,Mid-catalogue licensed features
s6447,The Heat: A Kitchen (R)evolution,Movie,2018,TV-MA,Adults,71,Documentaries,Canada,3,"Short-form US docs, stand-up, and family titles"
s6448,The Help,Movie,2011,PG-13,Teens,147,Dramas,United States,1,Mid-catalogue licensed features
s6449,The Heretics,Movie,2017,TV-MA,Adults,88,Horror Movies,Canada,3,"Short-form US docs, stand-up, and family titles"
s6450,The Heroes of Evil,Movie,2015,TV-MA,Adults,99,Dramas,Spain,0,Contemporary international feature films
s6451,The Heyday of the Insensitive Bastards,Movie,2017,TV-MA,Adults,96,Dramas,United States,3,"Short-form US docs, stand-up, and family titles"
s6452,The Highwaymen,Movie,2019,R,Adults,132,Dramas,United States,3,"Short-form US docs, stand-up, and family titles"
s6453,The History of Future Folk,Movie,2012,TV-14,Teens,85,Action & Adventure,United States,0,Contemporary international feature films
s6455,The Holiday Calendar,Movie,2018,TV-G,Kids,95,Dramas,United States,3,"Short-form US docs, stand-up, and family titles"
s6458,The Hollow Point,Movie,2016,R,Adults,97,Action & Adventure,United States,3,"Short-form US docs, stand-up, and family titles"
s6460,The Holy Man,Movie,2005,TV-14,Teens,92,Comedies,Thailand,1,Mid-catalogue licensed features
s6464,The House Next Door,Movie,2017,TV-MA,Adults,135,Horror Movies,India,0,Contemporary international feature films
s6466,The House of Flowers Presents: The Funeral,Movie,2019,TV-MA,Adults,36,Movies,Unknown Country,3,"Short-form US docs, stand-up, and family titles"
s6467,The House on Coco Road,Movie,2016,TV-14,Teens,79,Documentaries,United States,3,"Short-form US docs, stand-up, and family titles"
s6469,The Hows of Us,Movie,2018,TV-14,Teens,120,Dramas,Philippines,0,Contemporary international feature films
s6470,The Human Factor: The Untold Story of the Bombay Film Orchestras,Movie,2013,TV-PG,Adults,53,Documentaries,India,3,"Short-form US docs, stand-up, and family titles"
s6471,The Humanity Bureau,Movie,2017,R,Adults,94,Action & Adventure,Canada,3,"Short-form US docs, stand-up, and family titles"
s6472,The Hummingbird Project,Movie,2018,R,Adults,111,Dramas,Canada,0,Contemporary international feature films
s6473,The Hundred-Foot Journey,Movie,2014,PG,Teens,123,Comedies,United States,0,Contemporary international feature films
s6475,The Hurricane Heist,Movie,2018,PG-13,Teens,103,Action & Adventure,United Kingdom,3,"Short-form US docs, stand-up, and family titles"
s6476,The Hurt Business,Movie,2016,PG-13,Teens,111,Documentaries,United States,3,"Short-form US docs, stand-up, and family titles"
s6480,The Imaginarium of Doctor Parnassus,Movie,2009,PG-13,Teens,123,Action & Adventure,United Kingdom,1,Mid-catalogue licensed features
s6481,The Impossible,Movie,2012,PG-13,Teens,114,Dramas,Spain,0,Contemporary international feature films
s6485,The Incident,Movie,2014,TV-MA,Adults,100,International Movies,Mexico,0,Contemporary international feature films
s6486,The Incredible Jessica James,Movie,2017,TV-MA,Adults,84,Comedies,United States,0,Contemporary international feature films
s6487,The Incredible Story of the Giant Pear,Movie,2018,TV-G,Kids,75,Children & Family Movies,Denmark,3,"Short-form US docs, stand-up, and family titles"
s6488,The Incredibles 2,Movie,2018,PG,Teens,118,Children & Family Movies,United States,0,Contemporary international feature films
s6490,The Indian in the Cupboard,Movie,1995,PG,Teens,96,Children & Family Movies,United States,1,Mid-catalogue licensed features
s6491,The Influence,Movie,2019,TV-MA,Adults,102,Horror Movies,Spain,0,Contemporary international feature films
s6492,The Informant!,Movie,2009,R,Adults,108,Comedies,United States,1,Mid-catalogue licensed features
s6497,The Intent,Movie,2016,TV-MA,Adults,99,Dramas,United Kingdom,0,Contemporary international feature films
s6498,The Intent 2: The Come Up,Movie,2018,TV-MA,Adults,103,Dramas,United Kingdom,0,Contemporary international feature films
s6499,The International Player,Movie,2009,TV-14,Teens,93,Dramas,Egypt,0,Contemporary international feature films
s6500,The Interview,Movie,1998,NR,Unrated,101,Cult Movies,Australia,1,Mid-catalogue licensed features
s6501,The Intouchables,Movie,2011,R,Adults,112,Comedies,France,0,Contemporary international feature films
s6502,The Invention of Lying,Movie,2009,PG-13,Teens,99,Comedies,United States,1,Mid-catalogue licensed features
s6504,The Invisible Guardian,Movie,2017,TV-MA,Adults,129,International Movies,Spain,0,Contemporary international feature films
s6505,The Invisible Guest,Movie,2016,TV-14,Teens,106,International Movies,Spain,0,Contemporary international feature films
s6506,The Invitation,Movie,2015,TV-MA,Adults,100,Horror Movies,United States,0,Contemporary international feature films
s6508,The Irishman,Movie,2019,R,Adults,209,Dramas,United States,0,Contemporary international feature films
s6509,The Irishman: In Conversation,Movie,2019,TV-MA,Adults,24,Documentaries,United States,3,"Short-form US docs, stand-up, and family titles"
s6510,The Iron Lady,Movie,2011,PG-13,Teens,105,Dramas,United Kingdom,0,Contemporary international feature films
s6512,The Island,Movie,2018,TV-14,Teens,93,Dramas,Nigeria,0,Contemporary international feature films
s6514,The Ivory Game,Movie,2016,TV-14,Teens,112,Documentaries,Austria,3,"Short-form US docs, stand-up, and family titles"
s6515,The Jack King Affair,Movie,2015,TV-14,Teens,52,Documentaries,France,3,"Short-form US docs, stand-up, and family titles"
s6517,The Jane Austen Book Club,Movie,2007,PG-13,Teens,106,Comedies,United States,1,Mid-catalogue licensed features
s6519,The Journey Is the Destination,Movie,2016,R,Adults,123,Dramas,United States,3,"Short-form US docs, stand-up, and family titles"
s6522,The Jungle School,Movie,2013,TV-PG,Adults,90,Dramas,Indonesia,0,Contemporary international feature films
s6524,The Karate Kid,Movie,2010,PG,Teens,140,Children & Family Movies,United States,1,Mid-catalogue licensed features
s6526,The Keeping Hours,Movie,2017,PG-13,Teens,95,Dramas,United States,3,"Short-form US docs, stand-up, and family titles"
s6527,The Killer,Movie,2017,TV-MA,Adults,100,Action & Adventure,Brazil,0,Contemporary international feature films
s6528,The Killing of a Sacred Deer,Movie,2017,R,Adults,121,Dramas,Ireland,0,Contemporary international feature films
s6529,The Kindergarten Teacher,Movie,2018,R,Adults,97,Dramas,United States,0,Contemporary international feature films
s6531,The King,Movie,2019,R,Adults,141,Dramas,United Kingdom,0,Contemporary international feature films
s6534,The King's Speech,Movie,2010,R,Adults,118,Dramas,United Kingdom,0,Contemporary international feature films
s6536,The Kissing Booth,Movie,2018,TV-14,Teens,105,Comedies,United Kingdom,0,Contemporary international feature films
s6537,The Kissing Booth 2,Movie,2020,TV-14,Teens,133,Comedies,United Kingdom,0,Contemporary international feature films
s6538,The Kite,Movie,2003,TV-MA,Adults,76,Dramas,Lebanon,1,Mid-catalogue licensed features
s6539,The Knight Before Christmas,Movie,2019,TV-14,Teens,93,Children & Family Movies,United States,0,Contemporary international feature films
s6543,The Lake House,Movie,2006,PG,Teens,98,Dramas,United States,1,Mid-catalogue licensed features
s6544,The Lamb,Movie,2017,PG,Teens,86,Children & Family Movies,United States,3,"Short-form US docs, stand-up, and family titles"
s6545,The Land,Movie,1970,TV-MA,Adults,130,Classic Movies,Egypt,2,Classic and vintage cinema
s6546,The Land of Cards,Movie,2012,TV-14,Teens,113,Dramas,India,0,Contemporary international feature films
s6548,The Land of Steady Habits,Movie,2018,TV-MA,Adults,98,Comedies,United States,0,Contemporary international feature films
s6549,The Land of the Enlightened,Movie,2016,TV-MA,Adults,84,Documentaries,Belgium,0,Contemporary international feature films
s6550,The Larva Island Movie,Movie,2020,TV-Y7,Teens,91,Children & Family Movies,South Korea,3,"Short-form US docs, stand-up, and family titles"
s6551,The Last Airbender,Movie,2010,PG,Teens,104,Action & Adventure,United States,1,Mid-catalogue licensed features
s6552,The Last Bomb of the Second World War,Movie,2019,TV-14,Teens,133,Dramas,India,0,Contemporary international feature films
s6553,The Last Boy Scout,Movie,1991,R,Adults,105,Action & Adventure,United States,1,Mid-catalogue licensed features
s6556,The Last Days of American Crime,Movie,2020,TV-MA,Adults,149,Action & Adventure,United States,0,Contemporary international feature films
s6557,The Last Days of Chez Nous,Movie,1992,R,Adults,93,Classic Movies,Australia,1,Mid-catalogue licensed features
s6558,The Last Exorcism,Movie,2010,PG-13,Teens,88,Horror Movies,France,0,Contemporary international feature films
s6559,The Last Face,Movie,2016,R,Adults,131,Dramas,United States,3,"Short-form US docs, stand-up, and family titles"
s6560,The Last Hangover,Movie,2018,TV-MA,Adults,44,Comedies,Brazil,3,"Short-form US docs, stand-up, and family titles"
s6561,The last hour,Movie,2017,TV-MA,Adults,119,Dramas,Chile,0,Contemporary international feature films
s6564,The Last Laugh,Movie,2019,TV-MA,Adults,99,Comedies,United States,3,"Short-form US docs, stand-up, and family titles"
s6565,The Last Man on the Moon,Movie,2014,TV-PG,Adults,96,Documentaries,United Kingdom,3,"Short-form US docs, stand-up, and family titles"
s6568,The Last Resort,Movie,2018,TV-14,Teens,70,Documentaries,United States,3,"Short-form US docs, stand-up, and family titles"
s6569,The Last Runway,Movie,2018,TV-MA,Adults,107,Action & Adventure,Paraguay,0,Contemporary international feature films
s6570,The Last Shaman,Movie,2016,TV-14,Teens,83,Documentaries,United Kingdom,0,Contemporary international feature films
s6571,The Last Summer,Movie,2019,TV-14,Teens,110,Comedies,United States,0,Contemporary international feature films
s6572,The Last Thing He Wanted,Movie,2020,R,Adults,116,Dramas,United States,0,Contemporary international feature films
s6573,The Last Whistle,Movie,2019,PG,Teens,88,Dramas,United States,3,"Short-form US docs, stand-up, and family titles"
s6575,The Late Bloomer,Movie,2016,R,Adults,95,Comedies,United States,3,"Short-form US docs, stand-up, and family titles"
s6576,The Laundromat,Movie,2019,R,Adults,96,Comedies,United States,3,"Short-form US docs, stand-up, and family titles"
s6577,The Laws of Thermodynamics,Movie,2018,TV-MA,Adults,101,Comedies,Spain,0,Contemporary international feature films
s6579,The Legacy of a Whitetail Deer Hunter,Movie,2018,TV-14,Teens,83,Action & Adventure,United States,0,Contemporary international feature films
s6580,The Legacy of the Bones,Movie,2019,TV-MA,Adults,121,International Movies,Spain,0,Contemporary international feature films
s6581,The Legend of 420,Movie,2017,TV-MA,Adults,87,Documentaries,United States,3,"Short-form US docs, stand-up, and family titles"
s6582,The Legend of Bhagat Singh,Movie,2002,TV-14,Teens,156,Dramas,India,1,Mid-catalogue licensed features
s6584,The Legend of Cocaine Island,Movie,2019,TV-MA,Adults,87,Documentaries,United States,3,"Short-form US docs, stand-up, and family titles"
s6586,The Legend of Michael Mishra,Movie,2016,TV-14,Teens,118,Comedies,India,0,Contemporary international feature films
s6590,The Letter Reader,Movie,2019,TV-PG,Adults,30,Dramas,South Africa,3,"Short-form US docs, stand-up, and family titles"
s6595,The Life Ahead,Movie,2020,PG-13,Teens,95,Dramas,Italy,0,Contemporary international feature films
s6596,The Lift Boy,Movie,2020,TV-MA,Adults,107,Dramas,India,0,Contemporary international feature films
s6597,The Light of My Eyes,Movie,2010,TV-MA,Adults,96,Dramas,Unknown Country,0,Contemporary international feature films
s6598,The Lighthouse of the Orcas,Movie,2016,TV-MA,Adults,110,Dramas,Spain,0,Contemporary international feature films
s6599,The Lion Woman,Movie,2016,TV-14,Teens,118,Dramas,Norway,0,Contemporary international feature films
s6600,The Little Hours,Movie,2017,R,Adults,89,Comedies,Canada,0,Contemporary international feature films
s6601,The Little Mermaid,Movie,2018,PG,Teens,85,Children & Family Movies,United States,3,"Short-form US docs, stand-up, and family titles"
s6603,The Little Prince,Movie,2015,PG,Teens,107,Children & Family Movies,France,0,Contemporary international feature films
s6604,The Little Switzerland,Movie,2019,TV-MA,Adults,86,Comedies,Spain,0,Contemporary international feature films
s6605,The Little Vampire,Movie,2017,TV-G,Kids,83,Children & Family Movies,Netherlands,3,"Short-form US docs, stand-up, and family titles"
s6606,The Little Wars,Movie,1982,TV-14,Teens,108,Dramas,France,2,Classic and vintage cinema
s6607,The Lives of Others,Movie,2006,R,Adults,138,Dramas,Germany,1,Mid-catalogue licensed features
s6609,The Lobster,Movie,2015,R,Adults,119,Comedies,Ireland,0,Contemporary international feature films
s6610,The Lodgers,Movie,2017,R,Adults,93,Horror Movies,Ireland,0,Contemporary international feature films
s6611,The Lonely Island Presents: The Unauthorized Bash Brothers Experience,Movie,2019,TV-MA,Adults,30,Comedies,Unknown Country,3,"Short-form US docs, stand-up, and family titles"
s6612,The Long Dumb Road,Movie,2018,R,Adults,91,Comedies,United States,3,"Short-form US docs, stand-up, and family titles"
s6613,The Long Goodbye: The Kara Tippetts Story,Movie,2019,TV-PG,Adults,87,Documentaries,United States,3,"Short-form US docs, stand-up, and family titles"
s6614,The Longest Yard,Movie,1974,R,Adults,121,Classic Movies,United States,2,Classic and vintage cinema
s6615,The Longshots,Movie,2008,PG,Teens,95,Comedies,United States,1,Mid-catalogue licensed features
s6616,The Look of Silence,Movie,2014,PG-13,Teens,103,Documentaries,Denmark,0,Contemporary international feature films
s6617,The Lord of the Rings: The Return of the King,Movie,2003,PG-13,Teens,201,Action & Adventure,New Zealand,1,Mid-catalogue licensed features
s6618,The Lord of the Rings: The Two Towers,Movie,2002,PG-13,Teens,179,Action & Adventure,New Zealand,1,Mid-catalogue licensed features
s6619,The Lost Brother,Movie,2017,TV-MA,Adults,113,Dramas,Argentina,0,Contemporary international feature films
s6620,The Lost Husband,Movie,2020,PG-13,Teens,110,Dramas,United States,0,Contemporary international feature films
s6621,The Lost Okoroshi,Movie,2019,TV-MA,Adults,94,Comedies,Nigeria,0,Contemporary international feature films
s6622,The Love Affair,Movie,2015,TV-MA,Adults,127,Dramas,Philippines,0,Contemporary international feature films
s6623,The Love Guru,Movie,2008,PG-13,Teens,87,Comedies,United Kingdom,1,Mid-catalogue licensed features
s6624,The Lovebirds,Movie,2020,R,Adults,87,Action & Adventure,United States,0,Contemporary international feature films
s6625,The Lovers,Movie,2017,R,Adults,98,Comedies,United States,0,Contemporary international feature films
s6626,The Lovers and the Despot,Movie,2016,TV-14,Teens,98,Documentaries,United Kingdom,0,Contemporary international feature films
s6627,The lynx,Movie,1982,TV-14,Teens,82,Dramas,Poland,2,Classic and vintage cinema
s6628,The Mad Monk,Movie,1993,TV-14,Teens,85,Comedies,Hong Kong,1,Mid-catalogue licensed features
s6629,The Magic Pill,Movie,2017,TV-PG,Adults,90,Documentaries,United States,3,"Short-form US docs, stand-up, and family titles"
s6632,The Magic School Bus Rides Again In the Zone,Movie,2020,TV-Y,Kids,46,Children & Family Movies,Canada,3,"Short-form US docs, stand-up, and family titles"
s6633,The Magic School Bus Rides Again Kids In Space,Movie,2020,TV-Y,Kids,46,Children & Family Movies,United States,3,"Short-form US docs, stand-up, and family titles"
s6634,The Magic School Bus Rides Again The Frizz Connection,Movie,2020,TV-Y,Kids,46,Children & Family Movies,Canada,3,"Short-form US docs, stand-up, and family titles"
s6636,The Main Event,Movie,2020,TV-G,Kids,103,Children & Family Movies,United States,0,Contemporary international feature films
s6638,The Man Who Feels No Pain,Movie,2018,TV-14,Teens,137,Action & Adventure,India,0,Contemporary international feature films
s6639,The Man Who Would Be Polka King,Movie,2009,TV-14,Teens,68,Documentaries,United States,3,"Short-form US docs, stand-up, and family titles"
s6640,The Man Without Gravity,Movie,2019,TV-MA,Adults,107,Dramas,Italy,0,Contemporary international feature films
s6641,The Mansion,Movie,2017,TV-MA,Adults,100,Comedies,France,0,Contemporary international feature films
s6643,The Married Couples,Movie,1981,TV-14,Teens,195,Comedies,Egypt,2,Classic and vintage cinema
s6644,The Mars Generation,Movie,2017,TV-PG,Adults,98,Children & Family Movies,United States,3,"Short-form US docs, stand-up, and family titles"
s6645,The Mask of Zorro,Movie,1998,PG-13,Teens,138,Action & Adventure,United States,1,Mid-catalogue licensed features
s6646,The Massively Mixed-Up Middle School Mystery,Movie,2015,TV-Y,Kids,40,Children & Family Movies,United States,3,"Short-form US docs, stand-up, and family titles"
s6647,The Master,Movie,2012,R,Adults,137,Dramas,United States,0,Contemporary international feature films
s6648,The Match,Movie,2020,TV-MA,Adults,97,Dramas,Italy,0,Contemporary international feature films
s6649,The Matrix,Movie,1999,R,Adults,136,Action & Adventure,United States,1,Mid-catalogue licensed features
s6650,The Matrix Reloaded,Movie,2003,R,Adults,138,Action & Adventure,United States,1,Mid-catalogue licensed features
s6651,The Matrix Revolutions,Movie,2003,R,Adults,129,Action & Adventure,United States,1,Mid-catalogue licensed features
s6652,The Maus,Movie,2017,TV-MA,Adults,90,Horror Movies,Spain,0,Contemporary international feature films
s6653,The Mayo Clinic,Movie,2018,TV-14,Teens,116,Documentaries,United States,3,"Short-form US docs, stand-up, and family titles"
s6654,The Mayor,Movie,2017,TV-MA,Adults,130,Dramas,South Korea,0,Contemporary international feature films
s6655,The Meaning of Monty Python,Movie,2013,TV-MA,Adults,60,Documentaries,United Kingdom,3,"Short-form US docs, stand-up, and family titles"
s6657,The Memory of Water,Movie,2015,TV-MA,Adults,88,Dramas,Chile,0,Contemporary international feature films
s6658,"The Memphis Belle: A Story of a
Flying Fortress",Movie,1944,TV-PG,Adults,40,Classic Movies,United States,2,Classic and vintage cinema
s6659,The Men Who Stare at Goats,Movie,2009,R,Adults,94,Comedies,United States,3,"Short-form US docs, stand-up, and family titles"
s6663,The Meyerowitz Stories (New and Selected),Movie,2017,TV-MA,Adults,113,Comedies,United States,0,Contemporary international feature films
s6664,The Midas Touch,Movie,2013,TV-14,Teens,98,Comedies,Hong Kong,0,Contemporary international feature films
s6666,The Midnight Sky,Movie,2020,PG-13,Teens,119,Dramas,United States,3,"Short-form US docs, stand-up, and family titles"
s6667,The Milk System,Movie,2017,TV-14,Teens,91,Documentaries,Germany,0,Contemporary international feature films
s6668,The Millions,Movie,2019,TV-MA,Adults,95,Comedies,Nigeria,0,Contemporary international feature films
s6671,The Minimalists: Less Is Now,Movie,2021,TV-14,Teens,54,Documentaries,United States,3,"Short-form US docs, stand-up, and family titles"
s6677,The Mirror Boy,Movie,2011,TV-14,Teens,86,Action & Adventure,United Kingdom,0,Contemporary international feature films
s6680,The Mistress,Movie,2012,TV-MA,Adults,132,Dramas,Philippines,0,Contemporary international feature films
s6681,The Mitfords: A Tale of Two Sisters,Movie,2017,TV-PG,Adults,44,Documentaries,United Kingdom,3,"Short-form US docs, stand-up, and family titles"
s6682,The Model,Movie,2016,TV-MA,Adults,104,Dramas,Denmark,0,Contemporary international feature films
s6683,The Monster,Movie,2016,R,Adults,91,Horror Movies,United States,3,"Short-form US docs, stand-up, and family titles"
s6684,The Monster of Mangatiti,Movie,2015,TV-MA,Adults,70,Dramas,New Zealand,3,"Short-form US docs, stand-up, and family titles"
s6686,The Most Assassinated Woman in the World,Movie,2018,TV-MA,Adults,102,Dramas,Belgium,0,Contemporary international feature films
s6688,The Most Hated Woman in America,Movie,2017,TV-MA,Adults,93,Dramas,United States,3,"Short-form US docs, stand-up, and family titles"
s6689,The Most Unknown,Movie,2018,TV-PG,Adults,92,Documentaries,United States,3,"Short-form US docs, stand-up, and family titles"
s6690,The Motive,Movie,2017,TV-MA,Adults,114,Comedies,Spain,0,Contemporary international feature films
s6693,The Muppets,Movie,2011,PG,Teens,104,Children & Family Movies,United States,1,Mid-catalogue licensed features
s6695,The Music of Silence,Movie,2017,TV-PG,Adults,115,Dramas,Italy,0,Contemporary international feature films
s6697,The Naked Gun 2 1/2: The Smell of Fear,Movie,1991,PG-13,Teens,85,Comedies,Unknown Country,1,Mid-catalogue licensed features
s6698,The Naked Gun: From the Files of Police Squad!,Movie,1988,PG-13,Teens,85,Comedies,United States,2,Classic and vintage cinema
s6699,The Natural,Movie,1984,PG,Teens,138,Classic Movies,United States,2,Classic and vintage cinema
s6700,The Negro Soldier,Movie,1944,TV-14,Teens,40,Classic Movies,United States,2,Classic and vintage cinema
s6703,The Netflix Afterparty: The Best Shows of The Worst Year,Movie,2020,TV-MA,Adults,59,Comedies,United States,3,"Short-form US docs, stand-up, and family titles"
s6705,The New Romantic,Movie,2018,TV-MA,Adults,82,Comedies,Canada,0,Contemporary international feature films
s6706,The Next Karate Kid,Movie,1994,PG,Teens,107,Action & Adventure,United States,1,Mid-catalogue licensed features
s6707,The Next Skin,Movie,2016,TV-MA,Adults,104,Dramas,Spain,0,Contemporary international feature films
s6709,The Night Clerk,Movie,2020,R,Adults,90,Dramas,United States,3,"Short-form US docs, stand-up, and family titles"
s6710,The Night Comes for Us,Movie,2018,TV-MA,Adults,121,Action & Adventure,Indonesia,0,Contemporary international feature films
s6713,The NSU-Complex,Movie,2016,TV-14,Teens,90,Documentaries,Germany,0,Contemporary international feature films
s6714,The Nut Job,Movie,2014,PG,Teens,85,Children & Family Movies,Canada,0,Contemporary international feature films
s6715,The Nutcracker and the Four Realms,Movie,2018,PG,Teens,99,Children & Family Movies,United States,3,"Short-form US docs, stand-up, and family titles"
s6718,The Occupant,Movie,2020,TV-MA,Adults,104,Independent Movies,Spain,0,Contemporary international feature films
s6720,The Old Guard,Movie,2020,R,Adults,126,Action & Adventure,United States,3,"Short-form US docs, stand-up, and family titles"
s6721,The Old Thieves: The Legend of Artegios,Movie,2007,TV-MA,Adults,97,Documentaries,Mexico,1,Mid-catalogue licensed features
s6723,The One I Love,Movie,2014,R,Adults,91,Comedies,United States,0,Contemporary international feature films
s6724,The Only Mother To You All,Movie,2008,TV-PG,Adults,106,Comedies,Philippines,1,Mid-catalogue licensed features
s6725,The Open House,Movie,2018,TV-MA,Adults,95,Horror Movies,Canada,0,Contemporary international feature films
s6727,The Original Kings of Comedy,Movie,2000,R,Adults,111,Stand-Up Comedy,United States,1,Mid-catalogue licensed features
s6729,The Other,Movie,1999,TV-MA,Adults,106,Dramas,France,1,Mid-catalogue licensed features
s6730,The Other Guys,Movie,2010,PG-13,Teens,108,Action & Adventure,United States,1,Mid-catalogue licensed features
s6731,The Other One: The Long Strange Trip of Bob Weir,Movie,2015,TV-14,Teens,84,Documentaries,United States,3,"Short-form US docs, stand-up, and family titles"
s6732,The Other Side of the Wind,Movie,2018,R,Adults,122,Classic Movies,France,0,Contemporary international feature films
s6733,The Ottoman Lieutenant,Movie,2017,R,Adults,111,Dramas,Turkey,0,Contemporary international feature films
s6734,The Outcasts,Movie,2017,TV-14,Teens,94,Comedies,United States,3,"Short-form US docs, stand-up, and family titles"
s6735,The Outpost,Movie,2020,R,Adults,123,Action & Adventure,United States,0,Contemporary international feature films
s6736,The Outsider,Movie,2019,TV-MA,Adults,86,Movies,United States,3,"Short-form US docs, stand-up, and family titles"
s6738,The Package,Movie,2018,TV-MA,Adults,95,Comedies,United States,3,"Short-form US docs, stand-up, and family titles"
s6739,The Panti Sisters,Movie,2019,TV-MA,Adults,108,Comedies,Philippines,0,Contemporary international feature films
s6741,The Paramedic,Movie,2020,TV-MA,Adults,94,Dramas,Spain,0,Contemporary international feature films
s6743,The Parole Officer,Movie,2001,R,Adults,94,Action & Adventure,United Kingdom,1,Mid-catalogue licensed features
s6744,The Pass,Movie,2016,NR,Unrated,87,Dramas,United Kingdom,0,Contemporary international feature films
s6745,The Peacemaker,Movie,1997,R,Adults,124,Action & Adventure,United States,1,Mid-catalogue licensed features
s6746,The Pelican Brief,Movie,1993,PG-13,Teens,141,Dramas,United States,1,Mid-catalogue licensed features
s6747,The Perfect Date,Movie,2019,TV-14,Teens,91,Comedies,United States,3,"Short-form US docs, stand-up, and family titles"
s6748,The Perfect Day,Movie,2018,TV-14,Teens,93,Documentaries,Unknown Country,0,Contemporary international feature films
s6749,The Perfect Dictatorship,Movie,2014,TV-MA,Adults,143,Comedies,Mexico,0,Contemporary international feature films
s6751,The Perfect Picture: Ten Years Later,Movie,2019,TV-MA,Adults,148,Comedies,Ghana,0,Contemporary international feature films
s6752,The Perfection,Movie,2019,TV-MA,Adults,91,Horror Movies,United States,0,Contemporary international feature films
s6753,The Perks of Being a Wallflower,Movie,2012,PG-13,Teens,103,Comedies,United States,0,Contemporary international feature films
s6754,The Phantom of the Opera,Movie,2004,PG-13,Teens,141,Dramas,United Kingdom,1,Mid-catalogue licensed features
s6756,The Photographer Of Mauthausen,Movie,2018,TV-MA,Adults,110,Dramas,Spain,0,Contemporary international feature films
s6757,The Physician,Movie,2013,R,Adults,155,Action & Adventure,Germany,0,Contemporary international feature films
s6758,The Pink Panther,Movie,2006,PG,Teens,93,Children & Family Movies,United States,1,Mid-catalogue licensed features
s6759,The Pirate Fairy,Movie,2014,G,Kids,78,Children & Family Movies,United States,3,"Short-form US docs, stand-up, and family titles"
s6760,The Pirates of Somalia,Movie,2017,R,Adults,118,Dramas,Somalia,0,Contemporary international feature films
s6761,The Pirates! Band of Misfits,Movie,2012,PG,Teens,88,Children & Family Movies,United Kingdom,3,"Short-form US docs, stand-up, and family titles"
s6762,The Pixar Story,Movie,2007,G,Kids,89,Documentaries,United States,3,"Short-form US docs, stand-up, and family titles"
s6763,The Place Beyond the Pines,Movie,2012,R,Adults,140,Dramas,United States,0,Contemporary international feature films
s6764,The Plagues of Breslau,Movie,2018,TV-MA,Adults,94,International Movies,Poland,0,Contemporary international feature films
s6765,The Plan,Movie,2015,TV-MA,Adults,124,Dramas,India,0,Contemporary international feature films
s6768,The Player,Movie,2012,TV-MA,Adults,110,Comedies,Egypt,0,Contemporary international feature films
s6769,The Players,Movie,2020,TV-MA,Adults,89,Comedies,Italy,0,Contemporary international feature films
s6770,The Polar Express,Movie,2004,G,Kids,100,Children & Family Movies,United States,1,Mid-catalogue licensed features
s6772,The Polka King,Movie,2018,TV-14,Teens,94,Comedies,United States,3,"Short-form US docs, stand-up, and family titles"
s6773,The Power of Grayskull: The Definitive History of He-Man and the Masters of the Universe,Movie,2017,TV-14,Teens,96,Documentaries,Canada,3,"Short-form US docs, stand-up, and family titles"
s6774,The President's Barber,Movie,2004,TV-MA,Adults,116,Comedies,South Korea,1,Mid-catalogue licensed features
s6775,The Price of Success,Movie,2017,TV-MA,Adults,92,Dramas,France,0,Contemporary international feature films
s6776,The Prince,Movie,2014,R,Adults,91,Action & Adventure,United States,3,"Short-form US docs, stand-up, and family titles"
s6777,The Prince & Me,Movie,2004,PG,Teens,111,Comedies,United States,1,Mid-catalogue licensed features
s6780,The Princess and the Frog,Movie,2009,G,Kids,98,Children & Family Movies,United States,3,"Short-form US docs, stand-up, and family titles"
s6781,The Princess Switch,Movie,2018,TV-G,Kids,102,Children & Family Movies,United States,0,Contemporary international feature films
s6782,The Princess Switch: Switched Again,Movie,2020,TV-G,Kids,97,Children & Family Movies,United States,0,Contemporary international feature films
s6784,The Prison,Movie,2017,TV-MA,Adults,125,Action & Adventure,South Korea,0,Contemporary international feature films
s6785,The Professor and the Madman,Movie,2019,TV-14,Teens,125,Dramas,Ireland,0,Contemporary international feature films
s6786,The Prom,Movie,2020,PG-13,Teens,132,Comedies,United States,0,Contemporary international feature films
s6787,The Promise,Movie,2016,PG-13,Teens,133,Dramas,Spain,0,Contemporary international feature films
s6790,The Pursuit,Movie,2019,TV-14,Teens,76,Documentaries,United States,3,"Short-form US docs, stand-up, and family titles"
s6791,The Pursuit of Happyness,Movie,2006,PG-13,Teens,117,Dramas,United States,1,Mid-catalogue licensed features
s6792,The Push,Movie,2018,TV-MA,Adults,90,Documentaries,United States,3,"Short-form US docs, stand-up, and family titles"
s6794,The Queen,Movie,1968,TV-MA,Adults,66,Cult Movies,United States,2,Classic and vintage cinema
s6798,The Rachel Divide,Movie,2018,TV-MA,Adults,105,Documentaries,United States,3,"Short-form US docs, stand-up, and family titles"
s6800,The Rainbow Troops,Movie,2008,TV-PG,Adults,119,Children & Family Movies,Indonesia,0,Contemporary international feature films
s6801,The Rainmaker,Movie,1997,PG-13,Teens,136,Dramas,United States,1,Mid-catalogue licensed features
s6804,The Rat Race,Movie,2010,TV-PG,Adults,52,Documentaries,India,3,"Short-form US docs, stand-up, and family titles"
s6806,The Real Miyagi,Movie,2015,TV-PG,Adults,81,Documentaries,United States,3,"Short-form US docs, stand-up, and family titles"
s6807,The Rebound,Movie,2016,TV-MA,Adults,77,Documentaries,United States,3,"Short-form US docs, stand-up, and family titles"
s6808,The Reconquest,Movie,2016,TV-MA,Adults,108,Dramas,Spain,0,Contemporary international feature films
s6809,The Red Sea Diving Resort,Movie,2019,TV-MA,Adults,130,Dramas,Canada,0,Contemporary international feature films
s6810,The Redeemed and the Dominant: Fittest on Earth,Movie,2017,TV-14,Teens,120,Documentaries,United States,3,"Short-form US docs, stand-up, and family titles"
s6811,The Rehearsal,Movie,2016,TV-MA,Adults,102,Dramas,New Zealand,0,Contemporary international feature films
s6812,The Reliant,Movie,2019,PG-13,Teens,116,Dramas,United States,0,Contemporary international feature films
s6813,The Remix: Hip Hop X Fashion,Movie,2019,TV-MA,Adults,67,Documentaries,United States,3,"Short-form US docs, stand-up, and family titles"
s6815,The Republic of Imbaba,Movie,2015,TV-14,Teens,90,Dramas,Unknown Country,0,Contemporary international feature films
s6816,The Reservoir Game,Movie,2017,TV-MA,Adults,100,Documentaries,South Korea,0,Contemporary international feature films
s6817,The Resistance Banker,Movie,2018,TV-MA,Adults,123,Dramas,Netherlands,0,Contemporary international feature films
s6819,The Rezort,Movie,2016,TV-MA,Adults,90,Horror Movies,United Kingdom,0,Contemporary international feature films
s6820,The Ridiculous 6,Movie,2015,TV-14,Teens,120,Action & Adventure,United States,0,Contemporary international feature films
s6821,The Rift: The Dark Side of the Moon,Movie,2016,TV-MA,Adults,92,Horror Movies,Serbia,0,Contemporary international feature films
s6822,The Right One,Movie,2011,TV-14,Teens,93,Dramas,Egypt,0,Contemporary international feature films
s6823,The Ring,Movie,2002,PG-13,Teens,116,Horror Movies,United States,1,Mid-catalogue licensed features
s6824,The Riot Club,Movie,2014,R,Adults,107,Dramas,United Kingdom,0,Contemporary international feature films
s6827,The Ritual,Movie,2018,TV-MA,Adults,95,Horror Movies,United Kingdom,0,Contemporary international feature films
s6828,The River Thief,Movie,2016,NR,Unrated,87,Dramas,United States,3,"Short-form US docs, stand-up, and family titles"
s6829,The River Wild,Movie,1994,PG-13,Teens,111,Action & Adventure,United States,1,Mid-catalogue licensed features
s6831,The Road to El Camino: Behind the Scenes of El Camino: A Breaking Bad Movie,Movie,2019,TV-14,Teens,14,Documentaries,United States,3,"Short-form US docs, stand-up, and family titles"
s6833,The Rolling Stones: Olé Olé Olé! A Trip Across Latin America,Movie,2016,TV-MA,Adults,101,Documentaries,United Kingdom,0,Contemporary international feature films
s6834,The Roommate,Movie,2011,PG-13,Teens,91,Thrillers,United States,3,"Short-form US docs, stand-up, and family titles"
s6835,The Rope Curse 2,Movie,2020,TV-MA,Adults,105,Horror Movies,Taiwan,0,Contemporary international feature films
s6836,The Rover,Movie,2014,R,Adults,103,International Movies,Australia,0,Contemporary international feature films
s6837,The Royal Bengal Tiger,Movie,2014,TV-MA,Adults,103,Dramas,India,0,Contemporary international feature films
s6838,The Royal Hibiscus Hotel,Movie,2017,TV-PG,Adults,90,Comedies,Nigeria,0,Contemporary international feature films
s6840,The Rugrats Movie,Movie,1998,G,Kids,81,Children & Family Movies,United States,1,Mid-catalogue licensed features
s6841,THE RUM DIARY,Movie,2011,R,Adults,120,Comedies,United States,0,Contemporary international feature films
s6842,The Runaways,Movie,2010,R,Adults,107,Dramas,United States,0,Contemporary international feature films
s6843,The Runner,Movie,2015,R,Adults,90,Dramas,United States,3,"Short-form US docs, stand-up, and family titles"
s6844,The Russian Revolution,Movie,2017,TV-PG,Adults,47,Documentaries,United Kingdom,3,"Short-form US docs, stand-up, and family titles"
s6845,The Ruthless,Movie,2019,TV-MA,Adults,111,Dramas,Italy,0,Contemporary international feature films
s6846,The Ryan White Story,Movie,1989,TV-PG,Adults,94,Dramas,United States,1,Mid-catalogue licensed features
s6847,The Saint,Movie,2017,TV-14,Teens,92,Action & Adventure,United States,3,"Short-form US docs, stand-up, and family titles"
s6848,The Salvation,Movie,2014,R,Adults,92,Dramas,Denmark,0,Contemporary international feature films
s6849,The Sapphires,Movie,2012,PG-13,Teens,99,Comedies,Australia,0,Contemporary international feature films
s6851,The School of Mischief,Movie,1973,TV-14,Teens,253,Comedies,Egypt,2,Classic and vintage cinema
s6852,The Score,Movie,2001,R,Adults,124,Dramas,Germany,1,Mid-catalogue licensed features
s6853,The Sea of Trees,Movie,2015,PG-13,Teens,111,Dramas,United States,3,"Short-form US docs, stand-up, and family titles"
s6855,The Search for Life in Space,Movie,2016,TV-G,Kids,32,Documentaries,United States,3,"Short-form US docs, stand-up, and family titles"
s6856,The Secret,Movie,2018,TV-14,Teens,98,Horror Movies,Unknown Country,0,Contemporary international feature films
s6857,The Secret Life of Pets 2,Movie,2019,PG,Teens,86,Children & Family Movies,United States,3,"Short-form US docs, stand-up, and family titles"
s6858,The Set Up,Movie,2019,TV-MA,Adults,105,Dramas,Nigeria,0,Contemporary international feature films
s6860,The Seven Deadly Sins the Movie: Prisoners of the Sky,Movie,2018,TV-14,Teens,100,Action & Adventure,Japan,0,Contemporary international feature films
s6861,The Seven Five,Movie,2014,R,Adults,104,Documentaries,United States,3,"Short-form US docs, stand-up, and family titles"
s6864,The Shaukeens,Movie,2014,TV-MA,Adults,123,Comedies,India,0,Contemporary international feature films
s6865,The Short Game,Movie,2013,PG,Teens,100,Children & Family Movies,United States,0,Contemporary international feature films
s6866,The Show,Movie,2017,TV-MA,Adults,105,Dramas,United States,3,"Short-form US docs, stand-up, and family titles"
s6867,The Show Must Go On: The Queen + Adam Lambert Story,Movie,2019,TV-MA,Adults,85,Documentaries,United Kingdom,3,"Short-form US docs, stand-up, and family titles"
s6868,The Siege of Jadotville,Movie,2016,TV-MA,Adults,108,Action & Adventure,Ireland,0,Contemporary international feature films
s6869,The Sign of Venus,Movie,1955,TV-14,Teens,97,Classic Movies,Italy,2,Classic and vintage cinema
s6870,The Signal,Movie,2014,PG-13,Teens,97,Sci-Fi & Fantasy,United States,3,"Short-form US docs, stand-up, and family titles"
s6871,The Silence,Movie,2019,PG-13,Teens,91,Horror Movies,Canada,0,Contemporary international feature films
s6872,The Silence of Others,Movie,2019,TV-14,Teens,96,Documentaries,Spain,0,Contemporary international feature films
s6873,The Silence of the Marsh,Movie,2019,TV-MA,Adults,93,International Movies,Spain,0,Contemporary international feature films
s6874,The Silent War,Movie,2020,TV-MA,Adults,122,Dramas,Spain,0,Contemporary international feature films
s6875,The Similars,Movie,2015,NR,Unrated,90,Horror Movies,Mexico,0,Contemporary international feature films
s6876,The Sinking Of Van Der Wijck,Movie,2013,TV-14,Teens,163,Dramas,Indonesia,0,Contemporary international feature films
s6878,The Skin of the Wolf,Movie,2018,TV-MA,Adults,110,Dramas,Spain,0,Contemporary international feature films
s6879,The Sky Is Pink,Movie,2019,TV-MA,Adults,143,Dramas,India,0,Contemporary international feature films
s6880,The Sleepover,Movie,2020,TV-PG,Adults,104,Action & Adventure,United States,0,Contemporary international feature films
s6881,The Smurfs,Movie,2011,PG,Teens,103,Children & Family Movies,United States,1,Mid-catalogue licensed features
s6882,The Smurfs 2,Movie,2013,PG,Teens,105,Children & Family Movies,United States,0,Contemporary international feature films
s6884,The Social Dilemma,Movie,2020,PG-13,Teens,94,Documentaries,United States,3,"Short-form US docs, stand-up, and family titles"
s6885,The Social Network,Movie,2010,PG-13,Teens,121,Dramas,United States,1,Mid-catalogue licensed features
s6887,The Son,Movie,2019,TV-MA,Adults,93,Dramas,Argentina,0,Contemporary international feature films
s6890,The Space Between Us,Movie,2016,PG-13,Teens,120,Action & Adventure,United States,0,Contemporary international feature films
s6891,The Spectacular Now,Movie,2013,R,Adults,95,Dramas,United States,0,Contemporary international feature films
s6892,The Speed Cubers,Movie,2020,TV-PG,Adults,41,Documentaries,United States,3,"Short-form US docs, stand-up, and family titles"
s6893,The Spiderwick Chronicles,Movie,2008,PG,Teens,97,Children & Family Movies,United States,1,Mid-catalogue licensed features
s6894,The spiral,Movie,1978,TV-MA,Adults,84,Dramas,Poland,2,Classic and vintage cinema
s6895,The Spooky Tale of Captain Underpants Hack-a-ween,Movie,2019,TV-Y7,Teens,46,Children & Family Movies,United States,3,"Short-form US docs, stand-up, and family titles"
s6897,The Spy Next Door,Movie,2010,PG,Teens,94,Action & Adventure,United States,1,Mid-catalogue licensed features
s6898,The Spy Who Fell to Earth,Movie,2019,TV-MA,Adults,94,Documentaries,United Kingdom,3,"Short-form US docs, stand-up, and family titles"
s6899,The Square,Movie,2013,TV-MA,Adults,105,Documentaries,United Kingdom,0,Contemporary international feature films
s6900,The Squid and the Whale,Movie,2005,R,Adults,81,Comedies,United States,1,Mid-catalogue licensed features
s6902,The Stand at Paxton County,Movie,2020,R,Adults,103,Dramas,United States,0,Contemporary international feature films
s6904,The Stanford Prison Experiment,Movie,2015,R,Adults,122,Dramas,United States,0,Contemporary international feature films
s6905,The Stolen,Movie,2016,TV-14,Teens,98,Dramas,United Kingdom,3,"Short-form US docs, stand-up, and family titles"
s6910,The Student,Movie,2017,TV-14,Teens,90,Thrillers,United States,3,"Short-form US docs, stand-up, and family titles"
s6911,The Student Cop,Movie,2004,TV-14,Teens,111,Action & Adventure,Egypt,1,Mid-catalogue licensed features
s6912,The Suit,Movie,2018,TV-14,Teens,97,Action & Adventure,Egypt,0,Contemporary international feature films
s6913,The Sunshine Makers,Movie,2015,TV-MA,Adults,91,Documentaries,United Kingdom,3,"Short-form US docs, stand-up, and family titles"
s6914,The Super,Movie,2017,R,Adults,89,Horror Movies,United States,3,"Short-form US docs, stand-up, and family titles"
s6916,The Super Parental Guardians,Movie,2016,TV-14,Teens,115,Action & Adventure,Philippines,0,Contemporary international feature films
s6918,The Surrounding Game,Movie,2018,TV-14,Teens,98,Documentaries,United States,3,"Short-form US docs, stand-up, and family titles"
s6919,The Take,Movie,2016,R,Adults,92,Action & Adventure,United Kingdom,0,Contemporary international feature films
s6920,The Taking of Pelham 123,Movie,2009,R,Adults,106,Action & Adventure,United States,1,Mid-catalogue licensed features
s6921,The Talented Mr. Ripley,Movie,1999,R,Adults,139,Dramas,United States,1,Mid-catalogue licensed features
s6922,The Tenth Man,Movie,2016,TV-MA,Adults,81,Dramas,Argentina,0,Contemporary international feature films
s6924,The Texas Chainsaw Massacre,Movie,1974,R,Adults,83,Cult Movies,United States,2,Classic and vintage cinema
s6925,The Theory of Everything,Movie,2014,PG-13,Teens,123,Dramas,United Kingdom,0,Contemporary international feature films
s6926,The Thief and the Imbecile,Movie,2013,TV-14,Teens,96,Dramas,Egypt,0,Contemporary international feature films
s6927,The Third Party,Movie,2016,TV-MA,Adults,118,Comedies,Philippines,0,Contemporary international feature films
s6928,The Three Deaths of Marisela Escobedo,Movie,2020,TV-MA,Adults,110,Documentaries,Mexico,0,Contemporary international feature films
s6929,The Tiger Hunter,Movie,2016,TV-14,Teens,94,Comedies,United States,0,Contemporary international feature films
s6930,The Tigers of Scotland,Movie,2017,TV-G,Kids,58,Documentaries,United Kingdom,3,"Short-form US docs, stand-up, and family titles"
s6931,The Time Machine,Movie,2002,PG-13,Teens,96,Action & Adventure,United States,1,Mid-catalogue licensed features
s6932,The Time Traveler's Wife,Movie,2009,PG-13,Teens,107,Dramas,United States,1,Mid-catalogue licensed features
s6933,The Titan,Movie,2018,TV-MA,Adults,97,Dramas,United Kingdom,0,Contemporary international feature films
s6934,The Tourist,Movie,2010,PG-13,Teens,103,Action & Adventure,United States,1,Mid-catalogue licensed features
s6936,The Trader (Sovdagari),Movie,2018,TV-PG,Adults,24,Documentaries,Georgia,3,"Short-form US docs, stand-up, and family titles"
s6938,The Trap,Movie,2017,TV-MA,Adults,91,Comedies,United States,3,"Short-form US docs, stand-up, and family titles"
s6939,The Tree of Blood,Movie,2018,TV-MA,Adults,136,Dramas,Spain,0,Contemporary international feature films
s6941,The Trial of the Chicago 7,Movie,2020,R,Adults,130,Dramas,United States,0,Contemporary international feature films
s6943,The Tribe,Movie,2018,TV-MA,Adults,91,Comedies,Spain,0,Contemporary international feature films
s6944,The Tribes of Palos Verdes,Movie,2017,R,Adults,104,Dramas,United States,0,Contemporary international feature films
s6945,The Trigger Effect,Movie,1996,R,Adults,94,Thrillers,United States,1,Mid-catalogue licensed features
s6946,The Trip to Spain,Movie,2016,TV-MA,Adults,108,Comedies,United Kingdom,3,"Short-form US docs, stand-up, and family titles"
s6947,The Trust,Movie,2015,R,Adults,91,Thrillers,United States,3,"Short-form US docs, stand-up, and family titles"
s6949,The Truth About Alcohol,Movie,2016,TV-14,Teens,58,Documentaries,United Kingdom,3,"Short-form US docs, stand-up, and family titles"
s6952,The Tuxedo,Movie,2002,PG-13,Teens,99,Action & Adventure,United States,1,Mid-catalogue licensed features
s6955,The Twins Effect II,Movie,2004,TV-14,Teens,106,Action & Adventure,Hong Kong,1,Mid-catalogue licensed features
s6956,The Two Popes,Movie,2019,PG-13,Teens,126,Dramas,United Kingdom,0,Contemporary international feature films
s6957,The Ugly Truth,Movie,2009,R,Adults,96,Comedies,United States,1,Mid-catalogue licensed features
s6960,The Unborn Child,Movie,2011,TV-MA,Adults,93,Horror Movies,Thailand,0,Contemporary international feature films
s6967,The Unknown Girl,Movie,2016,TV-MA,Adults,106,Dramas,Belgium,0,Contemporary international feature films
s6968,The Unknown Known,Movie,2013,PG-13,Teens,103,Documentaries,United States,3,"Short-form US docs, stand-up, and family titles"
s6970,The Unmarried Wife,Movie,2016,TV-MA,Adults,130,Dramas,Philippines,0,Contemporary international feature films
s6973,The Untold Tales of Armistead Maupin,Movie,2017,TV-MA,Adults,91,Documentaries,United States,3,"Short-form US docs, stand-up, and family titles"
s6976,The Vanished,Movie,2020,R,Adults,115,Thrillers,United States,3,"Short-form US docs, stand-up, and family titles"
s6977,The Vatican Tapes,Movie,2015,PG-13,Teens,91,Horror Movies,United States,3,"Short-form US docs, stand-up, and family titles"
s6978,The Vault,Movie,2017,TV-MA,Adults,92,Horror Movies,United States,3,"Short-form US docs, stand-up, and family titles"
s6979,The Vendor,Movie,2018,TV-MA,Adults,103,Comedies,Unknown Country,0,Contemporary international feature films
s6982,The Violin Player,Movie,2016,TV-14,Teens,72,Dramas,India,0,Contemporary international feature films
s6983,The Visit,Movie,2015,TV-MA,Adults,138,Dramas,Unknown Country,0,Contemporary international feature films
s6985,The Walls of the Moon,Movie,2015,TV-14,Teens,98,Action & Adventure,Egypt,0,Contemporary international feature films
s6986,The Wandering Earth,Movie,2019,TV-MA,Adults,125,International Movies,China,0,Contemporary international feature films
s6988,The Warning,Movie,2018,TV-MA,Adults,93,International Movies,Spain,0,Contemporary international feature films
s6989,The Water Diviner,Movie,2014,R,Adults,111,Dramas,Australia,0,Contemporary international feature films
s6990,The Water Horse: Legend of the Deep,Movie,2007,PG,Teens,112,Children & Family Movies,New Zealand,1,Mid-catalogue licensed features
s6991,The Waterboy,Movie,1998,PG-13,Teens,90,Comedies,United States,1,Mid-catalogue licensed features
s6992,The Wedding Curse,Movie,2006,TV-PG,Adults,101,Horror Movies,Philippines,1,Mid-catalogue licensed features
s6993,The Wedding Party,Movie,2016,TV-14,Teens,101,Comedies,Nigeria,0,Contemporary international feature films
s6994,The Wedding Party 2: Destination Dubai,Movie,2017,TV-14,Teens,98,Comedies,Nigeria,0,Contemporary international feature films
s6995,The Wedding Shaman,Movie,2019,TV-PG,Adults,111,Dramas,Unknown Country,0,Contemporary international feature films
s6996,The Week Of,Movie,2018,TV-14,Teens,117,Comedies,United States,3,"Short-form US docs, stand-up, and family titles"
s6998,The White Helmets,Movie,2016,TV-PG,Adults,41,Documentaries,United Kingdom,3,"Short-form US docs, stand-up, and family titles"
s7001,The Willoughbys,Movie,2020,PG,Teens,92,Children & Family Movies,Canada,0,Contemporary international feature films
s7003,The Wishing Tree,Movie,2017,TV-14,Teens,117,Children & Family Movies,India,0,Contemporary international feature films
s7004,The Witch,Movie,2015,R,Adults,92,Horror Movies,United Kingdom,0,Contemporary international feature films
s7005,The Witch Files,Movie,2018,TV-14,Teens,88,Horror Movies,United States,3,"Short-form US docs, stand-up, and family titles"
s7006,The Witch: Part 1 - The Subversion,Movie,2018,TV-MA,Adults,126,Action & Adventure,South Korea,0,Contemporary international feature films
s7009,The Witness Who Didn't See Anything,Movie,1976,TV-PG,Adults,157,Comedies,Egypt,2,Classic and vintage cinema
s7010,The Wolf's Call,Movie,2019,TV-14,Teens,116,Dramas,France,0,Contemporary international feature films
s7012,The Women Who Kill Lions,Movie,2016,TV-MA,Adults,47,Documentaries,United Kingdom,3,"Short-form US docs, stand-up, and family titles"
s7013,The Women's Balcony,Movie,2016,TV-PG,Adults,100,Comedies,Israel,0,Contemporary international feature films
s7015,The Workshop,Movie,2017,TV-MA,Adults,114,Dramas,France,0,Contemporary international feature films
s7016,The World Is Not Enough,Movie,1999,PG-13,Teens,128,Action & Adventure,United Kingdom,1,Mid-catalogue licensed features
s7017,The World Is Yours,Movie,2018,TV-MA,Adults,101,Action & Adventure,France,0,Contemporary international feature films
s7018,The World We Make,Movie,2019,PG,Teens,108,Dramas,United States,0,Contemporary international feature films
s7020,The World's Most Wanted Animal,Movie,2018,TV-PG,Adults,53,Documentaries,United Kingdom,3,"Short-form US docs, stand-up, and family titles"
s7022,The Worthy,Movie,2016,TV-MA,Adults,99,International Movies,United Arab Emirates,0,Contemporary international feature films
s7024,The Wrong Babysitter,Movie,2017,TV-14,Teens,89,Thrillers,Canada,3,"Short-form US docs, stand-up, and family titles"
s7025,The Wrong Missy,Movie,2020,TV-MA,Adults,90,Comedies,United States,3,"Short-form US docs, stand-up, and family titles"
s7028,The Young Messiah,Movie,2016,PG-13,Teens,111,Dramas,United States,0,Contemporary international feature films
s7029,The Young Offenders,Movie,2016,TV-MA,Adults,83,Comedies,Ireland,0,Contemporary international feature films
s7030,The Young Vagabond,Movie,1985,TV-14,Teens,85,Action & Adventure,Hong Kong,2,Classic and vintage cinema
s7031,The Zoya Factor,Movie,2019,TV-14,Teens,135,Comedies,India,0,Contemporary international feature films
s7032,Theater of Life,Movie,2016,TV-PG,Adults,94,Documentaries,Canada,3,"Short-form US docs, stand-up, and family titles"
s7033,Theeram,Movie,2017,TV-14,Teens,104,Dramas,India,0,Contemporary international feature films
s7034,Theeya Velai Seyyanum Kumaru,Movie,2013,TV-PG,Adults,132,Comedies,India,0,Contemporary international feature films
s7035,"Thelonious Monk: Straight, No Chaser",Movie,1988,PG-13,Teens,89,Documentaries,United States,2,Classic and vintage cinema
s7036,Then Came You,Movie,2019,TV-14,Teens,97,Comedies,United States,0,Contemporary international feature films
s7037,Theo Von: No Offense,Movie,2016,TV-MA,Adults,67,Stand-Up Comedy,United States,3,"Short-form US docs, stand-up, and family titles"
s7038,Theo Who Lived,Movie,2016,TV-14,Teens,86,Documentaries,United States,3,"Short-form US docs, stand-up, and family titles"
s7039,There Will Be Blood,Movie,2007,R,Adults,158,Dramas,United States,1,Mid-catalogue licensed features
s7040,There's Something in the Water,Movie,2019,TV-14,Teens,72,Documentaries,Canada,3,"Short-form US docs, stand-up, and family titles"
s7041,They Are Everywhere,Movie,2016,TV-MA,Adults,110,Comedies,France,0,Contemporary international feature films
s7043,They’ll Love Me When I’m Dead,Movie,2018,TV-MA,Adults,98,Documentaries,United States,3,"Short-form US docs, stand-up, and family titles"
s7044,Thi Mai,Movie,2017,TV-MA,Adults,99,Comedies,Spain,0,Contemporary international feature films
s7045,Thiago Ventura: POKAS,Movie,2020,TV-MA,Adults,82,Stand-Up Comedy,Brazil,3,"Short-form US docs, stand-up, and family titles"
s7048,This Earth of Mankind,Movie,2019,TV-14,Teens,180,Dramas,Indonesia,0,Contemporary international feature films
s7051,This Is Not What I Expected,Movie,2017,TV-PG,Adults,107,Comedies,China,0,Contemporary international feature films
s7052,This Was Tomorrow,Movie,2015,NR,Unrated,77,Documentaries,Belgium,0,Contemporary international feature films
s7053,Thithi,Movie,2015,TV-MA,Adults,123,Dramas,India,0,Contemporary international feature films
s7054,Thomas & Friends: Marvelous Machinery: A New Arrival,Movie,2020,TV-Y,Kids,23,Children & Family Movies,Unknown Country,3,"Short-form US docs, stand-up, and family titles"
s7055,Thomas & Friends: Marvelous Machinery: World of Tomorrow,Movie,2020,TV-Y,Kids,23,Children & Family Movies,Unknown Country,3,"Short-form US docs, stand-up, and family titles"
s7056,Thomas & Friends: Thomas and the Royal Engine,Movie,2020,TV-Y,Kids,23,Children & Family Movies,Unknown Country,3,"Short-form US docs, stand-up, and family titles"
s7058,Thong Dee Fun Khao,Movie,2017,TV-MA,Adults,122,Action & Adventure,Thailand,0,Contemporary international feature films
s7059,Thor: Ragnarok,Movie,2017,PG-13,Teens,131,Action & Adventure,United States,0,Contemporary international feature films
s7060,Thor: Tales of Asgard,Movie,2011,TV-Y7,Teens,77,Children & Family Movies,United States,3,"Short-form US docs, stand-up, and family titles"
s7061,Thorne: Scaredy Cat,Movie,2010,NR,Unrated,125,Dramas,United Kingdom,0,Contemporary international feature films
s7062,Thorne: Sleepyhead,Movie,2010,NR,Unrated,125,Dramas,United Kingdom,0,Contemporary international feature films
s7063,Thottappan,Movie,2019,TV-14,Teens,139,Comedies,India,0,Contemporary international feature films
s7064,Three,Movie,2016,TV-MA,Adults,88,Action & Adventure,Hong Kong,0,Contemporary international feature films
s7067,Three Words to Forever,Movie,2018,TV-G,Kids,107,Comedies,Philippines,0,Contemporary international feature films
s7068,Three-Quarters Decent,Movie,2010,TV-14,Teens,96,Comedies,Unknown Country,0,Contemporary international feature films
s7069,Thriller,Movie,2018,TV-MA,Adults,87,Horror Movies,United States,3,"Short-form US docs, stand-up, and family titles"
s7070,Through My Father's Eyes: The Ronda Rousey Story,Movie,2019,R,Adults,104,Documentaries,Canada,0,Contemporary international feature films
s7071,Thug Life,Movie,2017,TV-14,Teens,133,Comedies,India,0,Contemporary international feature films
s7072,Thumper,Movie,2017,TV-MA,Adults,93,Dramas,United States,3,"Short-form US docs, stand-up, and family titles"
s7073,Thunderbolt,Movie,1947,TV-PG,Adults,42,Classic Movies,United States,2,Classic and vintage cinema
s7079,Tiffany Haddish: Black Mitzvah,Movie,2019,TV-MA,Adults,56,Stand-Up Comedy,United States,3,"Short-form US docs, stand-up, and family titles"
s7080,Tiffany Haddish: She Ready! From the Hood To Hollywood!,Movie,2017,TV-MA,Adults,66,Stand-Up Comedy,United States,3,"Short-form US docs, stand-up, and family titles"
s7081,Tig,Movie,2015,TV-14,Teens,92,Documentaries,United States,3,"Short-form US docs, stand-up, and family titles"
s7082,Tig Notaro Happy To Be Here,Movie,2018,TV-14,Teens,58,Stand-Up Comedy,United States,3,"Short-form US docs, stand-up, and family titles"
s7083,Tiger,Movie,2016,TV-14,Teens,130,Action & Adventure,India,0,Contemporary international feature films
s7085,Tigertail,Movie,2020,PG,Teens,91,Dramas,United States,3,"Short-form US docs, stand-up, and family titles"
s7087,Tik Tok,Movie,2016,TV-14,Teens,108,Dramas,China,0,Contemporary international feature films
s7088,Tikli and Laxmi Bomb,Movie,2017,TV-MA,Adults,151,Dramas,India,0,Contemporary international feature films
s7090,Tim Allen: Men Are Pigs,Movie,1990,TV-MA,Adults,30,Stand-Up Comedy,United States,1,Mid-catalogue licensed features
s7091,Tim Allen: ReWires America,Movie,1991,TV-MA,Adults,30,Stand-Up Comedy,United States,1,Mid-catalogue licensed features
s7092,Tim Minchin And The Heritage Orchestra Live,Movie,2011,TV-MA,Adults,146,Music & Musicals,United Kingdom,0,Contemporary international feature films
s7093,Tim Minchin: So F**king Rock,Movie,2008,TV-MA,Adults,127,Music & Musicals,United Kingdom,1,Mid-catalogue licensed features
s7094,Time Out,Movie,2015,TV-14,Teens,98,Dramas,India,0,Contemporary international feature films
s7095,Time Please,Movie,2013,TV-14,Teens,125,Comedies,India,0,Contemporary international feature films
s7096,Time Share,Movie,2018,TV-MA,Adults,96,Dramas,Mexico,0,Contemporary international feature films
s7097,Time to Hunt,Movie,2020,TV-MA,Adults,135,International Movies,South Korea,0,Contemporary international feature films
s7098,Time Trap,Movie,2017,TV-14,Teens,88,Action & Adventure,United States,3,"Short-form US docs, stand-up, and family titles"
s7103,Tini: The New Life of Violetta,Movie,2016,G,Kids,99,Children & Family Movies,Spain,0,Contemporary international feature films
s7104,Tinker Bell and the Legend of the NeverBeast,Movie,2014,G,Kids,78,Children & Family Movies,United States,3,"Short-form US docs, stand-up, and family titles"
s7105,Tinker',Movie,2018,TV-14,Teens,97,Dramas,United States,0,Contemporary international feature films
s7112,To All the Boys I’ve Loved Before,Movie,2018,TV-14,Teens,100,Comedies,United States,0,Contemporary international feature films
s7113,To All the Boys: P.S. I Still Love You,Movie,2020,TV-14,Teens,102,Comedies,United States,3,"Short-form US docs, stand-up, and family titles"
s7114,To and From New York,Movie,2006,TV-MA,Adults,81,Dramas,United States,0,Contemporary international feature films
s7115,To Be a Miss,Movie,2016,TV-14,Teens,84,Documentaries,United States,3,"Short-form US docs, stand-up, and family titles"
s7116,To Be of Service,Movie,2019,TV-MA,Adults,88,Documentaries,United States,3,"Short-form US docs, stand-up, and family titles"
s7117,"To Each, Her Own",Movie,2018,TV-MA,Adults,95,Comedies,France,0,Contemporary international feature films
s7118,To the Bone,Movie,2017,TV-MA,Adults,108,Dramas,United States,0,Contemporary international feature films
s7120,"To Wong Foo, Thanks for Everything! Julie Newmar",Movie,1995,PG-13,Teens,108,Comedies,United States,1,Mid-catalogue licensed features
s7123,Toc Toc,Movie,2017,TV-MA,Adults,96,Comedies,Spain,0,Contemporary international feature films
s7124,Todd Barry: Spicy Honey,Movie,2017,TV-MA,Adults,61,Stand-Up Comedy,United States,3,"Short-form US docs, stand-up, and family titles"
s7125,Todd Glass: Act Happy,Movie,2018,TV-MA,Adults,63,Stand-Up Comedy,United States,3,"Short-form US docs, stand-up, and family titles"
s7126,Todd Glass: Stand-Up Special,Movie,2012,TV-MA,Adults,46,Stand-Up Comedy,United States,3,"Short-form US docs, stand-up, and family titles"
s7127,Todo lo que sería Lucas Lauriente,Movie,2018,TV-MA,Adults,78,Stand-Up Comedy,Argentina,3,"Short-form US docs, stand-up, and family titles"
s7128,Todo Sobre El Asado,Movie,2016,TV-MA,Adults,86,Documentaries,Argentina,0,Contemporary international feature films
s7130,Together For Eternity,Movie,1999,TV-G,Kids,176,Dramas,India,1,Mid-catalogue licensed features
s7131,Toilet: Ek Prem Katha,Movie,2017,TV-14,Teens,145,Comedies,India,0,Contemporary international feature films
s7132,Tokyo Idols,Movie,2017,TV-14,Teens,89,Documentaries,United Kingdom,0,Contemporary international feature films
s7134,Toll Booth,Movie,2010,TV-MA,Adults,98,Dramas,Turkey,0,Contemporary international feature films
s7135,Tom and Jerry: The Magic Ring,Movie,2001,TV-Y7,Teens,60,Children & Family Movies,Unknown Country,1,Mid-catalogue licensed features
s7136,Tom Papa Live in New York City,Movie,2011,TV-14,Teens,57,Stand-Up Comedy,United States,3,"Short-form US docs, stand-up, and family titles"
s7137,Tom Papa: You're Doing Great!,Movie,2020,TV-14,Teens,60,Stand-Up Comedy,United States,3,"Short-form US docs, stand-up, and family titles"
s7138,Tom Segura: Ball Hog,Movie,2020,TV-MA,Adults,70,Stand-Up Comedy,United States,3,"Short-form US docs, stand-up, and family titles"
s7139,Tom Segura: Completely Normal,Movie,2014,TV-MA,Adults,74,Stand-Up Comedy,United States,3,"Short-form US docs, stand-up, and family titles"
s7140,Tom Segura: Disgraceful,Movie,2018,TV-MA,Adults,71,Stand-Up Comedy,United States,3,"Short-form US docs, stand-up, and family titles"
s7141,Tom Segura: Mostly Stories,Movie,2016,TV-MA,Adults,74,Stand-Up Comedy,United States,3,"Short-form US docs, stand-up, and family titles"
s7142,"Tomasz Jachimek, Jacek Stramik Laugh at Live",Movie,2016,TV-MA,Adults,63,Stand-Up Comedy,Unknown Country,3,"Short-form US docs, stand-up, and family titles"
s7143,Tomorrow Never Dies,Movie,1997,PG-13,Teens,119,Action & Adventure,United Kingdom,1,Mid-catalogue licensed features
s7146,Tony Parker: The Final Shot,Movie,2020,TV-14,Teens,99,Documentaries,France,0,Contemporary international feature films
s7147,Tony Robbins: I Am Not Your Guru,Movie,2016,TV-MA,Adults,117,Documentaries,United States,3,"Short-form US docs, stand-up, and family titles"
s7148,Too Handsome to Handle,Movie,2019,TV-14,Teens,106,Comedies,Indonesia,0,Contemporary international feature films
s7150,Too Young the Hero,Movie,1988,TV-MA,Adults,94,Dramas,United States,1,Mid-catalogue licensed features
s7152,Tootsies & The Fake,Movie,2019,TV-MA,Adults,108,Comedies,Thailand,0,Contemporary international feature films
s7156,Tope: The Bait,Movie,2016,TV-14,Teens,87,Dramas,India,0,Contemporary international feature films
s7158,Torbaaz,Movie,2020,TV-MA,Adults,133,Dramas,India,0,Contemporary international feature films
s7159,Toro,Movie,2016,TV-MA,Adults,106,Dramas,Spain,0,Contemporary international feature films
s7160,Tortilla Soup,Movie,2001,PG-13,Teens,104,Comedies,United States,1,Mid-catalogue licensed features
s7162,Total Frat Movie,Movie,2016,NR,Unrated,94,Comedies,United States,3,"Short-form US docs, stand-up, and family titles"
s7163,Total Recall,Movie,1990,R,Adults,114,Action & Adventure,United States,1,Mid-catalogue licensed features
s7164,Tottaa Pataaka Item Maal,Movie,2018,TV-MA,Adults,107,Dramas,India,0,Contemporary international feature films
s7167,Tracers,Movie,2015,PG-13,Teens,94,Action & Adventure,United States,3,"Short-form US docs, stand-up, and family titles"
s7168,Tracy Morgan: Staying Alive,Movie,2017,TV-MA,Adults,59,Stand-Up Comedy,United States,3,"Short-form US docs, stand-up, and family titles"
s7169,Traffic Signal,Movie,2007,TV-MA,Adults,130,Dramas,India,1,Mid-catalogue licensed features
s7171,Trailer Park Boys Live at the North Pole,Movie,2014,TV-MA,Adults,89,Movies,Canada,3,"Short-form US docs, stand-up, and family titles"
s7172,Trailer Park Boys Live In F**kin' Dublin,Movie,2014,TV-MA,Adults,81,Movies,Canada,3,"Short-form US docs, stand-up, and family titles"
s7173,Trailer Park Boys: Countdown to Liquor Day,Movie,2009,R,Adults,102,Comedies,Canada,1,Mid-catalogue licensed features
s7174,"Trailer Park Boys: Drunk, High and Unemployed: Live in Austin",Movie,2015,TV-MA,Adults,74,Comedies,Canada,3,"Short-form US docs, stand-up, and family titles"
s7177,Trailer Park Boys: Say Goodnight to the Bad Guys,Movie,2008,TV-MA,Adults,47,Comedies,Canada,3,"Short-form US docs, stand-up, and family titles"
s7179,Trailer Park Boys: The Movie,Movie,2006,R,Adults,95,Comedies,Canada,1,Mid-catalogue licensed features
s7180,Trailer Park Boys: Xmas Special,Movie,2004,TV-MA,Adults,46,Movies,Canada,1,Mid-catalogue licensed features
s7181,Train of the Dead,Movie,2007,TV-MA,Adults,88,Horror Movies,Thailand,1,Mid-catalogue licensed features
s7182,Train to Busan,Movie,2016,TV-MA,Adults,118,Action & Adventure,South Korea,0,Contemporary international feature films
s7183,Trainspotting,Movie,1996,R,Adults,94,Comedies,United Kingdom,1,Mid-catalogue licensed features
s7184,Traitor,Movie,2008,PG-13,Teens,114,Dramas,United States,1,Mid-catalogue licensed features
s7186,Tramps,Movie,2017,TV-MA,Adults,83,Dramas,United States,0,Contemporary international feature films
s7187,Transcendence,Movie,2014,PG-13,Teens,119,Sci-Fi & Fantasy,United Kingdom,0,Contemporary international feature films
s7189,Transformer,Movie,2017,TV-MA,Adults,79,Documentaries,Canada,3,"Short-form US docs, stand-up, and family titles"
s7197,Trash,Movie,2014,R,Adults,114,Dramas,United Kingdom,0,Contemporary international feature films
s7198,Trash Fire,Movie,2016,R,Adults,94,Comedies,United States,0,Contemporary international feature films
s7200,Travel Mates 2,Movie,2018,TV-MA,Adults,111,Comedies,Turkey,0,Contemporary international feature films
s7202,Travis Scott: Look Mom I Can Fly,Movie,2019,TV-MA,Adults,85,Documentaries,United States,3,"Short-form US docs, stand-up, and family titles"
s7203,Tread,Movie,2019,TV-MA,Adults,88,Documentaries,United States,3,"Short-form US docs, stand-up, and family titles"
s7204,Treasures from the Wreck of the Unbelievable,Movie,2017,TV-G,Kids,82,Documentaries,United Kingdom,0,Contemporary international feature films
s7206,Tree Man,Movie,2015,TV-PG,Adults,82,Documentaries,Canada,3,"Short-form US docs, stand-up, and family titles"
s7208,Tremors,Movie,1990,PG-13,Teens,96,Comedies,United States,1,Mid-catalogue licensed features
s7209,Tremors 2: Aftershocks,Movie,1995,PG-13,Teens,100,Comedies,Unknown Country,1,Mid-catalogue licensed features
s7210,Tremors 3: Back to Perfection,Movie,2001,PG,Teens,104,Comedies,United States,1,Mid-catalogue licensed features
s7211,Tremors 4: The Legend Begins,Movie,2004,PG-13,Teens,101,Comedies,United States,1,Mid-catalogue licensed features
s7212,Tremors 5:  Bloodline,Movie,2015,PG-13,Teens,99,Comedies,South Africa,0,Contemporary international feature films
s7213,Tremors 6: A Cold Day in Hell,Movie,2018,PG-13,Teens,98,Action & Adventure,United States,0,Contemporary international feature films
s7214,Tremors: Shrieker Island,Movie,2020,PG-13,Teens,102,Action & Adventure,United States,3,"Short-form US docs, stand-up, and family titles"
s7215,Trespass Against Us,Movie,2016,R,Adults,100,Dramas,United Kingdom,3,"Short-form US docs, stand-up, and family titles"
s7216,Trevor Noah: Afraid of the Dark,Movie,2017,TV-14,Teens,67,Stand-Up Comedy,United States,3,"Short-form US docs, stand-up, and family titles"
s7217,Trevor Noah: Son of Patricia,Movie,2018,TV-MA,Adults,64,Stand-Up Comedy,United States,3,"Short-form US docs, stand-up, and family titles"
s7221,Tribhanga - Tedhi Medhi Crazy,Movie,2021,TV-MA,Adults,96,Dramas,Unknown Country,0,Contemporary international feature films
s7223,"Trikal (Past, Present, Future)",Movie,1985,TV-14,Teens,134,Comedies,India,2,Classic and vintage cinema
s7224,Trimurti,Movie,1995,TV-PG,Adults,173,Action & Adventure,India,1,Mid-catalogue licensed features
s7227,Trip to Bhangarh: Asia's Most Haunted Place,Movie,2014,TV-MA,Adults,113,International Movies,India,0,Contemporary international feature films
s7228,Triple 9,Movie,2016,R,Adults,115,Dramas,United States,0,Contemporary international feature films
s7229,Triple Frontier,Movie,2019,R,Adults,126,Action & Adventure,United States,3,"Short-form US docs, stand-up, and family titles"
s7230,Triple Threat,Movie,2019,R,Adults,96,Action & Adventure,Thailand,0,Contemporary international feature films
s7231,Triumph of the Heart,Movie,1991,TV-PG,Adults,93,Dramas,United States,1,Mid-catalogue licensed features
s7232,Trixie Mattel: Moving Parts,Movie,2019,TV-MA,Adults,91,Documentaries,United States,3,"Short-form US docs, stand-up, and family titles"
s7234,Trolls Holiday Special,Movie,2017,TV-Y7,Teens,27,Children & Family Movies,United States,3,"Short-form US docs, stand-up, and family titles"
s7236,Trophy,Movie,2017,TV-MA,Adults,110,Documentaries,United Kingdom,0,Contemporary international feature films
s7240,Troy: The Odyssey,Movie,2017,TV-MA,Adults,90,Action & Adventure,United States,3,"Short-form US docs, stand-up, and family titles"
s7241,Truckbhar Swapna,Movie,2018,TV-14,Teens,128,Comedies,India,0,Contemporary international feature films
s7243,True Grit,Movie,1969,G,Kids,128,Classic Movies,United States,2,Classic and vintage cinema
s7244,True Memoirs of an International Assassin,Movie,2016,TV-14,Teens,98,Action & Adventure,United States,3,"Short-form US docs, stand-up, and family titles"
s7245,True to the Game,Movie,2017,R,Adults,108,Dramas,United States,3,"Short-form US docs, stand-up, and family titles"
s7247,True: Friendship Day,Movie,2020,TV-Y,Kids,24,Children & Family Movies,Canada,3,"Short-form US docs, stand-up, and family titles"
s7248,True: Grabbleapple Harvest,Movie,2019,TV-Y,Kids,24,Children & Family Movies,Canada,3,"Short-form US docs, stand-up, and family titles"
s7249,True: Happy Hearts Day,Movie,2019,TV-Y,Kids,24,Children & Family Movies,United States,3,"Short-form US docs, stand-up, and family titles"
s7251,True: Rainbow Rescue,Movie,2020,TV-Y,Kids,24,Movies,Canada,3,"Short-form US docs, stand-up, and family titles"
s7253,True: Tricky Treat Day,Movie,2019,TV-Y,Kids,24,Children & Family Movies,Canada,3,"Short-form US docs, stand-up, and family titles"
s7254,True: Winter Wishes,Movie,2019,TV-Y,Kids,46,Children & Family Movies,Unknown Country,3,"Short-form US docs, stand-up, and family titles"
s7256,True: Wuzzle Wegg Day,Movie,2020,TV-Y,Kids,24,Children & Family Movies,Canada,3,"Short-form US docs, stand-up, and family titles"
s7257,Trumbo,Movie,2015,R,Adults,124,Dramas,United States,0,Contemporary international feature films
s7259,Truth or Dare,Movie,2017,TV-MA,Adults,88,Horror Movies,United States,3,"Short-form US docs, stand-up, and family titles"
s7260,Tu Hai Mera Sunday,Movie,2016,TV-14,Teens,125,Comedies,India,0,Contemporary international feature films
s7262,Tucker and Dale vs. Evil,Movie,2010,R,Adults,89,Comedies,Canada,0,Contemporary international feature films
s7263,Tukaram,Movie,2012,TV-PG,Adults,162,Dramas,India,0,Contemporary international feature films
s7264,Tum Milo Toh Sahi,Movie,2010,TV-14,Teens,128,Comedies,India,0,Contemporary international feature films
s7265,Tumi or not Tumi,Movie,2020,TV-MA,Adults,72,Stand-Up Comedy,Unknown Country,3,"Short-form US docs, stand-up, and family titles"
s7266,TUNA GIRL,Movie,2019,TV-PG,Adults,90,Dramas,Japan,0,Contemporary international feature films
s7268,Tune in for Love,Movie,2019,TV-MA,Adults,123,Dramas,South Korea,0,Contemporary international feature films
s7269,Tunisian Victory,Movie,1944,TV-14,Teens,76,Classic Movies,United States,2,Classic and vintage cinema
s7271,Turbo,Movie,2013,PG,Teens,96,Children & Family Movies,United States,3,"Short-form US docs, stand-up, and family titles"
s7273,Turkish Dance School,Movie,2017,TV-MA,Adults,107,Comedies,Turkey,0,Contemporary international feature films
s7276,Tusk,Movie,2014,R,Adults,102,Horror Movies,United States,3,"Short-form US docs, stand-up, and family titles"
s7278,Twice,Movie,2010,TV-14,Teens,53,Documentaries,Japan,3,"Short-form US docs, stand-up, and family titles"
s7280,Twin Murders: the Silence of the White City,Movie,2020,TV-MA,Adults,110,International Movies,Spain,0,Contemporary international feature films
s7282,Twins Mission,Movie,2007,TV-MA,Adults,102,Action & Adventure,Hong Kong,1,Mid-catalogue licensed features
s7283,Twinsanity,Movie,2018,TV-MA,Adults,86,Horror Movies,United States,0,Contemporary international feature films
s7285,"Twisted Trunk, Big Fat Body",Movie,2015,TV-14,Teens,89,Dramas,India,0,Contemporary international feature films
s7286,Two Catalonias,Movie,2018,TV-MA,Adults,117,Documentaries,Spain,0,Contemporary international feature films
s7288,Two Graves,Movie,2018,TV-MA,Adults,80,Thrillers,United Kingdom,3,"Short-form US docs, stand-up, and family titles"
s7289,Two Lovers and a Bear,Movie,2016,R,Adults,95,Dramas,Canada,0,Contemporary international feature films
s7292,Tyke Elephant Outlaw,Movie,2015,TV-14,Teens,78,Documentaries,Australia,3,"Short-form US docs, stand-up, and family titles"
s7294,Tyson,Movie,2008,R,Adults,90,Documentaries,United States,1,Mid-catalogue licensed features
s7295,U Turn,Movie,2016,TV-14,Teens,121,International Movies,India,0,Contemporary international feature films
s7296,U-Turn,Movie,2020,TV-MA,Adults,99,Horror Movies,Philippines,0,Contemporary international feature films
s7297,Udaan,Movie,2010,TV-MA,Adults,137,Dramas,India,0,Contemporary international feature films
s7298,Udta Punjab,Movie,2016,TV-MA,Adults,146,Dramas,India,0,Contemporary international feature films
s7299,Ugly,Movie,2013,NR,Unrated,125,Dramas,India,0,Contemporary international feature films
s7300,Ugly Aur Pagli,Movie,2008,TV-14,Teens,115,Comedies,India,1,Mid-catalogue licensed features
s7303,Ujala,Movie,1959,TV-14,Teens,143,Dramas,India,2,Classic and vintage cinema
s7308,Ultras,Movie,2020,TV-MA,Adults,109,Dramas,Italy,0,Contemporary international feature films
s7310,Uma Maheswara Ugra Roopasya,Movie,2020,TV-MA,Adults,137,Comedies,India,0,Contemporary international feature films
s7311,Umrika,Movie,2015,TV-MA,Adults,96,Dramas,India,0,Contemporary international feature films
s7312,Un plus une,Movie,2015,TV-MA,Adults,114,Comedies,France,0,Contemporary international feature films
s7313,Una,Movie,2016,R,Adults,94,Dramas,United Kingdom,0,Contemporary international feature films
s7315,Unaccompanied Minors,Movie,2006,PG,Teens,90,Children & Family Movies,United States,1,Mid-catalogue licensed features
s7316,Unacknowledged,Movie,2017,TV-MA,Adults,104,Documentaries,United States,3,"Short-form US docs, stand-up, and family titles"
s7320,Unbreakable Kimmy Schmidt: Kimmy vs. the Reverend,Movie,2020,TV-14,Teens,190,Comedies,United States,0,Contemporary international feature films
s7321,Unbridled,Movie,2018,TV-MA,Adults,100,International Movies,Spain,0,Contemporary international feature films
s7322,Unbroken,Movie,2019,TV-14,Teens,109,Documentaries,India,0,Contemporary international feature films
s7323,Uncertain Glory,Movie,2017,TV-MA,Adults,116,Dramas,Spain,0,Contemporary international feature films
s7325,Unchained: The Untold Story of Freestyle Motocross,Movie,2016,TV-MA,Adults,92,Documentaries,United States,3,"Short-form US docs, stand-up, and family titles"
s7326,Uncle Naji in UAE,Movie,2019,TV-14,Teens,95,Comedies,United Arab Emirates,0,Contemporary international feature films
s7327,Uncorked,Movie,2020,TV-MA,Adults,104,Dramas,United States,3,"Short-form US docs, stand-up, and family titles"
s7328,Uncovered,Movie,2019,TV-MA,Adults,98,Dramas,South Africa,0,Contemporary international feature films
s7329,Uncut Gems,Movie,2019,R,Adults,135,Dramas,United States,0,Contemporary international feature films
s7330,Undefeated,Movie,2011,PG-13,Teens,113,Documentaries,United States,3,"Short-form US docs, stand-up, and family titles"
s7331,Under an Arctic Sky,Movie,2017,TV-14,Teens,40,Action & Adventure,United States,3,"Short-form US docs, stand-up, and family titles"
s7334,Under the Bombs,Movie,2007,TV-MA,Adults,94,Dramas,France,1,Mid-catalogue licensed features
s7335,Under the Eiffel Tower,Movie,2018,TV-MA,Adults,87,Comedies,United States,0,Contemporary international feature films
s7336,Under the Riccione Sun,Movie,2020,TV-MA,Adults,102,Comedies,Italy,0,Contemporary international feature films
s7337,Under the Shadow,Movie,2016,PG-13,Teens,84,Horror Movies,United Kingdom,0,Contemporary international feature films
s7338,Under The Skin,Movie,2013,R,Adults,108,Dramas,Switzerland,0,Contemporary international feature films
s7340,Undercover Brother 2,Movie,2019,R,Adults,85,Comedies,United States,3,"Short-form US docs, stand-up, and family titles"
s7341,Undercover Grandpa,Movie,2016,PG-13,Teens,94,Action & Adventure,Canada,0,Contemporary international feature films
s7343,Undercover: How to Operate Behind Enemy Lines,Movie,1943,TV-PG,Adults,61,Classic Movies,United States,2,Classic and vintage cinema
s7344,Underdogs,Movie,2013,PG,Teens,85,Children & Family Movies,Argentina,3,"Short-form US docs, stand-up, and family titles"
s7345,Unexpectedly Yours,Movie,2017,TV-14,Teens,121,Comedies,Philippines,0,Contemporary international feature films
s7346,Unfinished Song,Movie,2012,PG-13,Teens,94,Comedies,United Kingdom,0,Contemporary international feature films
s7347,Unfriended,Movie,2014,R,Adults,83,Horror Movies,United States,3,"Short-form US docs, stand-up, and family titles"
s7348,Ungli,Movie,2014,TV-14,Teens,114,Comedies,India,0,Contemporary international feature films
s7349,Unicorn Store,Movie,2019,TV-14,Teens,92,Comedies,United States,0,Contemporary international feature films
s7350,Union Leader,Movie,2017,TV-14,Teens,105,Dramas,Canada,0,Contemporary international feature films
s7352,Unknown,Movie,2011,PG-13,Teens,113,Action & Adventure,United Kingdom,1,Mid-catalogue licensed features
s7353,Unknown Origins,Movie,2020,TV-MA,Adults,97,International Movies,Spain,0,Contemporary international feature films
s7358,Unrest,Movie,2017,TV-14,Teens,97,Documentaries,United Kingdom,3,"Short-form US docs, stand-up, and family titles"
s7360,Unruly Friends,Movie,2011,TV-14,Teens,83,International Movies,Egypt,0,Contemporary international feature films
s7363,Unspeakable Acts,Movie,1990,TV-14,Teens,95,Dramas,United States,1,Mid-catalogue licensed features
s7365,Untamed Romania,Movie,2018,TV-PG,Adults,93,Children & Family Movies,Romania,0,Contemporary international feature films
s7367,Up Among  The Stars,Movie,2018,TV-MA,Adults,86,Dramas,Spain,0,Contemporary international feature films
s7368,Up in the Air,Movie,2009,R,Adults,110,Comedies,United States,1,Mid-catalogue licensed features
s7369,Up North,Movie,2018,TV-14,Teens,99,Dramas,Nigeria,0,Contemporary international feature films
s7371,Uppity: The Willy T. Ribbs Story,Movie,2020,TV-MA,Adults,106,Documentaries,United States,3,"Short-form US docs, stand-up, and family titles"
s7372,Upstarts,Movie,2019,TV-14,Teens,112,Comedies,India,0,Contemporary international feature films
s7373,Uriyadi 2,Movie,2019,TV-14,Teens,116,Dramas,India,0,Contemporary international feature films
s7374,Urvi,Movie,2017,TV-MA,Adults,121,Dramas,India,0,Contemporary international feature films
s7375,Urzila Carlson: Overqualified Loser,Movie,2020,TV-MA,Adults,62,Stand-Up Comedy,Australia,3,"Short-form US docs, stand-up, and family titles"
s7376,Us and Them,Movie,2018,TV-MA,Adults,119,Dramas,China,0,Contemporary international feature films
s7377,Used Goods,Movie,2018,TV-14,Teens,95,Action & Adventure,Egypt,0,Contemporary international feature films
s7378,USS Indianapolis: Men of Courage,Movie,2016,R,Adults,130,Action & Adventure,United States,3,"Short-form US docs, stand-up, and family titles"
s7379,Uyare,Movie,2019,TV-14,Teens,119,Dramas,India,0,Contemporary international feature films
s7380,V for Vendetta,Movie,2005,R,Adults,132,Action & Adventure,United States,1,Mid-catalogue licensed features
s7390,Vampires vs. the Bronx,Movie,2020,PG-13,Teens,86,Comedies,United States,3,"Short-form US docs, stand-up, and family titles"
s7392,Vanjagar Ulagam,Movie,2018,TV-MA,Adults,145,Dramas,India,0,Contemporary international feature films
s7393,Vantage Point,Movie,2008,PG-13,Teens,90,Action & Adventure,United States,1,Mid-catalogue licensed features
s7394,Varane Avashyamund,Movie,2020,TV-14,Teens,144,Comedies,India,0,Contemporary international feature films
s7395,Vaya,Movie,2016,TV-MA,Adults,106,Dramas,South Africa,0,Contemporary international feature films
s7396,Veerappan,Movie,2016,TV-14,Teens,117,Action & Adventure,India,0,Contemporary international feature films
s7397,Veerey Ki Wedding,Movie,2018,TV-14,Teens,130,Comedies,India,0,Contemporary international feature films
s7398,Vegas Baby,Movie,2016,TV-14,Teens,78,Documentaries,United States,3,"Short-form US docs, stand-up, and family titles"
s7402,Velvet Buzzsaw,Movie,2019,R,Adults,113,Dramas,United States,0,Contemporary international feature films
s7404,Velvet Colección: Grand Finale,Movie,2020,TV-14,Teens,82,Dramas,Unknown Country,0,Contemporary international feature films
s7405,Verónica,Movie,2017,TV-MA,Adults,81,Dramas,Mexico,0,Contemporary international feature films
s7406,Veronica,Movie,2017,TV-MA,Adults,105,Horror Movies,Spain,0,Contemporary international feature films
s7408,Verses of Love,Movie,2008,TV-PG,Adults,126,Dramas,Indonesia,1,Mid-catalogue licensed features
s7409,Verses of Love 2,Movie,2017,TV-14,Teens,127,Dramas,Indonesia,0,Contemporary international feature films
s7410,Very Big Shot,Movie,2015,TV-MA,Adults,109,Comedies,Lebanon,0,Contemporary international feature films
s7411,Vettai,Movie,2012,TV-14,Teens,156,Action & Adventure,India,0,Contemporary international feature films
s7413,Viceroy's House,Movie,2017,NR,Unrated,106,Dramas,United Kingdom,3,"Short-form US docs, stand-up, and family titles"
s7415,Victim of Beauty,Movie,1991,TV-14,Teens,93,Dramas,United States,1,Mid-catalogue licensed features
s7416,Victor,Movie,2015,PG-13,Teens,110,Dramas,United States,3,"Short-form US docs, stand-up, and family titles"
s7419,Viking Destiny,Movie,2018,R,Adults,91,Action & Adventure,United Kingdom,3,"Short-form US docs, stand-up, and family titles"
s7420,Vikings Unearthed,Movie,2016,TV-PG,Adults,113,Documentaries,United States,3,"Short-form US docs, stand-up, and family titles"
s7421,Villain,Movie,2020,R,Adults,97,Dramas,United Kingdom,3,"Short-form US docs, stand-up, and family titles"
s7422,Vince and Kath and James,Movie,2016,TV-PG,Adults,115,International Movies,Philippines,0,Contemporary international feature films
s7423,Vincent N Roxxy,Movie,2016,R,Adults,101,Dramas,United States,3,"Short-form US docs, stand-up, and family titles"
s7425,Violet Evergarden: Eternity and the Auto Memory Doll,Movie,2019,TV-PG,Adults,91,Anime Features,Japan,0,Contemporary international feature films
s7427,Vir Das: Abroad Understanding,Movie,2017,TV-MA,Adults,66,Stand-Up Comedy,United States,3,"Short-form US docs, stand-up, and family titles"
s7428,Vir Das: For India,Movie,2020,TV-MA,Adults,76,Stand-Up Comedy,India,3,"Short-form US docs, stand-up, and family titles"
s7429,Vir Das: Losing It,Movie,2018,TV-MA,Adults,68,Stand-Up Comedy,United States,3,"Short-form US docs, stand-up, and family titles"
s7430,Vir Das: Outside In - The Lockdown Special,Movie,2020,TV-MA,Adults,50,Stand-Up Comedy,India,3,"Short-form US docs, stand-up, and family titles"
s7433,Virsa,Movie,2010,TV-14,Teens,127,Dramas,India,0,Contemporary international feature films
s7434,Virunga,Movie,2014,TV-MA,Adults,100,Documentaries,United Kingdom,0,Contemporary international feature films
s7435,Virunga: Gorillas in Peril,Movie,2015,TV-14,Teens,29,Documentaries,United States,3,"Short-form US docs, stand-up, and family titles"
s7436,Viswasapoorvam Mansoor,Movie,2017,TV-14,Teens,125,Dramas,India,0,Contemporary international feature films
s7437,Vitti Dandu,Movie,2014,TV-14,Teens,116,Dramas,India,0,Contemporary international feature films
s7438,Vivah,Movie,2006,TV-14,Teens,166,Dramas,India,1,Mid-catalogue licensed features
s7439,Vizontele,Movie,2001,NR,Unrated,106,Comedies,Turkey,1,Mid-catalogue licensed features
s7440,Vizontele Tuuba,Movie,2004,NR,Unrated,106,Comedies,Turkey,1,Mid-catalogue licensed features
s7441,Vodka Diaries,Movie,2018,TV-14,Teens,113,Dramas,India,0,Contemporary international feature films
s7445,Voulez-vous rire avec moi ce soir?,Movie,2018,TV-MA,Adults,93,Documentaries,France,0,Contemporary international feature films
s7446,Voyeur,Movie,2017,TV-MA,Adults,96,Documentaries,United States,3,"Short-form US docs, stand-up, and family titles"
s7448,VS.,Movie,2018,TV-MA,Adults,99,Dramas,United Kingdom,3,"Short-form US docs, stand-up, and family titles"
s7449,W. Kamau Bell: Private School Negro,Movie,2018,TV-MA,Adults,66,Stand-Up Comedy,United States,3,"Short-form US docs, stand-up, and family titles"
s7450,W.E.,Movie,2011,R,Adults,119,Dramas,United Kingdom,0,Contemporary international feature films
s7452,W/O Ram,Movie,2018,TV-MA,Adults,115,Dramas,India,0,Contemporary international feature films
s7454,Waar,Movie,2013,TV-MA,Adults,130,Action & Adventure,Pakistan,0,Contemporary international feature films
s7455,Waarrior Savitri,Movie,2016,TV-14,Teens,120,Action & Adventure,India,0,Contemporary international feature films
s7457,Wadjda,Movie,2012,PG,Teens,93,Dramas,Saudi Arabia,0,Contemporary international feature films
s7459,Waiting,Movie,2015,TV-MA,Adults,94,Dramas,India,0,Contemporary international feature films
s7460,"Waiting for ""Superman""",Movie,2010,PG,Teens,111,Documentaries,United States,3,"Short-form US docs, stand-up, and family titles"
s7461,Waiting...,Movie,2005,R,Adults,94,Comedies,United States,1,Mid-catalogue licensed features
s7463,Wake Up Sid,Movie,2009,TV-14,Teens,132,Comedies,India,1,Mid-catalogue licensed features
s7464,Wakefield,Movie,2016,R,Adults,109,Dramas,United States,3,"Short-form US docs, stand-up, and family titles"
s7467,Walk Away from Love,Movie,2017,TV-14,Teens,81,Dramas,United States,3,"Short-form US docs, stand-up, and family titles"
s7468,Walk with Me,Movie,2017,TV-PG,Adults,94,Documentaries,United Kingdom,3,"Short-form US docs, stand-up, and family titles"
s7469,Walk. Ride. Rodeo.,Movie,2019,TV-PG,Adults,100,Children & Family Movies,United States,3,"Short-form US docs, stand-up, and family titles"
s7470,Walking Out,Movie,2017,PG-13,Teens,96,Dramas,United States,0,Contemporary international feature films
s7471,Walt Disney Animation Studios Short Films Collection,Movie,2015,TV-Y,Kids,90,Children & Family Movies,United States,3,"Short-form US docs, stand-up, and family titles"
s7472,Wanda Sykes: Not Normal,Movie,2019,TV-MA,Adults,66,Stand-Up Comedy,United States,3,"Short-form US docs, stand-up, and family titles"
s7473,Wandering Stars,Movie,2019,TV-MA,Adults,95,Documentaries,France,0,Contemporary international feature films
s7476,War,Movie,2007,R,Adults,103,Action & Adventure,United States,1,Mid-catalogue licensed features
s7477,War Against Women,Movie,2013,TV-MA,Adults,61,Documentaries,United States,3,"Short-form US docs, stand-up, and family titles"
s7478,War Chhod Na Yaar,Movie,2013,TV-14,Teens,109,Comedies,India,0,Contemporary international feature films
s7479,War Horse,Movie,2011,PG-13,Teens,147,Dramas,United States,1,Mid-catalogue licensed features
s7480,War Machine,Movie,2017,TV-MA,Adults,123,Comedies,United States,0,Contemporary international feature films
s7481,War on Everyone,Movie,2016,R,Adults,98,Action & Adventure,United Kingdom,3,"Short-form US docs, stand-up, and family titles"
s7482,Warda,Movie,2014,TV-14,Teens,73,Horror Movies,Egypt,0,Contemporary international feature films
s7483,Warehoused,Movie,2015,TV-14,Teens,92,Comedies,Mexico,0,Contemporary international feature films
s7488,Wasp Network,Movie,2020,TV-MA,Adults,128,Dramas,France,0,Contemporary international feature films
s7490,Watchman,Movie,2019,TV-14,Teens,93,Comedies,India,0,Contemporary international feature films
s7491,Water & Power: A California Heist,Movie,2017,PG,Teens,78,Documentaries,United States,3,"Short-form US docs, stand-up, and family titles"
s7492,Waterschool,Movie,2018,TV-G,Kids,68,Documentaries,United States,3,"Short-form US docs, stand-up, and family titles"
s7495,Wazir,Movie,2016,TV-MA,Adults,98,Dramas,India,0,Contemporary international feature films
s7496,We Are All For The Fatherland,Movie,1979,TV-14,Teens,74,Documentaries,Lebanon,2,Classic and vintage cinema
s7497,We Are Family,Movie,2010,TV-14,Teens,119,Dramas,India,0,Contemporary international feature films
s7498,We Are Legends,Movie,2019,TV-14,Teens,109,Action & Adventure,Hong Kong,0,Contemporary international feature films
s7499,We Are One,Movie,2020,TV-MA,Adults,86,Documentaries,France,0,Contemporary international feature films
s7502,We Are Young. We Are Strong.,Movie,2014,TV-MA,Adults,123,Dramas,Germany,0,Contemporary international feature films
s7503,We Are Your Friends,Movie,2015,R,Adults,96,Dramas,United Kingdom,0,Contemporary international feature films
s7505,We Belong Together,Movie,2018,TV-14,Teens,83,Thrillers,United States,3,"Short-form US docs, stand-up, and family titles"
s7506,We Can Be Heroes,Movie,2020,PG,Teens,101,Children & Family Movies,United States,3,"Short-form US docs, stand-up, and family titles"
s7507,We Have Always Lived in the Castle,Movie,2018,TV-14,Teens,95,Dramas,United States,3,"Short-form US docs, stand-up, and family titles"
s7508,We Need to Talk,Movie,2016,TV-MA,Adults,91,Comedies,Spain,0,Contemporary international feature films
s7510,We Summon the Darkness,Movie,2020,R,Adults,90,Horror Movies,United States,3,"Short-form US docs, stand-up, and family titles"
s7511,We the Animals,Movie,2018,R,Adults,93,Dramas,United States,3,"Short-form US docs, stand-up, and family titles"
s7512,"We, the Marines",Movie,2017,TV-PG,Adults,38,Documentaries,United States,3,"Short-form US docs, stand-up, and family titles"
s7513,We'll Be Right Back After The Break,Movie,2012,TV-14,Teens,106,Action & Adventure,Egypt,0,Contemporary international feature films
s7515,We're No Animals,Movie,2015,TV-MA,Adults,94,Comedies,United States,0,Contemporary international feature films
s7516,Weapon of Choice,Movie,2018,TV-MA,Adults,89,Documentaries,Austria,0,Contemporary international feature films
s7517,Weather forecast,Movie,1983,TV-MA,Adults,91,Dramas,Poland,2,Classic and vintage cinema
s7518,Wedding Unplanned,Movie,2017,TV-MA,Adults,94,Comedies,France,0,Contemporary international feature films
s7519,Wedy Atkalam,Movie,2018,TV-PG,Adults,72,Comedies,Kuwait,0,Contemporary international feature films
s7520,Weed the People,Movie,2018,TV-MA,Adults,94,Documentaries,United States,3,"Short-form US docs, stand-up, and family titles"
s7522,Weeds on Fire,Movie,2016,TV-MA,Adults,95,Dramas,Hong Kong,0,Contemporary international feature films
s7524,Welcome,Movie,2007,TV-PG,Adults,149,Comedies,India,1,Mid-catalogue licensed features
s7525,Welcome 2 Karachi,Movie,2015,TV-MA,Adults,124,Comedies,India,0,Contemporary international feature films
s7526,Welcome Mr. President,Movie,2013,TV-MA,Adults,99,Comedies,Italy,0,Contemporary international feature films
s7527,Welcome to Monster High: The Origin Story,Movie,2016,TV-Y7,Teens,73,Children & Family Movies,United States,3,"Short-form US docs, stand-up, and family titles"
s7528,Welcome to New York,Movie,2014,R,Adults,108,Dramas,United States,0,Contemporary international feature films
s7529,Welcome to Sajjanpur,Movie,2008,TV-14,Teens,131,Comedies,India,1,Mid-catalogue licensed features
s7530,Welcome to Sudden Death,Movie,2020,R,Adults,80,Action & Adventure,United States,3,"Short-form US docs, stand-up, and family titles"
s7532,Welcome to Willits,Movie,2017,TV-MA,Adults,84,Comedies,United States,0,Contemporary international feature films
s7533,Well Done Abba,Movie,2009,TV-14,Teens,135,Comedies,India,1,Mid-catalogue licensed features
s7536,West Beirut,Movie,1999,TV-MA,Adults,106,Dramas,France,1,Mid-catalogue licensed features
s7537,West Coast,Movie,2016,TV-MA,Adults,81,Comedies,France,0,Contemporary international feature films
s7539,Westerplatte Resists,Movie,1967,TV-MA,Adults,93,Classic Movies,Poland,2,Classic and vintage cinema
s7542,Westside vs. the World,Movie,2019,TV-MA,Adults,96,Documentaries,Unknown Country,3,"Short-form US docs, stand-up, and family titles"
s7546,What a Girl Wants,Movie,2003,PG,Teens,105,Children & Family Movies,United States,1,Mid-catalogue licensed features
s7547,What a Wonderful Family!,Movie,2017,TV-14,Teens,102,Comedies,China,0,Contemporary international feature films
s7548,What Are the Odds?,Movie,2020,TV-MA,Adults,92,Comedies,India,0,Contemporary international feature films
s7549,What Did I Mess,Movie,2018,TV-14,Teens,98,Comedies,Lebanon,0,Contemporary international feature films
s7550,WHAT DID JACK DO?,Movie,2020,TV-14,Teens,17,Dramas,United States,3,"Short-form US docs, stand-up, and family titles"
s7551,What Happened to Monday,Movie,2017,TV-MA,Adults,124,Action & Adventure,United Kingdom,0,Contemporary international feature films
s7552,What Happened to Mr. Cha?,Movie,2021,TV-MA,Adults,102,Comedies,South Korea,0,Contemporary international feature films
s7553,"What Happened, Miss Simone?",Movie,2015,TV-14,Teens,103,Documentaries,United States,3,"Short-form US docs, stand-up, and family titles"
s7558,What Keeps You Alive,Movie,2018,R,Adults,99,LGBTQ Movies,Canada,0,Contemporary international feature films
s7559,What Lies Beneath,Movie,2000,PG-13,Teens,130,Horror Movies,United States,1,Mid-catalogue licensed features
s7560,What Makes a Psychopath?,Movie,2017,TV-14,Teens,52,Documentaries,United Kingdom,3,"Short-form US docs, stand-up, and family titles"
s7562,What Still Remains,Movie,2018,TV-14,Teens,91,Dramas,United States,3,"Short-form US docs, stand-up, and family titles"
s7563,What the F* Is Going On?,Movie,2019,TV-MA,Adults,87,Documentaries,Spain,3,"Short-form US docs, stand-up, and family titles"
s7564,What the Fish,Movie,2013,TV-14,Teens,96,Comedies,India,0,Contemporary international feature films
s7565,What the Health,Movie,2017,TV-PG,Adults,92,Documentaries,United States,3,"Short-form US docs, stand-up, and family titles"
s7566,What the Jatt!!,Movie,2015,TV-PG,Adults,140,Comedies,India,0,Contemporary international feature films
s7568,What We Started,Movie,2017,TV-MA,Adults,96,Documentaries,United States,3,"Short-form US docs, stand-up, and family titles"
s7569,What We Wanted,Movie,2020,TV-MA,Adults,93,Dramas,Austria,0,Contemporary international feature films
s7570,What Would Sophia Loren Do?,Movie,2021,TV-14,Teens,32,Documentaries,United States,3,"Short-form US docs, stand-up, and family titles"
s7571,What's Eating Gilbert Grape,Movie,1993,PG-13,Teens,118,Classic Movies,United States,1,Mid-catalogue licensed features
s7573,What's Up With Love?,Movie,2002,R,Adults,110,Dramas,Indonesia,1,Mid-catalogue licensed features
s7574,What's Up?,Movie,2006,TV-PG,Adults,95,Comedies,Saudi Arabia,1,Mid-catalogue licensed features
s7575,What's Your Raashee?,Movie,2009,TV-PG,Adults,203,Comedies,India,1,Mid-catalogue licensed features
s7576,Wheelman,Movie,2017,TV-MA,Adults,82,Action & Adventure,United States,3,"Short-form US docs, stand-up, and family titles"
s7577,Wheels of Fortune,Movie,2020,R,Adults,107,Comedies,United States,3,"Short-form US docs, stand-up, and family titles"
s7578,When Angels Sleep,Movie,2018,TV-MA,Adults,96,Dramas,Spain,0,Contemporary international feature films
s7580,When Hari Got Married,Movie,2013,NR,Unrated,75,Documentaries,United Kingdom,3,"Short-form US docs, stand-up, and family titles"
s7583,When Love Happens,Movie,2014,TV-14,Teens,109,International Movies,Nigeria,0,Contemporary international feature films
s7586,When Two Worlds Collide,Movie,2016,TV-14,Teens,103,Documentaries,Peru,0,Contemporary international feature films
s7587,When We First Met,Movie,2018,TV-14,Teens,97,Comedies,United States,3,"Short-form US docs, stand-up, and family titles"
s7588,Where the Money Is,Movie,2000,PG-13,Teens,89,Action & Adventure,Germany,1,Mid-catalogue licensed features
s7589,Where's the Money,Movie,2017,R,Adults,86,Comedies,United States,3,"Short-form US docs, stand-up, and family titles"
s7590,While We're Young,Movie,2015,R,Adults,97,Comedies,United States,0,Contemporary international feature films
s7591,Whindersson Nunes: Adult,Movie,2019,TV-MA,Adults,69,Stand-Up Comedy,Brazil,3,"Short-form US docs, stand-up, and family titles"
s7592,Whipped,Movie,2020,TV-14,Teens,98,Comedies,Indonesia,0,Contemporary international feature films
s7593,Whisky,Movie,2004,TV-MA,Adults,98,Comedies,Uruguay,1,Mid-catalogue licensed features
s7594,Whispers,Movie,1980,TV-14,Teens,93,Documentaries,Lebanon,2,Classic and vintage cinema
s7595,White Chamber,Movie,2018,TV-MA,Adults,89,Sci-Fi & Fantasy,United Kingdom,3,"Short-form US docs, stand-up, and family titles"
s7596,White Christmas,Movie,1954,TV-G,Kids,120,Children & Family Movies,United States,2,Classic and vintage cinema
s7597,White Fang,Movie,2018,TV-PG,Adults,88,Children & Family Movies,France,0,Contemporary international feature films
s7598,White Girl,Movie,2016,TV-MA,Adults,90,Dramas,United States,3,"Short-form US docs, stand-up, and family titles"
s7600,White Island,Movie,2016,TV-MA,Adults,91,Comedies,United Kingdom,0,Contemporary international feature films
s7604,Whitney Cummings: Can I Touch It?,Movie,2019,TV-MA,Adults,59,Stand-Up Comedy,Unknown Country,3,"Short-form US docs, stand-up, and family titles"
s7605,Whitney Cummings: Money Shot,Movie,2010,TV-MA,Adults,48,Stand-Up Comedy,United States,3,"Short-form US docs, stand-up, and family titles"
s7608,Who the F**k Is That Guy?,Movie,2017,TV-MA,Adults,78,Documentaries,United States,3,"Short-form US docs, stand-up, and family titles"
s7609,Who Would You Take to a Deserted Island?,Movie,2019,TV-MA,Adults,94,Dramas,Spain,0,Contemporary international feature films
s7610,Who's That Knocking at My Door?,Movie,1967,R,Adults,90,Classic Movies,United States,2,Classic and vintage cinema
s7612,Whose Streets?,Movie,2017,R,Adults,102,Documentaries,United States,3,"Short-form US docs, stand-up, and family titles"
s7614,Why Are We Getting So Fat?,Movie,2016,TV-14,Teens,50,Documentaries,United Kingdom,3,"Short-form US docs, stand-up, and family titles"
s7615,Why Knot,Movie,2016,TV-MA,Adults,84,Documentaries,Canada,3,"Short-form US docs, stand-up, and family titles"
s7616,Why Me?,Movie,2015,TV-MA,Adults,126,Dramas,Romania,0,Contemporary international feature films
s7617,Why We Fight: The Battle of Russia,Movie,1943,TV-PG,Adults,82,Documentaries,United States,2,Classic and vintage cinema
s7620,Wild Child,Movie,2008,PG-13,Teens,98,Comedies,United States,1,Mid-catalogue licensed features
s7622,Wild Oats,Movie,2016,PG-13,Teens,86,Comedies,Germany,3,"Short-form US docs, stand-up, and family titles"
s7624,Wild Wild West,Movie,1999,PG-13,Teens,106,Action & Adventure,United States,1,Mid-catalogue licensed features
s7625,Wildlife,Movie,2018,PG-13,Teens,105,Dramas,United States,0,Contemporary international feature films
s7626,Wildling,Movie,2018,R,Adults,93,Horror Movies,United States,0,Contemporary international feature films
s7627,Williams,Movie,2017,TV-MA,Adults,105,Documentaries,United Kingdom,0,Contemporary international feature films
s7628,Willy and the Guardians of the Lake: Tales from the Lakeside Winter Adventure,Movie,2019,TV-Y,Kids,72,Children & Family Movies,Hungary,3,"Short-form US docs, stand-up, and family titles"
s7629,Willy Wonka & the Chocolate Factory,Movie,1971,G,Kids,100,Children & Family Movies,United States,2,Classic and vintage cinema
s7630,Win It All,Movie,2017,TV-MA,Adults,89,Comedies,United States,0,Contemporary international feature films
s7632,Winchester,Movie,2018,PG-13,Teens,100,Horror Movies,Australia,0,Contemporary international feature films
s7633,Wine Country,Movie,2019,R,Adults,104,Comedies,United States,3,"Short-form US docs, stand-up, and family titles"
s7634,Winnie,Movie,2017,TV-14,Teens,85,Documentaries,France,0,Contemporary international feature films
s7636,Winter of Our Dreams,Movie,1981,NR,Unrated,86,Classic Movies,Australia,2,Classic and vintage cinema
s7637,Winter on Fire: Ukraine's Fight for Freedom,Movie,2015,TV-MA,Adults,99,Documentaries,United Kingdom,0,Contemporary international feature films
s7639,Winter's Bone,Movie,2010,R,Adults,100,Dramas,United States,0,Contemporary international feature films
s7641,Wira,Movie,2019,TV-14,Teens,108,Action & Adventure,Malaysia,0,Contemporary international feature films
s7642,Wish I Was Here,Movie,2014,R,Adults,106,Comedies,United States,0,Contemporary international feature films
s7643,Wish Man,Movie,2019,TV-14,Teens,108,Children & Family Movies,United States,0,Contemporary international feature films
s7644,Wish Upon a Unicorn,Movie,2020,PG,Teens,93,Children & Family Movies,Unknown Country,3,"Short-form US docs, stand-up, and family titles"
s7645,Wish You,Movie,2021,TV-PG,Adults,102,Dramas,Unknown Country,0,Contemporary international feature films
s7647,Withdrawn,Movie,2017,TV-MA,Adults,74,Dramas,Canada,3,"Short-form US docs, stand-up, and family titles"
s7648,Without Gorky,Movie,2011,TV-14,Teens,80,Documentaries,United Kingdom,3,"Short-form US docs, stand-up, and family titles"
s7649,Wives on Strike,Movie,2016,TV-14,Teens,92,Comedies,Nigeria,0,Contemporary international feature films
s7650,Wives on Strike: The Revolution,Movie,2017,TV-PG,Adults,93,Comedies,United Kingdom,0,Contemporary international feature films
s7653,Wolves,Movie,2016,R,Adults,109,Dramas,United States,0,Contemporary international feature films
s7655,Women of Mafia 2,Movie,2019,TV-MA,Adults,132,Action & Adventure,Poland,0,Contemporary international feature films
s7657,Wonho Chung: Live in New York,Movie,2014,TV-14,Teens,69,Stand-Up Comedy,Unknown Country,3,"Short-form US docs, stand-up, and family titles"
s7658,Woodshock,Movie,2017,R,Adults,101,Dramas,United States,0,Contemporary international feature films
s7659,Woodstock,Movie,2019,TV-MA,Adults,97,Documentaries,United States,3,"Short-form US docs, stand-up, and family titles"
s7660,Woody Woodpecker,Movie,2017,PG,Teens,91,Children & Family Movies,United States,3,"Short-form US docs, stand-up, and family titles"
s7663,Work It,Movie,2020,TV-14,Teens,94,Comedies,United States,3,"Short-form US docs, stand-up, and family titles"
s7666,World Famous Lover,Movie,2020,TV-MA,Adults,147,Dramas,India,0,Contemporary international feature films
s7668,World Trade Center,Movie,2006,PG-13,Teens,129,Action & Adventure,United States,1,Mid-catalogue licensed features
s7672,World's Weirdest Homes,Movie,2015,TV-PG,Adults,49,Movies,Unknown Country,3,"Short-form US docs, stand-up, and family titles"
s7674,Would You Rather,Movie,2013,TV-MA,Adults,93,Horror Movies,United States,0,Contemporary international feature films
s7676,Wrong No.,Movie,2015,TV-14,Teens,133,Comedies,Pakistan,0,Contemporary international feature films
s7677,Wrong Side Raju,Movie,2016,TV-MA,Adults,140,Dramas,India,0,Contemporary international feature films
s7680,WWII: Report from the Aleutians,Movie,1943,TV-PG,Adults,45,Documentaries,United States,2,Classic and vintage cinema
s7681,Wyatt Cenac: Brooklyn,Movie,2014,TV-MA,Adults,68,Stand-Up Comedy,United States,3,"Short-form US docs, stand-up, and family titles"
s7682,Wyatt Earp,Movie,1994,PG-13,Teens,191,Action & Adventure,United States,1,Mid-catalogue licensed features
s7684,X Large,Movie,2011,TV-14,Teens,135,Comedies,Egypt,0,Contemporary international feature films
s7685,X: Past Is Present,Movie,2015,TV-MA,Adults,105,Dramas,India,0,Contemporary international feature films
s7686,XOXO,Movie,2016,TV-MA,Adults,92,Dramas,United States,3,"Short-form US docs, stand-up, and family titles"
s7687,XV: Beyond the Tryline,Movie,2016,TV-14,Teens,91,Documentaries,United Kingdom,3,"Short-form US docs, stand-up, and family titles"
s7688,XX,Movie,2017,R,Adults,81,Horror Movies,Canada,3,"Short-form US docs, stand-up, and family titles"
s7689,XXx,Movie,2002,PG-13,Teens,124,Action & Adventure,United States,1,Mid-catalogue licensed features
s7690,XXX: State of the Union,Movie,2005,PG-13,Teens,101,Action & Adventure,United States,1,Mid-catalogue licensed features
s7691,Y Tu Mamá También,Movie,2001,R,Adults,106,Dramas,Mexico,1,Mid-catalogue licensed features
s7692,Y.M.I.: Yeh Mera India,Movie,2008,TV-MA,Adults,137,Dramas,India,1,Mid-catalogue licensed features
s7693,Ya no estoy aquí: Una conversación entre Guillermo del Toro y Alfonso Cuarón,Movie,2020,TV-PG,Adults,15,Documentaries,Unknown Country,3,"Short-form US docs, stand-up, and family titles"
s7694,Yaadein,Movie,2001,TV-14,Teens,171,Dramas,India,1,Mid-catalogue licensed features
s7695,Yaar Gaddar,Movie,1994,TV-14,Teens,148,Dramas,India,1,Mid-catalogue licensed features
s7696,Yaara O Dildaara,Movie,2011,TV-14,Teens,132,Dramas,India,0,Contemporary international feature films
s7697,Yamla Pagla Deewana 2,Movie,2013,TV-14,Teens,147,Action & Adventure,India,0,Contemporary international feature films
s7698,Yanda Kartavya Aahe,Movie,2006,TV-PG,Adults,151,Comedies,India,1,Mid-catalogue licensed features
s7701,يوم الدين,Movie,2018,TV-14,Teens,97,Dramas,Egypt,0,Contemporary international feature films
s7702,Yeh Ballet,Movie,2020,TV-MA,Adults,117,Dramas,India,0,Contemporary international feature films
s7703,Yeh Hai Bakrapur,Movie,2014,TV-PG,Adults,95,Comedies,India,0,Contemporary international feature films
s7705,Yellowbird,Movie,2014,PG,Teens,90,Children & Family Movies,France,0,Contemporary international feature films
s7706,Yes Man,Movie,2008,PG-13,Teens,104,Comedies,United States,1,Mid-catalogue licensed features
s7707,Yes or No,Movie,2010,TV-PG,Adults,111,International Movies,Thailand,0,Contemporary international feature films
s7708,Yes or No 2,Movie,2012,TV-PG,Adults,112,International Movies,Thailand,0,Contemporary international feature films
s7709,Yes or No 2.5,Movie,2015,TV-PG,Adults,107,International Movies,Thailand,0,Contemporary international feature films
s7711,"Yes, God, Yes",Movie,2020,R,Adults,78,Comedies,United States,0,Contemporary international feature films
s7714,Yo-Kai Watch: The Movie,Movie,2016,TV-Y7,Teens,96,Anime Features,Japan,0,Contemporary international feature films
s7715,Yoga Hosers,Movie,2016,PG-13,Teens,88,Comedies,United States,0,Contemporary international feature films
s7717,Yoko and His Friends,Movie,2015,TV-Y,Kids,78,Children & Family Movies,Russia,3,"Short-form US docs, stand-up, and family titles"
s7719,Yoo Byung Jae: Discomfort Zone,Movie,2018,TV-MA,Adults,54,Stand-Up Comedy,South Korea,3,"Short-form US docs, stand-up, and family titles"
s7720,Yoo Byung Jae: Too Much Information,Movie,2018,TV-MA,Adults,63,Stand-Up Comedy,Unknown Country,3,"Short-form US docs, stand-up, and family titles"
s7723,You Are My Home,Movie,2020,TV-PG,Adults,93,Children & Family Movies,United States,3,"Short-form US docs, stand-up, and family titles"
s7724,You Can Tutu,Movie,2017,TV-G,Kids,87,Children & Family Movies,United Kingdom,3,"Short-form US docs, stand-up, and family titles"
s7725,You Can’t Fight Christmas,Movie,2017,TV-PG,Adults,85,Comedies,United States,3,"Short-form US docs, stand-up, and family titles"
s7727,You Carry Me,Movie,2015,TV-MA,Adults,157,Dramas,Croatia,0,Contemporary international feature films
s7728,You Changed My Life,Movie,2009,TV-PG,Adults,116,Comedies,Philippines,0,Contemporary international feature films
s7729,You Don't Mess with the Zohan,Movie,2008,UR,Unrated,113,Action & Adventure,United States,1,Mid-catalogue licensed features
s7730,You Get Me,Movie,2017,TV-MA,Adults,89,Dramas,United States,3,"Short-form US docs, stand-up, and family titles"
s7732,You're Everything To Me,Movie,2016,TV-PG,Adults,107,Comedies,Turkey,0,Contemporary international feature films
s7733,You're My Boss,Movie,2015,TV-14,Teens,117,Comedies,Philippines,0,Contemporary international feature films
s7735,You've Got This,Movie,2020,TV-MA,Adults,112,Comedies,Mexico,0,Contemporary international feature films
s7737,Young Adult,Movie,2011,R,Adults,94,Comedies,United States,0,Contemporary international feature films
s7738,Young Tiger,Movie,1973,NR,Unrated,81,Action & Adventure,Hong Kong,2,Classic and vintage cinema
s7740,Your Excellency,Movie,2019,TV-G,Kids,120,Comedies,Unknown Country,0,Contemporary international feature films
s7742,Your Name Engraved Herein,Movie,2020,TV-MA,Adults,115,Dramas,Taiwan,0,Contemporary international feature films
s7743,Your Son,Movie,2018,TV-MA,Adults,103,Dramas,Spain,0,Contemporary international feature films
s7745,"Yours Sincerely, Kanan Gill",Movie,2020,TV-MA,Adults,72,Stand-Up Comedy,India,3,"Short-form US docs, stand-up, and family titles"
s7746,"Yours, Mine and Ours",Movie,2005,PG,Teens,88,Children & Family Movies,United States,1,Mid-catalogue licensed features
s7748,اشتباك,Movie,2016,TV-14,Teens,98,Dramas,Egypt,0,Contemporary international feature films
s7749,الف مبروك,Movie,2009,TV-14,Teens,115,Comedies,Egypt,1,Mid-catalogue licensed features
s7752,Yucatán,Movie,2018,TV-MA,Adults,130,Comedies,Spain,0,Contemporary international feature films
s7755,Yuva,Movie,2004,TV-14,Teens,160,Dramas,India,1,Mid-catalogue licensed features
s7758,Zach Galifianakis: Live at the Purple Onion,Movie,2006,TV-MA,Adults,61,Stand-Up Comedy,United States,3,"Short-form US docs, stand-up, and family titles"
s7759,Zack and Miri Make a Porno,Movie,2008,R,Adults,101,Comedies,United States,1,Mid-catalogue licensed features
s7761,Zaki Chan,Movie,2005,TV-PG,Adults,109,Comedies,Egypt,1,Mid-catalogue licensed features
s7762,Zapped,Movie,2014,TV-Y,Kids,92,Children & Family Movies,Canada,0,Contemporary international feature films
s7763,Zed Plus,Movie,2014,TV-MA,Adults,131,Comedies,India,0,Contemporary international feature films
s7764,Zenda,Movie,2009,TV-14,Teens,120,Dramas,India,1,Mid-catalogue licensed features
s7765,Zero,Movie,2018,TV-14,Teens,159,Comedies,India,0,Contemporary international feature films
s7766,Zero Hour,Movie,2018,TV-MA,Adults,89,International Movies,Unknown Country,3,"Short-form US docs, stand-up, and family titles"
s7769,Zindagi Kitni Haseen Hay,Movie,2016,TV-14,Teens,126,Dramas,Pakistan,0,Contemporary international feature films
s7770,Zindagi Na Milegi Dobara,Movie,2011,TV-14,Teens,154,Comedies,India,0,Contemporary international feature films
s7771,Zinzana,Movie,2015,TV-MA,Adults,96,Dramas,United Arab Emirates,0,Contemporary international feature films
s7772,Zion,Movie,2018,TV-PG,Adults,12,Documentaries,United States,3,"Short-form US docs, stand-up, and family titles"
s7773,Zipi & Zape y la Isla del Capitan,Movie,2016,TV-PG,Adults,105,Children & Family Movies,Spain,0,Contemporary international feature films
s7774,Zoé: Panoramas,Movie,2016,TV-MA,Adults,89,Documentaries,Mexico,0,Contemporary international feature films
s7775,Zodiac,Movie,2007,R,Adults,158,Cult Movies,United States,1,Mid-catalogue licensed features
s7777,Zokkomon,Movie,2011,PG,Teens,104,Children & Family Movies,India,0,Contemporary international feature films
s7779,Zombieland,Movie,2009,R,Adults,88,Comedies,United States,1,Mid-catalogue licensed features
s7781,Zoo,Movie,2018,TV-MA,Adults,94,Dramas,India,0,Contemporary international feature films
s7782,Zoom,Movie,2006,PG,Teens,88,Children & Family Movies,United States,1,Mid-catalogue licensed features
s7783,Zozo,Movie,2005,TV-MA,Adults,99,Dramas,Sweden,1,Mid-catalogue licensed features
s7784,Zubaan,Movie,2015,TV-14,Teens,111,Dramas,India,0,Contemporary international feature films
s7785,Zulu Man in Japan,Movie,2019,TV-MA,Adults,44,Documentaries,Unknown Country,3,"Short-form US docs, stand-up, and family titles"
s7787,ZZ TOP: THAT LITTLE OL' BAND FROM TEXAS,Movie,2019,TV-MA,Adults,90,Documentaries,United Kingdom,3,"Short-form US docs, stand-up, and family titles"
