show_id,type,release_year,date_added,catalogue_delay_years,rating,primary_genre,primary_country,genre_count,country_count,duration_value
s1,TV Show,2020,"August 14, 2020",0,TV-MA,International TV Shows,Brazil,3,1,4.0
s2,Movie,2016,"December 23, 2016",0,TV-MA,Dramas,Mexico,2,1,93.0
s3,Movie,2011,"December 20, 2018",7,R,Horror Movies,Singapore,2,1,78.0
s4,Movie,2009,"November 16, 2017",8,PG-13,Action & Adventure,United States,3,1,80.0
s5,Movie,2008,"January 1, 2020",12,PG-13,Dramas,United States,1,1,123.0
s6,TV Show,2016,"July 1, 2017",1,TV-MA,International TV Shows,Turkey,3,1,1.0
s7,Movie,2019,"June 1, 2020",1,TV-MA,Horror Movies,Egypt,2,1,95.0
s8,Movie,1997,"November 1, 2019",22,R,Dramas,United States,1,1,119.0
s9,Movie,2019,"April 1, 2019",0,TV-14,Horror Movies,India,2,1,118.0
s10,Movie,2008,"December 15, 2017",9,TV-MA,Horror Movies,India,3,1,143.0
s11,Movie,2017,"October 20, 2017",0,TV-MA,Dramas,United States,2,1,103.0
s12,TV Show,2018,"November 30, 2018",0,TV-MA,Crime TV Shows,Poland,3,2,1.0
s13,TV Show,2019,"May 17, 2019",0,TV-MA,Crime TV Shows,Mexico,3,1,1.0
s14,Movie,2018,"March 1, 2019",1,TV-MA,Documentaries,Thailand,3,1,89.0
s15,Movie,2019,"March 19, 2020",1,R,Independent Movies,United States,3,1,91.0
s16,Movie,2014,"September 1, 2019",5,TV-14,Dramas,Nigeria,3,1,149.0
s17,TV Show,2018,"March 20, 2019",1,TV-14,International TV Shows,Unknown,2,0,1.0
s18,Movie,2018,"October 10, 2018",0,R,Dramas,Norway,2,3,144.0
s19,Movie,2019,"March 29, 2019",0,TV-14,Comedies,India,3,1,124.0
s20,Movie,2017,"May 16, 2018",1,TV-PG,Sports Movies,United Kingdom,1,1,87.0
s21,Movie,2018,"September 1, 2018",0,TV-14,Dramas,India,3,1,110.0
s22,Movie,2018,"September 15, 2018",0,TV-14,Action & Adventure,India,3,1,128.0
s23,Movie,2017,"September 15, 2018",1,TV-14,Dramas,India,2,1,117.0
s24,Movie,2017,"September 15, 2018",1,TV-14,Dramas,India,2,1,100.0
s25,TV Show,2020,"January 23, 2020",0,TV-14,Anime Series,Japan,2,1,2.0
s26,Movie,2015,"June 30, 2016",1,NR,Documentaries,United States,1,1,84.0
s27,TV Show,2020,"August 12, 2020",0,TV-MA,Reality TV,United States,1,1,1.0
s28,Movie,2020,"September 8, 2020",0,TV-MA,Horror Movies,South Korea,3,1,99.0
s29,Movie,2019,"July 1, 2020",1,TV-14,Documentaries,Italy,2,1,95.0
s30,TV Show,2020,"April 17, 2020",0,TV-MA,TV Comedies,United States,1,1,1.0
s31,Movie,2020,"February 5, 2020",0,TV-14,Documentaries,Canada,2,1,90.0
s32,Movie,2018,"May 21, 2020",2,TV-G,Dramas,Indonesia,3,1,102.0
s33,Movie,2020,"June 28, 2020",0,TV-G,Dramas,Indonesia,3,1,104.0
s34,Movie,2017,"September 8, 2017",0,TV-14,Comedies,United States,1,1,99.0
s35,Movie,2018,"April 10, 2019",1,TV-14,Comedies,Canada,2,1,105.0
s36,Movie,2016,"December 1, 2016",0,TV-PG,Documentaries,United States,2,1,56.0
s37,Movie,2014,"June 1, 2019",5,TV-MA,Comedies,Romania,3,1,125.0
s38,Movie,2016,"June 1, 2019",3,TV-MA,Comedies,Romania,3,1,119.0
s39,TV Show,2016,"March 30, 2019",3,TV-14,International TV Shows,Unknown,3,0,1.0
s40,Movie,2019,"July 19, 2019",0,TV-MA,Comedies,Spain,2,1,81.0
s41,Movie,2015,"March 10, 2017",2,TV-14,Comedies,Turkey,2,1,97.0
s42,Movie,2017,"March 27, 2018",1,TV-MA,Horror Movies,Iceland,2,1,106.0
s43,Movie,2010,"March 10, 2017",7,TV-MA,Comedies,Turkey,2,1,99.0
s44,Movie,2020,"October 2, 2020",0,TV-MA,Dramas,Nigeria,2,1,107.0
s45,Movie,2005,"February 1, 2018",13,PG-13,Action & Adventure,United States,2,1,93.0
s46,TV Show,2013,"January 17, 2017",4,TV-MA,Crime TV Shows,Turkey,3,1,1.0
s47,Movie,2014,"July 1, 2017",3,TV-PG,Dramas,United States,2,1,89.0
s48,Movie,2017,"July 7, 2017",0,TV-14,Dramas,United States,3,1,105.0
s49,Movie,2017,"October 18, 2019",2,TV-14,Comedies,South Africa,3,2,87.0
s50,Movie,2012,"July 1, 2017",5,TV-14,Comedies,France,3,1,97.0
s51,Movie,2008,"June 1, 2019",11,PG-13,Action & Adventure,United States,1,2,109.0
s52,TV Show,2018,"December 7, 2020",2,TV-14,International TV Shows,South Korea,3,1,1.0
s53,Movie,2018,"July 6, 2018",0,TV-MA,Documentaries,Spain,2,1,93.0
s54,TV Show,2020,"March 13, 2020",0,TV-14,Docuseries,United States,2,1,1.0
s55,Movie,2016,"March 10, 2017",1,TV-MA,Dramas,Portugal,3,2,109.0
s56,Movie,2014,"November 2, 2019",5,TV-Y,Movies,United States,1,1,44.0
s57,Movie,2016,"March 20, 2018",2,TV-14,Documentaries,United States,1,1,75.0
s58,Movie,2020,"January 7, 2021",1,TV-14,Dramas,Indonesia,2,1,101.0
s59,TV Show,2017,"November 1, 2019",2,TV-14,British TV Shows,United Kingdom,3,1,1.0
s60,Movie,2014,"December 1, 2016",2,TV-14,Dramas,India,2,1,89.0
s61,Movie,2017,"March 14, 2019",2,TV-MA,Dramas,United States,3,1,90.0
s62,TV Show,2014,"May 22, 2017",3,TV-14,International TV Shows,South Korea,3,1,1.0
s63,Movie,2015,"August 13, 2016",1,NR,Horror Movies,United States,3,1,90.0
s64,TV Show,2020,"June 5, 2020",0,TV-MA,Crime TV Shows,United States,3,1,4.0
s65,TV Show,2019,"August 23, 2019",0,TV-MA,Crime TV Shows,United States,2,1,3.0
s66,Movie,2014,"January 13, 2019",5,R,Horror Movies,United States,2,1,93.0
s67,Movie,2016,"October 7, 2016",0,TV-MA,Documentaries,United States,1,1,101.0
s68,Movie,2017,"January 26, 2017",0,,Movies,Unknown,1,0,37.0
s69,Movie,2010,"April 3, 2019",9,R,Action & Adventure,Hong Kong,2,3,113.0
s70,Movie,2018,"October 27, 2018",0,TV-MA,Horror Movies,United States,2,1,89.0
s71,Movie,2016,"February 1, 2019",3,TV-MA,Documentaries,United States,1,1,84.0
s72,Movie,2006,"November 1, 2019",13,PG-13,Action & Adventure,United States,1,2,102.0
s73,Movie,2009,"January 1, 2021",12,PG-13,Comedies,United States,1,1,102.0
s74,Movie,2020,"May 8, 2020",0,TV-MA,Dramas,Italy,3,1,114.0
s75,Movie,2016,"June 2, 2017",1,R,Dramas,Spain,2,1,130.0
s76,Movie,2019,"August 23, 2020",1,TV-MA,Horror Movies,United States,3,1,90.0
s77,Movie,2018,"July 26, 2019",1,TV-MA,Horror Movies,United States,2,1,94.0
s78,Movie,2008,"June 1, 2020",12,TV-MA,Comedies,France,2,1,97.0
s79,Movie,2014,"August 4, 2018",4,TV-PG,Comedies,India,3,1,143.0
s80,Movie,2013,"September 22, 2018",5,PG-13,Documentaries,United States,2,1,91.0
s81,TV Show,2013,"August 15, 2017",4,TV-MA,Crime TV Shows,Turkey,3,1,1.0
s82,Movie,2015,"April 28, 2017",2,TV-PG,International Movies,South Korea,2,1,107.0
s83,Movie,2018,"December 20, 2018",0,TV-14,Sci-Fi & Fantasy,United Kingdom,1,1,95.0
s84,Movie,2016,"June 28, 2019",3,R,Dramas,United States,2,1,119.0
s85,Movie,2013,"April 16, 2019",6,R,Comedies,United States,1,1,93.0
s86,TV Show,2019,"July 1, 2020",1,TV-MA,British TV Shows,United Kingdom,2,1,1.0
s87,TV Show,2018,"December 1, 2018",0,TV-14,International TV Shows,India,2,1,1.0
s88,TV Show,2017,"March 1, 2018",1,TV-MA,Crime TV Shows,Canada,3,1,1.0
s89,Movie,2016,"March 1, 2018",2,TV-MA,Action & Adventure,United States,3,1,101.0
s90,Movie,2017,"April 7, 2018",1,R,Action & Adventure,South Africa,1,3,93.0
s91,Movie,2016,"October 1, 2018",2,TV-14,Action & Adventure,India,3,1,140.0
s92,Movie,2012,"October 1, 2017",5,TV-MA,Dramas,South Korea,3,1,135.0
s93,Movie,2018,"May 1, 2018",0,TV-MA,Action & Adventure,Argentina,3,1,82.0
s94,Movie,2017,"May 1, 2018",1,TV-MA,Documentaries,United Kingdom,1,1,70.0
s95,Movie,2000,"September 30, 2020",20,PG-13,Comedies,United States,2,1,104.0
s96,TV Show,2016,"June 10, 2017",1,TV-PG,International TV Shows,South Korea,3,1,1.0
s97,Movie,2014,"December 1, 2020",6,PG-13,Action & Adventure,United States,1,3,117.0
s98,Movie,2003,"December 31, 2019",16,TV-MA,Dramas,Unknown,3,0,121.0
s99,Movie,2015,"August 28, 2017",2,PG-13,Dramas,United States,2,1,92.0
s100,Movie,2016,"January 5, 2019",3,TV-PG,Dramas,Indonesia,3,1,124.0
s101,Movie,2009,"August 1, 2019",10,PG-13,Comedies,India,3,1,164.0
s102,Movie,2018,"June 15, 2019",1,TV-PG,Documentaries,Canada,2,1,53.0
s103,Movie,2015,"December 15, 2016",1,TV-MA,Comedies,Germany,2,1,93.0
s104,Movie,2016,"April 18, 2019",3,TV-14,Comedies,Egypt,2,1,91.0
s105,Movie,2011,"January 1, 2021",10,R,Action & Adventure,United States,2,1,83.0
s106,Movie,1989,"October 1, 2019",30,TV-14,Dramas,Denmark,2,3,93.0
s107,Movie,2020,"June 7, 2020",0,TV-MA,Dramas,Poland,3,1,114.0
s108,Movie,2020,"January 31, 2020",0,TV-MA,Dramas,Japan,2,1,116.0
s109,TV Show,2019,"July 12, 2019",0,TV-Y7,Kids' TV,United States,3,1,2.0
s110,Movie,2019,"November 20, 2020",1,TV-14,International Movies,Kenya,2,1,93.0
s111,Movie,2017,"February 1, 2018",1,TV-MA,Documentaries,United States,1,1,81.0
s112,TV Show,2018,"October 1, 2020",2,TV-Y7,Kids' TV,Italy,1,1,2.0
s113,TV Show,2019,"August 16, 2019",0,TV-MA,International TV Shows,Spain,3,1,1.0
s114,Movie,2017,"December 20, 2017",0,TV-G,Children & Family Movies,Canada,2,1,84.0
s115,Movie,2019,"July 12, 2019",0,TV-MA,Comedies,Spain,3,1,105.0
s116,Movie,2015,"May 5, 2016",1,NR,Comedies,United States,2,1,86.0
s117,Movie,2019,"June 13, 2020",1,TV-MA,Dramas,Nigeria,3,1,120.0
s118,Movie,2017,"January 5, 2019",2,TV-MA,Action & Adventure,Unknown,3,0,106.0
s119,Movie,2014,"March 17, 2019",5,PG-13,Comedies,United States,3,1,92.0
s120,Movie,2018,"December 7, 2018",0,TV-14,Comedies,Italy,2,1,96.0
s121,Movie,2014,"March 16, 2017",3,R,Comedies,United States,3,1,97.0
s122,Movie,2004,"December 1, 2020",16,PG-13,Comedies,United States,2,1,99.0
s123,Movie,2011,"June 1, 2019",8,R,Comedies,United States,3,1,100.0
s124,Movie,2012,"September 28, 2018",6,TV-14,Dramas,Indonesia,2,1,126.0
s125,Movie,2019,"April 27, 2020",1,TV-14,Comedies,Romania,2,1,96.0
s126,Movie,2018,"April 6, 2018",0,TV-MA,Dramas,United States,2,1,75.0
s127,Movie,2017,"February 8, 2018",1,R,Action & Adventure,New Zealand,3,2,94.0
s128,Movie,2019,"December 13, 2019",0,R,Action & Adventure,United States,2,1,129.0
s129,Movie,2015,"September 8, 2015",0,TV-MA,Dramas,United States,3,1,80.0
s130,Movie,2014,"November 1, 2017",3,TV-MA,Horror Movies,India,3,1,103.0
s131,TV Show,2019,"November 1, 2020",1,TV-MA,Reality TV,United States,1,1,1.0
s132,Movie,2017,"September 1, 2019",2,R,Comedies,United States,3,1,96.0
s133,TV Show,2019,"July 30, 2019",0,TV-14,TV Shows,India,1,1,1.0
s134,Movie,2016,"October 27, 2016",0,TV-MA,Dramas,Spain,2,1,77.0
s135,TV Show,2018,"December 21, 2018",0,TV-PG,Docuseries,United States,1,1,1.0
s136,Movie,2018,"May 15, 2019",1,TV-PG,Comedies,Pakistan,3,1,137.0
s137,Movie,2011,"August 2, 2018",7,TV-MA,Dramas,India,3,1,148.0
s138,TV Show,2016,"June 1, 2016",0,TV-PG,Docuseries,Australia,3,1,1.0
s139,TV Show,2018,"August 10, 2018",0,TV-14,Docuseries,Australia,3,1,1.0
s140,TV Show,2017,"December 22, 2017",0,TV-14,Docuseries,Australia,3,2,1.0
s141,TV Show,2016,"June 1, 2016",0,TV-PG,Docuseries,Australia,3,1,1.0
s142,TV Show,2020,"March 26, 2020",0,TV-MA,Anime Series,Unknown,2,0,2.0
s143,TV Show,2016,"March 1, 2017",1,TV-PG,British TV Shows,United States,3,1,1.0
s144,Movie,2019,"August 13, 2019",0,TV-MA,Comedies,India,3,1,123.0
s145,Movie,2016,"March 5, 2020",4,TV-PG,Dramas,Nigeria,3,1,121.0
s146,Movie,2011,"July 1, 2017",6,PG,Children & Family Movies,Australia,3,1,95.0
s147,Movie,2019,"October 28, 2019",0,TV-PG,Documentaries,Mexico,2,2,28.0
s148,Movie,2020,"October 15, 2020",0,TV-PG,Children & Family Movies,United States,1,1,99.0
s149,Movie,2017,"February 14, 2020",3,R,Comedies,United States,1,2,104.0
s150,Movie,2011,"December 1, 2018",7,TV-14,Dramas,China,3,2,122.0
s151,Movie,2016,"April 1, 2018",2,TV-14,Dramas,India,3,1,104.0
s152,Movie,2016,"January 15, 2018",2,PG,Dramas,United States,2,1,94.0
s153,TV Show,2017,"September 1, 2017",0,TV-MA,International TV Shows,Taiwan,3,1,1.0
s154,Movie,1977,"July 1, 2020",43,PG,Action & Adventure,United States,3,2,176.0
s155,Movie,2020,"December 14, 2020",0,PG-13,Comedies,United States,2,1,107.0
s156,Movie,2018,"April 14, 2020",2,G,Children & Family Movies,United States,2,1,90.0
s157,Movie,2016,"October 2, 2020",4,TV-14,Comedies,Turkey,3,1,94.0
s158,Movie,2020,"October 14, 2020",0,TV-14,Action & Adventure,Taiwan,3,1,101.0
s159,Movie,2018,"November 4, 2020",2,TV-G,Dramas,Canada,2,1,87.0
s160,Movie,2017,"November 17, 2017",0,TV-PG,Children & Family Movies,United States,3,1,92.0
s161,Movie,2019,"December 5, 2019",0,TV-PG,Children & Family Movies,United States,3,1,85.0
s162,Movie,2018,"November 30, 2018",0,TV-PG,Children & Family Movies,United States,3,1,93.0
s163,Movie,2016,"December 20, 2016",0,TV-Y7,Movies,France,1,3,22.0
s164,Movie,2004,"January 1, 2020",16,PG,Children & Family Movies,United States,2,2,95.0
s165,Movie,2019,"December 1, 2019",0,PG,Children & Family Movies,United States,3,1,86.0
s166,Movie,1971,"November 1, 2020",49,R,Classic Movies,United Kingdom,3,2,137.0
s167,Movie,1993,"April 1, 2018",25,R,Dramas,United States,2,1,101.0
s168,Movie,2014,"November 2, 2019",5,TV-Y7,Children & Family Movies,United States,2,1,68.0
s169,Movie,2020,"January 17, 2020",0,TV-MA,Dramas,United States,2,1,121.0
s170,Movie,2015,"October 16, 2016",1,TV-PG,Documentaries,Netherlands,2,3,111.0
s171,Movie,2016,"December 15, 2019",3,R,Dramas,Canada,1,2,110.0
s172,Movie,2019,"December 9, 2019",0,TV-PG,Movies,United States,1,1,29.0
s173,Movie,2016,"November 15, 2017",1,TV-14,Action & Adventure,India,3,1,142.0
s174,Movie,2018,"April 20, 2019",1,TV-MA,Dramas,Denmark,2,1,168.0
s175,Movie,2018,"January 26, 2018",0,TV-MA,Comedies,United States,1,1,102.0
s176,Movie,2017,"January 7, 2020",3,R,Dramas,United States,2,1,92.0
s177,Movie,2012,"July 15, 2018",6,R,Comedies,United States,2,1,86.0
s178,Movie,2020,"November 27, 2020",0,TV-Y,Children & Family Movies,United States,1,1,22.0
s179,Movie,2020,"October 2, 2020",0,TV-Y,Children & Family Movies,Unknown,1,0,22.0
s180,Movie,2020,"August 4, 2020",0,TV-Y,Children & Family Movies,Unknown,1,0,21.0
s181,TV Show,2013,"January 1, 2017",4,TV-14,International TV Shows,Taiwan,3,1,1.0
s182,Movie,2015,"November 1, 2016",1,TV-PG,Documentaries,United Kingdom,1,1,59.0
s183,Movie,2017,"December 25, 2017",0,TV-MA,Documentaries,United States,1,1,93.0
s184,Movie,2013,"February 21, 2020",7,R,Comedies,United States,2,1,86.0
s185,Movie,2019,"September 17, 2019",0,TV-14,Horror Movies,United States,2,1,80.0
s186,Movie,2015,"February 15, 2017",2,TV-MA,Dramas,Germany,3,1,109.0
s187,Movie,2011,"November 4, 2019",8,TV-G,Children & Family Movies,United States,3,1,92.0
s188,Movie,2019,"April 30, 2019",0,TV-MA,Comedies,Hong Kong,2,1,92.0
s189,TV Show,2017,"September 1, 2017",0,TV-PG,International TV Shows,Taiwan,3,1,1.0
s190,Movie,2019,"July 6, 2020",1,TV-MA,Documentaries,United States,2,2,89.0
s191,Movie,2016,"May 1, 2017",1,R,Thrillers,United States,1,1,96.0
s192,TV Show,2017,"March 5, 2019",2,TV-MA,International TV Shows,South Korea,3,1,1.0
s193,Movie,2019,"April 13, 2019",0,TV-MA,Dramas,France,2,3,95.0
s194,Movie,2018,"August 27, 2018",0,TV-MA,Documentaries,United States,1,1,87.0
s195,Movie,2020,"March 20, 2020",0,TV-14,Documentaries,Argentina,3,1,93.0
s196,TV Show,2006,"November 10, 2020",14,TV-14,TV Shows,United States,1,1,1.0
s197,Movie,2014,"April 17, 2019",5,R,Dramas,United Kingdom,3,1,113.0
s198,TV Show,2018,"May 4, 2018",0,TV-G,Stand-Up Comedy & Talk Shows,United States,2,1,1.0
s199,TV Show,2019,"October 26, 2019",0,TV-G,International TV Shows,China,3,1,1.0
s200,TV Show,2020,"December 28, 2020",0,TV-PG,International TV Shows,South Korea,3,1,1.0
s201,Movie,2020,"September 21, 2020",0,TV-PG,Documentaries,United States,1,1,20.0
s202,Movie,2007,"March 14, 2019",12,TV-14,Dramas,Philippines,3,1,117.0
s203,TV Show,2010,"March 12, 2019",9,TV-14,Crime TV Shows,South Korea,3,1,1.0
s204,Movie,2016,"October 15, 2016",0,TV-MA,Comedies,France,3,1,97.0
s205,Movie,2012,"April 25, 2019",7,TV-MA,Comedies,Unknown,2,0,98.0
s206,Movie,2016,"January 16, 2021",5,PG-13,Dramas,United Kingdom,2,3,108.0
s207,Movie,2014,"July 22, 2018",4,R,Dramas,United Arab Emirates,2,2,125.0
s208,Movie,2014,"April 28, 2017",3,PG-13,Documentaries,United States,1,1,91.0
s209,Movie,2017,"June 12, 2018",1,TV-14,Documentaries,Brazil,2,1,76.0
s210,Movie,2020,"November 5, 2020",0,TV-MA,Dramas,United States,3,1,90.0
s211,Movie,1998,"December 1, 2019",21,PG-13,Comedies,United States,2,1,82.0
s212,Movie,2015,"September 1, 2016",1,TV-MA,Dramas,Netherlands,2,1,111.0
s213,Movie,2015,"April 15, 2017",2,TV-MA,Dramas,United Kingdom,2,1,92.0
s214,TV Show,2020,"September 25, 2020",0,TV-14,Crime TV Shows,Germany,3,1,1.0
s215,Movie,2012,"January 1, 2019",7,TV-MA,Dramas,United States,3,1,110.0
s216,Movie,2013,"June 6, 2019",6,R,Dramas,United States,3,1,94.0
s217,Movie,2016,"October 4, 2019",3,TV-14,Documentaries,United Kingdom,1,2,100.0
s218,Movie,2011,"August 28, 2020",9,TV-PG,Children & Family Movies,United States,3,1,91.0
s219,TV Show,2020,"November 11, 2020",0,TV-14,International TV Shows,Brazil,2,1,1.0
s220,Movie,2019,"November 1, 2019",0,TV-MA,Comedies,Spain,2,1,94.0
s221,Movie,2011,"November 1, 2013",2,NR,Stand-Up Comedy,Canada,1,1,44.0
s222,Movie,2016,"October 15, 2017",1,TV-MA,International Movies,India,2,1,108.0
s223,Movie,2015,"February 27, 2019",4,TV-MA,Dramas,Philippines,3,1,130.0
s224,Movie,2020,"April 29, 2020",0,TV-14,Documentaries,United States,2,1,83.0
s225,Movie,2011,"March 16, 2019",8,PG-13,Dramas,Iran,2,2,123.0
s226,TV Show,2019,"January 1, 2019",0,TV-PG,Kids' TV,United States,3,1,3.0
s227,Movie,2009,"January 16, 2018",9,R,Comedies,United States,2,3,106.0
s228,Movie,2020,"February 14, 2020",0,G,Children & Family Movies,United Kingdom,2,5,87.0
s229,Movie,2016,"June 5, 2019",3,TV-14,Anime Features,Japan,2,1,130.0
s230,Movie,2009,"November 11, 2019",10,R,Dramas,United States,3,1,100.0
s231,Movie,2017,"April 1, 2018",1,TV-14,Dramas,Argentina,3,6,96.0
s232,Movie,2015,"August 1, 2017",2,TV-PG,Dramas,United States,2,1,89.0
s233,Movie,1988,"October 1, 2011",23,TV-14,Dramas,United States,1,1,95.0
s234,Movie,2017,"December 1, 2017",0,TV-Y,Children & Family Movies,United States,2,1,26.0
s235,Movie,2019,"January 24, 2020",1,TV-MA,Dramas,Taiwan,3,1,156.0
s236,TV Show,2018,"January 27, 2019",1,TV-MA,International TV Shows,Taiwan,2,1,1.0
s237,Movie,2015,"October 25, 2019",4,PG-13,Dramas,Israel,2,2,98.0
s238,Movie,2019,"May 22, 2019",0,TV-PG,Documentaries,United States,2,2,30.0
s239,Movie,1996,"December 1, 2020",24,R,Comedies,United States,2,1,108.0
s240,TV Show,2019,"June 1, 2019",0,TV-14,International TV Shows,Taiwan,2,1,1.0
s241,Movie,2012,"July 1, 2020",8,PG-13,Comedies,United States,1,1,92.0
s242,TV Show,2016,"July 1, 2020",4,TV-MA,International TV Shows,Taiwan,2,1,1.0
s243,Movie,2020,"December 11, 2020",0,TV-Y,Children & Family Movies,Unknown,1,0,28.0
s244,Movie,2016,"December 13, 2019",3,TV-MA,Comedies,Nigeria,2,1,99.0
s245,Movie,2020,"March 31, 2020",0,TV-Y7,Children & Family Movies,India,1,1,85.0
s246,Movie,2018,"December 28, 2018",0,TV-MA,Dramas,Uruguay,2,3,122.0
s247,Movie,2017,"November 15, 2020",3,TV-G,Music & Musicals,United States,2,2,84.0
s248,Movie,2015,"December 4, 2015",0,TV-14,Comedies,United States,2,1,57.0
s249,TV Show,2018,"July 30, 2018",0,TV-MA,International TV Shows,France,2,1,2.0
s250,Movie,2008,"November 12, 2020",12,TV-G,International Movies,Philippines,2,1,107.0
s251,Movie,2002,"July 1, 2020",18,PG,Dramas,United States,2,1,102.0
s252,Movie,2008,"November 1, 2018",10,TV-MA,Action & Adventure,India,3,1,103.0
s253,Movie,2017,"February 19, 2018",1,TV-14,Documentaries,United States,1,1,91.0
s254,Movie,2020,"June 18, 2020",0,TV-PG,Anime Features,Japan,3,1,104.0
s255,Movie,2017,"October 1, 2018",1,PG,Children & Family Movies,Canada,1,1,91.0
s256,Movie,2018,"September 25, 2018",0,PG,Children & Family Movies,United States,1,1,110.0
s257,TV Show,2015,"November 1, 2019",4,TV-PG,Docuseries,United States,3,1,1.0
s258,Movie,2016,"May 1, 2017",1,TV-MA,Dramas,Singapore,3,2,111.0
s260,TV Show,2015,"December 15, 2017",2,TV-14,TV Dramas,United States,1,1,1.0
s261,TV Show,2018,"March 9, 2018",0,TV-14,Anime Series,Japan,2,1,1.0
s262,Movie,2019,"October 1, 2020",1,TV-MA,Horror Movies,Canada,1,1,77.0
s263,Movie,2018,"March 20, 2019",1,PG,Action & Adventure,United States,3,1,99.0
s264,Movie,2011,"April 4, 2018",7,TV-MA,Dramas,Turkey,3,1,122.0
s265,Movie,2017,"May 15, 2018",1,TV-MA,Comedies,India,2,1,150.0
s266,Movie,2009,"November 1, 2018",9,TV-14,Comedies,India,3,1,117.0
s267,Movie,2013,"January 1, 2018",5,TV-PG,Comedies,India,3,1,126.0
s268,Movie,1988,"September 1, 2017",29,TV-14,Action & Adventure,India,2,1,148.0
s269,Movie,2018,"November 15, 2018",0,TV-PG,Dramas,India,3,1,122.0
s270,Movie,2008,"November 1, 2018",10,TV-14,International Movies,India,2,1,95.0
s271,Movie,2018,"September 10, 2020",2,TV-14,Dramas,India,3,1,133.0
s272,Movie,2011,"December 31, 2019",8,TV-14,Dramas,India,2,1,164.0
s273,Movie,2010,"October 22, 2017",7,TV-14,Dramas,India,2,1,115.0
s274,Movie,1993,"June 1, 2017",24,TV-14,Dramas,India,3,1,154.0
s275,Movie,2010,"January 1, 2018",8,TV-14,Comedies,India,3,1,133.0
s276,Movie,2019,"December 31, 2019",0,TV-14,Horror Movies,India,3,1,110.0
s277,TV Show,2019,"July 1, 2020",1,TV-Y,Kids' TV,United States,1,2,1.0
s278,Movie,2015,"May 1, 2017",2,TV-PG,Comedies,India,3,1,127.0
s279,Movie,2015,"November 1, 2018",3,TV-14,Dramas,India,3,1,146.0
s280,Movie,2013,"November 1, 2018",5,TV-14,Dramas,India,2,1,136.0
s281,Movie,2012,"April 19, 2019",7,TV-MA,Action & Adventure,Egypt,3,1,100.0
s282,Movie,2017,"January 15, 2019",2,TV-14,Documentaries,United States,1,1,90.0
s283,Movie,2016,"January 15, 2019",3,TV-14,Dramas,Pakistan,2,1,88.0
s284,Movie,2016,"May 1, 2018",2,TV-14,Comedies,India,3,1,131.0
s286,Movie,2012,"February 18, 2016",4,TV-Y7,Children & Family Movies,United States,2,1,44.0
s287,Movie,2002,"February 1, 2019",17,PG-13,Comedies,United Kingdom,3,4,101.0
s288,Movie,2013,"April 16, 2019",6,R,Comedies,United Kingdom,3,1,123.0
s289,TV Show,2019,"September 25, 2019",0,TV-14,Docuseries,United States,1,1,2.0
s290,TV Show,2020,"April 22, 2020",0,TV-PG,Docuseries,United States,3,1,1.0
s291,TV Show,2019,"May 7, 2019",0,TV-14,Crime TV Shows,South Korea,3,1,1.0
s292,Movie,2015,"August 25, 2016",1,TV-MA,Dramas,Argentina,2,1,90.0
s293,Movie,2016,"June 3, 2017",1,TV-MA,Comedies,Mexico,3,1,89.0
s294,Movie,2009,"December 1, 2018",9,TV-MA,International Movies,Hong Kong,2,1,87.0
s295,TV Show,2018,"October 19, 2018",0,TV-14,International TV Shows,China,3,1,1.0
s296,Movie,2013,"December 1, 2016",3,TV-PG,Dramas,United States,1,1,24.0
s297,Movie,2015,"April 1, 2019",4,TV-MA,Dramas,Canada,2,1,88.0
s298,Movie,2007,"January 1, 2019",12,PG-13,Dramas,United States,3,2,133.0
s299,Movie,2012,"June 1, 2020",8,R,Action & Adventure,United States,1,1,110.0
s300,Movie,2010,"September 29, 2018",8,NR,Action & Adventure,Turkey,2,2,112.0
s301,Movie,2010,"May 11, 2020",10,TV-PG,Children & Family Movies,India,3,1,129.0
s302,Movie,2017,"January 25, 2018",1,R,Action & Adventure,Bulgaria,2,2,87.0
s303,Movie,2018,"August 1, 2020",2,R,Action & Adventure,Canada,1,1,87.0
s304,TV Show,2018,"November 1, 2019",1,TV-MA,Crime TV Shows,France,3,1,1.0
s305,Movie,2020,"July 1, 2020",0,TV-MA,Dramas,Spain,2,1,120.0
s306,Movie,2019,"June 18, 2019",0,TV-MA,Stand-Up Comedy,United States,1,1,59.0
s307,TV Show,2018,"September 30, 2018",0,TV-14,TV Comedies,United States,1,1,1.0
s308,Movie,2018,"October 23, 2018",0,TV-MA,Stand-Up Comedy,United States,1,1,74.0
s309,Movie,1986,"October 1, 2011",25,TV-MA,Dramas,United States,1,1,96.0
s310,Movie,2014,"June 12, 2020",6,TV-14,Action & Adventure,France,3,1,91.0
s311,Movie,2018,"March 1, 2018",0,TV-MA,Stand-Up Comedy,United States,1,1,59.0
s312,Movie,2018,"January 15, 2019",1,TV-14,Comedies,India,3,1,105.0
s313,Movie,2017,"July 18, 2017",0,TV-MA,Stand-Up Comedy,India,1,1,63.0
s314,Movie,2013,"November 20, 2019",6,R,Dramas,Australia,3,2,111.0
s315,Movie,2018,"September 1, 2020",2,PG-13,Action & Adventure,Hong Kong,3,3,96.0
s316,Movie,2017,"December 31, 2019",2,TV-14,Horror Movies,India,3,1,99.0
s317,Movie,2015,"June 23, 2015",0,TV-MA,Dramas,United States,3,1,92.0
s318,Movie,2018,"August 15, 2018",0,NR,Comedies,Canada,1,2,86.0
s319,Movie,2016,"May 7, 2020",4,TV-14,International Movies,United Arab Emirates,2,1,90.0
s320,TV Show,2018,"August 10, 2018",0,TV-MA,Docuseries,United States,3,1,1.0
s321,Movie,2020,"September 3, 2020",0,TV-MA,Stand-Up Comedy,Brazil,1,1,63.0
s322,TV Show,2013,"April 28, 2016",3,TV-PG,British TV Shows,United Kingdom,3,1,1.0
s323,TV Show,2017,"October 31, 2020",3,TV-PG,Docuseries,Brazil,2,1,1.0
s324,Movie,2019,"October 9, 2019",0,PG-13,Dramas,United States,2,1,106.0
s325,TV Show,2020,"April 24, 2020",0,TV-MA,British TV Shows,United Kingdom,3,1,2.0
s326,Movie,2019,"May 24, 2019",0,TV-PG,Documentaries,United States,1,1,38.0
s327,Movie,2012,"May 27, 2019",7,NR,Documentaries,United States,1,1,93.0
s328,Movie,2018,"December 30, 2018",0,TV-MA,Documentaries,United States,1,1,87.0
s329,Movie,2019,"December 19, 2019",0,TV-PG,Documentaries,United States,2,2,25.0
s330,Movie,2020,"December 22, 2020",0,R,Dramas,United States,2,1,105.0
s331,Movie,2017,"March 15, 2020",3,R,Dramas,United Kingdom,1,2,94.0
s332,Movie,2008,"August 13, 2020",12,TV-MA,Dramas,United States,2,1,107.0
s333,Movie,2012,"March 7, 2018",6,R,Action & Adventure,United States,2,2,89.0
s334,TV Show,2014,"July 1, 2017",3,TV-14,Crime TV Shows,Singapore,3,1,1.0
s335,Movie,2018,"January 31, 2019",1,TV-MA,Dramas,United Kingdom,1,1,92.0
s336,TV Show,2017,"July 12, 2019",2,TV-MA,British TV Shows,United Kingdom,3,1,1.0
s337,TV Show,2010,"August 14, 2017",7,TV-MA,International TV Shows,Unknown,3,0,2.0
s338,TV Show,2018,"September 1, 2018",0,TV-MA,Crime TV Shows,Taiwan,3,1,1.0
s339,TV Show,2017,"November 10, 2018",1,TV-PG,Docuseries,Germany,3,3,1.0
s340,TV Show,2019,"December 20, 2019",0,TV-MA,International TV Shows,Mauritius,2,2,1.0
s341,TV Show,2015,"April 15, 2017",2,TV-14,Crime TV Shows,India,3,1,1.0
s342,TV Show,2020,"August 27, 2020",0,TV-14,Anime Series,Japan,2,1,3.0
s343,Movie,2018,"December 20, 2018",0,TV-PG,Movies,Japan,1,1,22.0
s344,Movie,1990,"April 1, 2020",30,TV-14,Dramas,India,2,1,174.0
s345,Movie,2018,"February 16, 2018",0,TV-MA,Stand-Up Comedy,Argentina,1,1,60.0
s346,Movie,2009,"October 1, 2018",9,TV-14,Horror Movies,India,2,1,97.0
s347,Movie,2006,"December 31, 2019",13,TV-14,Dramas,India,3,1,122.0
s348,Movie,2012,"March 1, 2018",6,R,Documentaries,United States,1,1,91.0
s349,TV Show,2019,"January 30, 2020",1,TV-14,International TV Shows,Japan,3,1,1.0
s350,TV Show,2018,"March 28, 2019",1,TV-MA,International TV Shows,Japan,3,1,2.0
s351,TV Show,2014,"July 12, 2019",5,TV-PG,British TV Shows,United Kingdom,3,1,1.0
s352,Movie,2020,"November 17, 2020",0,TV-PG,Dramas,United States,2,2,84.0
s353,Movie,2020,"January 23, 2020",0,TV-PG,Comedies,United States,3,1,97.0
s354,Movie,2015,"October 15, 2017",2,TV-14,Dramas,India,3,1,127.0
s355,Movie,2004,"March 1, 2018",14,TV-14,International Movies,India,3,1,153.0
s356,Movie,2018,"May 15, 2018",0,TV-MA,Action & Adventure,India,3,1,158.0
s357,Movie,2012,"July 5, 2020",8,TV-14,Comedies,India,3,1,151.0
s358,TV Show,2020,"January 10, 2020",0,TV-14,TV Comedies,United States,2,1,1.0
s359,Movie,2009,"October 25, 2020",11,TV-14,Comedies,India,3,1,150.0
s360,TV Show,2015,"October 13, 2017",2,TV-PG,International TV Shows,Unknown,2,0,1.0
s361,TV Show,2016,"December 27, 2016",0,TV-MA,Anime Series,Japan,2,1,2.0
s362,Movie,2017,"May 1, 2018",1,TV-MA,Dramas,India,2,1,105.0
s363,Movie,2020,"December 25, 2020",0,TV-MA,Comedies,India,3,1,109.0
s364,TV Show,2014,"March 1, 2020",6,TV-14,Anime Series,Japan,3,1,1.0
s365,TV Show,2019,"March 31, 2020",1,TV-G,Kids' TV,India,3,1,1.0
s366,TV Show,2015,"November 3, 2017",2,TV-14,International TV Shows,Unknown,2,0,1.0
s367,Movie,2019,"January 12, 2021",2,TV-MA,International Movies,Unknown,2,0,81.0
s368,TV Show,2017,"September 15, 2018",1,TV-14,Crime TV Shows,Lebanon,3,1,1.0
s369,Movie,2020,"February 27, 2020",0,TV-14,Action & Adventure,India,3,1,162.0
s370,Movie,2017,"March 6, 2020",3,TV-MA,Comedies,Unknown,2,0,104.0
s371,Movie,2017,"August 4, 2017",0,TV-MA,Stand-Up Comedy,Mexico,1,1,54.0
s372,Movie,2017,"August 5, 2019",2,TV-MA,Comedies,Egypt,2,1,94.0
s373,Movie,2017,"December 31, 2020",3,TV-MA,Dramas,United States,2,1,83.0
s374,Movie,2019,"December 31, 2019",0,TV-MA,Dramas,India,3,1,85.0
s375,Movie,2016,"July 1, 2017",1,TV-PG,Children & Family Movies,United States,1,2,106.0
s376,Movie,2018,"January 10, 2018",0,TV-MA,Stand-Up Comedy,Colombia,1,1,60.0
s377,Movie,2018,"August 18, 2018",0,TV-MA,Documentaries,Spain,3,1,102.0
s378,Movie,2019,"April 16, 2020",1,TV-MA,Comedies,Uruguay,3,2,88.0
s379,Movie,2020,"January 23, 2020",0,TV-MA,Stand-Up Comedy,Mexico,1,1,51.0
s380,Movie,2018,"June 8, 2018",0,TV-MA,Comedies,United States,3,1,100.0
s381,TV Show,2020,"June 13, 2020",0,TV-G,Kids' TV,United States,2,1,4.0
s382,Movie,1979,"June 18, 2020",41,TV-MA,Classic Movies,Egypt,3,2,131.0
s383,Movie,1989,"June 18, 2020",31,TV-MA,Classic Movies,France,3,2,109.0
s384,Movie,2019,"March 20, 2019",0,TV-MA,Documentaries,Uruguay,3,1,69.0
s385,Movie,2019,"May 12, 2020",1,TV-14,Dramas,United Arab Emirates,3,1,106.0
s386,Movie,2015,"July 1, 2020",5,TV-MA,Action & Adventure,Turkey,3,1,115.0
s387,Movie,2016,"May 6, 2016",0,TV-MA,Stand-Up Comedy,United States,1,1,60.0
s388,Movie,2018,"May 13, 2018",0,TV-MA,Stand-Up Comedy,United States,1,1,64.0
s389,Movie,2018,"June 8, 2018",0,TV-MA,Comedies,Australia,3,1,110.0
s390,TV Show,2017,"November 3, 2017",0,TV-MA,Crime TV Shows,Canada,3,1,1.0
s391,Movie,2017,"September 1, 2017",0,TV-MA,Documentaries,Unknown,2,0,54.0
s392,Movie,1980,"January 15, 2018",38,TV-14,Action & Adventure,Soviet Union,3,2,147.0
s393,Movie,1974,"July 1, 2019",45,PG,Classic Movies,United States,3,1,112.0
s394,TV Show,2020,"December 10, 2020",0,TV-MA,International TV Shows,Japan,3,1,1.0
s395,Movie,2019,"October 23, 2020",1,TV-MA,Comedies,Brazil,3,1,87.0
s396,Movie,2017,"January 9, 2018",1,TV-PG,Documentaries,United States,1,1,63.0
s397,TV Show,2020,"August 21, 2020",0,TV-Y7,Kids' TV,Unknown,2,0,1.0
s398,Movie,2019,"April 5, 2019",0,TV-MA,Action & Adventure,United States,2,1,88.0
s399,TV Show,2020,"December 2, 2020",0,TV-PG,British TV Shows,United Kingdom,3,1,1.0
s400,Movie,2020,"November 20, 2020",0,TV-Y,Children & Family Movies,United States,1,1,42.0
s401,Movie,2018,"March 6, 2018",0,PG,Children & Family Movies,United States,3,1,90.0
s402,Movie,2016,"August 10, 2017",1,TV-14,Documentaries,Sweden,1,2,89.0
s403,Movie,2017,"March 6, 2020",3,TV-MA,Dramas,South Africa,3,1,79.0
s404,Movie,2018,"March 18, 2019",1,R,Comedies,United States,3,1,101.0
s405,TV Show,2018,"August 10, 2018",0,TV-PG,TV Comedies,United States,1,1,1.0
s406,TV Show,2019,"March 17, 2020",1,TV-14,TV Dramas,United States,2,1,2.0
s407,Movie,2020,"October 1, 2020",0,TV-PG,Action & Adventure,Malaysia,3,1,102.0
s408,Movie,2020,"May 1, 2020",0,R,Dramas,United States,2,1,122.0
s409,Movie,1989,"June 1, 2020",31,G,Children & Family Movies,Ireland,1,3,85.0
s410,TV Show,2020,"June 26, 2020",0,TV-MA,International TV Shows,Colombia,3,1,1.0
s411,Movie,2019,"July 30, 2019",0,TV-MA,International Movies,Spain,2,2,83.0
s412,TV Show,2017,"December 1, 2017",0,TV-Y7,Kids' TV,United States,2,1,5.0
s413,TV Show,2017,"May 12, 2017",0,TV-Y7,Kids' TV,Unknown,3,0,1.0
s414,Movie,2016,"August 1, 2017",1,TV-G,Children & Family Movies,United States,2,1,92.0
s415,Movie,2019,"May 3, 2019",0,TV-14,Documentaries,United States,2,1,40.0
s416,Movie,2018,"February 2, 2019",1,TV-MA,Horror Movies,United States,2,1,84.0
s417,Movie,2017,"January 11, 2019",2,TV-MA,Comedies,Philippines,3,1,104.0
s418,Movie,2006,"July 3, 2018",12,R,Horror Movies,United States,1,1,91.0
s419,Movie,2020,"February 28, 2020",0,TV-MA,Dramas,United States,2,1,109.0
s420,Movie,2018,"May 15, 2019",1,R,Action & Adventure,United Kingdom,1,1,100.0
s421,Movie,2020,"January 3, 2020",0,TV-14,Comedies,Mexico,3,1,90.0
s422,Movie,2017,"April 19, 2018",1,TV-MA,Comedies,Brazil,3,1,90.0
s423,Movie,2020,"August 29, 2020",0,PG,Dramas,United States,1,1,94.0
s424,Movie,2009,"November 9, 2018",9,TV-14,Comedies,Hong Kong,3,1,99.0
s425,Movie,2019,"June 6, 2019",0,TV-MA,Dramas,Germany,2,1,90.0
s426,Movie,2017,"March 18, 2020",3,R,Dramas,United States,2,1,95.0
s427,TV Show,2020,"May 2, 2020",0,TV-MA,International TV Shows,Argentina,3,1,1.0
s428,Movie,2020,"August 2, 2020",0,TV-MA,Comedies,United States,3,1,92.0
s429,TV Show,2019,"June 2, 2020",1,TV-14,Reality TV,Unknown,1,0,1.0
s430,Movie,2016,"February 15, 2019",3,R,Dramas,United Kingdom,1,3,103.0
s431,Movie,2019,"November 5, 2020",1,TV-14,Dramas,Philippines,3,1,103.0
s432,Movie,2001,"October 1, 2019",18,R,Thrillers,United States,1,3,103.0
s433,Movie,2013,"October 1, 2019",6,TV-G,Children & Family Movies,United States,1,1,45.0
s434,Movie,2014,"January 1, 2020",6,TV-Y7,Children & Family Movies,United States,1,2,45.0
s435,TV Show,2014,"May 25, 2020",6,TV-Y,Kids' TV,United Kingdom,1,1,5.0
s436,Movie,2017,"January 1, 2018",1,TV-G,Documentaries,United States,1,1,90.0
s437,Movie,2018,"January 28, 2019",1,TV-MA,Documentaries,Unknown,1,0,106.0
s438,TV Show,2020,"February 27, 2020",0,TV-MA,Crime TV Shows,United States,3,1,2.0
s439,Movie,2020,"March 19, 2020",0,TV-MA,Action & Adventure,Japan,3,2,75.0
s440,Movie,2019,"March 3, 2020",1,TV-14,Comedies,United States,2,1,98.0
s441,TV Show,2019,"February 28, 2020",1,TV-14,International TV Shows,Colombia,3,1,2.0
s442,Movie,2016,"September 1, 2020",4,TV-14,International Movies,Philippines,2,1,112.0
s443,Movie,2016,"September 30, 2016",0,TV-MA,Documentaries,Denmark,1,2,92.0
s444,Movie,2002,"September 28, 2020",18,PG-13,Documentaries,South Africa,3,2,103.0
s445,Movie,2017,"July 15, 2017",0,TV-MA,Dramas,Spain,3,1,104.0
s446,Movie,2015,"June 20, 2017",2,TV-MA,Comedies,United Kingdom,3,1,92.0
s447,Movie,1977,"December 31, 2019",42,TV-14,Action & Adventure,India,3,1,172.0
s448,Movie,2011,"April 26, 2019",8,TV-14,Dramas,Egypt,2,1,125.0
s449,Movie,2018,"April 6, 2018",0,TV-MA,Dramas,United States,3,1,96.0
s450,TV Show,2018,"July 20, 2018",0,TV-PG,British TV Shows,United Kingdom,3,1,1.0
s451,Movie,2017,"June 1, 2017",0,TV-PG,Documentaries,United Kingdom,1,1,44.0
s452,TV Show,2014,"September 15, 2019",5,TV-14,Docuseries,United States,1,1,1.0
s453,TV Show,2013,"November 15, 2020",7,TV-14,Reality TV,United States,1,1,2.0
s454,Movie,2016,"June 23, 2017",1,TV-MA,Documentaries,United States,1,1,81.0
s455,Movie,2017,"January 31, 2020",3,R,Action & Adventure,United States,1,1,112.0
s456,Movie,1999,"January 1, 2020",21,R,Dramas,United States,1,1,122.0
s457,Movie,2017,"December 16, 2018",1,TV-14,Documentaries,United States,1,1,101.0
s458,TV Show,2017,"May 30, 2017",0,TV-MA,Crime TV Shows,United States,2,1,3.0
s459,TV Show,2016,"March 6, 2019",3,TV-MA,Crime TV Shows,United States,2,1,1.0
s460,Movie,2017,"April 19, 2017",0,TV-MA,Documentaries,United States,1,1,53.0
s461,TV Show,2018,"May 2, 2019",1,TV-PG,Docuseries,United States,1,1,1.0
s462,Movie,2018,"May 1, 2019",1,TV-14,Documentaries,United States,1,1,53.0
s463,Movie,2019,"August 21, 2019",0,TV-14,Documentaries,United States,1,1,110.0
s464,Movie,2019,"September 5, 2019",0,TV-G,Documentaries,United States,1,1,10.0
s465,Movie,2019,"July 30, 2019",0,TV-MA,Thrillers,Canada,1,1,99.0
s466,Movie,2014,"October 23, 2019",5,R,Action & Adventure,Canada,2,2,95.0
s467,Movie,1998,"November 1, 2019",21,R,Dramas,United States,1,1,119.0
s468,Movie,2016,"April 27, 2019",3,R,Dramas,United Kingdom,2,2,163.0
s469,TV Show,2019,"November 13, 2020",1,TV-MA,TV Horror,United States,3,1,9.0
s470,Movie,2018,"April 1, 2019",1,TV-MA,Documentaries,United States,2,1,55.0
s471,Movie,2020,"September 30, 2020",0,TV-MA,Documentaries,United States,1,1,84.0
s472,TV Show,2015,"April 5, 2016",1,TV-14,TV Dramas,United States,2,1,1.0
s473,Movie,2020,"October 6, 2020",0,R,Comedies,United States,1,1,96.0
s474,Movie,2000,"September 1, 2019",19,R,Comedies,United States,3,2,102.0
s475,Movie,2019,"November 1, 2019",0,TV-MA,Dramas,United States,1,1,90.0
s476,TV Show,2018,"September 14, 2018",0,TV-MA,Crime TV Shows,United States,3,1,2.0
s477,Movie,2019,"September 13, 2019",0,TV-MA,Dramas,United States,1,1,106.0
s478,Movie,2019,"February 28, 2020",1,TV-14,Stand-Up Comedy,India,1,1,72.0
s479,TV Show,2017,"April 9, 2018",1,TV-MA,International TV Shows,Philippines,2,1,1.0
s480,Movie,2017,"February 15, 2019",2,TV-14,Comedies,Turkey,2,1,127.0
s481,Movie,1966,"July 1, 2017",51,TV-PG,Dramas,India,3,1,116.0
s482,Movie,2015,"July 26, 2018",3,R,Documentaries,United Kingdom,3,1,128.0
s483,Movie,2019,"March 19, 2019",0,TV-MA,Stand-Up Comedy,United States,1,1,61.0
s484,Movie,2017,"March 7, 2017",0,TV-MA,Stand-Up Comedy,United States,1,1,57.0
s485,Movie,2013,"January 1, 2017",4,TV-PG,Documentaries,India,2,1,80.0
s486,Movie,1986,"April 1, 2018",32,G,Children & Family Movies,United States,1,1,80.0
s487,Movie,1991,"April 1, 2018",27,G,Children & Family Movies,United States,1,1,75.0
s488,Movie,1999,"April 1, 2018",19,G,Children & Family Movies,United States,1,1,75.0
s489,Movie,2000,"April 1, 2018",18,G,Children & Family Movies,United States,1,1,79.0
s490,Movie,2019,"August 13, 2020",1,TV-MA,Comedies,France,3,1,93.0
s491,Movie,1982,"June 18, 2020",38,TV-MA,Classic Movies,Egypt,3,1,129.0
s492,Movie,2018,"June 17, 2020",2,R,Comedies,United Kingdom,2,2,108.0
s493,Movie,2012,"April 26, 2019",7,TV-14,Dramas,Egypt,2,1,87.0
s494,Movie,2017,"January 13, 2021",4,R,Dramas,United States,2,1,71.0
s495,TV Show,2012,"January 1, 2017",5,TV-14,International TV Shows,Taiwan,3,1,1.0
s496,Movie,2018,"March 1, 2019",1,TV-PG,Dramas,United States,2,1,97.0
s497,Movie,2017,"October 1, 2020",3,R,Dramas,Serbia,2,2,91.0
s498,Movie,2020,"December 17, 2020",0,TV-14,Comedies,Colombia,3,1,83.0
s499,Movie,2014,"June 20, 2019",5,TV-MA,Comedies,Egypt,3,1,85.0
s500,Movie,2018,"November 2, 2018",0,TV-MA,Comedies,Brazil,3,1,116.0
s501,Movie,2014,"September 17, 2020",6,TV-14,International Movies,India,2,1,130.0
s502,Movie,2017,"August 1, 2017",0,TV-MA,Dramas,India,3,1,111.0
s503,Movie,2017,"February 15, 2019",2,TV-MA,Comedies,Spain,3,1,113.0
s504,Movie,2010,"May 20, 2020",10,TV-MA,Dramas,Canada,2,2,97.0
s505,TV Show,2018,"September 17, 2019",1,TV-14,Docuseries,United States,2,1,1.0
s506,Movie,2018,"January 4, 2019",1,TV-14,Dramas,Iceland,3,3,102.0
s507,Movie,2008,"June 2, 2020",12,TV-14,Comedies,Egypt,2,1,106.0
s508,Movie,1994,"May 11, 2020",26,TV-14,Action & Adventure,India,3,1,160.0
s509,Movie,2018,"December 16, 2018",0,TV-14,Comedies,India,3,1,137.0
s510,Movie,2020,"November 24, 2020",0,TV-14,Horror Movies,Unknown,3,0,171.0
s511,Movie,2020,"November 24, 2020",0,TV-14,Horror Movies,India,3,1,171.0
s512,Movie,2020,"December 8, 2020",0,TV-PG,Documentaries,Singapore,2,1,104.0
s513,Movie,2020,"August 5, 2020",0,TV-14,Documentaries,France,3,1,95.0
s514,Movie,2015,"December 30, 2018",3,R,Dramas,United States,2,1,90.0
s515,Movie,2017,"July 1, 2018",1,TV-14,Action & Adventure,India,3,1,128.0
s516,TV Show,2014,"April 30, 2019",5,TV-14,International TV Shows,Taiwan,3,1,1.0
s517,TV Show,2010,"July 15, 2019",9,TV-PG,Anime Series,Japan,2,1,1.0
s518,Movie,2001,"September 5, 2020",19,R,Dramas,United States,2,1,103.0
s519,Movie,2019,"April 4, 2020",1,R,Action & Adventure,United States,1,1,121.0
s520,Movie,2018,"November 30, 2018",0,TV-Y,Children & Family Movies,Ireland,1,2,30.0
s521,Movie,2020,"December 1, 2020",0,TV-Y,Children & Family Movies,United States,1,1,48.0
s522,Movie,2009,"December 1, 2020",11,PG-13,Thrillers,United States,1,2,139.0
s523,Movie,2003,"November 1, 2019",16,PG-13,Comedies,United States,1,1,105.0
s524,TV Show,2018,"March 16, 2019",1,TV-Y7,Kids' TV,Finland,2,1,3.0
s525,Movie,2015,"March 14, 2017",2,TV-MA,Dramas,India,3,2,104.0
s526,Movie,2020,"March 5, 2020",0,TV-14,Action & Adventure,Unknown,3,0,162.0
s527,Movie,2018,"September 10, 2020",2,TV-14,Dramas,India,2,1,157.0
s528,Movie,2019,"June 27, 2019",0,TV-PG,Dramas,United Kingdom,3,1,15.0
s529,Movie,2020,"July 24, 2020",0,TV-Y7,Children & Family Movies,China,2,4,106.0
s530,Movie,2018,"September 28, 2018",0,TV-MA,Action & Adventure,China,3,1,130.0
s531,Movie,2018,"January 25, 2019",1,TV-MA,Horror Movies,Spain,2,2,88.0
s532,TV Show,2020,"December 16, 2020",0,TV-MA,Docuseries,Brazil,2,1,1.0
s533,Movie,2014,"October 1, 2018",4,TV-14,Action & Adventure,India,3,1,146.0
s534,TV Show,2018,"December 15, 2018",0,TV-14,International TV Shows,India,3,1,1.0
s535,TV Show,2018,"May 1, 2018",0,TV-14,International TV Shows,India,3,1,1.0
s536,Movie,2015,"October 2, 2015",0,TV-14,Stand-Up Comedy,United States,1,1,64.0
s537,Movie,2013,"September 28, 2020",7,TV-PG,Dramas,India,3,1,104.0
s538,Movie,2013,"October 15, 2017",4,TV-14,Dramas,India,3,1,127.0
s539,Movie,2016,"August 1, 2017",1,TV-PG,Children & Family Movies,United States,1,1,92.0
s540,TV Show,2019,"January 3, 2020",1,TV-PG,International TV Shows,Canada,3,1,3.0
s541,TV Show,2011,"July 15, 2019",8,TV-14,Anime Series,Japan,3,1,1.0
s542,Movie,2018,"May 4, 2018",0,TV-MA,Dramas,United Kingdom,3,4,100.0
s543,Movie,2016,"March 21, 2017",1,TV-PG,Dramas,Brazil,3,6,72.0
s544,TV Show,2019,"July 25, 2019",0,TV-MA,TV Action & Adventure,United States,3,1,1.0
s545,TV Show,2016,"October 16, 2019",3,TV-MA,International TV Shows,South Korea,3,1,1.0
s546,TV Show,2019,"June 27, 2019",0,TV-MA,Crime TV Shows,Unknown,3,0,1.0
s547,Movie,2018,"January 29, 2019",1,PG-13,Action & Adventure,United States,3,1,118.0
s548,Movie,2017,"May 9, 2019",2,TV-MA,Comedies,Egypt,2,1,110.0
s549,Movie,2018,"June 18, 2019",1,TV-Y7,Children & Family Movies,Unknown,1,0,65.0
s551,Movie,2019,"April 30, 2019",0,TV-MA,Stand-Up Comedy,United States,1,1,64.0
s552,Movie,2015,"October 16, 2015",0,TV-MA,Stand-Up Comedy,United States,1,1,59.0
s553,Movie,2006,"July 1, 2018",12,TV-14,Comedies,India,3,1,122.0
s554,Movie,2018,"April 14, 2019",1,TV-MA,Action & Adventure,United States,2,1,90.0
s555,Movie,2019,"March 21, 2019",0,TV-PG,Documentaries,Unknown,3,0,60.0
s556,Movie,2007,"December 31, 2019",12,TV-14,Dramas,India,3,1,134.0
s558,Movie,2017,"November 1, 2019",2,TV-MA,Documentaries,United States,1,1,89.0
s559,TV Show,2019,"August 16, 2019",0,TV-MA,Crime TV Shows,Argentina,3,1,1.0
s560,TV Show,2016,"September 8, 2017",1,TV-MA,Crime TV Shows,Spain,3,1,1.0
s561,Movie,2005,"January 8, 2021",16,TV-14,Dramas,India,2,1,161.0
s562,Movie,2016,"August 1, 2016",0,NR,Documentaries,United States,1,1,86.0
s563,Movie,2011,"March 9, 2019",8,PG-13,Horror Movies,United States,3,2,87.0
s564,Movie,2018,"October 12, 2018",0,TV-MA,Horror Movies,United Kingdom,3,2,130.0
s565,Movie,2015,"October 1, 2017",2,PG,Action & Adventure,France,3,3,107.0
s566,TV Show,2016,"June 16, 2017",1,TV-MA,Crime TV Shows,United States,2,1,2.0
s567,Movie,2016,"May 23, 2017",1,TV-MA,Action & Adventure,France,3,1,80.0
s568,Movie,2015,"February 15, 2017",2,TV-14,Dramas,United States,2,1,79.0
s569,Movie,2018,"January 17, 2018",0,TV-MA,Stand-Up Comedy,Colombia,1,1,62.0
s570,TV Show,2019,"December 31, 2019",0,TV-PG,Docuseries,Japan,2,1,1.0
s571,TV Show,2020,"March 20, 2020",0,TV-Y7,Kids' TV,Unknown,2,0,2.0
s572,Movie,2019,"May 4, 2020",1,PG,Children & Family Movies,India,2,7,93.0
s573,Movie,2016,"April 14, 2017",1,TV-14,Dramas,France,3,2,81.0
s574,Movie,2018,"August 1, 2019",1,TV-14,Comedies,Egypt,3,1,87.0
s575,TV Show,2014,"December 1, 2020",6,TV-14,Reality TV,United States,1,1,2.0
s576,TV Show,2020,"January 17, 2020",0,TV-MA,International TV Shows,Netherlands,3,1,1.0
s577,TV Show,2017,"November 22, 2017",0,TV-MA,International TV Shows,South Korea,3,1,1.0
s578,Movie,2020,"December 2, 2020",0,TV-MA,Stand-Up Comedy,Iceland,1,1,54.0
s579,TV Show,2017,"July 18, 2017",0,TV-MA,Stand-Up Comedy & Talk Shows,United States,1,1,1.0
s580,Movie,2020,"December 21, 2020",0,TV-MA,Documentaries,United States,2,1,98.0
s581,Movie,2011,"September 15, 2018",7,TV-14,Comedies,Indonesia,3,1,113.0
s582,Movie,2011,"November 1, 2018",7,TV-14,Action & Adventure,India,3,1,91.0
s583,Movie,2016,"September 16, 2016",0,TV-MA,International Movies,Canada,3,2,89.0
s585,TV Show,2019,"February 5, 2020",1,TV-14,Crime TV Shows,United States,2,1,8.0
s586,Movie,2019,"October 29, 2019",0,TV-MA,Stand-Up Comedy,United States,1,1,63.0
s587,TV Show,2019,"June 2, 2019",0,TV-MA,International TV Shows,South Korea,3,1,1.0
s588,Movie,2011,"April 1, 2019",8,PG-13,Comedies,United States,2,1,110.0
s589,Movie,2011,"January 1, 2020",9,PG,Children & Family Movies,United Kingdom,2,2,98.0
s590,Movie,2019,"September 6, 2019",0,TV-MA,Dramas,India,3,1,125.0
s591,Movie,2018,"January 1, 2020",2,TV-14,Dramas,Indonesia,2,3,106.0
s592,Movie,2014,"September 16, 2018",4,R,Horror Movies,United States,2,1,93.0
s593,Movie,1997,"January 1, 2020",23,PG-13,Comedies,United States,2,1,139.0
s594,Movie,2018,"December 19, 2018",0,TV-MA,Dramas,India,3,1,90.0
s595,Movie,2018,"November 1, 2018",0,TV-14,Dramas,India,3,1,123.0
s596,TV Show,2018,"April 29, 2019",1,TV-MA,TV Action & Adventure,United States,3,1,3.0
s597,TV Show,2018,"December 16, 2018",0,TV-14,International TV Shows,China,3,1,1.0
s598,TV Show,2017,"October 19, 2018",1,TV-PG,Docuseries,Australia,3,1,1.0
s599,TV Show,2019,"August 2, 2019",0,TV-Y,Kids' TV,United States,1,1,3.0
s600,Movie,2001,"March 15, 2017",16,R,Action & Adventure,India,3,1,168.0
s601,Movie,2016,"December 11, 2016",0,TV-MA,Documentaries,United States,1,1,83.0
s602,Movie,2020,"January 2, 2021",1,TV-14,Action & Adventure,Norway,3,1,101.0
s603,Movie,2019,"October 25, 2019",0,TV-MA,Horror Movies,United States,3,1,94.0
s604,TV Show,2019,"December 6, 2019",0,TV-MA,TV Comedies,United States,1,1,1.0
s605,Movie,2015,"December 1, 2016",1,TV-14,Comedies,Peru,2,1,100.0
s606,Movie,2020,"June 13, 2020",0,TV-14,Dramas,India,2,1,117.0
s607,Movie,2016,"February 15, 2018",2,NR,Action & Adventure,South Korea,3,1,133.0
s608,Movie,2016,"December 14, 2016",0,TV-MA,Documentaries,United States,2,1,81.0
s609,Movie,2018,"December 27, 2018",0,TV-14,Dramas,Canada,2,1,91.0
s610,TV Show,2003,"November 15, 2019",16,TV-14,International TV Shows,Taiwan,2,1,1.0
s611,TV Show,2015,"December 1, 2015",0,TV-PG,International TV Shows,Japan,2,1,1.0
s612,Movie,2020,"June 24, 2020",0,PG-13,Documentaries,United States,2,1,104.0
s613,Movie,2019,"November 29, 2019",0,TV-14,Dramas,France,3,3,106.0
s614,Movie,2012,"December 19, 2020",8,PG-13,Dramas,United States,1,1,112.0
s615,Movie,2012,"September 5, 2018",6,TV-14,Comedies,United States,3,2,122.0
s616,TV Show,2016,"December 1, 2017",1,TV-Y7,Crime TV Shows,Canada,3,2,1.0
s617,TV Show,2013,"February 24, 2019",6,TV-MA,Anime Series,Japan,2,1,1.0
s618,Movie,2014,"May 15, 2016",2,TV-14,Documentaries,United Kingdom,2,1,102.0
s619,Movie,2016,"August 19, 2018",2,TV-14,Comedies,Chile,3,1,88.0
s620,TV Show,2019,"November 1, 2019",0,TV-14,TV Comedies,United States,3,1,3.0
s621,Movie,2016,"September 23, 2016",0,TV-MA,Documentaries,United States,1,1,99.0
s622,TV Show,2020,"November 11, 2020",0,TV-MA,TV Comedies,Australia,1,1,1.0
s623,Movie,2010,"March 4, 2020",10,TV-MA,Dramas,Romania,2,4,186.0
s624,Movie,1994,"January 19, 2019",25,TV-PG,Documentaries,United Kingdom,1,1,49.0
s625,TV Show,2016,"August 1, 2017",1,TV-MA,Docuseries,Australia,3,1,1.0
s626,Movie,2002,"December 1, 2019",17,PG-13,Action & Adventure,United States,2,1,94.0
s627,Movie,1997,"December 1, 2019",22,PG-13,Comedies,United States,1,1,90.0
s628,Movie,1999,"December 1, 2019",20,PG-13,Action & Adventure,United States,3,1,95.0
s629,Movie,2016,"January 1, 2017",1,TV-MA,Dramas,India,3,1,97.0
s630,Movie,2014,"September 8, 2017",3,R,International Movies,Bulgaria,3,4,110.0
s631,TV Show,2009,"August 1, 2016",7,TV-14,International TV Shows,Taiwan,3,1,1.0
s632,Movie,2020,"December 7, 2020",0,R,Action & Adventure,United States,2,1,97.0
s633,TV Show,2007,"May 15, 2020",13,TV-Y7,Classic & Cult TV,United States,3,1,3.0
s634,Movie,2018,"September 3, 2020",2,TV-PG,Dramas,Indonesia,3,1,73.0
s635,Movie,2019,"September 17, 2019",0,TV-MA,Action & Adventure,United Kingdom,1,1,88.0
s636,Movie,2018,"December 25, 2018",0,PG-13,Action & Adventure,United States,2,1,150.0
s637,Movie,2017,"December 28, 2018",1,TV-MA,Documentaries,Sweden,3,2,97.0
s638,Movie,2018,"February 2, 2019",1,TV-MA,Horror Movies,United Kingdom,2,1,91.0
s639,Movie,2019,"November 24, 2019",0,TV-MA,Thrillers,United States,1,1,92.0
s640,TV Show,2019,"June 14, 2019",0,TV-PG,Reality TV,United States,1,1,1.0
s641,TV Show,2020,"September 4, 2020",0,TV-14,Romantic TV Shows,United States,3,1,1.0
s642,TV Show,2015,"May 8, 2019",4,TV-PG,International TV Shows,Unknown,2,0,1.0
s643,Movie,2018,"February 15, 2019",1,TV-MA,Dramas,India,3,1,111.0
s644,Movie,2020,"June 12, 2020",0,TV-MA,Comedies,India,3,1,101.0
s645,Movie,2017,"February 15, 2019",2,TV-MA,Dramas,India,2,1,112.0
s646,Movie,2018,"December 1, 2018",0,TV-MA,Documentaries,Mexico,2,1,73.0
s647,Movie,2018,"February 7, 2020",2,TV-14,Dramas,Ghana,2,1,89.0
s648,Movie,2016,"April 12, 2019",3,TV-14,Dramas,India,3,1,129.0
s649,Movie,2015,"March 6, 2015",0,TV-MA,Stand-Up Comedy,United States,1,1,58.0
s650,Movie,2013,"November 1, 2013",0,TV-MA,Stand-Up Comedy,United States,1,1,80.0
s651,Movie,2019,"July 9, 2019",0,TV-MA,Stand-Up Comedy,United States,1,1,65.0
s652,TV Show,2018,"March 2, 2018",0,TV-MA,Anime Series,Japan,3,1,1.0
s653,Movie,2013,"June 7, 2018",5,TV-14,Dramas,India,3,1,99.0
s654,Movie,2017,"June 1, 2018",1,TV-14,Dramas,India,2,1,126.0
s655,Movie,2017,"October 16, 2017",0,TV-14,Action & Adventure,India,2,1,135.0
s656,Movie,2016,"August 4, 2018",2,TV-14,Action & Adventure,India,2,1,127.0
s657,Movie,2017,"August 7, 2017",0,TV-MA,Action & Adventure,India,3,1,165.0
s658,Movie,2017,"August 7, 2017",0,TV-14,Action & Adventure,Unknown,3,0,166.0
s659,Movie,2017,"August 7, 2017",0,TV-MA,Action & Adventure,Unknown,3,0,166.0
s660,Movie,2015,"October 24, 2018",3,TV-14,Action & Adventure,Unknown,3,0,138.0
s661,Movie,2015,"August 7, 2017",2,TV-14,Action & Adventure,India,3,1,159.0
s662,Movie,2015,"August 7, 2017",2,TV-14,Action & Adventure,Unknown,3,0,160.0
s663,Movie,2015,"August 7, 2017",2,TV-14,Action & Adventure,Unknown,3,0,159.0
s664,Movie,2018,"January 13, 2019",1,TV-MA,Dramas,India,2,1,136.0
s665,Movie,2005,"April 30, 2018",13,TV-14,Dramas,Turkey,2,1,112.0
s666,Movie,2018,"April 17, 2020",2,TV-MA,Comedies,Turkey,2,1,101.0
s667,Movie,2006,"January 1, 2019",13,R,Dramas,France,2,3,143.0
s668,TV Show,2020,"June 19, 2020",0,TV-14,Docuseries,United States,2,1,2.0
s669,TV Show,2020,"September 16, 2020",0,TV-MA,International TV Shows,Italy,3,1,3.0
s670,TV Show,2018,"July 10, 2018",0,TV-MA,British TV Shows,United Kingdom,3,1,2.0
s671,Movie,2019,"December 1, 2019",0,TV-PG,Comedies,India,3,1,127.0
s672,Movie,2018,"March 13, 2020",2,TV-14,Comedies,South Africa,3,1,98.0
s673,TV Show,2020,"March 1, 2020",0,TV-MA,Crime TV Shows,Germany,3,1,3.0
s674,Movie,2016,"March 1, 2018",2,TV-MA,Documentaries,India,2,1,61.0
s675,Movie,2016,"January 5, 2017",1,NR,Comedies,Brazil,3,1,95.0
s676,Movie,2019,"December 21, 2019",0,TV-Y,Children & Family Movies,Australia,2,1,86.0
s677,TV Show,2018,"December 12, 2018",0,TV-MA,Anime Series,Japan,2,1,1.0
s678,TV Show,2016,"December 1, 2016",0,TV-PG,International TV Shows,Taiwan,3,1,1.0
s679,Movie,2019,"August 30, 2019",0,TV-MA,Comedies,Unknown,2,0,84.0
s680,Movie,2015,"January 1, 2019",4,TV-14,Comedies,Thailand,3,1,111.0
s681,TV Show,2018,"January 11, 2019",1,TV-MA,International TV Shows,Unknown,3,0,1.0
s682,Movie,2014,"March 30, 2017",3,NR,Horror Movies,Canada,3,1,92.0
s683,Movie,2019,"May 14, 2019",0,R,Action & Adventure,United States,2,1,102.0
s684,Movie,2019,"April 5, 2019",0,TV-MA,Dramas,United States,3,1,97.0
s685,Movie,2015,"December 25, 2018",3,R,Dramas,Australia,2,4,90.0
s686,TV Show,2019,"May 31, 2019",0,TV-MA,Crime TV Shows,Canada,2,1,2.0
s687,TV Show,2020,"October 5, 2020",0,TV-14,British TV Shows,India,3,1,1.0
s688,Movie,1995,"October 1, 2019",24,R,Action & Adventure,United States,2,1,119.0
s689,Movie,2003,"October 1, 2019",16,R,Action & Adventure,United States,2,1,147.0
s690,Movie,2017,"January 18, 2018",1,TV-MA,Independent Movies,United Kingdom,3,1,99.0
s692,Movie,2017,"June 1, 2018",1,TV-MA,Dramas,Thailand,3,1,130.0
s693,Movie,2014,"January 1, 2021",7,TV-MA,Comedies,United States,1,1,87.0
s694,TV Show,2014,"August 8, 2019",5,TV-MA,Crime TV Shows,South Korea,3,1,1.0
s695,TV Show,2018,"March 8, 2018",0,TV-MA,Crime TV Shows,South Korea,3,1,1.0
s696,Movie,2017,"March 11, 2018",1,TV-MA,Thrillers,Singapore,1,2,83.0
s697,Movie,2016,"August 21, 2017",1,TV-MA,Documentaries,United States,2,2,83.0
s698,Movie,2018,"December 21, 2018",0,TV-MA,Comedies,France,3,2,105.0
s699,TV Show,2013,"April 1, 2017",4,TV-14,International TV Shows,India,2,1,1.0
s700,Movie,2006,"January 1, 2018",12,TV-14,Dramas,India,2,1,91.0
s701,Movie,2019,"August 7, 2019",0,TV-14,International Movies,India,2,1,117.0
s702,Movie,2019,"March 26, 2020",1,TV-14,Dramas,United States,1,1,117.0
s703,TV Show,2019,"August 22, 2020",1,TV-MA,British TV Shows,Unknown,3,0,1.0
s704,TV Show,2020,"June 4, 2020",0,TV-MA,Anime Series,Japan,2,1,3.0
s705,TV Show,2020,"November 6, 2020",0,TV-Y7,Anime Series,Unknown,2,0,1.0
s706,TV Show,2018,"November 6, 2020",2,TV-PG,Anime Series,Japan,2,3,1.0
s707,TV Show,2019,"March 31, 2020",1,TV-Y7,Kids' TV,Unknown,1,0,1.0
s708,TV Show,2016,"April 1, 2017",1,TV-MA,International TV Shows,Chile,3,1,1.0
s709,Movie,1995,"April 1, 2018",23,G,Children & Family Movies,United States,2,1,78.0
s710,Movie,2001,"April 1, 2018",17,G,Children & Family Movies,United States,1,1,75.0
s711,Movie,2004,"April 1, 2018",14,G,Children & Family Movies,United States,1,1,78.0
s712,Movie,2017,"March 1, 2018",1,TV-MA,International Movies,Pakistan,2,1,149.0
s713,Movie,2015,"March 10, 2017",2,TV-14,Comedies,Turkey,3,1,103.0
s714,Movie,2017,"December 6, 2019",2,TV-14,Comedies,Nigeria,2,1,108.0
s715,Movie,2020,"July 26, 2020",0,TV-MA,Comedies,United States,3,1,84.0
s716,Movie,2017,"April 12, 2019",2,R,Comedies,United States,3,1,94.0
s717,Movie,2015,"April 15, 2016",1,NR,Action & Adventure,United States,3,1,95.0
s718,Movie,1978,"November 1, 2017",39,TV-PG,Action & Adventure,India,3,1,141.0
s719,Movie,2010,"July 25, 2018",8,TV-MA,Action & Adventure,Thailand,2,1,122.0
s720,Movie,2015,"December 15, 2019",4,TV-14,Comedies,India,3,1,134.0
s721,TV Show,2016,"June 4, 2018",2,TV-MA,International TV Shows,Unknown,3,0,1.0
s722,TV Show,2019,"November 20, 2019",0,TV-MA,International TV Shows,Thailand,3,1,1.0
s723,Movie,2002,"September 14, 2018",16,TV-MA,Dramas,Thailand,2,1,107.0
s724,TV Show,2018,"March 8, 2019",1,TV-14,International TV Shows,Unknown,3,0,1.0
s725,TV Show,2018,"July 31, 2019",1,TV-14,International TV Shows,Thailand,3,1,1.0
s726,TV Show,2019,"July 2, 2019",0,TV-14,International TV Shows,Thailand,3,1,1.0
s727,TV Show,2019,"July 2, 2019",0,TV-14,International TV Shows,Thailand,3,1,1.0
s728,Movie,2009,"September 5, 2018",9,TV-14,Comedies,Thailand,3,1,126.0
s729,Movie,2015,"September 1, 2018",3,TV-MA,Documentaries,Spain,3,1,122.0
s730,Movie,2009,"December 31, 2019",10,TV-14,Dramas,India,2,1,95.0
s731,Movie,2016,"October 12, 2017",1,TV-MA,Comedies,Saudi Arabia,3,1,88.0
s732,TV Show,2020,"October 23, 2020",0,TV-MA,International TV Shows,Germany,3,1,1.0
s733,Movie,2017,"August 15, 2017",0,TV-MA,Documentaries,Australia,2,12,101.0
s734,Movie,2013,"October 1, 2017",4,TV-Y,Children & Family Movies,United States,1,1,74.0
s735,Movie,2017,"September 18, 2017",0,TV-Y,Children & Family Movies,United States,1,2,64.0
s736,TV Show,2018,"February 14, 2019",1,TV-Y,Kids' TV,United States,1,2,3.0
s737,TV Show,2020,"March 21, 2020",0,TV-Y,Kids' TV,Unknown,1,0,2.0
s738,Movie,2010,"October 1, 2017",7,TV-Y,Children & Family Movies,United States,1,1,74.0
s739,Movie,2015,"October 1, 2017",2,TV-Y,Children & Family Movies,United States,1,1,74.0
s740,Movie,2015,"October 1, 2017",2,TV-Y,Children & Family Movies,United States,1,1,83.0
s741,TV Show,2012,"July 1, 2017",5,TV-Y,Kids' TV,United States,2,2,1.0
s742,Movie,2020,"September 1, 2020",0,TV-Y,Children & Family Movies,United States,2,1,72.0
s743,Movie,2016,"October 1, 2017",1,TV-Y,Children & Family Movies,United States,1,1,79.0
s744,Movie,2010,"October 1, 2017",7,TV-Y7,Children & Family Movies,United States,1,1,72.0
s745,Movie,2011,"October 1, 2017",6,TV-Y,Children & Family Movies,United States,1,2,80.0
s746,Movie,2016,"October 1, 2017",1,TV-Y,Children & Family Movies,United States,1,2,75.0
s747,Movie,2012,"October 1, 2017",5,TV-Y,Children & Family Movies,United States,1,1,75.0
s748,Movie,2017,"October 1, 2017",0,TV-Y,Children & Family Movies,United States,1,1,72.0
s749,Movie,2017,"November 22, 2017",0,TV-14,Music & Musicals,United States,1,1,109.0
s750,Movie,2016,"March 14, 2019",3,TV-14,Dramas,Philippines,3,1,132.0
s751,TV Show,2019,"September 27, 2019",0,TV-MA,International TV Shows,India,3,1,1.0
s752,Movie,2017,"August 21, 2018",1,TV-14,Comedies,India,3,1,110.0
s753,Movie,2015,"July 26, 2018",3,PG-13,Action & Adventure,United States,2,1,99.0
s754,Movie,2012,"November 1, 2018",6,TV-14,Comedies,India,3,1,144.0
s755,Movie,2013,"August 19, 2018",5,TV-14,Comedies,Chile,2,1,91.0
s756,Movie,2016,"December 16, 2016",0,TV-MA,Dramas,United States,1,1,105.0
s757,Movie,1995,"April 1, 2018",23,TV-PG,Action & Adventure,India,3,1,166.0
s758,Movie,1998,"November 1, 2018",20,R,Comedies,United States,2,1,103.0
s759,Movie,1992,"October 1, 2020",28,R,Classic Movies,United States,2,2,128.0
s760,TV Show,2019,"August 2, 2019",0,TV-PG,Docuseries,United States,2,1,1.0
s761,TV Show,2016,"December 31, 2017",1,TV-Y,Kids' TV,Italy,1,1,1.0
s762,TV Show,2017,"February 20, 2018",1,TV-MA,Crime TV Shows,United States,3,1,5.0
s763,Movie,2016,"October 1, 2018",2,TV-14,Dramas,India,3,1,118.0
s764,Movie,2018,"May 9, 2019",1,PG-13,Documentaries,United States,2,1,87.0
s765,Movie,2016,"October 15, 2020",4,R,Action & Adventure,United States,1,1,77.0
s766,Movie,2018,"December 1, 2018",0,TV-MA,Dramas,Norway,3,4,98.0
s767,TV Show,2015,"December 31, 2015",0,TV-14,Crime TV Shows,United States,3,1,1.0
s768,Movie,2018,"March 1, 2018",0,TV-MA,Action & Adventure,United States,3,1,94.0
s769,TV Show,2016,"August 1, 2016",0,TV-PG,British TV Shows,United Kingdom,3,1,1.0
s770,TV Show,2018,"September 21, 2018",0,TV-MA,Reality TV,Unknown,3,0,1.0
s771,Movie,1972,"December 31, 2019",47,TV-PG,Classic Movies,India,3,1,125.0
s772,Movie,2019,"September 30, 2020",1,TV-PG,Dramas,Namibia,2,1,29.0
s773,Movie,2019,"March 29, 2019",0,TV-MA,Dramas,Mexico,3,2,102.0
s774,Movie,1982,"December 31, 2019",37,TV-14,Dramas,India,3,1,121.0
s775,Movie,2011,"July 5, 2020",9,TV-14,Action & Adventure,India,3,1,116.0
s776,Movie,2015,"February 28, 2017",2,TV-MA,Documentaries,United States,1,2,110.0
s777,Movie,2016,"November 20, 2019",3,PG,Comedies,United States,3,1,88.0
s778,TV Show,2015,"October 1, 2016",1,TV-PG,International TV Shows,Taiwan,3,1,1.0
s779,TV Show,2015,"October 1, 2016",1,TV-14,International TV Shows,Taiwan,3,1,1.0
s780,TV Show,2018,"August 29, 2018",0,TV-Y,Kids' TV,Russia,1,1,1.0
s781,Movie,2013,"March 1, 2017",4,TV-G,Documentaries,Germany,2,1,52.0
s782,Movie,1997,"August 1, 2018",21,PG-13,Comedies,United Kingdom,2,2,89.0
s783,Movie,2013,"March 1, 2017",4,TV-G,Children & Family Movies,United States,3,1,52.0
s784,TV Show,2010,"February 1, 2019",9,TV-PG,Docuseries,Canada,1,1,1.0
s785,TV Show,2019,"March 13, 2020",1,TV-MA,Anime Series,Japan,2,1,1.0
s786,Movie,2015,"October 16, 2015",0,TV-MA,Dramas,United States,2,1,137.0
s787,TV Show,2018,"July 21, 2019",1,TV-Y,Kids' TV,Australia,1,2,3.0
s788,Movie,2017,"November 21, 2017",0,TV-Y,Children & Family Movies,Australia,2,2,51.0
s789,TV Show,2015,"May 22, 2017",2,TV-14,International TV Shows,South Korea,3,1,1.0
s790,Movie,2019,"June 19, 2019",0,TV-MA,Dramas,United States,3,1,110.0
s791,Movie,2016,"November 25, 2016",0,TV-MA,Documentaries,Mexico,2,1,92.0
s792,TV Show,2016,"September 19, 2016",0,TV-14,Crime TV Shows,Canada,3,1,4.0
s793,Movie,2015,"February 27, 2019",4,TV-14,Action & Adventure,Philippines,3,1,119.0
s794,TV Show,2016,"April 23, 2019",3,TV-MA,International TV Shows,Unknown,3,0,2.0
s795,Movie,1996,"November 20, 2019",23,PG-13,Comedies,United States,2,1,81.0
s796,Movie,1992,"November 20, 2019",27,PG-13,Comedies,United States,1,1,73.0
s797,Movie,2008,"December 8, 2018",10,TV-14,Comedies,Indonesia,3,1,75.0
s798,TV Show,2017,"January 1, 2020",3,TV-14,International TV Shows,South Korea,3,1,1.0
s799,Movie,2016,"April 18, 2019",3,TV-14,Comedies,Egypt,2,1,99.0
s800,Movie,2020,"May 6, 2020",0,PG,Documentaries,United States,1,1,89.0
s801,TV Show,2018,"August 1, 2018",0,TV-G,Docuseries,Mexico,2,1,1.0
s802,Movie,2007,"January 12, 2019",12,PG-13,Dramas,United Kingdom,2,2,121.0
s803,Movie,2008,"March 5, 2019",11,PG,Children & Family Movies,United States,2,1,100.0
s804,Movie,2007,"January 1, 2017",10,PG,Children & Family Movies,United States,2,2,92.0
s805,Movie,2018,"October 26, 2018",0,TV-MA,Dramas,Unknown,3,0,100.0
s806,TV Show,2015,"November 24, 2020",5,TV-MA,International TV Shows,Nigeria,3,1,1.0
s807,Movie,2017,"June 8, 2020",3,PG-13,Dramas,United States,2,1,98.0
s808,Movie,2016,"January 5, 2018",2,PG-13,Horror Movies,United States,2,1,97.0
s809,Movie,2016,"February 1, 2018",2,PG,Documentaries,United States,1,1,97.0
s810,Movie,2016,"June 5, 2020",4,TV-14,Dramas,Egypt,2,1,86.0
s811,Movie,2015,"August 25, 2017",2,TV-14,Documentaries,Japan,2,2,105.0
s812,TV Show,2001,"August 15, 2016",15,TV-14,British TV Shows,United States,2,1,1.0
s813,Movie,2017,"April 5, 2018",1,TV-MA,Documentaries,United States,3,1,100.0
s814,Movie,2018,"February 15, 2019",1,TV-14,Documentaries,United States,1,1,96.0
s815,TV Show,2015,"September 14, 2018",3,TV-MA,International TV Shows,Unknown,3,0,1.0
s816,TV Show,2010,"May 19, 2017",7,TV-MA,Crime TV Shows,Turkey,3,1,1.0
s817,Movie,2016,"November 1, 2017",1,TV-MA,Dramas,India,3,1,115.0
s818,Movie,2015,"August 15, 2016",1,TV-14,Documentaries,United Kingdom,3,1,99.0
s819,Movie,2011,"February 21, 2012",1,PG,Documentaries,United States,1,1,76.0
s821,Movie,2014,"December 20, 2019",5,TV-14,Dramas,Nigeria,3,1,113.0
s822,Movie,2018,"August 1, 2018",0,TV-MA,Documentaries,United States,1,1,88.0
s823,Movie,1975,"October 19, 2020",45,TV-14,Classic Movies,Lebanon,3,1,106.0
s824,Movie,2016,"April 15, 2016",0,TV-MA,Dramas,Belgium,2,2,127.0
s825,Movie,2015,"October 15, 2017",2,TV-MA,Documentaries,New Zealand,2,1,90.0
s826,TV Show,2015,"November 2, 2019",4,TV-G,Kids' TV,United States,2,1,1.0
s827,Movie,2018,"June 7, 2019",1,TV-MA,Dramas,Uruguay,3,3,74.0
s828,Movie,2016,"August 1, 2017",1,TV-MA,Dramas,Canada,3,1,91.0
s829,TV Show,2009,"March 15, 2020",11,TV-Y,Kids' TV,United Kingdom,1,1,1.0
s830,TV Show,2016,"September 30, 2018",2,TV-Y7,Kids' TV,United States,1,1,1.0
s831,Movie,2020,"May 20, 2020",0,TV-PG,Music & Musicals,United States,1,1,85.0
s832,Movie,2019,"December 31, 2019",0,PG-13,Comedies,United States,2,1,90.0
s833,Movie,2017,"October 22, 2020",3,TV-MA,Documentaries,United States,1,1,102.0
s834,Movie,2019,"June 8, 2019",0,TV-MA,Independent Movies,United States,2,1,90.0
s835,Movie,2018,"March 16, 2018",0,TV-PG,Children & Family Movies,United Arab Emirates,2,2,87.0
s836,Movie,2004,"March 6, 2018",14,PG,Children & Family Movies,United States,2,1,100.0
s837,Movie,1978,"October 3, 2018",40,TV-G,Children & Family Movies,United States,1,1,25.0
s838,Movie,2019,"May 2, 2020",1,PG-13,Dramas,United States,2,1,94.0
s839,Movie,2008,"January 15, 2017",9,TV-MA,Dramas,Germany,3,1,105.0
s840,Movie,2012,"March 10, 2017",5,TV-14,Comedies,Turkey,3,1,99.0
s841,Movie,2017,"August 25, 2017",0,R,International Movies,Australia,2,1,116.0
s842,Movie,2020,"August 7, 2020",0,TV-MA,Comedies,Germany,2,1,82.0
s843,Movie,2019,"June 8, 2019",0,R,Dramas,Germany,3,1,120.0
s844,Movie,2012,"October 15, 2016",4,TV-MA,Action & Adventure,Japan,3,1,77.0
s845,Movie,2012,"September 1, 2017",5,TV-MA,Action & Adventure,Japan,3,1,92.0
s846,Movie,2013,"September 1, 2017",4,TV-MA,Action & Adventure,Japan,3,1,107.0
s847,Movie,2020,"March 17, 2020",0,TV-MA,Stand-Up Comedy,United States,1,1,62.0
s848,Movie,2018,"August 24, 2018",0,TV-MA,Stand-Up Comedy,Unknown,1,0,57.0
s849,Movie,2016,"February 22, 2019",3,TV-MA,Stand-Up Comedy,United States,1,1,70.0
s850,TV Show,2020,"December 30, 2020",0,TV-G,Reality TV,United States,1,1,1.0
s851,TV Show,2016,"February 23, 2018",2,TV-14,International TV Shows,South Korea,3,2,1.0
s852,Movie,2014,"June 6, 2019",5,TV-14,Comedies,Unknown,2,0,98.0
s853,Movie,2020,"December 31, 2020",0,TV-MA,Stand-Up Comedy,Unknown,1,0,77.0
s854,Movie,2020,"October 3, 2020",0,TV-MA,Documentaries,Canada,2,1,44.0
s855,Movie,2016,"March 18, 2017",1,TV-MA,Documentaries,United States,1,1,97.0
s856,TV Show,2018,"October 19, 2018",0,TV-PG,Kids' TV,United States,2,1,1.0
s857,TV Show,2020,"May 24, 2020",0,TV-MA,International TV Shows,India,3,1,1.0
s858,Movie,2019,"March 25, 2020",1,PG,Children & Family Movies,United States,3,1,100.0
s859,TV Show,2018,"February 9, 2020",2,TV-MA,Crime TV Shows,United States,3,1,4.0
s860,TV Show,2019,"August 16, 2019",0,TV-MA,Crime TV Shows,Russia,3,1,1.0
s861,Movie,2017,"June 1, 2017",0,TV-PG,Documentaries,United States,1,1,104.0
s862,Movie,2018,"January 12, 2020",2,TV-14,Documentaries,United States,1,1,56.0
s863,TV Show,2016,"July 1, 2016",0,TV-14,International TV Shows,Canada,3,1,2.0
s864,Movie,2019,"December 3, 2020",1,TV-14,Dramas,Philippines,3,1,108.0
s865,Movie,2019,"September 20, 2019",0,TV-MA,Comedies,United States,1,1,83.0
s866,Movie,2018,"April 6, 2019",1,R,Thrillers,Spain,1,1,91.0
s867,Movie,2005,"July 21, 2019",14,TV-PG,Dramas,India,3,1,149.0
s868,Movie,2010,"June 20, 2019",9,TV-14,Comedies,Egypt,3,1,112.0
s869,TV Show,2016,"October 1, 2017",1,TV-Y7,Anime Series,Japan,2,1,1.0
s870,TV Show,2017,"November 15, 2018",1,TV-Y,Anime Series,Unknown,2,0,1.0
s871,TV Show,2019,"November 15, 2020",1,TV-Y7,Anime Series,Japan,2,1,1.0
s872,TV Show,2018,"October 10, 2019",1,TV-Y7,Anime Series,Unknown,2,0,1.0
s873,TV Show,2009,"December 15, 2017",8,TV-Y7,Anime Series,Japan,2,1,1.0
s874,Movie,2006,"April 28, 2020",14,TV-MA,Comedies,Turkey,3,1,102.0
s875,Movie,2013,"April 1, 2017",4,TV-14,Documentaries,United States,3,2,98.0
s876,Movie,2017,"April 15, 2018",1,R,Action & Adventure,United States,2,6,107.0
s877,TV Show,2017,"October 27, 2017",0,TV-14,Stand-Up Comedy & Talk Shows,United States,3,1,1.0
s878,Movie,2020,"August 14, 2020",0,TV-G,Documentaries,Unknown,3,0,59.0
s879,Movie,2018,"August 10, 2018",0,TV-14,Dramas,India,3,2,120.0
s880,TV Show,2013,"April 1, 2018",5,TV-PG,International TV Shows,India,2,1,1.0
s881,TV Show,2020,"December 4, 2020",0,TV-MA,International TV Shows,India,3,1,1.0
s882,TV Show,2015,"April 15, 2017",2,TV-14,International TV Shows,India,3,1,1.0
s883,Movie,2006,"December 31, 2019",13,TV-14,Comedies,India,3,1,151.0
s884,Movie,2019,"September 10, 2020",1,TV-14,Dramas,India,2,1,116.0
s885,Movie,2019,"September 10, 2020",1,TV-PG,Dramas,India,2,1,112.0
s886,Movie,2013,"September 19, 2020",7,TV-14,Comedies,India,2,1,117.0
s887,Movie,2019,"March 1, 2020",1,TV-14,Comedies,India,3,1,130.0
s888,Movie,2017,"January 29, 2019",2,TV-14,Dramas,India,3,1,74.0
s889,Movie,2018,"August 16, 2018",0,TV-14,Dramas,India,3,1,150.0
s890,Movie,2018,"May 10, 2019",1,TV-Y,Children & Family Movies,Unknown,1,0,63.0
s891,Movie,2020,"April 25, 2020",0,TV-14,Action & Adventure,India,3,1,138.0
s892,Movie,2007,"October 22, 2017",10,TV-14,Dramas,India,3,1,148.0
s893,Movie,2003,"December 31, 2019",16,TV-MA,Horror Movies,India,3,1,114.0
s894,Movie,2017,"December 1, 2017",0,TV-14,Dramas,India,3,1,123.0
s895,Movie,2014,"April 15, 2017",3,TV-PG,Children & Family Movies,Germany,2,1,97.0
s896,Movie,2014,"April 15, 2017",3,TV-14,Children & Family Movies,Germany,2,1,105.0
s897,Movie,2016,"April 15, 2017",1,TV-14,Children & Family Movies,Germany,2,1,107.0
s898,Movie,2017,"December 27, 2017",0,TV-14,Children & Family Movies,Germany,2,1,106.0
s899,TV Show,2016,"May 8, 2019",3,TV-PG,International TV Shows,Unknown,2,0,1.0
s900,TV Show,1997,"January 1, 2016",19,TV-G,Kids' TV,United States,2,3,2.0
s901,Movie,2017,"February 28, 2018",1,TV-MA,Comedies,United States,1,1,87.0
s902,Movie,1999,"October 1, 2020",21,PG-13,Comedies,United States,1,1,93.0
s904,Movie,2002,"January 15, 2020",18,PG,Children & Family Movies,United States,2,2,88.0
s905,Movie,2018,"June 18, 2019",1,R,Action & Adventure,United States,1,1,126.0
s906,Movie,2012,"September 30, 2018",6,PG,Children & Family Movies,United States,2,2,107.0
s907,TV Show,2020,"December 4, 2020",0,TV-MA,TV Comedies,United States,1,1,4.0
s908,Movie,2014,"June 5, 2020",6,PG-13,Comedies,United States,2,1,103.0
s909,Movie,2017,"April 1, 2018",1,TV-MA,Documentaries,Denmark,1,1,90.0
s910,Movie,2012,"November 2, 2019",7,TV-PG,Children & Family Movies,United States,3,2,68.0
s911,Movie,2020,"October 8, 2020",0,TV-MA,Documentaries,France,3,1,100.0
s912,Movie,2017,"April 18, 2017",0,PG,Children & Family Movies,United States,2,1,95.0
s913,Movie,2002,"January 26, 2019",17,R,Documentaries,United Kingdom,2,1,108.0
s914,Movie,2019,"November 20, 2019",0,TV-MA,Documentaries,United States,1,1,86.0
s915,Movie,2014,"December 5, 2014",0,TV-MA,Stand-Up Comedy,United States,1,1,81.0
s916,Movie,2010,"November 10, 2017",7,NR,Stand-Up Comedy,United States,1,1,65.0
s917,Movie,2019,"September 10, 2019",0,TV-MA,Stand-Up Comedy,United States,1,2,67.0
s918,Movie,2017,"January 31, 2017",0,TV-MA,Stand-Up Comedy,United States,1,1,78.0
s919,Movie,2012,"June 30, 2018",6,TV-MA,Stand-Up Comedy,United States,1,1,69.0
s920,Movie,1991,"December 31, 2018",27,TV-MA,Stand-Up Comedy,United Kingdom,1,1,28.0
s921,Movie,2015,"December 31, 2018",3,TV-MA,Documentaries,Unknown,1,0,34.0
s922,Movie,1992,"December 31, 2018",26,TV-MA,Stand-Up Comedy,United Kingdom,1,1,61.0
s923,Movie,1993,"December 31, 2018",25,TV-MA,Stand-Up Comedy,United Kingdom,1,1,56.0
s924,Movie,1989,"December 31, 2018",29,TV-MA,Stand-Up Comedy,United States,1,1,81.0
s925,TV Show,2018,"May 11, 2018",0,TV-14,Stand-Up Comedy & Talk Shows,United States,1,1,3.0
s926,Movie,2017,"April 25, 2018",1,TV-PG,Documentaries,United States,1,1,97.0
s927,Movie,2009,"April 1, 2018",9,TV-PG,Dramas,India,2,1,132.0
s928,Movie,2000,"February 1, 2019",19,R,Dramas,United Kingdom,3,2,110.0
s929,Movie,2018,"February 28, 2019",1,TV-PG,Documentaries,United States,2,1,66.0
s930,TV Show,2016,"November 1, 2019",3,TV-14,International TV Shows,United States,3,1,4.0
s931,Movie,2017,"March 15, 2018",1,TV-MA,Dramas,India,2,1,127.0
s932,TV Show,2020,"August 20, 2020",0,TV-MA,International TV Shows,Germany,3,1,1.0
s933,Movie,2015,"August 15, 2018",3,TV-14,Dramas,India,3,1,131.0
s934,Movie,2016,"April 28, 2020",4,TV-MA,Action & Adventure,Turkey,3,2,107.0
s935,Movie,2018,"December 21, 2018",0,R,Dramas,United States,3,1,124.0
s936,Movie,2019,"September 25, 2019",0,TV-G,Documentaries,United States,2,2,38.0
s937,Movie,2016,"March 26, 2018",2,TV-MA,Dramas,Philippines,3,2,115.0
s938,Movie,2018,"June 28, 2018",0,TV-MA,Comedies,Canada,3,1,88.0
s939,Movie,2017,"March 11, 2018",1,R,Comedies,United States,3,1,97.0
s940,Movie,2016,"September 2, 2017",1,TV-14,Action & Adventure,Vietnam,3,1,116.0
s942,TV Show,2018,"March 29, 2019",1,TV-MA,Crime TV Shows,Spain,3,1,1.0
s943,Movie,2010,"April 25, 2020",10,TV-MA,Comedies,Egypt,3,1,132.0
s944,Movie,2012,"July 5, 2020",8,TV-14,Comedies,India,3,1,117.0
s945,Movie,2015,"September 19, 2020",5,TV-14,Action & Adventure,India,2,1,137.0
s946,Movie,2018,"October 24, 2020",2,R,Action & Adventure,Ireland,3,3,100.0
s947,Movie,2019,"July 12, 2019",0,TV-MA,Dramas,United States,1,1,79.0
s948,TV Show,2010,"September 30, 2020",10,TV-MA,Anime Series,Japan,2,1,3.0
s949,TV Show,2017,"April 30, 2018",1,TV-14,International TV Shows,Saudi Arabia,2,5,1.0
s950,TV Show,2018,"January 25, 2019",1,TV-MA,British TV Shows,United Kingdom,3,1,1.0
s951,Movie,2004,"November 19, 2020",16,TV-MA,Dramas,India,2,1,162.0
s952,Movie,2001,"January 1, 2019",18,R,Action & Adventure,United States,2,2,144.0
s953,TV Show,2014,"October 12, 2018",4,TV-14,Crime TV Shows,Turkey,3,1,1.0
s954,TV Show,2014,"December 15, 2020",6,TV-14,Reality TV,United States,1,1,2.0
s955,TV Show,2019,"March 17, 2020",1,TV-14,TV Action & Adventure,United States,3,1,3.0
s956,Movie,2015,"June 1, 2016",1,TV-PG,Documentaries,Spain,2,1,79.0
s957,TV Show,2019,"June 5, 2019",0,TV-MA,British TV Shows,United Kingdom,3,1,5.0
s958,Movie,2018,"December 28, 2018",0,TV-MA,Dramas,United States,3,1,312.0
s959,TV Show,2014,"October 15, 2019",5,TV-MA,Crime TV Shows,Turkey,3,1,1.0
s960,Movie,2018,"September 4, 2018",0,PG-13,Action & Adventure,United States,2,1,135.0
s961,Movie,2014,"July 2, 2017",3,TV-MA,Action & Adventure,Russia,2,2,83.0
s962,Movie,2015,"February 16, 2019",4,R,Action & Adventure,United Kingdom,3,3,114.0
s963,Movie,2017,"August 9, 2017",0,TV-MA,Action & Adventure,United States,1,1,88.0
s964,Movie,2007,"November 20, 2019",12,R,Dramas,United States,2,1,116.0
s965,Movie,2017,"July 1, 2017",0,TV-MA,Dramas,Argentina,3,2,91.0
s966,TV Show,2019,"June 14, 2019",0,TV-MA,Crime TV Shows,France,3,2,2.0
s967,TV Show,2019,"April 11, 2019",0,TV-MA,TV Action & Adventure,Canada,3,2,1.0
s968,Movie,2013,"May 1, 2020",7,PG-13,Documentaries,United States,1,1,83.0
s969,Movie,2020,"October 14, 2020",0,TV-14,Documentaries,United States,2,1,80.0
s970,Movie,2015,"December 15, 2017",2,PG-13,Thrillers,United States,1,1,90.0
s971,Movie,2017,"May 19, 2017",0,TV-14,Action & Adventure,Japan,3,1,106.0
s972,Movie,2018,"August 30, 2020",2,R,Dramas,United States,3,1,129.0
s973,TV Show,2017,"November 10, 2017",0,TV-MA,International TV Shows,Japan,3,1,1.0
s974,TV Show,2006,"April 21, 2020",14,TV-14,Anime Series,Japan,2,1,5.0
s975,Movie,2008,"October 15, 2016",8,TV-PG,Action & Adventure,Japan,3,1,94.0
s976,Movie,2010,"October 15, 2016",6,TV-14,Action & Adventure,Japan,3,1,94.0
s977,Movie,2016,"April 11, 2020",4,R,Dramas,United States,2,1,120.0
s978,Movie,2016,"October 13, 2017",1,TV-14,Comedies,Germany,3,3,83.0
s979,Movie,2015,"October 15, 2016",1,TV-14,Comedies,France,3,1,91.0
s980,Movie,2013,"December 1, 2018",5,TV-MA,Action & Adventure,Hong Kong,3,2,130.0
s981,TV Show,2021,"January 15, 2021",0,TV-MA,Reality TV,Unknown,1,0,1.0
s982,Movie,2015,"February 8, 2017",2,PG,Children & Family Movies,Australia,1,2,91.0
s983,Movie,2013,"December 27, 2019",6,TV-MA,Action & Adventure,South Africa,3,1,102.0
s984,Movie,2017,"January 24, 2018",1,TV-MA,Comedies,France,3,1,85.0
s985,TV Show,2016,"July 14, 2018",2,TV-14,International TV Shows,Thailand,3,1,1.0
s986,TV Show,2020,"May 20, 2020",0,TV-MA,International TV Shows,South Africa,3,1,1.0
s987,Movie,2016,"March 26, 2020",4,R,Action & Adventure,France,2,1,88.0
s988,Movie,2012,"July 5, 2020",8,TV-14,Dramas,India,3,1,110.0
s989,TV Show,2020,"October 27, 2020",0,TV-MA,Anime Series,United States,1,1,1.0
s990,TV Show,2018,"October 10, 2018",0,TV-MA,Crime TV Shows,Brazil,3,1,1.0
s991,Movie,2019,"June 21, 2019",0,TV-MA,Dramas,Argentina,3,2,113.0
s992,TV Show,2017,"May 26, 2017",0,TV-MA,TV Dramas,United States,3,1,3.0
s993,TV Show,2020,"March 13, 2020",0,TV-MA,International TV Shows,Norway,3,1,1.0
s994,Movie,2001,"October 1, 2019",18,R,Dramas,United States,1,1,123.0
s995,TV Show,2019,"July 12, 2019",0,TV-14,International TV Shows,Canada,2,1,1.0
s996,TV Show,2017,"September 1, 2020",3,TV-MA,Anime Series,Japan,2,1,2.0
s997,Movie,2013,"August 26, 2016",3,NC-17,Dramas,France,3,3,180.0
s998,Movie,2013,"March 8, 2019",6,PG-13,Comedies,United States,3,1,98.0
s999,Movie,2016,"December 6, 2016",0,TV-MA,Dramas,United States,3,1,81.0
s1000,Movie,2016,"March 1, 2016",0,R,Comedies,United States,1,1,90.0
s1001,TV Show,2017,"December 3, 2018",1,TV-G,British TV Shows,United Kingdom,3,1,1.0
s1002,Movie,2013,"February 25, 2019",6,R,Independent Movies,United States,2,2,90.0
s1003,Movie,1999,"January 1, 2021",22,PG-13,Action & Adventure,Germany,2,2,94.0
s1004,Movie,2010,"July 5, 2018",8,R,Dramas,United States,3,1,112.0
s1005,Movie,2005,"January 8, 2021",16,TV-14,Comedies,India,3,1,129.0
s1006,Movie,2017,"December 31, 2017",0,TV-MA,Documentaries,Canada,1,1,85.0
s1007,TV Show,2020,"June 30, 2020",0,TV-14,Anime Series,Japan,2,1,1.0
s1008,Movie,2018,"March 1, 2019",1,TV-14,Documentaries,Thailand,3,1,108.0
s1009,Movie,2016,"June 3, 2016",0,TV-MA,Music & Musicals,United States,2,1,60.0
s1010,Movie,2013,"July 1, 2018",5,TV-MA,Stand-Up Comedy,United States,1,1,60.0
s1011,TV Show,2007,"March 21, 2019",12,TV-Y,Kids' TV,Canada,1,1,1.0
s1012,Movie,2018,"June 18, 2019",1,TV-MA,Documentaries,United States,1,1,97.0
s1013,TV Show,1991,"June 1, 2016",25,TV-G,TV Shows,Unknown,1,0,1.0
s1014,Movie,2015,"December 17, 2015",0,TV-G,Children & Family Movies,Canada,1,1,47.0
s1015,Movie,2017,"June 1, 2018",1,TV-MA,Documentaries,Denmark,1,4,99.0
s1016,Movie,2020,"December 8, 2020",0,PG,Children & Family Movies,United States,2,1,83.0
s1017,Movie,1973,"December 31, 2019",46,TV-14,Classic Movies,India,3,1,168.0
s1018,Movie,2014,"December 31, 2020",6,TV-14,Comedies,India,3,1,116.0
s1019,TV Show,2018,"April 27, 2018",0,TV-MA,Docuseries,Unknown,1,0,1.0
s1020,Movie,2018,"December 1, 2018",0,TV-14,Documentaries,United Kingdom,3,1,99.0
s1021,Movie,2016,"September 28, 2017",1,TV-14,Documentaries,Ireland,1,2,106.0
s1022,TV Show,2018,"September 14, 2018",0,TV-PG,Docuseries,Unknown,3,0,1.0
s1023,Movie,2011,"November 19, 2020",9,TV-14,Action & Adventure,India,3,1,130.0
s1024,Movie,2018,"July 16, 2019",1,TV-PG,Dramas,India,2,1,161.0
s1025,Movie,2018,"July 26, 2019",1,TV-MA,Dramas,Spain,3,1,111.0
s1027,Movie,2014,"December 19, 2014",0,TV-MA,Movies,United States,1,1,26.0
s1028,Movie,2017,"June 22, 2017",0,TV-14,Dramas,United States,3,2,92.0
s1029,TV Show,2019,"June 21, 2019",0,TV-MA,International TV Shows,Colombia,3,1,1.0
s1030,Movie,2001,"April 15, 2019",18,TV-MA,Comedies,India,3,1,102.0
s1031,Movie,2008,"July 22, 2018",10,PG,Children & Family Movies,United States,2,1,99.0
s1032,Movie,2017,"October 12, 2017",0,TV-MA,Comedies,Spain,3,1,89.0
s1033,Movie,2018,"March 15, 2019",1,TV-MA,Comedies,United Arab Emirates,3,3,108.0
s1034,Movie,2013,"July 5, 2020",7,TV-MA,Dramas,India,2,1,123.0
s1035,Movie,2016,"October 1, 2016",0,TV-MA,Dramas,New Zealand,1,1,86.0
s1036,Movie,2017,"May 31, 2018",1,TV-14,Documentaries,United States,1,1,89.0
s1037,Movie,2015,"September 1, 2016",1,TV-MA,Comedies,Netherlands,2,1,88.0
s1038,Movie,2017,"November 11, 2017",0,TV-MA,Action & Adventure,Canada,3,1,126.0
s1039,Movie,2006,"March 15, 2017",11,TV-MA,Action & Adventure,Canada,3,1,117.0
s1041,TV Show,2019,"September 22, 2019",0,TV-MA,TV Comedies,United States,2,1,1.0
s1042,Movie,1967,"January 1, 2021",54,R,Action & Adventure,United States,3,1,111.0
s1043,TV Show,2019,"July 12, 2019",0,TV-MA,International TV Shows,Sweden,2,1,3.0
s1044,TV Show,2019,"January 16, 2020",1,TV-Y7,Kids' TV,Russia,2,1,3.0
s1045,TV Show,2020,"September 1, 2020",0,TV-Y,Kids' TV,United States,1,1,1.0
s1046,Movie,2003,"March 1, 2018",15,TV-MA,Action & Adventure,India,3,1,79.0
s1047,TV Show,2016,"October 2, 2019",3,TV-PG,Reality TV,Unknown,1,0,1.0
s1048,TV Show,2018,"January 1, 2020",2,TV-14,Crime TV Shows,Canada,3,1,1.0
s1050,TV Show,2017,"March 6, 2018",1,TV-MA,Crime TV Shows,Norway,3,3,1.0
s1051,TV Show,2019,"May 11, 2020",1,TV-MA,Crime TV Shows,Finland,3,2,3.0
s1052,TV Show,2012,"September 1, 2020",8,TV-MA,International TV Shows,Denmark,2,1,3.0
s1053,TV Show,2018,"June 25, 2018",0,TV-MA,International TV Shows,Brazil,2,1,1.0
s1054,Movie,2019,"April 8, 2020",1,TV-MA,Comedies,Philippines,3,1,96.0
s1055,Movie,2014,"May 17, 2019",5,TV-14,Documentaries,Spain,2,1,70.0
s1056,Movie,2016,"May 17, 2019",3,TV-14,Documentaries,Denmark,2,2,87.0
s1057,Movie,2018,"July 8, 2020",2,R,Documentaries,New Zealand,2,1,89.0
s1058,Movie,2017,"December 31, 2017",0,TV-MA,Documentaries,United States,2,1,86.0
s1059,Movie,2016,"April 1, 2017",1,TV-14,Documentaries,United Kingdom,2,2,74.0
s1060,Movie,2013,"July 5, 2020",7,TV-14,Action & Adventure,India,3,1,139.0
s1061,Movie,2005,"October 19, 2020",15,TV-14,Dramas,Lebanon,3,1,112.0
s1062,TV Show,2013,"October 2, 2019",6,TV-MA,British TV Shows,United Kingdom,3,1,1.0
s1063,TV Show,2017,"March 24, 2017",0,TV-Y7,British TV Shows,United States,2,3,2.0
s1064,Movie,2017,"May 28, 2020",3,TV-MA,Dramas,Canada,3,2,84.0
s1065,TV Show,2011,"August 1, 2017",6,TV-14,International TV Shows,Singapore,3,1,1.0
s1066,Movie,2008,"April 28, 2020",12,TV-MA,Comedies,Egypt,2,1,100.0
s1067,Movie,2013,"October 1, 2017",4,PG,Children & Family Movies,Brazil,1,1,80.0
s1068,Movie,2016,"April 2, 2019",3,TV-MA,Comedies,United States,2,1,86.0
s1069,Movie,2016,"February 19, 2017",1,TV-MA,International Movies,Spain,2,1,105.0
s1070,Movie,2016,"August 1, 2019",3,R,Action & Adventure,Bulgaria,1,2,90.0
s1071,TV Show,2009,"May 16, 2020",11,TV-14,International TV Shows,South Korea,3,1,1.0
s1072,Movie,2017,"August 15, 2017",0,TV-MA,Stand-Up Comedy,United States,1,1,63.0
s1073,Movie,2016,"July 6, 2016",0,TV-MA,Comedies,India,3,2,96.0
s1075,Movie,2016,"June 22, 2018",2,PG-13,Dramas,United States,3,3,89.0
s1076,TV Show,2018,"November 2, 2018",0,TV-G,Kids' TV,Unknown,1,0,1.0
s1077,Movie,2018,"April 19, 2019",1,TV-MA,Dramas,United States,3,1,90.0
s1078,Movie,2007,"June 29, 2020",13,PG,Children & Family Movies,United States,2,1,102.0
s1079,Movie,2020,"October 21, 2020",0,TV-PG,Documentaries,Canada,2,2,51.0
s1080,TV Show,2013,"February 17, 2018",5,TV-14,Crime TV Shows,United States,2,4,1.0
s1081,Movie,2016,"December 15, 2017",1,TV-MA,Comedies,United States,2,1,92.0
s1082,Movie,2018,"December 17, 2020",2,R,Action & Adventure,Canada,1,1,94.0
s1083,TV Show,2014,"February 15, 2020",6,TV-PG,Reality TV,United States,1,1,2.0
s1084,TV Show,2020,"August 15, 2020",0,TV-Y,Kids' TV,Unknown,2,0,1.0
s1085,Movie,2018,"December 3, 2020",2,TV-MA,Comedies,France,3,2,96.0
s1086,TV Show,2020,"December 16, 2020",0,TV-MA,Docuseries,Unknown,2,0,1.0
s1087,Movie,2010,"November 19, 2020",10,TV-14,Comedies,India,3,1,108.0
s1088,Movie,2014,"December 1, 2018",4,TV-14,Comedies,Hong Kong,3,1,105.0
s1089,TV Show,2019,"October 23, 2019",0,TV-MA,Docuseries,United States,1,1,1.0
s1090,TV Show,2013,"August 2, 2013",0,TV-MA,Crime TV Shows,United States,3,1,5.0
s1091,Movie,2015,"December 15, 2017",2,TV-MA,Documentaries,India,3,1,81.0
s1092,Movie,2014,"January 1, 2020",6,TV-PG,Comedies,United Kingdom,2,1,105.0
s1093,TV Show,2010,"July 1, 2017",7,TV-14,International TV Shows,Unknown,2,0,1.0
s1094,Movie,2018,"December 5, 2018",0,TV-MA,Dramas,Australia,2,1,116.0
s1095,Movie,2019,"April 19, 2019",0,TV-14,Documentaries,Unknown,1,0,77.0
s1096,TV Show,2020,"April 10, 2020",0,TV-MA,TV Comedies,United States,1,1,1.0
s1097,Movie,2017,"November 21, 2017",0,TV-PG,Stand-Up Comedy,United States,1,1,61.0
s1098,Movie,2005,"September 1, 2018",13,R,Independent Movies,United States,2,1,110.0
s1099,Movie,2014,"February 27, 2019",5,TV-PG,Comedies,Philippines,3,1,110.0
s1100,Movie,2019,"December 24, 2020",1,TV-MA,Comedies,Indonesia,3,1,94.0
s1101,TV Show,2020,"December 25, 2020",0,TV-MA,Romantic TV Shows,United States,2,1,1.0
s1102,Movie,2016,"March 31, 2017",1,TV-MA,Stand-Up Comedy,United Kingdom,1,1,51.0
s1103,Movie,2017,"December 22, 2017",0,TV-MA,Action & Adventure,United States,2,1,118.0
s1104,TV Show,2017,"November 23, 2017",0,TV-MA,TV Shows,Unknown,1,0,1.0
s1105,Movie,2018,"August 4, 2018",0,TV-MA,Comedies,India,3,1,100.0
s1106,TV Show,2016,"October 30, 2019",3,TV-14,International TV Shows,South Korea,3,1,1.0
s1107,Movie,2017,"August 29, 2017",0,PG-13,Comedies,United States,1,1,95.0
s1108,TV Show,2015,"October 2, 2019",4,TV-14,International TV Shows,Unknown,2,0,1.0
s1109,TV Show,2017,"November 27, 2017",0,TV-MA,British TV Shows,United Kingdom,3,1,3.0
s1110,TV Show,2019,"November 27, 2019",0,TV-14,Docuseries,United States,1,1,1.0
s1111,TV Show,2015,"December 1, 2016",1,TV-PG,International TV Shows,Taiwan,3,1,1.0
s1112,Movie,2009,"October 1, 2018",9,R,Dramas,United States,2,1,133.0
s1113,Movie,2019,"November 22, 2019",0,TV-MA,Dramas,France,3,1,97.0
s1114,Movie,2019,"October 4, 2019",0,TV-MA,Comedies,Turkey,3,1,110.0
s1115,Movie,2006,"September 1, 2017",11,TV-MA,Dramas,United States,2,1,90.0
s1116,TV Show,2019,"October 25, 2019",0,TV-MA,Crime TV Shows,Brazil,3,1,1.0
s1117,Movie,2017,"November 28, 2018",1,TV-MA,Action & Adventure,China,2,1,120.0
s1118,Movie,2015,"April 1, 2020",5,TV-14,Action & Adventure,India,3,2,155.0
s1119,TV Show,2016,"November 15, 2016",0,TV-14,TV Comedies,United States,1,1,1.0
s1120,Movie,2016,"June 24, 2017",1,TV-PG,Children & Family Movies,Canada,2,1,91.0
s1121,Movie,2017,"July 1, 2017",0,TV-PG,Children & Family Movies,Canada,2,1,90.0
s1122,Movie,2017,"June 24, 2017",0,TV-PG,Children & Family Movies,Canada,2,1,90.0
s1123,Movie,2018,"November 5, 2018",0,TV-14,Dramas,India,2,1,129.0
s1124,Movie,2018,"March 1, 2019",1,TV-MA,Comedies,France,2,2,103.0
s1125,TV Show,2013,"April 1, 2018",5,TV-PG,International TV Shows,Unknown,2,0,1.0
s1126,TV Show,2020,"September 11, 2020",0,TV-Y,British TV Shows,United Kingdom,2,2,2.0
s1127,Movie,2012,"February 15, 2019",7,TV-MA,Comedies,Brazil,3,1,103.0
s1128,TV Show,2017,"March 10, 2017",0,TV-Y7,Kids' TV,United States,2,1,1.0
s1129,Movie,2017,"July 14, 2017",0,TV-Y7,Movies,United States,1,1,14.0
s1130,Movie,2016,"July 5, 2020",4,TV-MA,Dramas,India,3,1,95.0
s1131,Movie,2018,"April 12, 2019",1,TV-MA,Action & Adventure,Indonesia,2,2,103.0
s1132,Movie,2016,"February 20, 2018",2,TV-G,Documentaries,Netherlands,2,4,73.0
s1133,Movie,2020,"June 24, 2020",0,TV-MA,Horror Movies,India,2,1,94.0
s1134,Movie,2018,"January 15, 2020",2,TV-14,Dramas,India,3,1,95.0
s1135,Movie,2017,"March 7, 2018",1,R,International Movies,Bulgaria,2,2,94.0
s1136,Movie,2020,"January 9, 2020",0,TV-MA,Action & Adventure,United States,2,1,97.0
s1137,Movie,2018,"June 1, 2019",1,TV-MA,Independent Movies,United States,2,1,98.0
s1138,Movie,2012,"September 29, 2020",8,PG-13,Documentaries,United States,1,1,98.0
s1139,TV Show,2018,"November 27, 2018",0,TV-MA,Stand-Up Comedy & Talk Shows,United States,2,1,1.0
s1140,TV Show,2020,"August 24, 2020",0,TV-G,Kids' TV,United States,2,1,4.0
s1141,TV Show,2017,"March 31, 2018",1,TV-PG,Kids' TV,Unknown,1,0,1.0
s1142,Movie,2010,"December 16, 2019",9,PG-13,Dramas,United States,2,1,119.0
s1143,Movie,2017,"June 1, 2017",0,TV-MA,Documentaries,United States,1,1,76.0
s1144,Movie,2017,"March 15, 2019",2,TV-MA,Action & Adventure,France,2,2,104.0
s1145,TV Show,2005,"April 1, 2017",12,TV-MA,International TV Shows,Turkey,2,1,1.0
s1146,Movie,2018,"April 29, 2019",1,TV-MA,Dramas,South Korea,3,2,148.0
s1147,Movie,2019,"November 6, 2019",0,TV-MA,Dramas,United States,1,1,78.0
s1148,Movie,2017,"March 10, 2017",0,TV-MA,Dramas,United States,2,1,102.0
s1150,Movie,2017,"November 24, 2017",0,TV-MA,Action & Adventure,United States,2,1,94.0
s1151,TV Show,2019,"November 8, 2019",0,TV-14,Crime TV Shows,South Korea,3,1,2.0
s1152,Movie,2016,"August 26, 2017",1,TV-MA,Independent Movies,United States,2,1,98.0
s1153,Movie,1960,"November 1, 2019",59,TV-14,Classic Movies,United States,3,1,108.0
s1154,Movie,2018,"November 13, 2018",0,TV-MA,Action & Adventure,Philippines,2,1,128.0
s1155,Movie,2012,"December 16, 2020",8,TV-MA,Dramas,Philippines,3,4,110.0
s1156,Movie,2015,"February 16, 2020",5,R,Dramas,France,2,3,122.0
s1157,Movie,1981,"May 21, 2020",39,TV-14,Comedies,Kuwait,3,1,177.0
s1158,Movie,2017,"October 11, 2019",2,TV-MA,Comedies,Turkey,3,1,104.0
s1159,Movie,2019,"March 15, 2020",1,TV-14,International Movies,India,2,1,135.0
s1160,Movie,2008,"May 31, 2019",11,TV-14,Action & Adventure,India,3,1,127.0
s1161,Movie,2016,"September 7, 2017",1,R,Dramas,Belgium,3,2,114.0
s1162,Movie,2016,"June 6, 2019",3,R,Horror Movies,United States,2,1,98.0
s1163,TV Show,2017,"September 15, 2018",1,TV-PG,British TV Shows,United Kingdom,3,1,1.0
s1164,TV Show,2019,"July 3, 2020",1,TV-MA,International TV Shows,Spain,3,1,6.0
s1165,Movie,2020,"October 22, 2020",0,TV-MA,Horror Movies,Norway,2,1,87.0
s1166,TV Show,2020,"February 6, 2020",0,TV-MA,Anime Series,Japan,2,1,1.0
s1167,Movie,2014,"October 5, 2018",4,TV-14,Dramas,Indonesia,3,1,151.0
s1168,Movie,2016,"January 20, 2017",1,TV-MA,Comedies,Argentina,3,1,78.0
s1169,TV Show,2009,"March 12, 2019",10,TV-MA,International TV Shows,South Korea,3,1,1.0
s1170,Movie,1958,"June 18, 2020",62,TV-14,Classic Movies,Egypt,3,1,73.0
s1171,Movie,2018,"May 15, 2019",1,TV-MA,Comedies,United Kingdom,3,2,125.0
s1172,Movie,2015,"October 15, 2017",2,TV-14,Dramas,India,2,1,126.0
s1173,Movie,2018,"June 29, 2018",0,TV-MA,Dramas,United Kingdom,3,1,101.0
s1174,TV Show,2018,"November 1, 2018",0,TV-Y,Kids' TV,Unknown,1,0,1.0
s1175,TV Show,2020,"March 1, 2020",0,TV-Y,Kids' TV,Unknown,1,0,1.0
s1176,Movie,2017,"November 1, 2018",1,TV-Y,Children & Family Movies,Unknown,1,0,11.0
s1177,Movie,2019,"March 1, 2020",1,TV-Y,Children & Family Movies,Unknown,1,0,11.0
s1178,Movie,2017,"November 1, 2018",1,TV-Y,Children & Family Movies,Unknown,1,0,22.0
s1179,TV Show,2020,"March 18, 2020",0,TV-MA,International TV Shows,Sweden,2,1,1.0
s1180,TV Show,2016,"December 16, 2016",0,TV-14,International TV Shows,Italy,3,1,1.0
s1181,TV Show,2018,"January 4, 2019",1,TV-MA,International TV Shows,France,3,1,3.0
s1182,TV Show,2020,"September 15, 2020",0,TV-MA,British TV Shows,United Kingdom,3,1,9.0
s1183,Movie,2019,"August 13, 2019",0,TV-MA,Documentaries,United States,2,1,93.0
s1184,Movie,2018,"November 16, 2018",0,TV-MA,Horror Movies,United States,3,1,95.0
s1185,TV Show,2018,"July 18, 2018",0,TV-14,Docuseries,Unknown,3,0,1.0
s1186,Movie,2018,"July 18, 2018",0,TV-14,Documentaries,Spain,3,1,105.0
s1187,TV Show,2014,"February 1, 2017",3,TV-14,Crime TV Shows,Mexico,3,2,1.0
s1188,Movie,2016,"August 20, 2017",1,TV-MA,Comedies,United States,2,1,104.0
s1189,Movie,2017,"January 1, 2018",1,TV-G,Children & Family Movies,United States,3,1,104.0
s1190,TV Show,2014,"February 1, 2019",5,TV-MA,Docuseries,Canada,1,1,1.0
s1191,Movie,2014,"January 14, 2017",3,R,Dramas,United States,2,1,117.0
s1192,TV Show,2012,"May 22, 2017",5,TV-14,International TV Shows,South Korea,3,1,1.0
s1193,TV Show,2020,"November 2, 2020",0,TV-MA,International TV Shows,Canada,3,1,2.0
s1194,TV Show,2018,"May 28, 2020",2,TV-MA,TV Comedies,Ireland,2,1,2.0
s1195,Movie,1998,"January 1, 2021",23,PG-13,Comedies,United States,2,1,101.0
s1196,Movie,2017,"February 27, 2019",2,TV-14,Comedies,Philippines,3,1,120.0
s1197,Movie,2007,"June 3, 2020",13,TV-MA,Comedies,Egypt,3,1,114.0
s1198,Movie,2018,"April 27, 2018",0,TV-14,Children & Family Movies,United States,3,1,93.0
s1199,TV Show,2019,"November 17, 2019",0,TV-MA,International TV Shows,Taiwan,3,1,1.0
s1200,Movie,2017,"February 15, 2019",2,TV-MA,Dramas,India,3,1,104.0
s1201,Movie,1992,"October 1, 2019",27,R,Cult Movies,United States,2,2,99.0
s1202,TV Show,2016,"December 15, 2016",0,TV-MA,Crime TV Shows,France,3,1,1.0
s1203,TV Show,2019,"August 15, 2019",0,TV-MA,Anime Series,United States,2,2,1.0
s1204,Movie,2020,"December 11, 2020",0,G,Children & Family Movies,United States,2,1,9.0
s1205,Movie,2019,"September 8, 2020",1,TV-14,Documentaries,France,1,2,103.0
s1206,Movie,2017,"July 1, 2018",1,TV-PG,Comedies,India,3,1,126.0
s1207,Movie,2020,"February 11, 2020",0,TV-Y7,Children & Family Movies,United States,2,1,81.0
s1208,Movie,2020,"December 4, 2020",0,TV-Y7,Children & Family Movies,United States,2,1,46.0
s1209,TV Show,2016,"December 9, 2016",0,TV-MA,Crime TV Shows,United Kingdom,2,1,1.0
s1210,TV Show,2020,"March 27, 2020",0,TV-PG,Reality TV,Unknown,1,0,2.0
s1211,Movie,2017,"September 1, 2018",1,TV-MA,Dramas,France,3,2,104.0
s1212,Movie,2016,"September 15, 2018",2,TV-MA,Dramas,Ireland,2,1,92.0
s1213,TV Show,1999,"June 1, 2020",21,TV-Y7,Anime Series,Japan,2,1,2.0
s1214,TV Show,2016,"February 5, 2016",0,TV-Y,Kids' TV,United States,1,1,2.0
s1215,TV Show,2012,"August 2, 2019",7,TV-Y,Kids' TV,United States,1,1,1.0
s1216,Movie,2018,"September 6, 2019",1,TV-14,Comedies,India,3,1,142.0
s1217,Movie,2008,"March 5, 2019",11,TV-14,Dramas,Philippines,2,1,131.0
s1218,Movie,2020,"September 9, 2020",0,TV-14,Comedies,India,3,1,113.0
s1219,Movie,2019,"October 1, 2020",1,TV-14,Documentaries,United States,2,1,83.0
s1220,Movie,2016,"November 21, 2016",0,TV-MA,Stand-Up Comedy,Mexico,1,1,67.0
s1221,Movie,2018,"May 11, 2018",0,TV-MA,Stand-Up Comedy,Mexico,1,1,63.0
s1222,TV Show,2020,"November 5, 2020",0,TV-14,Crime TV Shows,Argentina,3,1,1.0
s1223,TV Show,2021,"January 15, 2021",0,TV-Y7,Kids' TV,United States,2,1,4.0
s1224,Movie,2020,"March 10, 2020",0,TV-Y7,Children & Family Movies,Canada,1,2,82.0
s1225,Movie,2015,"October 20, 2020",5,R,Dramas,United Kingdom,3,3,119.0
s1226,TV Show,2019,"December 24, 2019",0,TV-MA,Anime Series,Japan,3,1,2.0
s1227,Movie,1976,"June 1, 2019",43,R,Classic Movies,United States,3,1,98.0
s1228,Movie,2016,"September 5, 2017",1,TV-MA,Comedies,United States,2,1,98.0
s1229,Movie,2009,"November 20, 2019",10,PG-13,Horror Movies,United States,3,1,85.0
s1230,Movie,2012,"November 14, 2012",0,R,Comedies,United States,1,2,84.0
s1231,Movie,2016,"January 13, 2017",1,TV-14,Documentaries,France,2,1,82.0
s1232,TV Show,2015,"November 9, 2016",1,TV-MA,Crime TV Shows,Iceland,3,1,1.0
s1233,Movie,2009,"January 1, 2021",12,R,Horror Movies,United States,2,2,111.0
s1234,TV Show,2015,"January 4, 2019",4,TV-14,Anime Series,Japan,3,1,1.0
s1235,Movie,2006,"August 31, 2020",14,PG-13,Action & Adventure,United Kingdom,1,5,145.0
s1236,Movie,1992,"August 1, 2018",26,TV-MA,Action & Adventure,Hong Kong,3,1,125.0
s1237,Movie,1992,"August 16, 2018",26,TV-MA,Action & Adventure,Hong Kong,3,1,108.0
s1238,Movie,2017,"April 28, 2017",0,TV-14,Documentaries,United States,1,3,81.0
s1239,TV Show,2018,"February 14, 2020",2,TV-MA,International TV Shows,Nigeria,2,1,1.0
s1240,TV Show,2015,"September 7, 2018",3,TV-MA,International TV Shows,Unknown,3,0,1.0
s1241,TV Show,2020,"March 5, 2020",0,TV-MA,Anime Series,United States,3,1,3.0
s1242,Movie,1958,"November 1, 2019",61,NR,Classic Movies,United States,2,1,108.0
s1243,Movie,2002,"January 1, 2021",19,PG-13,Dramas,United States,1,2,141.0
s1244,Movie,2018,"May 18, 2018",0,TV-MA,Comedies,South Africa,3,1,117.0
s1245,Movie,2015,"April 22, 2016",1,TV-14,Documentaries,China,1,4,74.0
s1246,Movie,2016,"June 1, 2017",1,TV-MA,Comedies,United States,2,1,96.0
s1247,TV Show,2017,"August 31, 2018",1,TV-MA,International TV Shows,Spain,3,1,1.0
s1248,Movie,2010,"February 1, 2019",9,PG,Children & Family Movies,United States,2,2,82.0
s1249,Movie,2018,"January 7, 2019",1,TV-PG,Documentaries,Canada,2,1,75.0
s1250,TV Show,2015,"August 15, 2016",1,TV-MA,British TV Shows,United Kingdom,3,1,3.0
s1251,Movie,2016,"June 15, 2017",1,TV-MA,Action & Adventure,Norway,3,1,77.0
s1252,Movie,2016,"September 16, 2016",0,TV-MA,Stand-Up Comedy,United States,1,1,60.0
s1253,Movie,2017,"December 6, 2019",2,TV-PG,Dramas,Unknown,2,0,107.0
s1254,TV Show,2018,"January 1, 2020",2,TV-PG,Anime Series,Japan,2,1,1.0
s1255,Movie,2012,"April 1, 2017",5,TV-PG,Documentaries,India,2,1,156.0
s1256,Movie,2018,"December 24, 2020",2,TV-G,Children & Family Movies,Indonesia,3,1,110.0
s1257,Movie,2000,"January 1, 2020",20,PG-13,Dramas,United States,1,1,116.0
s1258,Movie,1996,"May 1, 2017",21,TV-14,Dramas,India,3,1,148.0
s1259,Movie,2014,"November 1, 2018",4,TV-PG,Dramas,India,3,1,126.0
s1260,Movie,1976,"September 1, 2017",41,TV-PG,Comedies,India,3,1,135.0
s1261,Movie,2014,"December 1, 2018",4,TV-14,Comedies,India,3,1,110.0
s1262,Movie,2010,"March 15, 2018",8,TV-14,Comedies,India,3,1,129.0
s1263,Movie,2000,"December 31, 2019",19,TV-14,Comedies,India,3,1,132.0
s1264,Movie,2017,"May 15, 2018",1,TV-14,Comedies,Pakistan,3,1,118.0
s1265,TV Show,2020,"September 16, 2020",0,TV-14,Docuseries,United States,2,1,1.0
s1266,Movie,2003,"July 1, 2018",15,TV-14,Dramas,India,3,1,166.0
s1267,Movie,2020,"June 19, 2020",0,TV-MA,Comedies,India,3,1,112.0
s1268,Movie,1992,"May 15, 2017",25,TV-14,Comedies,India,3,1,164.0
s1269,TV Show,2019,"April 26, 2019",0,TV-MA,TV Horror,United States,3,1,1.0
s1270,Movie,2004,"February 15, 2019",15,TV-14,Dramas,India,2,1,102.0
s1271,TV Show,2018,"March 8, 2019",1,TV-14,TV Comedies,United States,1,1,1.0
s1272,Movie,2010,"November 1, 2018",8,TV-14,Comedies,India,3,1,121.0
s1273,Movie,2010,"March 1, 2017",7,TV-G,Documentaries,Germany,2,2,87.0
s1274,Movie,2018,"March 1, 2020",2,PG,Dramas,United States,1,1,95.0
s1275,Movie,2016,"January 5, 2019",3,TV-14,Dramas,Indonesia,3,1,86.0
s1276,Movie,2017,"October 1, 2018",1,PG-13,Dramas,United States,1,2,106.0
s1277,Movie,2015,"January 1, 2019",4,R,Action & Adventure,South Africa,2,2,121.0
s1278,TV Show,2017,"April 19, 2018",1,TV-MA,International TV Shows,Germany,2,1,1.0
s1279,TV Show,2019,"June 15, 2019",0,TV-MA,International TV Shows,Unknown,2,0,1.0
s1280,Movie,2005,"January 1, 2020",15,PG,Children & Family Movies,United Kingdom,2,2,115.0
s1281,Movie,2000,"October 1, 2019",19,PG-13,Action & Adventure,United States,2,2,98.0
s1282,Movie,2003,"October 1, 2019",16,PG-13,Action & Adventure,United States,2,1,106.0
s1283,TV Show,2019,"March 22, 2019",0,TV-Y,Kids' TV,United States,1,1,1.0
s1284,Movie,1973,"November 23, 2019",46,G,Children & Family Movies,United States,2,1,94.0
s1285,TV Show,2019,"May 9, 2020",1,TV-14,TV Dramas,United States,2,1,2.0
s1286,Movie,2021,"January 8, 2021",0,TV-Y7,Children & Family Movies,Canada,2,3,85.0
s1287,Movie,2013,"July 5, 2020",7,TV-14,Comedies,India,3,1,121.0
s1288,Movie,2013,"May 1, 2017",4,TV-PG,Comedies,India,3,1,121.0
s1289,Movie,1997,"January 1, 2020",23,R,Comedies,United States,3,1,113.0
s1290,TV Show,2016,"December 27, 2016",0,TV-14,Reality TV,United States,2,1,1.0
s1291,Movie,2017,"July 14, 2017",0,TV-PG,Documentaries,United States,1,1,89.0
s1293,Movie,2017,"April 19, 2018",1,TV-MA,Action & Adventure,Hong Kong,3,2,129.0
s1294,Movie,2016,"November 13, 2017",1,TV-PG,Documentaries,United States,2,1,99.0
s1295,Movie,2015,"October 1, 2016",1,TV-MA,Dramas,Brazil,2,1,105.0
s1296,Movie,2015,"February 1, 2017",2,TV-14,Dramas,India,3,2,116.0
s1297,TV Show,2016,"December 1, 2017",1,TV-14,International TV Shows,Australia,2,1,1.0
s1298,TV Show,2020,"December 2, 2020",0,TV-14,International TV Shows,Indonesia,3,1,2.0
s1299,TV Show,2020,"January 8, 2020",0,TV-MA,Docuseries,United States,3,1,1.0
s1300,TV Show,2016,"March 14, 2017",1,TV-PG,Reality TV,United States,2,1,1.0
s1302,TV Show,2016,"October 1, 2019",3,TV-14,International TV Shows,South Korea,3,1,1.0
s1303,Movie,2014,"December 1, 2020",6,R,Comedies,United States,2,1,115.0
s1305,TV Show,2019,"February 22, 2019",0,TV-MA,Docuseries,United States,2,1,6.0
s1306,TV Show,2020,"September 2, 2020",0,TV-14,Docuseries,United States,2,1,1.0
s1307,TV Show,2016,"September 2, 2016",0,TV-14,Docuseries,Unknown,1,0,1.0
s1308,TV Show,2017,"April 14, 2017",0,TV-MA,Stand-Up Comedy & Talk Shows,United States,2,1,2.0
s1309,TV Show,2016,"January 23, 2016",0,TV-MA,Docuseries,United States,2,1,1.0
s1310,Movie,2014,"October 10, 2014",0,TV-MA,Stand-Up Comedy,United States,1,1,71.0
s1311,Movie,2014,"November 14, 2014",0,TV-MA,Stand-Up Comedy,United States,1,1,75.0
s1312,Movie,2013,"August 31, 2018",5,TV-14,Action & Adventure,India,3,1,135.0
s1313,Movie,2012,"August 1, 2018",6,R,Horror Movies,United States,2,1,88.0
s1314,TV Show,2015,"December 15, 2017",2,TV-MA,International TV Shows,Unknown,3,0,1.0
s1315,TV Show,1999,"October 1, 2016",17,TV-14,British TV Shows,United Kingdom,2,1,1.0
s1317,TV Show,2019,"July 11, 2019",0,TV-Y,Kids' TV,India,1,1,1.0
s1318,Movie,2012,"April 1, 2020",8,TV-Y7,Children & Family Movies,India,1,1,87.0
s1319,Movie,2018,"May 10, 2019",1,TV-Y7,Movies,Unknown,1,0,63.0
s1320,Movie,2018,"May 10, 2019",1,TV-Y7,Children & Family Movies,Unknown,1,0,62.0
s1321,Movie,2018,"May 10, 2019",1,TV-Y7,Movies,Unknown,1,0,62.0
s1322,TV Show,2019,"January 1, 2020",1,TV-Y7,Kids' TV,Unknown,1,0,1.0
s1323,Movie,2019,"August 15, 2019",0,TV-Y7,Children & Family Movies,India,1,1,112.0
s1324,TV Show,2017,"October 1, 2019",2,TV-14,International TV Shows,South Korea,3,1,1.0
s1325,Movie,2017,"July 1, 2018",1,TV-14,Comedies,India,2,1,113.0
s1326,Movie,2005,"March 16, 2016",11,G,Children & Family Movies,United States,2,1,82.0
s1327,TV Show,2018,"August 27, 2018",0,TV-MA,Docuseries,United States,1,1,1.0
s1328,Movie,2020,"December 3, 2020",0,TV-Y,Children & Family Movies,Unknown,1,0,25.0
s1329,TV Show,2020,"October 27, 2020",0,TV-Y,Kids' TV,United States,1,1,4.0
s1330,Movie,2018,"March 15, 2019",1,TV-MA,Comedies,Nigeria,3,1,98.0
s1331,TV Show,2019,"November 12, 2019",0,TV-14,International TV Shows,South Korea,3,1,2.0
s1332,Movie,1988,"December 31, 2019",31,R,Cult Movies,United States,2,1,87.0
s1333,TV Show,2020,"December 12, 2020",0,TV-14,International TV Shows,Lebanon,3,1,1.0
s1334,Movie,1994,"August 1, 2016",22,TV-MA,Documentaries,United Kingdom,1,1,63.0
s1335,Movie,2019,"September 1, 2020",1,TV-PG,Anime Features,Japan,1,1,112.0
s1336,TV Show,2017,"March 13, 2018",1,TV-14,Anime Series,Japan,2,1,1.0
s1337,TV Show,1994,"December 1, 2016",22,TV-G,TV Shows,Unknown,1,0,1.0
s1338,Movie,2011,"August 2, 2018",7,TV-PG,Children & Family Movies,India,3,1,127.0
s1339,TV Show,2020,"December 31, 2020",0,TV-14,TV Horror,United States,3,1,4.0
s1340,Movie,2017,"September 24, 2018",1,TV-MA,Action & Adventure,China,2,1,111.0
s1341,Movie,2017,"June 1, 2017",0,TV-MA,Stand-Up Comedy,Unknown,1,0,63.0
s1342,TV Show,2019,"November 29, 2019",0,TV-Y,Kids' TV,United Kingdom,1,2,2.0
s1343,Movie,2020,"June 1, 2020",0,TV-14,Comedies,India,3,1,92.0
s1344,Movie,2012,"January 1, 2018",6,NR,Dramas,United States,3,3,105.0
s1345,Movie,1968,"January 1, 2020",52,G,Children & Family Movies,United Kingdom,3,2,146.0
s1346,Movie,2009,"January 1, 2020",11,R,Independent Movies,United States,2,3,96.0
s1347,TV Show,2019,"November 30, 2019",0,TV-14,International TV Shows,South Korea,3,1,1.0
s1348,Movie,2017,"August 12, 2017",0,TV-MA,Dramas,United States,1,1,90.0
s1349,Movie,2020,"June 5, 2020",0,TV-14,Dramas,India,2,1,114.0
s1350,Movie,2019,"May 31, 2019",0,TV-MA,Comedies,India,3,1,101.0
s1351,TV Show,2019,"October 17, 2019",0,TV-14,Crime TV Shows,China,3,1,2.0
s1352,Movie,2017,"October 7, 2017",0,TV-MA,Documentaries,United States,2,1,80.0
s1353,Movie,2015,"April 17, 2015",0,TV-MA,Stand-Up Comedy,United States,1,1,84.0
s1354,Movie,2017,"June 27, 2017",0,TV-MA,Stand-Up Comedy,United States,1,1,66.0
s1355,Movie,2020,"April 14, 2020",0,TV-MA,Stand-Up Comedy,United States,1,1,55.0
s1356,Movie,2021,"January 12, 2021",0,TV-MA,Stand-Up Comedy,Unknown,1,0,98.0
s1357,Movie,2018,"February 14, 2018",0,TV-MA,Stand-Up Comedy,United States,1,1,65.0
s1358,Movie,2015,"July 10, 2015",0,TV-MA,Stand-Up Comedy,United States,1,1,92.0
s1359,Movie,2014,"June 6, 2019",5,PG,Comedies,United States,3,1,99.0
s1360,TV Show,2018,"September 30, 2018",0,TV-MA,Docuseries,United States,1,1,1.0
s1361,Movie,2017,"October 10, 2017",0,TV-MA,Stand-Up Comedy,United States,1,1,59.0
s1362,Movie,2016,"August 13, 2020",4,R,Dramas,United Kingdom,2,2,119.0
s1363,Movie,2019,"November 1, 2020",1,TV-PG,Children & Family Movies,United States,2,1,87.0
s1364,Movie,2020,"December 4, 2020",0,TV-MA,Comedies,Germany,3,1,106.0
s1365,Movie,2012,"November 4, 2019",7,TV-PG,Comedies,Canada,2,2,87.0
s1366,Movie,2017,"November 1, 2019",2,TV-PG,Dramas,United States,1,1,112.0
s1367,Movie,2015,"March 1, 2019",4,TV-G,Children & Family Movies,United States,3,1,88.0
s1368,Movie,2017,"December 15, 2017",0,TV-G,Dramas,United States,3,1,105.0
s1369,Movie,2018,"November 1, 2019",1,TV-MA,Comedies,United Kingdom,1,1,101.0
s1370,Movie,2017,"November 15, 2018",1,PG,Comedies,Canada,3,1,86.0
s1371,Movie,2018,"November 4, 2020",2,TV-PG,Comedies,Canada,3,1,86.0
s1372,Movie,2018,"November 1, 2018",0,TV-PG,International Movies,Canada,2,1,91.0
s1373,Movie,2004,"January 1, 2019",15,PG,Children & Family Movies,United States,2,1,99.0
s1374,Movie,2018,"March 5, 2019",1,PG,Children & Family Movies,United States,3,1,104.0
s1375,Movie,2016,"February 1, 2020",4,TV-MA,Comedies,United States,3,1,86.0
s1376,Movie,2006,"June 15, 2018",12,R,Dramas,Argentina,3,1,104.0
s1377,TV Show,2019,"October 18, 2019",0,TV-Y,Kids' TV,Unknown,1,0,1.0
s1378,TV Show,2019,"April 18, 2020",1,TV-Y,Kids' TV,India,1,1,1.0
s1379,Movie,2019,"October 18, 2019",0,TV-Y,Children & Family Movies,Unknown,1,0,47.0
s1380,Movie,2019,"October 18, 2019",0,TV-Y,Children & Family Movies,Unknown,1,0,56.0
s1381,Movie,2019,"October 18, 2019",0,TV-Y,Children & Family Movies,Unknown,1,0,61.0
s1382,Movie,2019,"October 18, 2019",0,TV-Y,Children & Family Movies,Unknown,1,0,34.0
s1383,TV Show,2017,"November 15, 2017",0,TV-Y7,Kids' TV,Malaysia,1,1,1.0
s1384,Movie,2006,"November 1, 2018",12,TV-PG,Comedies,India,3,1,158.0
s1385,Movie,2017,"January 15, 2019",2,TV-14,Comedies,Pakistan,2,1,118.0
s1386,Movie,1975,"December 31, 2019",44,TV-PG,Classic Movies,India,3,1,127.0
s1387,TV Show,2018,"June 29, 2018",0,TV-MA,British TV Shows,United Kingdom,3,1,1.0
s1388,Movie,2017,"May 1, 2018",1,TV-14,Action & Adventure,India,3,1,130.0
s1389,Movie,2011,"April 28, 2020",9,TV-14,Comedies,Turkey,3,1,115.0
s1390,TV Show,2016,"December 15, 2019",3,TV-PG,International TV Shows,South Korea,3,1,1.0
s1391,TV Show,2016,"May 8, 2019",3,TV-14,International TV Shows,Unknown,3,0,1.0
s1392,TV Show,2015,"May 8, 2019",4,TV-PG,International TV Shows,Unknown,3,0,1.0
s1393,TV Show,2015,"May 8, 2019",4,TV-14,International TV Shows,Unknown,3,0,1.0
s1394,TV Show,2016,"May 8, 2019",3,TV-PG,International TV Shows,Unknown,2,0,1.0
s1395,Movie,2015,"October 16, 2015",0,TV-MA,Dramas,United States,3,1,86.0
s1396,Movie,2020,"April 22, 2020",0,TV-MA,Documentaries,United States,2,1,87.0
s1397,Movie,2009,"April 16, 2018",9,PG-13,Action & Adventure,United States,3,1,109.0
s1398,Movie,2020,"November 6, 2020",0,TV-MA,Dramas,Nigeria,2,1,151.0
s1399,Movie,2018,"July 12, 2019",1,TV-MA,Dramas,Taiwan,3,4,106.0
s1400,TV Show,2016,"October 1, 2017",1,TV-PG,British TV Shows,United Kingdom,3,1,1.0
s1401,Movie,2002,"January 1, 2020",18,R,Dramas,Brazil,3,3,130.0
s1402,Movie,2013,"May 7, 2018",5,TV-MA,Documentaries,Brazil,2,1,69.0
s1403,Movie,2018,"September 7, 2018",0,TV-MA,Documentaries,United States,1,1,77.0
s1404,Movie,2016,"July 21, 2017",1,TV-MA,Dramas,United Kingdom,3,1,110.0
s1405,TV Show,2018,"October 1, 2018",0,TV-14,British TV Shows,United Kingdom,2,1,1.0
s1406,Movie,2016,"October 13, 2017",1,TV-MA,Dramas,Turkey,2,4,102.0
s1407,TV Show,2008,"November 1, 2019",11,TV-PG,Anime Series,Japan,2,1,2.0
s1408,Movie,2019,"November 14, 2019",0,TV-MA,Documentaries,United States,2,1,88.0
s1409,Movie,2010,"August 1, 2019",9,PG-13,Action & Adventure,United States,2,3,106.0
s1410,Movie,1993,"April 1, 2018",25,TV-PG,Dramas,United States,1,1,91.0
s1411,Movie,2020,"August 21, 2020",0,TV-14,Dramas,India,3,1,98.0
s1412,Movie,2018,"September 18, 2018",0,TV-MA,Comedies,United States,1,1,103.0
s1413,TV Show,2012,"May 15, 2017",5,TV-PG,Docuseries,India,2,1,1.0
s1414,TV Show,2020,"July 1, 2020",0,TV-Y,Kids' TV,Spain,1,1,2.0
s1415,Movie,1973,"November 1, 2019",46,PG,Action & Adventure,United States,2,1,89.0
s1416,TV Show,2017,"September 5, 2020",3,TV-MA,TV Dramas,Australia,3,3,1.0
s1417,Movie,2006,"January 1, 2020",14,PG-13,Comedies,United States,2,1,108.0
s1418,TV Show,2017,"September 17, 2017",0,TV-14,British TV Shows,United Kingdom,3,1,1.0
s1419,Movie,2017,"January 13, 2017",0,TV-MA,Horror Movies,United States,2,1,104.0
s1420,Movie,2017,"September 17, 2019",2,TV-MA,Documentaries,United States,2,1,124.0
s1421,Movie,2019,"January 18, 2019",0,TV-MA,Action & Adventure,United Kingdom,2,2,95.0
s1422,Movie,2018,"January 29, 2020",2,TV-MA,Dramas,France,2,2,112.0
s1423,TV Show,2016,"August 1, 2017",1,TV-14,Crime TV Shows,Taiwan,3,1,1.0
s1424,Movie,2013,"October 16, 2017",4,R,Dramas,United Kingdom,2,2,96.0
s1425,Movie,2012,"August 1, 2017",5,R,Action & Adventure,Germany,3,4,172.0
s1426,Movie,2014,"February 12, 2017",3,R,Dramas,France,2,3,124.0
s1427,Movie,2009,"January 1, 2021",12,PG,Children & Family Movies,United States,3,1,90.0
s1428,Movie,2013,"November 15, 2020",7,PG,Children & Family Movies,United States,2,1,95.0
s1429,Movie,2008,"January 1, 2020",12,PG-13,Action & Adventure,United States,3,1,85.0
s1430,Movie,2018,"October 19, 2018",0,TV-MA,Movies,Mexico,1,2,51.0
s1431,TV Show,2018,"June 18, 2018",0,TV-MA,International TV Shows,United States,3,1,1.0
s1432,TV Show,2015,"March 9, 2019",4,TV-MA,International TV Shows,Unknown,3,0,9.0
s1433,TV Show,2016,"June 18, 2018",2,TV-MA,International TV Shows,Unknown,3,0,7.0
s1434,TV Show,2017,"February 2, 2019",2,TV-MA,International TV Shows,Unknown,3,0,8.0
s1435,TV Show,2016,"April 20, 2018",2,TV-MA,International TV Shows,Unknown,3,0,1.0
s1436,TV Show,2016,"April 13, 2018",2,TV-MA,International TV Shows,Unknown,3,0,1.0
s1437,TV Show,2016,"April 20, 2018",2,TV-MA,International TV Shows,Unknown,3,0,1.0
s1438,TV Show,2019,"January 25, 2019",0,TV-MA,International TV Shows,Mexico,3,1,4.0
s1439,Movie,2005,"January 1, 2020",15,PG-13,Dramas,United States,2,2,137.0
s1440,TV Show,2018,"February 2, 2018",0,TV-MA,Docuseries,United States,2,1,1.0
s1441,TV Show,2021,"January 1, 2021",0,TV-14,TV Action & Adventure,United States,2,1,3.0
s1442,TV Show,2005,"August 1, 2016",11,TV-14,British TV Shows,United Kingdom,3,1,1.0
s1443,TV Show,2018,"August 3, 2018",0,TV-MA,Crime TV Shows,Spain,3,1,1.0
s1444,Movie,2018,"July 27, 2018",0,TV-MA,Stand-Up Comedy,Mexico,1,1,57.0
s1445,TV Show,2020,"December 18, 2020",0,TV-Y,Kids' TV,United States,1,1,2.0
s1446,TV Show,2015,"December 15, 2019",4,TV-Y,Kids' TV,United States,2,1,2.0
s1447,Movie,2019,"April 11, 2020",1,TV-MA,Action & Adventure,Canada,3,1,98.0
s1448,TV Show,2008,"May 1, 2019",11,TV-MA,Anime Series,Japan,2,1,2.0
s1449,TV Show,2007,"October 1, 2020",13,TV-Y7,Kids' TV,France,1,2,4.0
s1450,Movie,2007,"November 1, 2019",12,PG-13,Action & Adventure,United States,2,1,91.0
s1451,Movie,2020,"April 3, 2020",0,TV-MA,Action & Adventure,United States,2,1,88.0
s1452,Movie,2017,"May 1, 2018",1,TV-PG,Documentaries,Italy,2,3,69.0
s1453,Movie,2017,"November 1, 2017",0,TV-PG,Comedies,India,3,1,120.0
s1454,Movie,2017,"January 6, 2017",0,TV-14,Children & Family Movies,United States,2,1,98.0
s1455,TV Show,2017,"September 15, 2019",2,TV-14,Crime TV Shows,United States,2,1,1.0
s1456,TV Show,1999,"September 15, 2020",21,TV-MA,Crime TV Shows,United States,2,1,1.0
s1457,Movie,2019,"July 15, 2020",1,TV-14,Dramas,Nigeria,3,1,98.0
s1458,Movie,2013,"October 1, 2020",7,TV-MA,Action & Adventure,South Africa,3,1,73.0
s1459,Movie,2019,"August 9, 2019",0,TV-14,Stand-Up Comedy,Unknown,1,0,66.0
s1460,Movie,2016,"November 18, 2016",0,TV-MA,Stand-Up Comedy,United States,1,1,62.0
s1461,Movie,2015,"August 15, 2017",2,TV-MA,Stand-Up Comedy,United States,1,1,56.0
s1462,Movie,2016,"March 30, 2017",1,TV-14,Comedies,India,3,1,118.0
s1463,TV Show,2018,"March 9, 2018",0,TV-MA,British TV Shows,United Kingdom,3,2,1.0
s1464,TV Show,2018,"October 1, 2019",1,TV-MA,International TV Shows,India,3,1,1.0
s1465,Movie,2015,"July 14, 2018",3,R,Dramas,Germany,3,5,110.0
s1466,TV Show,2018,"May 2, 2019",1,TV-14,TV Action & Adventure,United States,3,1,3.0
s1467,TV Show,2012,"December 15, 2016",4,TV-PG,International TV Shows,South Korea,3,1,1.0
s1468,Movie,2008,"May 25, 2018",10,TV-14,Dramas,India,2,1,114.0
s1469,Movie,2016,"September 18, 2019",3,R,Dramas,Canada,2,3,112.0
s1470,Movie,2018,"April 13, 2018",0,TV-14,Dramas,United States,3,1,105.0
s1471,TV Show,2019,"July 19, 2019",0,TV-14,Stand-Up Comedy & Talk Shows,United States,2,1,6.0
s1472,TV Show,2019,"January 1, 2019",0,TV-MA,Stand-Up Comedy & Talk Shows,United States,2,1,13.0
s1474,TV Show,2018,"July 1, 2018",0,TV-14,International TV Shows,Unknown,2,0,1.0
s1475,Movie,2017,"May 15, 2017",0,TV-PG,Documentaries,United States,1,1,92.0
s1476,TV Show,2015,"April 1, 2020",5,TV-14,TV Comedies,United States,1,1,6.0
s1477,Movie,2019,"December 24, 2019",0,TV-14,Comedies,Mexico,3,1,117.0
s1478,Movie,2002,"March 1, 2018",16,TV-MA,Action & Adventure,India,3,1,137.0
s1479,Movie,2016,"October 4, 2018",2,TV-MA,Dramas,United Kingdom,2,3,84.0
s1480,TV Show,2018,"December 31, 2018",0,TV-14,Docuseries,United States,2,1,1.0
s1481,Movie,2016,"September 1, 2017",1,TV-MA,Documentaries,Czech Republic,3,2,52.0
s1482,Movie,2013,"August 2, 2018",5,R,Dramas,United States,3,1,96.0
s1483,Movie,2014,"August 28, 2018",4,TV-MA,Horror Movies,Vietnam,3,1,112.0
s1484,TV Show,2020,"August 2, 2020",0,TV-14,Docuseries,United Kingdom,2,1,1.0
s1485,Movie,2017,"March 21, 2018",1,R,Documentaries,Ireland,2,1,90.0
s1486,Movie,2014,"October 25, 2019",5,TV-MA,Dramas,Turkey,3,1,106.0
s1487,Movie,2014,"October 25, 2019",5,TV-MA,Dramas,Turkey,3,1,106.0
s1488,TV Show,2015,"September 1, 2016",1,TV-14,British TV Shows,United Kingdom,2,1,1.0
s1489,TV Show,2016,"October 21, 2016",0,TV-MA,TV Dramas,United States,2,1,1.0
s1490,Movie,2008,"March 2, 2019",11,TV-14,Action & Adventure,India,3,1,116.0
s1491,TV Show,2020,"May 22, 2020",0,TV-MA,International TV Shows,Mexico,3,1,1.0
s1492,TV Show,2019,"January 24, 2019",0,TV-MA,Crime TV Shows,United States,2,1,1.0
s1493,Movie,2014,"June 13, 2019",5,TV-14,Dramas,Unknown,2,0,97.0
s1494,Movie,2017,"June 1, 2020",3,TV-G,Comedies,Zimbabwe,3,1,100.0
s1495,TV Show,2016,"February 19, 2016",0,TV-14,Docuseries,United States,1,1,1.0
s1496,TV Show,2020,"April 20, 2020",0,TV-MA,Reality TV,United States,1,1,1.0
s1497,TV Show,2018,"June 22, 2018",0,TV-MA,Reality TV,United States,1,1,1.0
s1498,Movie,1967,"January 1, 2021",54,TV-14,Classic Movies,United States,2,1,127.0
s1499,Movie,2017,"August 17, 2017",0,PG,Children & Family Movies,Canada,2,1,96.0
s1500,Movie,2015,"June 16, 2019",4,R,Thrillers,United States,1,1,88.0
s1501,Movie,2016,"August 1, 2017",1,TV-MA,Documentaries,Unknown,2,0,45.0
s1502,Movie,2020,"December 28, 2020",0,PG-13,Dramas,United States,1,1,8.0
s1503,Movie,2009,"March 16, 2017",8,PG,Children & Family Movies,United States,1,1,101.0
s1504,TV Show,2020,"April 26, 2020",0,TV-PG,Docuseries,United States,2,1,1.0
s1505,Movie,2015,"June 4, 2019",4,TV-MA,Dramas,Netherlands,3,1,12.0
s1506,Movie,2017,"January 22, 2018",1,TV-MA,Documentaries,Unknown,2,0,69.0
s1507,Movie,2018,"July 1, 2018",0,TV-14,Dramas,Canada,2,1,88.0
s1508,Movie,2017,"June 16, 2017",0,TV-MA,Documentaries,United States,2,1,91.0
s1509,TV Show,2020,"November 6, 2020",0,TV-PG,Reality TV,United States,1,1,1.0
s1510,Movie,2016,"February 26, 2020",4,TV-14,Dramas,Nigeria,3,1,103.0
s1511,Movie,2016,"April 1, 2017",1,TV-MA,Comedies,Brazil,3,1,88.0
s1512,TV Show,2017,"October 2, 2019",2,TV-MA,Crime TV Shows,Australia,3,1,1.0
s1513,Movie,2016,"March 31, 2016",0,TV-G,Documentaries,United States,3,1,75.0
s1514,Movie,2014,"September 15, 2015",1,TV-PG,Documentaries,United States,1,1,90.0
s1515,Movie,2021,"January 11, 2021",0,TV-MA,Documentaries,United States,1,1,90.0
s1516,Movie,2018,"May 1, 2020",2,TV-MA,Documentaries,United States,1,1,97.0
s1517,Movie,2017,"December 5, 2017",0,TV-MA,Stand-Up Comedy,United States,1,1,67.0
s1518,Movie,2004,"October 1, 2019",15,R,Dramas,United States,2,2,112.0
s1519,TV Show,2019,"December 15, 2019",0,TV-14,International TV Shows,South Korea,3,1,1.0
s1520,TV Show,2016,"June 2, 2017",1,TV-MA,British TV Shows,United Kingdom,3,1,1.0
s1521,Movie,2020,"August 17, 2020",0,TV-PG,Comedies,Indonesia,3,1,102.0
s1522,Movie,2015,"August 6, 2019",4,TV-14,Comedies,Philippines,3,1,114.0
s1523,TV Show,2020,"June 24, 2020",0,TV-PG,British TV Shows,United Kingdom,3,1,1.0
s1524,TV Show,2019,"April 13, 2019",0,TV-MA,Romantic TV Shows,United States,2,1,4.0
s1525,Movie,2018,"November 29, 2019",1,TV-MA,Comedies,Nigeria,3,1,107.0
s1526,TV Show,2018,"December 15, 2019",1,TV-MA,International TV Shows,Nigeria,2,1,1.0
s1527,TV Show,2016,"December 16, 2016",0,TV-MA,British TV Shows,United Kingdom,3,1,1.0
s1528,Movie,2016,"April 29, 2019",3,TV-MA,Comedies,India,3,1,110.0
s1529,Movie,2021,"January 8, 2021",0,TV-14,Documentaries,Unknown,1,0,14.0
s1530,TV Show,2015,"November 1, 2018",3,TV-Y,Kids' TV,Argentina,2,1,2.0
s1531,Movie,2014,"July 14, 2015",1,R,Horror Movies,United States,3,1,78.0
s1532,Movie,2017,"December 23, 2017",0,TV-MA,Horror Movies,United States,3,1,80.0
s1533,TV Show,2019,"October 4, 2019",0,TV-PG,British TV Shows,United Kingdom,3,2,2.0
s1534,TV Show,2019,"March 1, 2019",0,TV-MA,Docuseries,India,2,1,1.0
s1535,TV Show,2019,"May 3, 2019",0,TV-MA,Crime TV Shows,Mexico,3,1,1.0
s1536,TV Show,2019,"March 22, 2019",0,TV-MA,Crime TV Shows,Mexico,3,1,1.0
s1537,TV Show,2017,"January 31, 2019",2,TV-MA,Crime TV Shows,France,3,1,1.0
s1538,TV Show,2017,"June 30, 2017",0,TV-14,Crime TV Shows,United States,3,2,12.0
s1539,TV Show,2019,"September 20, 2019",0,TV-MA,Crime TV Shows,Unknown,3,0,1.0
s1540,TV Show,2019,"September 20, 2019",0,TV-MA,Crime TV Shows,Germany,3,1,1.0
s1541,TV Show,2019,"September 20, 2019",0,TV-MA,Crime TV Shows,Spain,3,1,1.0
s1542,TV Show,2020,"September 16, 2020",0,TV-MA,British TV Shows,United Kingdom,3,4,2.0
s1543,Movie,2020,"March 25, 2020",0,R,Documentaries,United States,1,1,108.0
s1544,Movie,2017,"January 24, 2017",0,TV-MA,Stand-Up Comedy,United States,1,1,67.0
s1545,Movie,2016,"July 4, 2019",3,TV-14,Documentaries,United States,1,1,40.0
s1546,Movie,2018,"December 1, 2018",0,TV-14,Dramas,Malaysia,2,1,81.0
s1547,Movie,2000,"March 1, 2019",19,PG-13,Action & Adventure,Taiwan,3,4,120.0
s1548,Movie,2016,"February 26, 2016",0,PG-13,Action & Adventure,China,2,2,101.0
s1549,Movie,2017,"November 24, 2017",0,TV-14,Documentaries,United States,1,1,114.0
s1550,TV Show,2019,"April 19, 2019",0,TV-MA,British TV Shows,United Kingdom,3,1,5.0
s1551,Movie,2019,"February 14, 2020",1,TV-MA,Dramas,Philippines,3,1,95.0
s1552,Movie,2017,"October 3, 2017",0,R,Horror Movies,United States,1,1,90.0
s1553,Movie,2019,"September 28, 2019",0,TV-PG,Documentaries,Unknown,2,0,45.0
s1554,TV Show,2019,"May 3, 2019",0,TV-Y7,Kids' TV,Canada,2,2,2.0
s1555,TV Show,2020,"June 10, 2020",0,TV-MA,International TV Shows,Italy,3,1,1.0
s1556,TV Show,2020,"July 17, 2020",0,TV-MA,TV Action & Adventure,United Kingdom,3,2,1.0
s1557,Movie,2018,"March 25, 2020",2,TV-MA,Dramas,Hungary,2,1,99.0
s1558,Movie,2014,"December 1, 2019",5,R,Dramas,United States,2,1,93.0
s1559,Movie,2013,"June 14, 2018",5,R,Documentaries,United States,1,1,82.0
s1560,Movie,2020,"September 9, 2020",0,TV-MA,Dramas,France,2,1,96.0
s1561,TV Show,2015,"April 1, 2016",1,TV-MA,Anime Series,Japan,2,2,1.0
s1562,TV Show,2017,"February 10, 2017",0,TV-14,Anime Series,Japan,2,1,1.0
s1563,Movie,2018,"September 10, 2020",2,TV-PG,Comedies,India,3,1,96.0
s1564,Movie,2014,"July 13, 2017",3,TV-MA,Stand-Up Comedy,United States,1,1,59.0
s1565,Movie,2018,"July 21, 2019",1,TV-MA,Stand-Up Comedy,United States,1,1,58.0
s1566,TV Show,2013,"January 2, 2019",6,TV-14,International TV Shows,Unknown,3,0,1.0
s1567,TV Show,2016,"August 15, 2020",4,TV-PG,International TV Shows,Unknown,3,0,1.0
s1568,Movie,2013,"March 10, 2017",4,TV-PG,Comedies,Turkey,2,1,102.0
s1569,Movie,2015,"March 10, 2017",2,TV-MA,Comedies,Turkey,2,1,107.0
s1570,Movie,2020,"June 12, 2020",0,R,Action & Adventure,United States,2,1,156.0
s1571,Movie,2005,"July 28, 2018",13,TV-PG,Movies,Australia,1,1,82.0
s1572,Movie,2015,"February 15, 2018",3,TV-14,Action & Adventure,India,3,1,118.0
s1573,Movie,2014,"April 12, 2019",5,TV-MA,Horror Movies,Turkey,2,1,133.0
s1574,Movie,2015,"April 17, 2019",4,TV-MA,Horror Movies,Turkey,2,1,153.0
s1575,Movie,2013,"April 12, 2019",6,TV-MA,Horror Movies,Turkey,2,1,135.0
s1576,Movie,1989,"April 1, 2018",29,PG,Dramas,United States,1,1,117.0
s1577,Movie,2020,"September 11, 2020",0,TV-14,Children & Family Movies,Mexico,3,1,103.0
s1579,Movie,2003,"January 1, 2019",16,PG,Children & Family Movies,United States,2,1,93.0
s1580,Movie,2019,"September 20, 2019",0,TV-MA,Dramas,United States,3,1,82.0
s1581,Movie,2015,"December 20, 2016",1,NR,Action & Adventure,Argentina,3,1,115.0
s1582,Movie,2017,"July 1, 2018",1,TV-14,Dramas,India,2,1,151.0
s1583,Movie,2015,"April 1, 2018",3,TV-MA,Dramas,United States,3,2,103.0
s1584,Movie,2013,"January 16, 2018",5,R,Dramas,United States,3,1,117.0
s1585,TV Show,2017,"November 7, 2018",1,TV-MA,Crime TV Shows,United States,2,1,1.0
s1586,Movie,2016,"November 4, 2016",0,TV-MA,Stand-Up Comedy,United States,1,1,64.0
s1587,TV Show,2018,"May 18, 2018",0,TV-Y,Kids' TV,Unknown,1,0,1.0
s1588,TV Show,2013,"December 20, 2017",4,TV-PG,International TV Shows,Australia,3,1,1.0
s1589,Movie,2017,"July 2, 2018",1,TV-PG,Dramas,Germany,2,2,100.0
s1590,Movie,2020,"November 27, 2020",0,TV-G,Children & Family Movies,United States,2,1,81.0
s1591,TV Show,2016,"April 27, 2018",2,TV-PG,International TV Shows,Unknown,3,0,1.0
s1592,TV Show,2018,"October 5, 2018",0,TV-14,Reality TV,Unknown,1,0,1.0
s1593,Movie,2016,"April 1, 2017",1,TV-MA,Dramas,Germany,3,1,70.0
s1594,Movie,2019,"October 23, 2019",0,TV-PG,Documentaries,United States,1,1,52.0
s1595,TV Show,2016,"March 31, 2018",2,TV-MA,Crime TV Shows,Mexico,3,1,1.0
s1596,Movie,2016,"June 21, 2017",1,TV-PG,Dramas,India,3,1,161.0
s1597,TV Show,2016,"November 9, 2016",0,TV-Y7,British TV Shows,United Kingdom,2,1,2.0
s1598,TV Show,1992,"June 15, 2015",23,TV-Y,British TV Shows,United Kingdom,3,1,10.0
s1599,Movie,2020,"April 30, 2020",0,TV-14,Thrillers,United States,1,1,97.0
s1601,TV Show,2018,"September 11, 2018",0,TV-MA,Stand-Up Comedy & Talk Shows,United States,2,1,1.0
s1602,Movie,2019,"June 27, 2019",0,TV-MA,Stand-Up Comedy,Mexico,1,1,55.0
s1603,Movie,2017,"February 3, 2017",0,TV-MA,Stand-Up Comedy,Mexico,1,1,78.0
s1604,Movie,2015,"March 2, 2017",2,TV-MA,Documentaries,United States,2,1,103.0
s1605,Movie,1997,"September 1, 2019",22,PG-13,Action & Adventure,United States,1,1,108.0
s1606,Movie,2017,"March 27, 2019",2,TV-MA,Horror Movies,Indonesia,2,1,75.0
s1607,Movie,2018,"May 4, 2018",0,TV-MA,Stand-Up Comedy,France,1,1,113.0
s1608,Movie,2018,"May 1, 2018",0,TV-MA,Action & Adventure,United States,2,1,98.0
s1609,TV Show,2019,"December 30, 2020",1,TV-MA,Crime TV Shows,United States,3,1,1.0
s1610,Movie,2015,"April 1, 2018",3,TV-PG,Dramas,Ireland,3,1,100.0
s1611,TV Show,2020,"June 27, 2020",0,TV-MA,Crime TV Shows,Germany,3,2,3.0
s1612,Movie,2016,"December 15, 2017",1,TV-MA,Dramas,India,3,1,91.0
s1613,Movie,2016,"October 15, 2019",3,R,Dramas,United Kingdom,2,3,93.0
s1614,TV Show,2020,"July 15, 2020",0,TV-MA,Crime TV Shows,Mexico,3,1,1.0
s1615,Movie,2020,"August 21, 2020",0,TV-MA,Horror Movies,Mexico,3,1,81.0
s1616,Movie,2019,"April 5, 2020",1,TV-MA,Horror Movies,United States,3,1,90.0
s1617,TV Show,2017,"September 25, 2017",0,TV-PG,TV Sci-Fi & Fantasy,Canada,2,1,3.0
s1618,Movie,2015,"July 26, 2018",3,R,Dramas,United States,3,3,113.0
s1619,Movie,2013,"June 22, 2020",7,PG-13,Horror Movies,United States,2,1,97.0
s1620,TV Show,2018,"July 20, 2018",0,TV-MA,Docuseries,New Zealand,2,1,1.0
s1621,Movie,1956,"June 18, 2020",64,TV-14,Classic Movies,Egypt,3,1,104.0
s1622,Movie,2003,"August 1, 2019",16,TV-MA,Horror Movies,India,3,1,116.0
s1623,TV Show,2015,"March 1, 2018",3,TV-MA,International TV Shows,India,3,1,1.0
s1624,Movie,2016,"October 15, 2017",1,TV-14,Dramas,India,2,1,121.0
s1625,TV Show,2020,"November 10, 2020",0,TV-14,Romantic TV Shows,United States,3,1,1.0
s1626,TV Show,2020,"June 12, 2020",0,TV-MA,Reality TV,Unknown,2,0,2.0
s1627,TV Show,2020,"July 10, 2020",0,TV-14,International TV Shows,Brazil,3,1,1.0
s1628,TV Show,2017,"July 28, 2017",0,TV-14,Docuseries,United States,1,1,1.0
s1629,Movie,1991,"June 10, 2017",26,NR,Classic Movies,United Kingdom,3,2,112.0
s1630,TV Show,2017,"March 21, 2017",0,TV-MA,Stand-Up Comedy & Talk Shows,United States,2,1,1.0
s1631,TV Show,2017,"December 31, 2017",0,TV-MA,Stand-Up Comedy & Talk Shows,United States,2,1,1.0
s1632,Movie,2019,"August 26, 2019",0,TV-MA,Stand-Up Comedy,United States,1,1,66.0
s1633,Movie,2020,"March 31, 2020",0,TV-MA,Stand-Up Comedy,United States,1,1,85.0
s1634,Movie,2020,"October 4, 2020",0,PG,Documentaries,United States,1,2,84.0
s1635,Movie,2020,"April 1, 2020",0,TV-MA,Stand-Up Comedy,Sweden,1,1,77.0
s1636,Movie,2016,"February 10, 2017",1,TV-MA,Comedies,United Kingdom,2,2,97.0
s1637,Movie,2016,"August 5, 2016",0,TV-MA,Stand-Up Comedy,United States,1,1,73.0
s1638,Movie,2019,"July 1, 2020",1,TV-MA,Documentaries,Canada,2,1,107.0
s1639,TV Show,2016,"December 11, 2017",1,TV-14,International TV Shows,Unknown,2,0,1.0
s1640,TV Show,2017,"July 7, 2017",0,TV-Y7,Kids' TV,United States,1,1,4.0
s1641,TV Show,2002,"November 1, 2020",18,TV-14,Romantic TV Shows,United States,3,1,6.0
s1642,TV Show,2017,"March 23, 2018",1,TV-MA,Crime TV Shows,China,3,1,1.0
s1643,Movie,2018,"April 5, 2018",0,R,Horror Movies,Bulgaria,2,1,91.0
s1644,TV Show,2019,"October 24, 2019",0,TV-MA,TV Action & Adventure,United States,3,1,1.0
s1645,TV Show,2017,"March 31, 2018",1,TV-MA,International TV Shows,Taiwan,2,1,2.0
s1646,Movie,2017,"January 11, 2018",1,TV-MA,Dramas,United States,2,1,76.0
s1647,TV Show,2019,"August 12, 2019",0,TV-Y7,Kids' TV,United States,1,1,1.0
s1648,TV Show,2020,"June 10, 2020",0,TV-14,TV Action & Adventure,United States,2,1,5.0
s1649,Movie,2018,"April 17, 2019",1,TV-PG,Comedies,Netherlands,2,1,81.0
s1650,Movie,2015,"November 21, 2018",3,R,Documentaries,United States,1,1,110.0
s1651,Movie,2018,"March 1, 2019",1,TV-MA,Comedies,United Kingdom,1,1,90.0
s1652,Movie,2019,"December 1, 2019",0,TV-MA,Dramas,Philippines,3,2,94.0
s1653,TV Show,2008,"September 1, 2016",8,TV-MA,British TV Shows,United Kingdom,3,1,1.0
s1654,TV Show,2020,"May 8, 2020",0,TV-MA,TV Comedies,United States,2,1,2.0
s1655,Movie,2019,"January 16, 2020",1,TV-14,Horror Movies,United States,1,1,78.0
s1656,Movie,2006,"December 31, 2019",13,TV-14,Independent Movies,India,3,1,97.0
s1657,Movie,2018,"February 15, 2019",1,TV-14,Dramas,United States,2,1,86.0
s1658,Movie,2019,"January 15, 2019",0,TV-PG,Independent Movies,United States,2,1,86.0
s1659,TV Show,2020,"July 1, 2020",0,TV-MA,Crime TV Shows,Finland,3,2,2.0
s1660,TV Show,2020,"October 9, 2020",0,TV-MA,Docuseries,United States,1,1,1.0
s1661,Movie,2016,"March 15, 2020",4,PG-13,Comedies,United States,3,1,94.0
s1662,Movie,2016,"March 2, 2019",3,TV-14,Comedies,India,3,1,83.0
s1663,Movie,2012,"February 18, 2016",4,TV-Y7-FV,Children & Family Movies,United States,2,1,43.0
s1664,Movie,2018,"February 1, 2019",1,TV-MA,Comedies,Taiwan,3,1,100.0
s1665,TV Show,2016,"June 1, 2020",4,TV-MA,International TV Shows,South Korea,3,1,1.0
s1666,Movie,2011,"November 4, 2019",8,TV-PG,Comedies,Canada,2,1,92.0
s1667,TV Show,2019,"August 2, 2019",0,TV-MA,TV Comedies,United States,2,1,3.0
s1668,Movie,2016,"April 25, 2017",1,TV-14,Comedies,India,3,1,149.0
s1669,Movie,2010,"August 1, 2020",10,R,Comedies,United States,1,1,93.0
s1670,TV Show,2018,"November 30, 2018",0,TV-PG,Reality TV,United States,1,1,1.0
s1671,Movie,2020,"May 2, 2020",0,TV-14,Comedies,Colombia,2,1,91.0
s1672,Movie,2017,"May 5, 2019",2,R,Horror Movies,United States,1,1,88.0
s1673,Movie,2017,"August 25, 2017",0,TV-MA,Horror Movies,United States,2,1,100.0
s1674,Movie,2020,"January 16, 2021",1,R,Horror Movies,United States,1,2,94.0
s1675,Movie,2017,"October 2, 2018",1,R,Action & Adventure,United States,1,2,111.0
s1676,Movie,2020,"December 27, 2020",0,TV-MA,Comedies,United States,1,1,71.0
s1677,Movie,2017,"March 1, 2018",1,TV-MA,International Movies,United Kingdom,2,1,53.0
s1678,Movie,2016,"March 10, 2017",1,TV-14,Comedies,Turkey,2,1,101.0
s1679,Movie,2014,"September 28, 2020",6,TV-14,Comedies,India,3,1,146.0
s1680,Movie,2017,"November 23, 2017",0,PG,Children & Family Movies,Spain,2,6,93.0
s1681,TV Show,2017,"July 20, 2018",1,TV-MA,Crime TV Shows,United States,2,1,3.0
s1682,TV Show,2016,"July 1, 2017",1,TV-MA,Crime TV Shows,Australia,3,1,1.0
s1683,Movie,2013,"July 1, 2018",5,TV-14,Comedies,India,3,1,107.0
s1684,Movie,2002,"January 3, 2020",18,TV-MA,International Movies,India,2,1,156.0
s1685,Movie,2017,"September 26, 2017",0,TV-MA,Stand-Up Comedy,United States,1,1,82.0
s1686,Movie,2008,"November 27, 2019",11,R,Action & Adventure,United States,2,1,137.0
s1687,Movie,2016,"May 1, 2017",1,TV-14,Documentaries,United States,1,1,79.0
s1688,TV Show,2017,"July 7, 2017",0,TV-14,International TV Shows,Canada,3,1,4.0
s1689,Movie,2017,"March 17, 2017",0,TV-14,Comedies,United States,3,1,92.0
s1690,Movie,2009,"October 1, 2018",9,TV-14,Dramas,India,2,1,128.0
s1691,Movie,2011,"January 10, 2021",10,TV-MA,Action & Adventure,India,3,1,101.0
s1692,TV Show,2019,"March 22, 2019",0,TV-MA,Crime TV Shows,India,3,1,1.0
s1693,Movie,2014,"March 10, 2017",3,TV-14,Comedies,Turkey,3,1,102.0
s1694,Movie,2018,"September 27, 2019",1,TV-PG,Comedies,Turkey,2,1,102.0
s1695,Movie,2018,"September 1, 2018",0,R,Horror Movies,United States,2,1,96.0
s1696,TV Show,2020,"August 19, 2020",0,TV-14,Reality TV,United States,1,1,1.0
s1697,Movie,2015,"August 14, 2015",0,TV-MA,Stand-Up Comedy,United States,1,1,62.0
s1698,Movie,2018,"July 21, 2019",1,TV-MA,Stand-Up Comedy,United States,1,1,56.0
s1699,Movie,2014,"April 25, 2016",2,NR,Documentaries,Denmark,2,2,99.0
s1700,TV Show,2018,"December 22, 2018",0,TV-14,Crime TV Shows,Unknown,3,0,1.0
s1701,Movie,2015,"August 10, 2017",2,R,Horror Movies,United States,2,1,83.0
s1702,Movie,2018,"May 1, 2020",2,R,Action & Adventure,United States,1,1,140.0
s1703,Movie,1992,"August 8, 2017",25,R,Stand-Up Comedy,United States,1,1,62.0
s1704,TV Show,2017,"May 15, 2019",2,TV-Y,British TV Shows,United Kingdom,3,1,1.0
s1705,Movie,2019,"October 8, 2019",0,TV-MA,Stand-Up Comedy,United States,1,1,70.0
s1706,Movie,2017,"November 14, 2017",0,TV-MA,Stand-Up Comedy,United States,1,1,66.0
s1707,TV Show,2015,"April 5, 2019",4,TV-MA,British TV Shows,United Kingdom,3,1,3.0
s1708,Movie,2018,"June 22, 2018",0,TV-MA,International Movies,United Kingdom,1,1,74.0
s1709,Movie,2018,"October 19, 2018",0,TV-MA,Movies,Unknown,1,0,50.0
s1710,Movie,2018,"February 27, 2018",0,TV-MA,Movies,United Kingdom,1,1,69.0
s1711,TV Show,2019,"August 2, 2019",0,TV-MA,British TV Shows,United Kingdom,3,1,2.0
s1712,TV Show,2019,"June 7, 2019",0,TV-MA,Crime TV Shows,United States,3,1,3.0
s1713,TV Show,2019,"July 2, 2019",0,TV-14,International TV Shows,South Korea,3,1,1.0
s1714,Movie,2017,"December 21, 2017",0,TV-MA,Dramas,Argentina,3,1,94.0
s1715,Movie,2018,"February 6, 2020",2,TV-MA,Dramas,Unknown,2,0,88.0
s1716,Movie,2017,"May 8, 2018",1,TV-MA,Horror Movies,United States,2,1,76.0
s1717,Movie,2020,"July 3, 2020",0,TV-MA,Comedies,United States,2,1,107.0
s1718,Movie,2017,"May 1, 2018",1,TV-MA,Comedies,Argentina,2,2,90.0
s1719,Movie,2019,"May 3, 2019",0,TV-MA,Comedies,Spain,3,1,79.0
s1720,Movie,1997,"June 19, 2020",23,TV-14,Dramas,France,2,2,136.0
s1721,TV Show,2020,"December 5, 2020",0,TV-MA,International TV Shows,Taiwan,3,1,1.0
s1722,Movie,2017,"August 5, 2019",2,TV-14,Action & Adventure,Egypt,2,1,99.0
s1723,Movie,2016,"May 25, 2017",1,R,Thrillers,United Kingdom,1,2,97.0
s1724,Movie,2016,"April 1, 2017",1,TV-MA,Dramas,United States,1,1,88.0
s1725,Movie,2009,"October 1, 2018",9,TV-MA,Dramas,India,3,1,137.0
s1726,Movie,2019,"September 13, 2019",0,TV-14,Thrillers,United States,1,1,87.0
s1727,Movie,2016,"June 1, 2017",1,TV-MA,Dramas,Finland,2,5,108.0
s1728,Movie,2017,"July 16, 2020",3,TV-MA,Horror Movies,Canada,3,1,94.0
s1729,TV Show,2018,"January 5, 2018",0,TV-MA,Anime Series,Japan,3,1,1.0
s1730,TV Show,2017,"October 15, 2018",1,TV-PG,International TV Shows,India,1,1,1.0
s1731,Movie,2004,"January 1, 2018",14,TV-PG,Dramas,India,2,1,123.0
s1733,Movie,2007,"December 31, 2019",12,TV-14,Action & Adventure,India,3,1,128.0
s1734,Movie,2007,"November 1, 2018",11,TV-14,Dramas,United Kingdom,3,2,157.0
s1735,Movie,2015,"August 20, 2016",1,TV-PG,Comedies,India,3,1,114.0
s1736,Movie,2015,"July 5, 2020",5,TV-PG,Comedies,India,3,1,127.0
s1737,TV Show,2014,"July 5, 2018",4,TV-PG,International TV Shows,India,3,1,1.0
s1738,Movie,2017,"September 10, 2020",3,TV-G,Children & Family Movies,India,3,1,127.0
s1739,TV Show,2015,"December 1, 2017",2,TV-14,International TV Shows,Malaysia,2,1,1.0
s1740,Movie,2010,"January 10, 2021",11,TV-MA,Dramas,India,2,1,102.0
s1741,Movie,2009,"November 1, 2018",9,TV-14,Comedies,India,3,1,124.0
s1742,Movie,2018,"February 6, 2019",1,TV-14,Action & Adventure,China,3,2,132.0
s1743,TV Show,2020,"January 31, 2020",0,TV-MA,International TV Shows,Mexico,3,1,2.0
s1744,TV Show,2019,"August 16, 2019",0,TV-14,Docuseries,United States,2,1,1.0
s1745,TV Show,2019,"December 18, 2020",1,TV-MA,Crime TV Shows,Unknown,3,0,1.0
s1746,TV Show,2015,"July 7, 2017",2,TV-PG,International TV Shows,China,3,1,1.0
s1747,Movie,2018,"August 8, 2020",2,TV-14,Dramas,Unknown,2,0,113.0
s1748,Movie,2017,"July 28, 2017",0,TV-PG,Documentaries,United Kingdom,1,1,93.0
s1749,Movie,2017,"December 1, 2017",0,TV-PG,Documentaries,United Kingdom,2,1,113.0
s1750,Movie,2015,"December 3, 2016",1,NR,Dramas,France,2,2,96.0
s1751,Movie,2020,"October 2, 2020",0,PG-13,Documentaries,United States,1,1,90.0
s1752,Movie,2002,"December 31, 2019",17,PG-13,Action & Adventure,United Kingdom,1,2,133.0
s1753,Movie,2015,"January 24, 2020",5,TV-MA,International Movies,South Africa,2,1,90.0
s1754,Movie,2016,"November 15, 2016",0,TV-MA,Stand-Up Comedy,Germany,1,1,69.0
s1755,Movie,2019,"March 15, 2020",1,TV-Y,Children & Family Movies,Unknown,1,0,23.0
s1756,Movie,2019,"March 15, 2020",1,TV-Y,Children & Family Movies,Unknown,1,0,23.0
s1757,Movie,1990,"October 12, 2020",30,TV-14,Comedies,India,3,1,165.0
s1758,Movie,2001,"December 15, 2019",18,TV-14,Comedies,India,3,1,185.0
s1759,Movie,2015,"December 15, 2019",4,TV-MA,Comedies,India,3,1,174.0
s1760,Movie,2002,"April 1, 2018",16,TV-14,Dramas,India,3,1,176.0
s1761,Movie,1998,"March 1, 2018",20,TV-14,Dramas,India,3,1,166.0
s1762,Movie,2014,"October 1, 2018",4,TV-PG,International Movies,India,3,1,145.0
s1763,Movie,2018,"May 14, 2020",2,TV-14,Dramas,Indonesia,3,1,109.0
s1764,Movie,2019,"May 14, 2020",1,TV-14,Dramas,Indonesia,3,1,118.0
s1765,Movie,2015,"February 1, 2017",2,TV-PG,Action & Adventure,India,3,1,154.0
s1766,TV Show,2007,"February 4, 2008",1,TV-MA,Stand-Up Comedy & Talk Shows,United States,1,1,1.0
s1767,Movie,2010,"January 1, 2020",10,PG-13,Comedies,United States,1,1,115.0
s1768,TV Show,2020,"March 20, 2020",0,TV-Y7,Anime Series,United States,2,2,2.0
s1769,TV Show,2016,"August 4, 2017",1,TV-G,Docuseries,Canada,2,1,1.0
s1770,TV Show,2008,"June 2, 2018",10,TV-Y7,Anime Series,Japan,2,1,2.0
s1771,TV Show,2017,"August 18, 2017",0,TV-Y7,Kids' TV,United States,1,1,5.0
s1772,TV Show,2018,"August 3, 2018",0,TV-Y7,Kids' TV,Unknown,1,0,3.0
s1773,TV Show,2018,"November 25, 2019",1,TV-MA,Crime TV Shows,United States,3,1,1.0
s1774,TV Show,2020,"March 11, 2020",0,TV-MA,Crime TV Shows,United States,2,1,2.0
s1775,TV Show,2018,"March 8, 2019",1,TV-MA,International TV Shows,Egypt,3,1,1.0
s1776,Movie,1985,"August 16, 2018",33,TV-14,Action & Adventure,Hong Kong,2,1,90.0
s1777,Movie,2020,"June 19, 2020",0,TV-MA,Documentaries,United States,2,1,108.0
s1778,Movie,1982,"October 12, 2020",38,TV-14,Cult Movies,India,3,1,134.0
s1779,Movie,2018,"October 16, 2020",2,TV-MA,Comedies,Kenya,3,1,107.0
s1780,Movie,2017,"December 15, 2017",0,TV-MA,Documentaries,United States,1,1,111.0
s1781,TV Show,2021,"January 15, 2021",0,TV-14,TV Action & Adventure,United States,3,1,3.0
s1782,TV Show,2018,"January 12, 2018",0,TV-MA,TV Comedies,United States,1,1,2.0
s1783,Movie,2017,"February 19, 2018",1,TV-14,Thrillers,United States,1,1,87.0
s1784,Movie,2009,"November 4, 2019",10,R,Action & Adventure,South Africa,3,4,112.0
s1785,TV Show,2017,"October 2, 2019",2,TV-MA,British TV Shows,Unknown,2,0,1.0
s1786,Movie,2016,"November 18, 2016",0,TV-MA,Dramas,France,3,2,107.0
s1787,Movie,2019,"June 14, 2019",0,TV-PG,Children & Family Movies,Brazil,2,1,95.0
s1788,Movie,2012,"April 25, 2020",8,R,Action & Adventure,United States,2,1,165.0
s1789,Movie,2020,"December 26, 2020",0,TV-MA,Dramas,France,2,2,91.0
s1790,TV Show,2020,"October 8, 2020",0,TV-14,International TV Shows,South Korea,3,1,1.0
s1791,Movie,2010,"November 1, 2018",8,TV-PG,Comedies,India,2,1,106.0
s1792,Movie,2009,"September 22, 2019",10,TV-MA,Dramas,India,3,1,121.0
s1793,TV Show,2017,"March 31, 2018",1,TV-MA,British TV Shows,United Kingdom,3,1,2.0
s1794,Movie,1965,"November 1, 2019",54,PG-13,Classic Movies,United States,3,4,200.0
s1795,TV Show,2019,"June 3, 2019",0,TV-14,TV Comedies,United States,1,1,3.0
s1796,Movie,2016,"December 31, 2016",0,TV-MA,Dramas,United States,2,1,93.0
s1797,TV Show,2018,"November 16, 2018",0,TV-PG,Docuseries,United States,1,1,1.0
s1798,TV Show,2018,"December 7, 2018",0,TV-MA,Crime TV Shows,Germany,3,1,1.0
s1799,Movie,2019,"October 25, 2019",0,R,Comedies,United States,2,1,118.0
s1800,TV Show,2019,"August 8, 2019",0,TV-MA,International TV Shows,Lebanon,2,1,1.0
s1801,Movie,2020,"September 18, 2020",0,TV-MA,Dramas,India,3,1,120.0
s1802,Movie,2019,"October 6, 2020",1,TV-14,Documentaries,United Kingdom,2,1,90.0
s1803,TV Show,2019,"November 22, 2019",0,TV-14,TV Dramas,United States,1,1,1.0
s1804,Movie,2020,"November 22, 2020",0,TV-PG,Children & Family Movies,United States,2,1,99.0
s1805,Movie,2019,"June 5, 2019",0,TV-PG,Children & Family Movies,United States,1,1,90.0
s1806,Movie,2014,"February 25, 2019",5,PG,Children & Family Movies,United States,2,1,107.0
s1807,Movie,2019,"September 28, 2019",0,R,International Movies,Denmark,2,7,89.0
s1808,Movie,2006,"December 15, 2019",13,TV-14,Action & Adventure,India,2,1,169.0
s1809,Movie,2011,"December 15, 2019",8,TV-14,Action & Adventure,India,3,2,148.0
s1810,Movie,2015,"January 5, 2018",3,TV-14,Comedies,United States,2,1,83.0
s1811,Movie,2015,"March 1, 2020",5,PG-13,Comedies,United States,1,1,96.0
s1812,Movie,2010,"November 2, 2019",9,R,Horror Movies,United States,1,3,99.0
s1813,Movie,2015,"June 12, 2020",5,TV-MA,Action & Adventure,France,3,1,95.0
s1814,Movie,2016,"June 12, 2020",4,TV-MA,Action & Adventure,France,3,1,88.0
s1815,Movie,2017,"June 12, 2020",3,TV-14,Action & Adventure,France,3,1,94.0
s1816,TV Show,2019,"December 18, 2019",0,TV-MA,Crime TV Shows,United Kingdom,2,2,1.0
s1817,Movie,2011,"December 1, 2018",7,TV-PG,Comedies,Hong Kong,3,1,115.0
s1818,Movie,2014,"December 1, 2018",4,TV-14,Comedies,Hong Kong,3,2,113.0
s1819,Movie,2016,"February 8, 2019",3,R,Horror Movies,United Kingdom,2,1,93.0
s1820,Movie,2016,"April 1, 2017",1,TV-MA,Documentaries,United Kingdom,2,1,93.0
s1821,Movie,2016,"May 1, 2017",1,R,Comedies,United States,3,1,92.0
s1822,Movie,2020,"November 27, 2020",0,TV-MA,Horror Movies,Spain,2,1,98.0
s1823,Movie,2012,"November 19, 2016",4,TV-MA,Stand-Up Comedy,United States,1,1,65.0
s1824,Movie,1997,"January 1, 2020",23,R,Dramas,United States,2,1,127.0
s1825,Movie,2005,"November 1, 2020",15,R,Action & Adventure,United Kingdom,3,4,105.0
s1826,Movie,2019,"December 25, 2019",0,R,Action & Adventure,United States,3,1,97.0
s1827,TV Show,2013,"March 1, 2019",6,TV-14,Reality TV,United States,2,1,1.0
s1828,Movie,2020,"July 25, 2020",0,TV-14,Comedies,India,2,1,114.0
s1829,TV Show,2019,"June 28, 2019",0,TV-MA,Crime TV Shows,United States,2,1,3.0
s1830,Movie,2019,"November 20, 2019",0,TV-14,Dramas,India,3,1,134.0
s1831,TV Show,2020,"May 28, 2020",0,TV-MA,Anime Series,Japan,2,1,1.0
s1832,Movie,2008,"April 1, 2020",12,TV-14,Comedies,India,3,2,142.0
s1833,Movie,2020,"January 15, 2021",1,TV-G,Children & Family Movies,Brazil,3,1,105.0
s1834,Movie,1999,"July 1, 2020",21,R,Thrillers,United States,1,3,105.0
s1835,Movie,2020,"July 25, 2020",0,TV-14,Action & Adventure,China,2,1,110.0
s1836,Movie,1989,"August 1, 2018",29,TV-14,Action & Adventure,Hong Kong,3,1,94.0
s1837,Movie,2008,"March 7, 2019",11,PG-13,Dramas,United States,2,1,104.0
s1838,Movie,2018,"October 26, 2018",0,PG-13,Dramas,Russia,2,3,126.0
s1839,Movie,2017,"January 15, 2018",1,TV-PG,Documentaries,United States,1,1,94.0
s1840,TV Show,2020,"July 10, 2020",0,TV-PG,Docuseries,United States,3,1,1.0
s1841,Movie,2018,"September 16, 2020",2,TV-MA,Stand-Up Comedy,Unknown,1,0,69.0
s1842,Movie,2003,"May 1, 2019",16,PG,Children & Family Movies,United States,2,1,82.0
s1843,Movie,2018,"June 5, 2019",1,PG,Children & Family Movies,France,2,4,86.0
s1844,Movie,2012,"July 7, 2020",8,PG,Children & Family Movies,United States,1,2,86.0
s1845,TV Show,2020,"January 4, 2020",0,TV-14,British TV Shows,United Kingdom,3,1,1.0
s1846,TV Show,2018,"September 21, 2018",0,TV-14,Anime Series,Japan,2,1,1.0
s1847,Movie,2019,"February 13, 2020",1,TV-PG,Action & Adventure,Japan,3,1,103.0
s1848,Movie,2006,"October 27, 2018",12,TV-14,Action & Adventure,Hong Kong,2,2,94.0
s1849,TV Show,2020,"September 17, 2020",0,TV-MA,Anime Series,Unknown,2,0,1.0
s1850,Movie,1996,"January 1, 2020",24,PG-13,Action & Adventure,United States,2,1,103.0
s1851,Movie,2015,"January 1, 2020",5,PG-13,Action & Adventure,United States,2,1,97.0
s1852,Movie,2000,"January 1, 2020",20,PG,Action & Adventure,United States,2,1,84.0
s1853,Movie,2017,"June 13, 2017",0,PG-13,Action & Adventure,United States,2,1,98.0
s1854,Movie,2020,"February 4, 2020",0,PG-13,Action & Adventure,United States,2,1,97.0
s1855,Movie,2018,"June 18, 2019",1,TV-Y,Children & Family Movies,Unknown,1,0,68.0
s1856,Movie,2014,"December 16, 2018",4,TV-PG,Children & Family Movies,United States,2,1,27.0
s1857,TV Show,2018,"February 16, 2018",0,TV-Y7,Kids' TV,United States,2,1,6.0
s1858,TV Show,2020,"February 7, 2020",0,TV-Y,Kids' TV,United States,2,1,2.0
s1859,Movie,2020,"March 27, 2020",0,TV-Y,Children & Family Movies,United States,2,1,46.0
s1860,Movie,2020,"November 24, 2020",0,TV-Y,Children & Family Movies,United States,2,1,46.0
s1861,Movie,2020,"July 24, 2020",0,TV-Y,Children & Family Movies,United States,2,1,46.0
s1862,TV Show,2016,"May 23, 2016",0,TV-14,Romantic TV Shows,United States,3,3,1.0
s1863,Movie,2017,"July 1, 2018",1,TV-G,Documentaries,United States,1,1,42.0
s1864,Movie,2017,"December 1, 2017",0,TV-MA,Documentaries,Germany,3,1,92.0
s1865,TV Show,2021,"January 1, 2021",0,TV-G,Reality TV,United States,1,1,2.0
s1866,Movie,2015,"November 20, 2019",4,TV-MA,Documentaries,United States,1,1,109.0
s1867,TV Show,2005,"October 2, 2020",15,TV-PG,Kids' TV,United States,2,1,1.0
s1868,TV Show,2011,"December 16, 2018",7,TV-PG,Kids' TV,United States,2,1,1.0
s1869,Movie,2017,"December 1, 2017",0,TV-Y,Children & Family Movies,United States,3,1,46.0
s1870,TV Show,2011,"January 20, 2020",9,TV-PG,Kids' TV,United States,3,1,1.0
s1871,TV Show,2008,"July 1, 2019",11,TV-PG,Kids' TV,United States,3,1,1.0
s1872,TV Show,2008,"February 17, 2020",12,TV-PG,Kids' TV,United States,3,1,1.0
s1873,TV Show,2009,"October 25, 2018",9,TV-PG,Kids' TV,United States,2,1,1.0
s1874,TV Show,2011,"April 24, 2020",9,TV-PG,Kids' TV,Unknown,2,0,1.0
s1875,Movie,2017,"January 1, 2018",1,TV-PG,Documentaries,Germany,2,2,89.0
s1876,TV Show,2020,"April 30, 2020",0,TV-14,Anime Series,Japan,2,1,1.0
s1877,Movie,2016,"August 24, 2019",3,TV-MA,Comedies,Hong Kong,2,1,92.0
s1878,Movie,2015,"July 5, 2020",5,TV-14,Dramas,India,3,1,162.0
s1879,Movie,2019,"November 1, 2019",0,TV-14,Action & Adventure,India,2,1,119.0
s1880,Movie,2018,"January 16, 2019",1,TV-PG,Dramas,United States,1,1,99.0
s1881,TV Show,2019,"August 28, 2019",0,TV-MA,Reality TV,United States,1,1,2.0
s1882,TV Show,2018,"July 10, 2018",0,TV-MA,Crime TV Shows,United States,2,1,2.0
s1883,TV Show,2019,"October 25, 2019",0,TV-MA,Crime TV Shows,Spain,3,1,1.0
s1884,TV Show,2015,"March 23, 2019",4,TV-MA,Crime TV Shows,United States,2,1,1.0
s1885,Movie,2019,"August 18, 2020",1,R,Comedies,United States,1,1,97.0
s1886,Movie,2018,"May 11, 2019",1,TV-MA,Dramas,Chile,3,2,100.0
s1887,Movie,2018,"September 20, 2020",2,TV-PG,Dramas,Japan,2,1,102.0
s1888,Movie,2018,"July 1, 2018",0,TV-MA,Dramas,United States,3,1,94.0
s1889,Movie,2018,"July 20, 2018",0,PG,Children & Family Movies,China,2,3,92.0
s1890,Movie,2018,"April 20, 2018",0,TV-MA,Comedies,United States,3,1,97.0
s1891,TV Show,2015,"February 25, 2017",2,TV-14,Crime TV Shows,United States,3,2,1.0
s1892,Movie,2014,"September 1, 2016",2,TV-14,Dramas,Pakistan,3,3,93.0
s1893,Movie,2003,"March 1, 2018",15,TV-14,Action & Adventure,India,3,1,162.0
s1894,Movie,2003,"October 1, 2019",16,PG-13,Comedies,United States,1,1,85.0
s1895,Movie,2018,"December 7, 2018",0,PG-13,Comedies,United States,3,1,110.0
s1896,Movie,1984,"April 1, 2020",36,TV-14,Action & Adventure,India,3,1,170.0
s1897,Movie,1998,"April 1, 2020",22,TV-14,Comedies,India,3,1,165.0
s1898,TV Show,2016,"December 20, 2018",2,TV-MA,Anime Series,Japan,3,1,1.0
s1899,Movie,2017,"October 1, 2018",1,TV-14,Dramas,Unknown,2,0,141.0
s1900,Movie,2018,"May 17, 2019",1,TV-MA,Documentaries,Spain,2,1,88.0
s1901,TV Show,2019,"May 23, 2020",1,TV-14,TV Dramas,United States,1,1,3.0
s1902,Movie,2016,"February 1, 2019",3,TV-14,Documentaries,United Kingdom,1,1,52.0
s1903,Movie,2014,"October 24, 2014",0,TV-MA,Documentaries,United States,1,1,90.0
s1904,Movie,2020,"April 17, 2020",0,TV-MA,Dramas,France,3,2,81.0
s1905,Movie,2014,"October 1, 2019",5,PG,Children & Family Movies,United States,2,1,91.0
s1906,TV Show,2014,"April 10, 2020",6,TV-Y,Kids' TV,Brazil,1,1,1.0
s1907,TV Show,2015,"March 1, 2017",2,TV-PG,British TV Shows,United Kingdom,3,1,1.0
s1908,TV Show,2018,"October 1, 2018",0,TV-14,British TV Shows,Unknown,3,0,1.0
s1909,Movie,2019,"November 15, 2019",0,R,Dramas,United Kingdom,2,3,107.0
s1910,Movie,2015,"September 15, 2020",5,PG,Dramas,United States,1,1,106.0
s1911,TV Show,2018,"December 1, 2019",1,TV-MA,TV Comedies,United States,2,1,4.0
s1912,TV Show,2019,"May 10, 2019",0,TV-MA,TV Comedies,United States,2,1,3.0
s1913,Movie,2010,"November 1, 2020",10,PG-13,Comedies,United States,2,1,92.0
s1914,TV Show,2009,"September 1, 2016",7,TV-MA,International TV Shows,Taiwan,3,1,1.0
s1915,Movie,2010,"September 10, 2019",9,PG-13,Dramas,United States,2,1,140.0
s1916,Movie,2018,"January 15, 2019",1,TV-14,International Movies,India,2,1,127.0
s1917,Movie,2019,"October 24, 2019",0,PG-13,Documentaries,United States,2,1,82.0
s1918,Movie,2015,"December 15, 2016",1,TV-MA,Documentaries,United Kingdom,2,1,98.0
s1919,Movie,1983,"April 15, 2018",35,TV-MA,Stand-Up Comedy,United States,1,1,69.0
s1920,Movie,1987,"January 1, 2021",34,R,Stand-Up Comedy,United States,1,1,90.0
s1921,TV Show,2018,"October 12, 2018",0,TV-Y7,Crime TV Shows,Unknown,2,0,2.0
s1922,Movie,2018,"November 1, 2018",0,TV-MA,Independent Movies,United States,2,1,92.0
s1923,Movie,1998,"August 27, 2020",22,TV-MA,Comedies,United States,3,1,103.0
s1924,TV Show,2008,"August 1, 2016",8,TV-G,British TV Shows,United Kingdom,3,1,1.0
s1925,TV Show,2018,"March 16, 2018",0,TV-MA,International TV Shows,Argentina,3,1,1.0
s1926,Movie,2017,"November 1, 2018",1,TV-MA,Stand-Up Comedy,Brazil,1,1,80.0
s1927,Movie,2019,"March 15, 2019",0,TV-MA,Stand-Up Comedy,Italy,1,1,65.0
s1928,Movie,2018,"September 6, 2019",1,TV-14,Comedies,India,2,1,133.0
s1929,Movie,2018,"September 15, 2018",0,TV-14,Dramas,India,3,1,153.0
s1930,Movie,2019,"July 26, 2019",0,TV-14,Horror Movies,Philippines,2,2,100.0
s1931,Movie,2014,"December 1, 2020",6,PG-13,Dramas,United Kingdom,3,1,109.0
s1932,Movie,2019,"December 17, 2020",1,TV-14,Dramas,Indonesia,3,1,102.0
s1933,Movie,2015,"December 1, 2017",2,TV-14,Dramas,India,2,1,124.0
s1934,TV Show,2009,"November 10, 2016",7,TV-MA,Docuseries,France,2,1,1.0
s1935,Movie,2006,"May 19, 2020",14,TV-PG,Comedies,Egypt,2,1,105.0
s1936,Movie,2009,"March 15, 2018",9,TV-PG,Dramas,India,3,1,120.0
s1937,Movie,2004,"August 1, 2019",15,TV-MA,Dramas,India,3,1,134.0
s1938,Movie,1983,"September 1, 2017",34,TV-14,Dramas,India,3,1,151.0
s1939,Movie,2005,"April 15, 2019",14,TV-14,International Movies,India,3,1,141.0
s1940,Movie,2019,"April 2, 2019",0,TV-14,Comedies,India,3,1,120.0
s1941,Movie,2012,"October 1, 2018",6,TV-14,Comedies,India,3,1,106.0
s1942,Movie,2016,"April 29, 2020",4,TV-PG,Dramas,Turkey,2,1,109.0
s1943,Movie,2012,"February 4, 2018",6,R,Action & Adventure,United States,1,4,105.0
s1945,Movie,2017,"December 8, 2017",0,TV-MA,Comedies,United States,2,1,89.0
s1946,Movie,2019,"October 11, 2019",0,TV-MA,Dramas,United States,2,1,123.0
s1947,TV Show,2008,"August 24, 2018",10,TV-MA,Crime TV Shows,Colombia,3,1,1.0
s1948,TV Show,2010,"August 24, 2018",8,TV-MA,Crime TV Shows,Colombia,3,1,1.0
s1949,TV Show,2018,"July 27, 2018",0,TV-MA,Crime TV Shows,Mexico,3,2,3.0
s1950,TV Show,1979,"December 31, 2017",38,TV-PG,Classic & Cult TV,Mexico,3,1,1.0
s1951,Movie,2017,"October 15, 2017",0,TV-14,Documentaries,Venezuela,2,1,119.0
s1952,TV Show,2010,"May 18, 2017",7,TV-14,Romantic TV Shows,United States,3,1,1.0
s1953,Movie,2018,"July 19, 2018",0,TV-MA,Comedies,Spain,2,1,85.0
s1954,Movie,2018,"November 30, 2018",0,TV-MA,Dramas,Mexico,2,1,82.0
s1955,TV Show,2019,"June 14, 2019",0,TV-MA,Crime TV Shows,Unknown,3,0,2.0
s1956,TV Show,2020,"April 17, 2020",0,TV-MA,Crime TV Shows,Mexico,3,1,2.0
s1957,Movie,2017,"October 13, 2017",0,TV-MA,Stand-Up Comedy,Mexico,1,1,52.0
s1958,Movie,2017,"April 8, 2017",0,TV-14,Documentaries,Spain,2,1,106.0
s1959,Movie,2020,"June 18, 2020",0,TV-PG,Documentaries,Unknown,3,0,48.0
s1960,TV Show,2019,"September 27, 2019",0,TV-MA,Crime TV Shows,Argentina,3,1,3.0
s1961,Movie,2018,"December 27, 2019",1,TV-14,Documentaries,Argentina,2,3,73.0
s1962,Movie,2018,"January 4, 2019",1,TV-MA,Dramas,Unknown,3,0,122.0
s1963,TV Show,2013,"April 4, 2020",7,TV-MA,International TV Shows,Chile,3,1,2.0
s1964,TV Show,2019,"April 30, 2020",1,TV-MA,Crime TV Shows,United States,3,3,7.0
s1965,Movie,2019,"November 15, 2019",0,TV-14,Documentaries,Colombia,2,1,74.0
s1966,Movie,2017,"March 20, 2020",3,TV-14,Dramas,Mexico,3,1,95.0
s1967,Movie,2018,"June 28, 2019",1,TV-14,Documentaries,Colombia,2,3,73.0
s1969,Movie,2016,"October 18, 2017",1,TV-PG,Children & Family Movies,Unknown,3,0,79.0
s1970,Movie,2018,"October 15, 2020",2,TV-14,Action & Adventure,Egypt,3,1,94.0
s1971,Movie,1971,"April 1, 2017",46,TV-14,Action & Adventure,India,3,1,143.0
s1972,Movie,2012,"September 1, 2019",7,TV-14,Documentaries,Brazil,2,2,81.0
s1973,Movie,2006,"August 23, 2018",12,TV-MA,International Movies,Netherlands,2,1,196.0
s1974,Movie,2019,"June 20, 2020",1,TV-MA,Dramas,Nigeria,2,1,84.0
s1975,Movie,2020,"November 1, 2020",0,TV-Y,Children & Family Movies,United States,1,1,28.0
s1976,Movie,2020,"November 1, 2020",0,TV-Y,Children & Family Movies,United States,1,1,27.0
s1977,Movie,2019,"October 18, 2019",0,TV-MA,Horror Movies,United States,1,1,98.0
s1978,Movie,2019,"June 7, 2019",0,TV-MA,Dramas,Spain,3,1,119.0
s1979,TV Show,2020,"March 13, 2020",0,TV-MA,Crime TV Shows,Spain,3,1,3.0
s1980,Movie,2016,"May 22, 2017",1,TV-G,Documentaries,United Kingdom,1,1,90.0
s1981,Movie,2019,"August 1, 2020",1,R,Dramas,United States,2,1,109.0
s1982,TV Show,2018,"December 18, 2018",0,TV-MA,Stand-Up Comedy & Talk Shows,United States,2,1,1.0
s1983,Movie,2014,"December 31, 2017",3,TV-14,Documentaries,France,2,1,93.0
s1984,Movie,2015,"March 1, 2018",3,TV-MA,Documentaries,Unknown,2,0,92.0
s1985,Movie,2016,"December 31, 2017",1,TV-PG,Documentaries,Unknown,2,0,49.0
s1986,Movie,2018,"November 1, 2020",2,PG,Children & Family Movies,Canada,1,1,90.0
s1987,Movie,2015,"September 6, 2016",1,TV-PG,Documentaries,United Kingdom,1,1,102.0
s1988,Movie,2016,"August 2, 2018",2,TV-MA,Horror Movies,United States,2,1,82.0
s1989,Movie,2008,"May 15, 2019",11,TV-14,Comedies,India,3,1,128.0
s1990,Movie,2020,"December 8, 2020",0,TV-MA,Documentaries,Brazil,3,1,90.0
s1991,TV Show,2020,"October 2, 2020",0,TV-MA,Romantic TV Shows,United States,3,1,1.0
s1992,TV Show,2020,"August 25, 2020",0,TV-Y,Kids' TV,United States,1,1,1.0
s1993,Movie,2016,"October 5, 2018",2,TV-PG,Dramas,Indonesia,2,1,74.0
s1994,Movie,2016,"February 1, 2018",2,TV-MA,Dramas,Australia,3,1,94.0
s1995,TV Show,2017,"December 15, 2018",1,TV-PG,Reality TV,United States,1,1,1.0
s1996,TV Show,2018,"October 5, 2018",0,TV-14,Docuseries,Czech Republic,1,2,1.0
s1997,Movie,2014,"January 1, 2018",4,TV-14,Documentaries,Canada,2,5,87.0
s1998,Movie,2006,"October 1, 2020",14,PG-13,Comedies,United States,2,1,108.0
s1999,TV Show,2018,"June 18, 2018",0,TV-MA,International TV Shows,Unknown,3,0,1.0
s2000,Movie,2002,"December 31, 2019",17,TV-14,Dramas,India,3,1,151.0
s2001,TV Show,2016,"July 12, 2019",3,TV-14,British TV Shows,United Kingdom,3,1,1.0
s2002,Movie,2018,"May 4, 2018",0,TV-PG,Documentaries,United States,1,1,40.0
s2003,Movie,2012,"November 23, 2019",7,R,Action & Adventure,United States,1,1,109.0
s2004,TV Show,2018,"August 8, 2018",0,TV-MA,Crime TV Shows,Unknown,3,0,1.0
s2005,Movie,2013,"July 15, 2018",5,R,Independent Movies,Canada,2,3,91.0
s2006,TV Show,2018,"October 1, 2019",1,TV-MA,International TV Shows,India,2,1,1.0
s2007,Movie,1996,"May 1, 2017",21,TV-14,Comedies,India,3,1,163.0
s2008,Movie,2018,"April 26, 2018",0,TV-MA,Stand-Up Comedy,Germany,1,1,66.0
s2009,Movie,2016,"January 18, 2017",1,TV-14,Documentaries,United States,1,1,93.0
s2010,Movie,2020,"September 23, 2020",0,PG-13,Action & Adventure,United Kingdom,3,1,124.0
s2011,TV Show,2014,"August 1, 2017",3,TV-14,International TV Shows,South Korea,2,1,1.0
s2012,Movie,2018,"December 9, 2018",0,TV-MA,Dramas,Canada,3,1,85.0
s2013,Movie,2019,"August 5, 2019",0,TV-MA,Documentaries,United States,2,2,59.0
s2014,Movie,1973,"January 1, 2021",48,R,Action & Adventure,Hong Kong,2,2,103.0
s2015,Movie,2016,"August 5, 2017",1,PG-13,Action & Adventure,France,3,4,105.0
s2016,TV Show,2017,"January 6, 2018",1,TV-MA,Classic & Cult TV,United Kingdom,2,2,5.0
s2017,Movie,2015,"October 28, 2018",3,PG-13,Dramas,United States,3,2,102.0
s2018,TV Show,2017,"October 1, 2017",0,TV-Y7,Kids' TV,United States,2,2,1.0
s2019,Movie,2002,"June 8, 2019",17,R,Action & Adventure,United States,3,1,107.0
s2020,TV Show,2020,"December 30, 2020",0,TV-MA,International TV Shows,Denmark,3,2,1.0
s2021,TV Show,2016,"September 1, 2020",4,TV-14,Anime Series,Japan,3,1,1.0
s2022,Movie,2020,"June 23, 2020",0,TV-MA,Stand-Up Comedy,United States,1,1,52.0
s2023,Movie,2012,"October 2, 2018",6,TV-MA,Comedies,United States,2,1,81.0
s2024,Movie,2018,"October 12, 2018",0,TV-MA,Horror Movies,Spain,3,2,99.0
s2025,Movie,2017,"November 2, 2019",2,TV-Y,Children & Family Movies,United States,1,1,69.0
s2026,Movie,1990,"October 1, 2019",29,TV-MA,Comedies,Poland,3,1,88.0
s2027,Movie,2009,"May 19, 2020",11,TV-14,Action & Adventure,Egypt,2,1,120.0
s2028,TV Show,2020,"May 20, 2020",0,TV-14,Docuseries,Unknown,3,0,1.0
s2029,Movie,1985,"July 15, 2018",33,NR,Comedies,Argentina,3,1,95.0
s2030,Movie,2016,"January 14, 2017",1,TV-14,Dramas,Mexico,3,1,100.0
s2031,TV Show,2017,"November 17, 2018",1,TV-14,International TV Shows,China,3,1,1.0
s2032,Movie,2018,"April 1, 2018",0,TV-14,International Movies,India,3,1,91.0
s2033,TV Show,2020,"November 12, 2020",0,TV-MA,International TV Shows,Turkey,2,1,1.0
s2034,TV Show,2018,"March 11, 2019",1,TV-14,International TV Shows,Egypt,3,1,1.0
s2035,Movie,2018,"November 1, 2019",1,R,Dramas,Italy,3,1,110.0
s2036,TV Show,2019,"July 23, 2019",0,TV-PG,International TV Shows,Unknown,1,0,1.0
s2037,Movie,2020,"June 26, 2020",0,PG-13,Comedies,United States,3,1,124.0
s2038,Movie,2007,"April 16, 2019",12,PG,Children & Family Movies,United States,3,1,96.0
s2039,Movie,1998,"June 21, 2019",21,TV-MA,Action & Adventure,Japan,3,1,69.0
s2040,Movie,2017,"January 1, 2018",1,TV-MA,Documentaries,Spain,2,1,91.0
s2041,Movie,2019,"September 10, 2019",0,TV-MA,Documentaries,United Kingdom,2,1,96.0
s2042,Movie,2010,"May 17, 2011",1,TV-MA,Dramas,Spain,2,3,103.0
s2043,Movie,2018,"February 27, 2019",1,TV-PG,Dramas,India,3,1,102.0
s2044,Movie,1997,"January 1, 2020",23,R,Horror Movies,United Kingdom,2,2,96.0
s2045,TV Show,2016,"August 6, 2020",4,TV-Y7,Kids' TV,Canada,1,1,5.0
s2046,Movie,2019,"February 25, 2020",1,TV-MA,Dramas,United States,3,1,98.0
s2047,Movie,2019,"June 6, 2019",0,R,Dramas,Spain,3,3,133.0
s2048,Movie,2015,"March 4, 2019",4,TV-14,Dramas,Philippines,3,1,124.0
s2049,TV Show,2014,"August 1, 2017",3,TV-PG,British TV Shows,United Kingdom,3,1,1.0
s2050,Movie,2016,"March 14, 2019",3,TV-MA,Comedies,Philippines,3,1,127.0
s2051,TV Show,2018,"February 16, 2018",0,TV-14,TV Comedies,United States,3,1,1.0
s2052,TV Show,2019,"October 1, 2020",1,TV-14,TV Dramas,United States,1,1,1.0
s2053,TV Show,2018,"May 11, 2018",0,TV-MA,Crime TV Shows,United States,3,1,1.0
s2054,Movie,2001,"November 20, 2019",18,PG-13,Comedies,United States,2,1,102.0
s2055,Movie,2019,"November 27, 2019",0,TV-14,Comedies,India,3,1,134.0
s2056,Movie,2015,"July 26, 2018",3,R,Dramas,United Kingdom,3,1,108.0
s2057,TV Show,2011,"January 1, 2017",6,TV-14,International TV Shows,China,3,1,1.0
s2058,TV Show,2019,"January 25, 2019",0,TV-MA,Crime TV Shows,Spain,3,1,1.0
s2059,TV Show,2008,"August 14, 2017",9,TV-14,International TV Shows,Unknown,2,0,1.0
s2060,Movie,1996,"November 1, 2019",23,R,Action & Adventure,United States,1,1,133.0
s2061,Movie,2018,"October 22, 2020",2,TV-MA,Dramas,Philippines,3,1,103.0
s2062,TV Show,2019,"June 28, 2019",0,TV-MA,Crime TV Shows,United States,3,1,1.0
s2063,Movie,2013,"July 1, 2016",3,TV-MA,Documentaries,Norway,2,1,58.0
s2064,Movie,2012,"March 3, 2019",7,NR,Comedies,United States,2,1,79.0
s2065,Movie,2001,"October 1, 2019",18,R,Action & Adventure,United States,1,1,101.0
s2066,Movie,2017,"March 4, 2018",1,TV-G,Documentaries,Unknown,1,0,78.0
s2067,Movie,2017,"January 31, 2018",1,TV-PG,Documentaries,Germany,2,1,96.0
s2068,Movie,2014,"June 25, 2018",4,TV-MA,Action & Adventure,Japan,3,1,103.0
s2069,TV Show,2019,"September 26, 2019",0,TV-MA,Docuseries,United States,2,1,2.0
s2070,Movie,2019,"August 29, 2019",0,TV-14,Action & Adventure,United States,3,1,81.0
s2071,Movie,2018,"July 27, 2018",0,TV-MA,Action & Adventure,United States,3,1,95.0
s2072,Movie,2020,"April 24, 2020",0,R,Action & Adventure,United States,1,1,117.0
s2073,TV Show,2020,"April 29, 2020",0,TV-MA,Crime TV Shows,South Korea,3,1,1.0
s2074,TV Show,2006,"March 31, 2017",11,TV-MA,British TV Shows,United Kingdom,2,2,2.0
s2075,TV Show,2019,"July 12, 2019",0,TV-MA,International TV Shows,Unknown,2,0,1.0
s2076,Movie,2019,"May 3, 2019",0,R,Dramas,United States,2,1,110.0
s2077,Movie,2016,"September 13, 2016",0,TV-PG,Documentaries,United States,1,1,25.0
s2078,Movie,2019,"January 15, 2020",1,TV-MA,Dramas,Spain,3,3,108.0
s2079,Movie,2010,"March 10, 2017",7,TV-MA,Comedies,Turkey,2,1,99.0
s2080,Movie,2011,"March 10, 2017",6,TV-PG,Comedies,Turkey,3,1,106.0
s2081,Movie,2014,"March 10, 2017",3,TV-PG,Comedies,Turkey,2,1,103.0
s2082,TV Show,2009,"December 26, 2016",7,TV-14,Crime TV Shows,Turkey,3,1,1.0
s2083,TV Show,2016,"April 27, 2018",2,TV-14,International TV Shows,Unknown,2,0,1.0
s2084,TV Show,2020,"June 12, 2020",0,TV-MA,TV Comedies,United States,1,3,4.0
s2085,Movie,2017,"March 5, 2018",1,TV-MA,Comedies,United States,2,1,92.0
s2086,Movie,2018,"December 15, 2018",0,TV-PG,Children & Family Movies,United States,2,1,90.0
s2087,Movie,2017,"September 8, 2017",0,TV-MA,Stand-Up Comedy,Chile,1,1,60.0
s2088,TV Show,2020,"November 27, 2020",0,TV-MA,International TV Shows,India,2,1,1.0
s2089,Movie,2017,"January 15, 2018",1,TV-MA,Dramas,United States,2,1,89.0
s2090,Movie,2019,"November 14, 2019",0,TV-MA,Stand-Up Comedy,France,1,1,54.0
s2091,TV Show,2009,"April 1, 2017",8,TV-MA,Anime Series,Japan,2,1,1.0
s2092,Movie,2019,"February 4, 2020",1,PG,Comedies,United States,3,1,106.0
s2093,TV Show,2015,"July 26, 2019",4,TV-G,British TV Shows,United Kingdom,3,1,1.0
s2094,Movie,2018,"January 26, 2018",0,TV-MA,Stand-Up Comedy,Singapore,1,1,61.0
s2095,Movie,2011,"February 15, 2018",7,TV-14,Action & Adventure,India,3,1,150.0
s2096,Movie,2019,"January 1, 2020",1,TV-14,Comedies,United States,1,1,80.0
s2097,TV Show,2014,"October 1, 2016",2,TV-14,International TV Shows,Taiwan,3,1,1.0
s2098,Movie,1998,"November 1, 2019",21,R,Thrillers,United States,1,1,124.0
s2099,TV Show,2017,"April 1, 2018",1,TV-MA,Crime TV Shows,Sweden,3,1,1.0
s2100,Movie,2019,"August 29, 2019",0,TV-PG,Comedies,United States,2,1,98.0
s2101,TV Show,2018,"June 1, 2019",1,TV-MA,Crime TV Shows,Mexico,3,2,1.0
s2102,Movie,2018,"December 20, 2019",1,TV-MA,International Movies,Unknown,2,0,82.0
s2103,TV Show,2018,"October 1, 2020",2,TV-MA,International TV Shows,South Korea,3,1,1.0
s2104,Movie,2017,"May 1, 2019",2,TV-MA,Dramas,Germany,3,1,99.0
s2105,Movie,2018,"May 5, 2018",0,TV-MA,Horror Movies,United States,1,1,92.0
s2106,TV Show,2020,"September 11, 2020",0,TV-MA,International TV Shows,France,3,1,2.0
s2107,TV Show,2020,"January 20, 2020",0,TV-PG,Kids' TV,United States,2,1,2.0
s2108,Movie,2015,"December 15, 2016",1,TV-14,Documentaries,India,2,1,29.0
s2109,Movie,2018,"May 14, 2020",2,TV-G,Children & Family Movies,United Arab Emirates,3,1,109.0
s2110,Movie,2019,"August 24, 2019",0,TV-14,Thrillers,United States,1,1,91.0
s2111,Movie,2017,"February 14, 2020",3,TV-MA,Comedies,Poland,3,1,33.0
s2112,Movie,2014,"January 1, 2018",4,NR,Dramas,India,3,1,102.0
s2113,TV Show,2016,"April 22, 2017",1,TV-Y7,Kids' TV,Canada,2,1,1.0
s2114,Movie,2018,"November 26, 2020",2,TV-PG,Comedies,Philippines,3,1,114.0
s2115,Movie,2015,"December 1, 2018",3,TV-14,Action & Adventure,Australia,3,1,146.0
s2116,Movie,2017,"June 6, 2019",2,TV-MA,Comedies,Egypt,2,1,94.0
s2117,TV Show,2015,"August 1, 2017",2,TV-14,Crime TV Shows,Russia,3,1,1.0
s2118,TV Show,2020,"April 16, 2020",0,TV-MA,International TV Shows,France,3,1,2.0
s2119,Movie,2018,"April 3, 2018",0,TV-MA,Stand-Up Comedy,France,1,1,75.0
s2120,Movie,2008,"August 2, 2018",10,TV-MA,Dramas,India,2,1,158.0
s2121,TV Show,2020,"December 26, 2020",0,TV-Y7,Kids' TV,United States,1,1,3.0
s2122,TV Show,2019,"September 20, 2019",0,TV-MA,Reality TV,United States,1,1,2.0
s2123,Movie,2020,"March 2, 2020",0,TV-MA,Stand-Up Comedy,United States,1,1,61.0
s2124,Movie,2020,"July 16, 2020",0,TV-14,Thrillers,United States,1,1,90.0
s2125,TV Show,2016,"July 13, 2018",2,TV-MA,Crime TV Shows,Unknown,3,0,1.0
s2126,TV Show,2017,"November 7, 2017",0,TV-MA,Anime Series,Japan,2,1,2.0
s2127,TV Show,2018,"October 30, 2018",0,TV-MA,Anime Series,Japan,2,1,2.0
s2128,Movie,2016,"September 1, 2020",4,TV-14,Action & Adventure,Japan,3,1,72.0
s2129,TV Show,2015,"December 20, 2018",3,TV-14,Anime Series,Japan,2,1,2.0
s2130,TV Show,2012,"June 15, 2019",7,TV-MA,Anime Series,Japan,2,1,2.0
s2132,Movie,2018,"July 20, 2018",0,TV-MA,Comedies,United States,1,1,95.0
s2133,Movie,2020,"July 17, 2020",0,R,Documentaries,United States,1,1,100.0
s2134,Movie,2012,"February 15, 2019",7,TV-14,Comedies,India,3,1,97.0
s2135,TV Show,2020,"April 16, 2020",0,TV-MA,Crime TV Shows,Israel,3,1,3.0
s2136,Movie,1998,"November 1, 2019",21,R,Comedies,United States,3,1,118.0
s2137,TV Show,2020,"July 22, 2020",0,TV-MA,Crime TV Shows,United States,2,1,1.0
s2138,TV Show,2015,"June 1, 2017",2,TV-MA,International TV Shows,India,3,1,1.0
s2139,Movie,2020,"August 14, 2020",0,TV-Y7,Children & Family Movies,Canada,2,1,92.0
s2140,TV Show,2020,"March 20, 2020",0,TV-MA,Romantic TV Shows,United Kingdom,3,1,1.0
s2141,Movie,2017,"August 23, 2017",0,TV-MA,Documentaries,United States,1,1,70.0
s2142,Movie,2020,"June 19, 2020",0,TV-G,Children & Family Movies,United States,3,1,110.0
s2143,TV Show,2020,"September 1, 2020",0,TV-MA,Stand-Up Comedy & Talk Shows,United States,2,1,1.0
s2144,Movie,2012,"July 3, 2018",6,TV-MA,Stand-Up Comedy,United States,1,1,58.0
s2145,Movie,2017,"March 24, 2017",0,TV-MA,Stand-Up Comedy,Brazil,1,1,91.0
s2146,Movie,2020,"November 3, 2020",0,TV-MA,Stand-Up Comedy,Germany,1,1,60.0
s2147,Movie,2018,"October 12, 2018",0,TV-MA,Documentaries,United States,2,1,86.0
s2148,Movie,2018,"August 30, 2019",1,TV-MA,Comedies,Colombia,2,1,91.0
s2149,Movie,2018,"May 25, 2018",0,TV-MA,Stand-Up Comedy,Argentina,1,1,63.0
s2150,Movie,2012,"August 1, 2019",7,TV-PG,Comedies,India,3,1,133.0
s2151,Movie,1986,"January 3, 2020",34,PG-13,Classic Movies,United States,3,1,103.0
s2152,Movie,2004,"October 13, 2020",16,TV-14,International Movies,India,3,1,117.0
s2153,Movie,1971,"July 1, 2020",49,G,Classic Movies,United States,3,1,181.0
s2154,Movie,2020,"December 2, 2020",0,TV-MA,Comedies,Poland,3,1,118.0
s2155,Movie,2015,"December 28, 2015",0,NR,Dramas,Nigeria,2,1,101.0
s2156,Movie,1996,"May 21, 2020",24,TV-14,Comedies,Unknown,2,0,204.0
s2157,TV Show,2018,"February 7, 2020",2,TV-14,International TV Shows,Nigeria,3,1,2.0
s2158,Movie,2008,"September 1, 2016",8,TV-Y7,Children & Family Movies,United Kingdom,2,1,29.0
s2159,TV Show,2018,"October 12, 2018",0,TV-MA,Docuseries,Unknown,1,0,1.0
s2160,Movie,2016,"December 21, 2016",0,TV-PG,Documentaries,United States,1,1,92.0
s2161,TV Show,2015,"April 15, 2017",2,TV-14,Crime TV Shows,Turkey,3,1,2.0
s2162,Movie,2017,"November 1, 2018",1,TV-MA,Documentaries,United States,1,1,94.0
s2163,Movie,2015,"October 11, 2018",3,TV-PG,Dramas,Indonesia,2,1,118.0
s2164,Movie,2000,"January 1, 2020",20,R,Cult Movies,United States,3,1,98.0
s2165,Movie,2003,"January 1, 2020",17,R,Horror Movies,United States,2,2,90.0
s2166,Movie,2006,"January 1, 2020",14,R,Horror Movies,United States,1,2,93.0
s2167,TV Show,2017,"September 1, 2017",0,TV-PG,International TV Shows,Japan,2,1,1.0
s2168,Movie,2017,"March 14, 2019",2,TV-14,International Movies,Philippines,2,1,125.0
s2169,TV Show,2020,"January 29, 2020",0,TV-14,International TV Shows,Unknown,3,0,1.0
s2170,Movie,2020,"November 30, 2020",0,TV-PG,Dramas,Philippines,2,1,106.0
s2171,Movie,2016,"March 21, 2017",1,TV-14,Documentaries,Italy,2,2,114.0
s2172,TV Show,2017,"September 8, 2017",0,TV-MA,Docuseries,United States,2,1,1.0
s2173,Movie,2019,"November 1, 2019",0,TV-MA,Documentaries,United States,1,1,40.0
s2174,Movie,2012,"May 13, 2020",8,TV-14,Documentaries,India,2,1,83.0
s2175,Movie,2019,"February 22, 2019",0,TV-MA,Dramas,India,2,1,117.0
s2176,Movie,2013,"April 24, 2019",6,TV-MA,Dramas,India,3,1,99.0
s2177,TV Show,2018,"October 15, 2020",2,TV-Y,British TV Shows,United Kingdom,2,1,4.0
s2178,Movie,2015,"December 21, 2015",0,TV-G,Movies,Unknown,1,0,60.0
s2179,Movie,2015,"December 21, 2015",0,TV-G,Movies,Unknown,1,0,60.0
s2180,Movie,2017,"December 25, 2019",2,TV-PG,Anime Features,Japan,2,1,91.0
s2181,TV Show,2018,"September 7, 2018",0,TV-MA,Docuseries,Unknown,1,0,1.0
s2182,Movie,2018,"May 17, 2019",1,TV-14,Comedies,United States,2,1,96.0
s2183,Movie,2017,"September 1, 2019",2,R,Action & Adventure,United Kingdom,1,3,102.0
s2184,Movie,2018,"October 1, 2019",1,TV-14,Dramas,Netherlands,3,1,90.0
s2185,Movie,2018,"November 12, 2020",2,TV-MA,Dramas,Philippines,3,1,123.0
s2186,Movie,2018,"March 30, 2018",0,TV-MA,Dramas,United States,3,1,103.0
s2187,TV Show,2018,"July 6, 2018",0,TV-PG,Docuseries,United States,2,1,2.0
s2188,Movie,2017,"September 15, 2017",0,TV-MA,Dramas,Cambodia,1,2,137.0
s2189,Movie,2016,"March 31, 2017",1,TV-MA,Horror Movies,United Kingdom,2,1,90.0
s2190,Movie,2019,"October 22, 2020",1,PG-13,Comedies,United Kingdom,3,1,112.0
s2191,Movie,2017,"April 1, 2018",1,TV-14,Documentaries,Unknown,2,0,49.0
s2192,Movie,2015,"October 1, 2018",3,NR,Documentaries,United States,1,1,61.0
s2193,Movie,2018,"April 25, 2018",0,TV-Y,Children & Family Movies,Brazil,1,1,78.0
s2195,Movie,2016,"August 2, 2018",2,TV-14,Dramas,India,3,1,124.0
s2196,Movie,2019,"April 15, 2020",1,TV-14,Documentaries,United Arab Emirates,3,1,60.0
s2197,TV Show,2017,"March 31, 2017",0,TV-MA,Docuseries,United States,1,1,1.0
s2198,Movie,1982,"September 17, 2019",37,R,Action & Adventure,Hong Kong,2,1,104.0
s2199,Movie,2015,"April 1, 2017",2,TV-MA,Dramas,United States,2,1,83.0
s2201,Movie,2000,"August 2, 2018",18,TV-14,Dramas,India,3,1,163.0
s2202,TV Show,2017,"June 2, 2017",0,TV-MA,TV Comedies,United States,2,1,2.0
s2203,Movie,2008,"January 16, 2017",9,PG-13,Dramas,Canada,1,2,119.0
s2204,TV Show,2020,"November 20, 2020",0,TV-G,Docuseries,China,2,1,3.0
s2205,Movie,2018,"August 4, 2018",0,TV-PG,Anime Features,China,3,2,74.0
s2206,Movie,2016,"June 13, 2019",3,TV-14,Comedies,Egypt,2,1,102.0
s2207,TV Show,2019,"May 3, 2019",0,TV-PG,Reality TV,United Kingdom,1,1,1.0
s2208,TV Show,2018,"March 2, 2018",0,TV-MA,Docuseries,United States,2,1,1.0
s2209,Movie,2018,"August 1, 2018",0,TV-MA,Dramas,United States,3,1,83.0
s2210,TV Show,2020,"June 19, 2020",0,TV-PG,Reality TV,United States,1,1,1.0
s2211,TV Show,2016,"July 1, 2019",3,TV-Y7,Kids' TV,South Korea,2,1,1.0
s2212,TV Show,2018,"December 15, 2018",0,TV-MA,British TV Shows,United Kingdom,3,1,2.0
s2213,Movie,1978,"July 31, 2018",40,TV-MA,Action & Adventure,Hong Kong,2,1,88.0
s2214,Movie,2017,"November 16, 2018",1,TV-MA,Documentaries,United Arab Emirates,2,3,86.0
s2215,TV Show,2018,"November 1, 2018",0,TV-MA,Docuseries,United States,1,1,3.0
s2216,TV Show,2020,"February 27, 2020",0,TV-MA,International TV Shows,Japan,2,1,1.0
s2217,Movie,2017,"May 16, 2018",1,TV-MA,Documentaries,Argentina,2,2,66.0
s2218,TV Show,2016,"October 1, 2020",4,TV-MA,Anime Series,Japan,3,1,2.0
s2219,TV Show,2017,"October 1, 2017",0,TV-PG,Docuseries,Unknown,2,0,1.0
s2220,TV Show,2011,"October 16, 2017",6,TV-14,International TV Shows,United States,2,1,1.0
s2221,Movie,2015,"June 30, 2017",2,PG,Documentaries,Spain,3,1,90.0
s2222,Movie,2010,"May 1, 2020",10,R,Dramas,United States,1,1,134.0
s2223,Movie,2015,"March 2, 2016",1,TV-PG,Documentaries,United States,1,1,92.0
s2224,Movie,2012,"August 2, 2019",7,R,Dramas,Mexico,2,1,145.0
s2225,Movie,2015,"August 15, 2018",3,TV-MA,Comedies,United States,3,2,105.0
s2226,Movie,2019,"August 16, 2019",0,TV-MA,Comedies,United Kingdom,1,1,95.0
s2227,Movie,2018,"September 1, 2019",1,TV-MA,Documentaries,United States,1,1,93.0
s2228,Movie,2018,"April 15, 2020",2,TV-14,Dramas,Philippines,3,1,93.0
s2229,Movie,1977,"March 6, 2018",41,G,Children & Family Movies,United States,1,1,84.0
s2230,Movie,2016,"December 2, 2016",0,TV-14,Documentaries,Canada,1,2,112.0
s2231,TV Show,2017,"December 31, 2018",1,TV-14,Reality TV,United States,1,1,1.0
s2232,Movie,2017,"October 1, 2017",0,TV-MA,Comedies,Spain,2,1,93.0
s2233,Movie,2017,"December 1, 2017",0,TV-14,Documentaries,United Kingdom,3,1,81.0
s2234,Movie,1956,"November 1, 2019",63,G,Action & Adventure,United States,3,1,98.0
s2235,Movie,2016,"February 27, 2017",1,TV-14,Action & Adventure,India,2,1,123.0
s2236,TV Show,2016,"March 1, 2017",1,TV-PG,British TV Shows,United Kingdom,3,1,1.0
s2237,Movie,2020,"June 7, 2020",0,TV-14,International Movies,India,2,1,132.0
s2238,TV Show,2011,"September 1, 2016",5,TV-MA,Crime TV Shows,United States,3,1,9.0
s2239,TV Show,2019,"June 24, 2019",0,TV-14,Anime Series,Japan,2,1,2.0
s2240,Movie,2018,"August 2, 2018",0,TV-MA,Documentaries,Brazil,3,1,74.0
s2241,Movie,2016,"May 29, 2017",1,TV-MA,Documentaries,United Kingdom,3,3,87.0
s2242,TV Show,2019,"November 1, 2020",1,TV-14,Reality TV,United States,1,1,1.0
s2243,TV Show,2011,"September 18, 2017",6,TV-MA,International TV Shows,United Kingdom,2,1,1.0
s2244,Movie,2018,"May 4, 2018",0,TV-MA,Dramas,Italy,2,4,105.0
s2245,Movie,2017,"February 21, 2018",1,TV-MA,Dramas,South Korea,3,1,109.0
s2246,Movie,2011,"October 3, 2019",8,PG,Documentaries,United States,1,1,96.0
s2247,TV Show,2020,"February 28, 2020",0,TV-MA,Docuseries,United Kingdom,1,1,2.0
s2248,Movie,2020,"January 21, 2020",0,TV-MA,Stand-Up Comedy,United States,1,1,61.0
s2249,Movie,2008,"January 1, 2021",13,PG-13,Comedies,Germany,2,2,88.0
s2250,TV Show,2016,"December 9, 2016",0,TV-MA,Crime TV Shows,Spain,3,2,1.0
s2251,Movie,2013,"February 27, 2019",6,TV-14,Comedies,Philippines,3,1,125.0
s2252,Movie,1994,"August 1, 2019",25,R,Classic Movies,United Kingdom,3,1,118.0
s2253,Movie,2007,"April 1, 2019",12,R,Dramas,United States,2,2,113.0
s2254,Movie,2019,"October 11, 2019",0,TV-MA,Thrillers,United States,1,1,100.0
s2255,Movie,2016,"October 1, 2017",1,TV-MA,Documentaries,United States,2,2,79.0
s2256,Movie,2012,"October 1, 2017",5,R,Comedies,United States,3,2,86.0
s2257,Movie,2019,"April 12, 2019",0,TV-MA,Stand-Up Comedy,Italy,1,1,61.0
s2258,Movie,2019,"April 17, 2019",0,TV-MA,Stand-Up Comedy,Mexico,1,1,54.0
s2259,Movie,2018,"June 8, 2018",0,TV-MA,Stand-Up Comedy,Mexico,1,1,66.0
s2260,Movie,2016,"March 1, 2020",4,TV-MA,Dramas,United States,2,1,87.0
s2261,Movie,2007,"April 1, 2016",9,TV-MA,Documentaries,United States,2,1,70.0
s2262,TV Show,2020,"June 12, 2020",0,TV-MA,International TV Shows,Germany,2,1,1.0
s2263,Movie,2019,"July 16, 2019",0,TV-14,Comedies,United States,1,1,32.0
s2265,Movie,2017,"April 10, 2017",0,TV-MA,Comedies,United States,1,1,85.0
s2266,Movie,2018,"August 13, 2020",2,TV-MA,Comedies,United States,3,1,91.0
s2267,Movie,2018,"March 3, 2020",2,R,Independent Movies,United States,3,2,105.0
s2268,Movie,2020,"September 2, 2020",0,TV-MA,Dramas,Germany,3,1,93.0
s2269,Movie,2018,"February 6, 2018",0,TV-PG,Music & Musicals,Unknown,2,0,65.0
s2270,Movie,2007,"January 1, 2021",14,PG,Children & Family Movies,United States,2,1,115.0
s2271,Movie,2016,"October 21, 2019",3,R,Action & Adventure,United Kingdom,3,1,91.0
s2272,TV Show,2019,"July 6, 2019",0,TV-G,British TV Shows,United States,3,1,3.0
s2273,Movie,2018,"December 7, 2018",0,TV-G,Children & Family Movies,Unknown,2,0,58.0
s2274,Movie,2019,"February 1, 2019",0,TV-G,Children & Family Movies,United States,2,1,51.0
s2275,Movie,2016,"October 1, 2020",4,R,Action & Adventure,United States,2,1,139.0
s2276,Movie,1993,"January 1, 2020",27,PG,Children & Family Movies,United States,2,3,112.0
s2277,Movie,2018,"October 1, 2018",0,TV-MA,Dramas,Unknown,3,0,135.0
s2278,Movie,2018,"May 29, 2020",2,TV-PG,Comedies,United Arab Emirates,3,1,99.0
s2279,Movie,2015,"December 15, 2017",2,R,Documentaries,United States,1,2,103.0
s2280,Movie,2016,"June 6, 2019",3,TV-MA,Comedies,Egypt,2,1,116.0
s2281,Movie,2015,"February 4, 2016",1,TV-MA,Dramas,United States,2,1,72.0
s2282,Movie,2015,"February 12, 2020",5,TV-PG,Comedies,South Africa,3,1,86.0
s2283,TV Show,2016,"September 4, 2017",1,TV-14,Crime TV Shows,United States,3,1,1.0
s2284,Movie,2019,"March 3, 2020",1,TV-PG,Dramas,United States,2,1,104.0
s2285,TV Show,2020,"March 23, 2020",0,TV-MA,Crime TV Shows,Austria,3,2,1.0
s2287,Movie,2009,"January 1, 2020",11,R,Horror Movies,United States,1,1,97.0
s2288,Movie,2016,"April 18, 2018",2,R,Horror Movies,Germany,2,1,92.0
s2290,TV Show,2019,"January 11, 2019",0,TV-MA,Romantic TV Shows,United States,2,1,2.0
s2291,Movie,1980,"April 1, 2020",40,TV-14,Action & Adventure,India,3,1,161.0
s2292,Movie,2014,"June 11, 2020",6,TV-MA,Comedies,United Arab Emirates,3,3,104.0
s2293,TV Show,2016,"December 5, 2016",0,TV-MA,Classic & Cult TV,United States,3,1,3.0
s2294,Movie,2017,"June 6, 2019",2,TV-14,Children & Family Movies,Egypt,3,1,93.0
s2295,Movie,2013,"April 15, 2014",1,TV-14,Documentaries,United States,1,1,35.0
s2296,Movie,2010,"September 8, 2020",10,R,Action & Adventure,France,2,3,93.0
s2297,Movie,2016,"July 15, 2018",2,PG,Documentaries,United States,3,1,99.0
s2298,Movie,2018,"February 9, 2020",2,TV-MA,Dramas,United States,3,1,106.0
s2299,TV Show,2018,"November 23, 2018",0,TV-MA,International TV Shows,Canada,3,1,3.0
s2300,TV Show,2011,"January 28, 2016",5,TV-PG,British TV Shows,United Kingdom,3,6,1.0
s2301,Movie,2011,"January 28, 2016",5,TV-PG,Movies,United Kingdom,1,6,47.0
s2302,Movie,2011,"January 28, 2016",5,TV-PG,Movies,United Kingdom,1,6,52.0
s2303,Movie,2008,"July 1, 2019",11,R,Dramas,United States,2,1,97.0
s2304,Movie,2013,"November 12, 2020",7,R,Dramas,United States,2,1,85.0
s2305,TV Show,2018,"November 23, 2018",0,TV-MA,Crime TV Shows,Spain,3,1,1.0
s2306,Movie,2013,"December 15, 2019",6,TV-14,Action & Adventure,India,3,1,135.0
s2307,TV Show,2020,"September 19, 2020",0,TV-Y,Kids' TV,Unknown,2,0,1.0
s2308,Movie,2020,"November 13, 2020",0,TV-Y7,Children & Family Movies,India,2,1,75.0
s2309,Movie,2019,"February 23, 2020",1,TV-PG,Children & Family Movies,United States,3,1,110.0
s2310,Movie,2015,"September 1, 2016",1,TV-PG,Children & Family Movies,Canada,3,2,88.0
s2311,Movie,2020,"January 1, 2021",1,TV-Y,Children & Family Movies,United States,3,1,91.0
s2313,Movie,2017,"February 19, 2018",1,TV-PG,Action & Adventure,Japan,3,1,134.0
s2314,TV Show,2010,"January 1, 2018",8,TV-14,Anime Series,Japan,2,1,5.0
s2315,Movie,2017,"December 31, 2017",0,R,Comedies,United States,2,1,82.0
s2316,Movie,2018,"July 18, 2020",2,TV-14,Dramas,France,2,4,87.0
s2317,Movie,2016,"January 1, 2018",2,TV-MA,Documentaries,United States,1,1,106.0
s2318,Movie,2020,"December 10, 2020",0,TV-MA,Dramas,Canada,2,2,109.0
s2319,Movie,2019,"September 25, 2019",0,TV-MA,Action & Adventure,Vietnam,3,1,97.0
s2320,Movie,2017,"April 24, 2019",2,TV-MA,Dramas,United States,2,2,88.0
s2321,TV Show,2020,"December 10, 2020",0,TV-14,Crime TV Shows,Unknown,3,0,1.0
s2322,Movie,2019,"January 18, 2019",0,TV-MA,Documentaries,United States,1,1,98.0
s2323,Movie,2017,"April 28, 2020",3,TV-MA,Dramas,Italy,3,2,110.0
s2324,Movie,2009,"March 15, 2019",10,PG,Children & Family Movies,United States,2,1,88.0
s2325,Movie,2004,"March 10, 2017",13,TV-MA,Action & Adventure,Turkey,3,1,123.0
s2326,Movie,2016,"April 28, 2020",4,TV-MA,Comedies,Turkey,3,1,104.0
s2327,Movie,2015,"July 5, 2020",5,TV-14,Action & Adventure,India,3,1,128.0
s2328,TV Show,2021,"January 5, 2021",0,TV-Y,Kids' TV,Unknown,1,0,1.0
s2329,Movie,2019,"January 29, 2019",0,TV-14,Stand-Up Comedy,Unknown,1,0,91.0
s2330,Movie,2017,"November 9, 2018",1,TV-MA,Dramas,Brazil,3,2,132.0
s2331,Movie,2016,"December 20, 2016",0,TV-14,Stand-Up Comedy,United States,1,1,88.0
s2332,TV Show,2018,"June 1, 2018",0,TV-14,International TV Shows,India,2,1,1.0
s2333,Movie,2018,"March 6, 2018",0,TV-14,Stand-Up Comedy,United States,1,1,58.0
s2334,Movie,2017,"January 23, 2017",0,TV-MA,Stand-Up Comedy,France,1,1,57.0
s2335,Movie,2015,"November 1, 2018",3,TV-14,Dramas,India,3,1,126.0
s2336,Movie,2017,"September 22, 2017",0,TV-MA,Documentaries,United States,2,1,101.0
s2337,Movie,2013,"September 15, 2017",4,TV-14,Dramas,Russia,2,1,108.0
s2339,Movie,2017,"September 15, 2018",1,TV-PG,Dramas,Indonesia,3,1,111.0
s2340,Movie,2011,"December 15, 2019",8,TV-14,International Movies,India,2,1,135.0
s2341,TV Show,2020,"August 10, 2020",0,TV-G,Kids' TV,United States,2,1,1.0
s2342,Movie,2012,"May 19, 2020",8,TV-14,Comedies,Egypt,3,1,96.0
s2343,Movie,2019,"August 21, 2019",0,TV-MA,Horror Movies,Unknown,3,0,98.0
s2344,Movie,2019,"August 21, 2019",0,TV-MA,Horror Movies,India,3,2,98.0
s2345,Movie,2019,"August 21, 2019",0,TV-MA,Horror Movies,Unknown,3,0,98.0
s2346,Movie,2018,"March 23, 2018",0,TV-MA,Action & Adventure,United States,2,1,102.0
s2347,TV Show,2009,"September 1, 2016",7,TV-MA,International TV Shows,Taiwan,3,1,1.0
s2348,TV Show,2020,"December 30, 2020",0,TV-14,International TV Shows,Unknown,3,0,1.0
s2349,Movie,2016,"January 31, 2020",4,TV-MA,Dramas,France,2,1,86.0
s2350,Movie,2003,"January 8, 2021",18,TV-MA,Dramas,India,2,1,148.0
s2351,TV Show,2014,"April 15, 2017",3,TV-PG,International TV Shows,India,3,1,1.0
s2352,Movie,2002,"August 20, 2019",17,R,Dramas,United States,1,2,167.0
s2353,Movie,2016,"February 18, 2017",1,TV-MA,Action & Adventure,Japan,3,1,96.0
s2354,Movie,2018,"September 1, 2018",0,TV-MA,Dramas,India,3,1,109.0
s2355,Movie,2014,"February 6, 2020",6,TV-14,Documentaries,Kenya,1,2,70.0
s2356,Movie,2007,"January 1, 2020",13,TV-Y,Children & Family Movies,United States,2,1,78.0
s2357,Movie,2008,"January 1, 2020",12,TV-Y7,Children & Family Movies,United States,2,2,79.0
s2358,Movie,2009,"January 1, 2020",11,G,Children & Family Movies,South Korea,2,2,78.0
s2359,Movie,2016,"December 23, 2016",0,TV-MA,Music & Musicals,United States,2,1,62.0
s2360,TV Show,2013,"December 1, 2016",3,,Anime Series,Japan,2,1,1.0
s2361,TV Show,2019,"June 2, 2020",1,TV-PG,Docuseries,United States,1,1,1.0
s2362,Movie,2009,"October 9, 2018",9,TV-PG,Children & Family Movies,Indonesia,3,1,96.0
s2363,Movie,2011,"November 30, 2018",7,TV-PG,Children & Family Movies,Indonesia,3,1,95.0
s2364,Movie,2018,"May 9, 2019",1,TV-MA,Action & Adventure,Taiwan,3,1,126.0
s2365,Movie,2015,"February 26, 2020",5,TV-MA,Dramas,Nigeria,2,1,97.0
s2366,Movie,2016,"December 10, 2018",2,TV-MA,Horror Movies,Japan,2,2,107.0
s2367,Movie,2016,"December 15, 2017",1,TV-MA,Dramas,India,2,1,118.0
s2368,Movie,2018,"July 1, 2018",0,TV-PG,Dramas,India,1,1,130.0
s2369,Movie,2019,"October 10, 2019",0,TV-14,International Movies,Unknown,2,0,154.0
s2370,Movie,2017,"February 1, 2018",1,TV-PG,Documentaries,United States,2,1,90.0
s2371,Movie,2017,"October 1, 2017",0,PG-13,Documentaries,United States,2,1,107.0
s2372,Movie,2018,"April 15, 2019",1,TV-MA,Documentaries,United States,2,1,95.0
s2373,Movie,2018,"February 17, 2019",1,TV-14,Dramas,India,2,1,96.0
s2374,TV Show,2015,"August 1, 2017",2,TV-PG,British TV Shows,United Kingdom,3,1,1.0
s2375,TV Show,2016,"August 1, 2017",1,TV-PG,British TV Shows,United Kingdom,3,1,1.0
s2376,TV Show,2020,"February 21, 2020",0,TV-MA,TV Comedies,United States,2,1,1.0
s2377,TV Show,2016,"June 1, 2016",0,TV-MA,Crime TV Shows,Sweden,3,1,1.0
s2378,Movie,2020,"June 30, 2020",0,TV-MA,Stand-Up Comedy,United States,1,1,52.0
s2379,Movie,2003,"December 20, 2016",13,PG,Children & Family Movies,United States,2,2,87.0
s2380,Movie,2017,"September 29, 2017",0,TV-MA,Horror Movies,United States,2,1,103.0
s2381,TV Show,2011,"December 31, 2017",6,TV-Y,Kids' TV,Italy,2,3,1.0
s2382,TV Show,2020,"July 31, 2020",0,TV-PG,British TV Shows,United Kingdom,3,1,1.0
s2383,Movie,2010,"January 16, 2020",10,R,Comedies,United States,2,1,109.0
s2384,Movie,2019,"May 1, 2020",1,TV-MA,International Movies,France,2,2,98.0
s2385,Movie,2017,"May 12, 2017",0,TV-MA,Documentaries,United States,1,1,101.0
s2386,TV Show,2020,"September 9, 2020",0,TV-PG,Reality TV,United States,1,1,1.0
s2387,Movie,2014,"December 12, 2014",0,PG,Children & Family Movies,United Kingdom,2,2,103.0
s2388,TV Show,2017,"November 1, 2018",1,TV-MA,Crime TV Shows,United States,3,1,1.0
s2389,Movie,2008,"April 1, 2019",11,PG-13,Action & Adventure,United States,2,1,110.0
s2390,Movie,2016,"November 1, 2017",1,TV-MA,International Movies,Spain,2,1,104.0
s2391,Movie,2005,"November 1, 2019",14,PG-13,Comedies,United States,2,1,85.0
s2392,Movie,2013,"October 19, 2020",7,TV-MA,Comedies,Lebanon,3,1,101.0
s2393,Movie,2013,"November 1, 2018",5,TV-MA,Comedies,India,3,1,129.0
s2394,Movie,1990,"December 31, 2019",29,TV-14,Action & Adventure,India,3,1,163.0
s2395,Movie,2017,"December 31, 2017",0,TV-MA,Horror Movies,Thailand,1,2,100.0
s2396,TV Show,2020,"April 23, 2020",0,TV-14,Anime Series,Japan,3,2,1.0
s2397,Movie,2017,"September 13, 2017",0,G,Documentaries,United States,1,1,78.0
s2398,Movie,2013,"February 24, 2019",6,TV-MA,Action & Adventure,Japan,3,1,58.0
s2399,Movie,2016,"October 1, 2017",1,TV-Y7,Children & Family Movies,Canada,2,1,47.0
s2400,Movie,2007,"October 1, 2020",13,PG-13,Action & Adventure,United States,2,2,110.0
s2401,Movie,2020,"January 1, 2020",0,TV-MA,Horror Movies,India,3,1,145.0
s2402,Movie,2014,"February 24, 2019",5,TV-MA,Action & Adventure,Japan,3,1,58.0
s2403,TV Show,2012,"October 2, 2019",7,TV-14,Reality TV,United States,1,1,1.0
s2404,Movie,2013,"February 24, 2019",6,TV-14,Action & Adventure,Japan,3,1,56.0
s2405,Movie,2019,"October 16, 2019",0,TV-MA,Documentaries,United States,1,1,22.0
s2406,Movie,2020,"November 25, 2020",0,R,Horror Movies,United Kingdom,1,1,95.0
s2407,TV Show,2018,"August 24, 2018",0,TV-MA,International TV Shows,India,3,1,1.0
s2408,Movie,1997,"December 31, 2019",22,TV-MA,Action & Adventure,India,3,1,161.0
s2409,Movie,2005,"September 15, 2018",13,TV-14,Dramas,Indonesia,2,1,141.0
s2410,TV Show,2019,"July 18, 2020",1,TV-Y,Kids' TV,United States,1,1,1.0
s2411,Movie,1958,"November 1, 2019",61,G,Classic Movies,United States,3,1,115.0
s2412,TV Show,2006,"October 1, 2017",11,TV-14,Romantic TV Shows,United States,3,1,7.0
s2413,TV Show,2016,"November 25, 2016",0,TV-14,TV Comedies,United States,3,1,1.0
s2414,Movie,2013,"January 1, 2021",8,PG-13,Dramas,United States,2,1,101.0
s2415,Movie,2020,"September 17, 2020",0,TV-MA,Documentaries,France,3,1,96.0
s2416,Movie,2013,"December 31, 2018",5,TV-MA,Stand-Up Comedy,Unknown,1,0,68.0
s2417,Movie,2008,"December 31, 2018",10,TV-MA,Stand-Up Comedy,United Kingdom,1,1,58.0
s2418,Movie,2012,"July 15, 2018",6,PG-13,Dramas,United Kingdom,2,4,90.0
s2419,Movie,2020,"October 9, 2020",0,TV-MA,Comedies,India,3,1,126.0
s2420,TV Show,2019,"January 10, 2020",1,TV-MA,British TV Shows,United Kingdom,3,1,1.0
s2421,Movie,2018,"March 15, 2019",1,R,Dramas,Netherlands,3,2,106.0
s2422,TV Show,2018,"November 1, 2018",0,TV-MA,International TV Shows,Thailand,3,1,1.0
s2423,Movie,2019,"February 22, 2020",1,TV-MA,Horror Movies,United States,1,1,92.0
s2424,Movie,2013,"February 27, 2019",6,TV-14,Comedies,Philippines,2,1,103.0
s2425,Movie,2020,"November 6, 2020",0,TV-MA,Dramas,Taiwan,2,1,82.0
s2426,TV Show,2017,"April 21, 2017",0,TV-MA,TV Comedies,United States,1,1,1.0
s2427,Movie,2017,"February 14, 2017",0,TV-MA,Comedies,United States,2,1,71.0
s2428,TV Show,2007,"September 11, 2020",13,TV-14,TV Comedies,United States,1,1,8.0
s2429,TV Show,2019,"June 14, 2019",0,TV-MA,TV Comedies,United States,2,1,5.0
s2430,TV Show,2018,"October 1, 2019",1,TV-MA,International TV Shows,India,3,1,1.0
s2431,TV Show,2019,"June 21, 2019",0,TV-MA,Docuseries,United States,2,1,2.0
s2432,TV Show,2012,"December 15, 2019",7,TV-PG,Anime Series,Japan,2,1,1.0
s2433,Movie,2015,"November 22, 2019",4,TV-MA,Action & Adventure,Japan,3,1,121.0
s2434,Movie,2019,"July 26, 2019",0,TV-MA,Comedies,France,3,2,77.0
s2435,Movie,2020,"December 11, 2020",0,PG-13,Documentaries,United States,1,1,91.0
s2436,TV Show,2015,"July 18, 2015",0,TV-14,TV Comedies,United States,3,1,6.0
s2437,TV Show,2019,"September 25, 2019",0,TV-MA,International TV Shows,Australia,3,1,3.0
s2438,TV Show,2020,"August 17, 2020",0,TV-Y7,Kids' TV,United States,1,1,2.0
s2439,TV Show,2016,"August 26, 2016",0,TV-Y7,Anime Series,Japan,2,1,2.0
s2440,TV Show,2017,"November 10, 2017",0,TV-Y7,Anime Series,Japan,2,1,2.0
s2441,TV Show,2019,"August 9, 2019",0,TV-MA,TV Comedies,United States,2,1,3.0
s2442,TV Show,2020,"August 14, 2020",0,TV-14,British TV Shows,United Kingdom,3,1,2.0
s2443,Movie,2012,"March 31, 2017",5,NR,Documentaries,United States,2,1,77.0
s2444,TV Show,2010,"August 14, 2017",7,TV-14,International TV Shows,Unknown,2,0,1.0
s2445,Movie,2018,"October 19, 2018",0,PG,Children & Family Movies,United Kingdom,2,4,86.0
s2446,Movie,2020,"March 13, 2020",0,TV-PG,Children & Family Movies,Australia,2,1,103.0
s2447,TV Show,2020,"December 26, 2020",0,TV-Y,Kids' TV,United States,1,1,3.0
s2448,Movie,2020,"May 1, 2020",0,TV-Y,Children & Family Movies,United States,1,1,42.0
s2449,TV Show,2019,"June 21, 2019",0,TV-PG,Kids' TV,Argentina,3,1,2.0
s2450,Movie,2019,"November 15, 2019",0,TV-PG,Children & Family Movies,Argentina,2,1,60.0
s2451,Movie,2018,"February 9, 2019",1,PG,Children & Family Movies,United States,3,1,111.0
s2452,TV Show,2015,"July 15, 2019",4,TV-14,Anime Series,Japan,2,1,1.0
s2453,Movie,2016,"October 22, 2018",2,TV-PG,Documentaries,United States,1,1,103.0
s2454,Movie,2017,"December 16, 2017",0,NR,Action & Adventure,China,2,2,129.0
s2455,Movie,2014,"April 1, 2020",6,PG,Dramas,United States,2,1,113.0
s2456,Movie,2018,"December 4, 2018",0,PG,Dramas,United States,2,1,106.0
s2457,Movie,2017,"May 1, 2018",1,TV-MA,Dramas,United Kingdom,3,1,105.0
s2458,TV Show,2017,"November 22, 2017",0,TV-MA,TV Dramas,United States,1,1,1.0
s2459,TV Show,2017,"January 17, 2018",1,TV-14,TV Shows,Japan,1,1,1.0
s2460,Movie,2018,"July 18, 2018",0,TV-14,Action & Adventure,Japan,3,1,101.0
s2461,Movie,2018,"January 9, 2019",1,TV-PG,Action & Adventure,Japan,3,1,91.0
s2462,TV Show,2020,"August 20, 2020",0,TV-MA,International TV Shows,South Korea,3,1,1.0
s2463,Movie,2018,"July 15, 2018",0,TV-G,Children & Family Movies,Australia,3,1,88.0
s2464,Movie,1979,"December 31, 2019",40,TV-PG,Classic Movies,India,3,1,137.0
s2465,Movie,2013,"November 1, 2017",4,TV-Y,International Movies,Japan,2,1,22.0
s2466,Movie,1995,"December 31, 2019",24,PG-13,Action & Adventure,United Kingdom,1,2,130.0
s2467,Movie,2019,"June 22, 2020",1,TV-MA,Dramas,United States,1,1,89.0
s2469,Movie,2016,"December 10, 2018",2,R,Thrillers,Australia,1,1,110.0
s2470,Movie,2014,"July 5, 2020",6,TV-14,Action & Adventure,India,3,1,112.0
s2471,Movie,2008,"September 28, 2020",12,TV-MA,Comedies,India,3,1,135.0
s2472,Movie,2006,"December 31, 2019",13,TV-14,Comedies,India,2,1,148.0
s2474,Movie,2018,"January 1, 2019",1,R,Independent Movies,United States,1,1,100.0
s2475,TV Show,2015,"July 12, 2017",2,TV-14,International TV Shows,Turkey,3,1,1.0
s2476,Movie,2017,"December 10, 2019",2,TV-14,Comedies,Egypt,2,1,101.0
s2477,Movie,1997,"January 1, 2021",24,PG,Children & Family Movies,United States,2,1,96.0
s2478,Movie,2018,"October 3, 2020",2,TV-14,Dramas,Turkey,3,1,115.0
s2479,TV Show,2019,"December 31, 2019",0,TV-MA,Crime TV Shows,United States,3,1,2.0
s2480,Movie,2009,"January 1, 2021",12,PG-13,Documentaries,United States,1,1,96.0
s2481,Movie,2016,"January 19, 2017",1,R,Comedies,United States,2,1,90.0
s2482,Movie,2014,"April 2, 2017",3,R,Dramas,United States,1,1,103.0
s2483,Movie,2019,"August 20, 2020",1,TV-MA,Comedies,United States,3,1,75.0
s2484,Movie,2012,"June 21, 2019",7,TV-MA,Dramas,Egypt,2,1,99.0
s2485,Movie,2007,"October 1, 2019",12,UR,Comedies,United States,2,2,99.0
s2486,TV Show,2017,"November 28, 2017",0,TV-14,International TV Shows,Japan,3,1,2.0
s2487,TV Show,2020,"October 1, 2020",0,TV-MA,Crime TV Shows,Brazil,3,1,1.0
s2488,Movie,2005,"June 2, 2019",14,PG,Dramas,United States,1,4,93.0
s2489,Movie,2014,"September 8, 2017",3,R,Action & Adventure,United States,2,4,90.0
s2490,Movie,2019,"May 16, 2019",0,TV-PG,Children & Family Movies,United States,2,1,90.0
s2491,Movie,2017,"February 11, 2020",3,R,Dramas,United States,3,1,101.0
s2492,TV Show,2019,"April 30, 2020",1,TV-PG,TV Dramas,United States,2,2,5.0
s2493,TV Show,2012,"December 15, 2016",4,TV-14,International TV Shows,South Korea,3,1,1.0
s2494,Movie,1990,"January 1, 2021",31,R,Classic Movies,United States,2,1,145.0
s2495,TV Show,2016,"April 27, 2018",2,TV-14,International TV Shows,Unknown,3,0,2.0
s2496,Movie,2017,"March 6, 2018",1,TV-MA,Dramas,United States,2,1,95.0
s2497,Movie,2011,"August 15, 2017",6,R,Comedies,United States,2,2,92.0
s2498,Movie,2016,"December 30, 2017",1,R,Comedies,Canada,3,1,102.0
s2499,TV Show,1998,"November 19, 2014",16,TV-G,Kids' TV,Canada,2,1,5.0
s2500,Movie,2018,"April 25, 2019",1,PG,Children & Family Movies,United States,2,2,90.0
s2501,Movie,2013,"April 1, 2020",7,TV-14,Comedies,India,3,1,144.0
s2502,TV Show,2018,"December 1, 2020",2,TV-Y,Kids' TV,Spain,1,2,1.0
s2503,Movie,2001,"November 1, 2019",18,R,Comedies,United States,3,3,137.0
s2505,TV Show,2019,"September 30, 2019",0,TV-MA,Crime TV Shows,United States,3,1,5.0
s2506,Movie,2003,"January 1, 2021",18,R,Horror Movies,United States,2,4,98.0
s2507,Movie,2015,"October 15, 2017",2,TV-14,Dramas,India,3,1,109.0
s2508,Movie,2018,"January 26, 2019",1,TV-MA,Dramas,Philippines,2,1,150.0
s2509,TV Show,2020,"January 15, 2020",0,TV-MA,TV Comedies,United States,2,1,6.0
s2510,TV Show,2020,"November 12, 2020",0,TV-MA,Crime TV Shows,South Korea,3,1,1.0
s2511,Movie,2008,"October 1, 2020",12,R,Dramas,Germany,1,2,117.0
s2512,TV Show,2017,"July 15, 2019",2,TV-PG,Anime Series,Japan,2,1,1.0
s2513,TV Show,2020,"October 16, 2020",0,TV-MA,TV Dramas,United States,2,1,1.0
s2514,TV Show,2017,"August 1, 2019",2,TV-14,British TV Shows,United Kingdom,3,1,2.0
s2516,Movie,2013,"March 1, 2018",5,TV-MA,Comedies,India,3,1,93.0
s2517,Movie,2019,"December 25, 2019",0,PG-13,Children & Family Movies,United States,2,1,96.0
s2518,Movie,2012,"November 1, 2018",6,TV-14,International Movies,India,2,1,133.0
s2519,Movie,2014,"May 28, 2020",6,TV-14,Comedies,United Arab Emirates,3,1,71.0
s2520,Movie,2015,"May 28, 2020",5,TV-14,Comedies,United Arab Emirates,3,1,80.0
s2521,Movie,2017,"February 14, 2019",2,TV-MA,Comedies,United States,2,1,57.0
s2522,Movie,2019,"April 20, 2019",0,TV-MA,Documentaries,Unknown,1,0,98.0
s2523,Movie,1978,"November 1, 2019",41,PG,Classic Movies,United States,3,1,110.0
s2525,TV Show,2017,"October 25, 2018",1,TV-14,TV Comedies,United States,1,1,2.0
s2526,TV Show,2020,"November 25, 2020",0,TV-MA,Anime Series,Japan,3,1,2.0
s2527,TV Show,2017,"October 1, 2017",0,TV-PG,Docuseries,United Kingdom,2,1,1.0
s2528,Movie,2016,"March 31, 2020",4,PG,Children & Family Movies,United States,3,1,131.0
s2529,TV Show,2019,"November 8, 2019",0,TV-14,British TV Shows,United Kingdom,3,1,1.0
s2530,TV Show,2019,"March 17, 2019",0,TV-MA,International TV Shows,Taiwan,3,1,1.0
s2531,TV Show,2019,"November 8, 2019",0,TV-Y7,Kids' TV,United Kingdom,3,3,1.0
s2532,TV Show,2019,"August 16, 2019",0,TV-MA,Crime TV Shows,Colombia,3,1,1.0
s2533,Movie,2015,"November 12, 2018",3,R,Horror Movies,United States,2,1,95.0
s2534,Movie,2016,"January 1, 2018",2,TV-MA,Comedies,Nigeria,3,1,102.0
s2535,TV Show,2020,"March 20, 2020",0,TV-PG,Kids' TV,United States,3,1,4.0
s2536,TV Show,2020,"September 10, 2020",0,TV-14,TV Dramas,United States,1,1,5.0
s2537,Movie,2018,"April 10, 2018",0,TV-MA,Stand-Up Comedy,United Kingdom,1,1,66.0
s2538,Movie,2019,"October 31, 2019",0,TV-MA,Stand-Up Comedy,Argentina,1,1,65.0
s2539,TV Show,2019,"May 9, 2020",1,TV-14,Romantic TV Shows,United States,2,1,16.0
s2540,Movie,2015,"July 14, 2016",1,R,Action & Adventure,Canada,1,1,114.0
s2541,Movie,2017,"February 10, 2017",0,TV-MA,Stand-Up Comedy,Italy,1,1,96.0
s2542,Movie,2016,"April 1, 2018",2,TV-MA,Documentaries,United States,1,1,97.0
s2543,Movie,2018,"December 15, 2020",2,R,Dramas,Canada,3,1,106.0
s2544,TV Show,2018,"December 12, 2020",2,TV-Y,Kids' TV,France,2,1,2.0
s2545,Movie,2016,"January 6, 2017",1,TV-PG,Documentaries,United States,2,1,82.0
s2546,Movie,2016,"February 19, 2017",1,G,Children & Family Movies,United States,2,1,78.0
s2547,Movie,2019,"November 30, 2019",0,TV-G,Documentaries,Uruguay,2,2,67.0
s2548,Movie,2020,"December 18, 2020",0,R,Comedies,United States,1,1,84.0
s2549,Movie,2020,"October 27, 2020",0,TV-14,Documentaries,Argentina,3,1,95.0
s2550,Movie,2020,"March 6, 2020",0,TV-MA,Dramas,India,2,1,120.0
s2551,Movie,1993,"April 1, 2020",27,TV-14,Action & Adventure,India,3,1,149.0
s2552,Movie,2018,"October 31, 2018",0,TV-MA,Dramas,Spain,3,2,126.0
s2553,Movie,2015,"February 1, 2017",2,TV-PG,Documentaries,Canada,3,1,90.0
s2554,Movie,2019,"November 15, 2019",0,TV-MA,Action & Adventure,India,3,1,143.0
s2555,Movie,2020,"August 12, 2020",0,TV-14,Action & Adventure,India,3,1,113.0
s2557,Movie,2017,"May 1, 2018",1,TV-14,Dramas,India,3,1,106.0
s2558,TV Show,2007,"September 1, 2017",10,TV-14,Anime Series,Japan,2,1,1.0
s2559,Movie,2007,"March 1, 2018",11,TV-PG,Dramas,India,2,1,155.0
s2560,TV Show,2018,"March 1, 2019",1,TV-Y7,Kids' TV,Unknown,2,0,3.0
s2561,Movie,2015,"July 26, 2019",4,TV-G,Documentaries,United Kingdom,2,1,57.0
s2562,Movie,2010,"August 2, 2018",8,TV-14,Dramas,India,2,1,121.0
s2563,TV Show,2017,"June 30, 2017",0,TV-MA,TV Dramas,United States,1,2,1.0
s2564,TV Show,2002,"September 1, 2020",18,TV-MA,International TV Shows,France,2,1,4.0
s2565,Movie,2015,"August 19, 2018",3,TV-MA,Comedies,Chile,2,1,91.0
s2566,Movie,2013,"March 10, 2017",4,TV-MA,Comedies,Turkey,2,1,100.0
s2567,Movie,2013,"March 10, 2017",4,TV-14,Comedies,Turkey,2,1,101.0
s2568,TV Show,2009,"October 2, 2020",11,TV-PG,Kids' TV,Australia,2,1,3.0
s2569,TV Show,2015,"July 15, 2015",0,TV-Y7,Kids' TV,Germany,1,4,2.0
s2570,TV Show,2016,"May 11, 2018",2,TV-MA,International TV Shows,Unknown,2,0,2.0
s2571,Movie,2013,"October 1, 2018",5,TV-14,Dramas,India,3,1,137.0
s2572,Movie,2010,"March 15, 2018",8,TV-14,Comedies,India,3,1,138.0
s2573,Movie,2012,"January 28, 2019",7,TV-14,Dramas,Indonesia,3,2,125.0
s2574,TV Show,2019,"November 1, 2019",0,TV-MA,Crime TV Shows,Spain,3,1,1.0
s2575,Movie,2014,"April 4, 2018",4,TV-14,Comedies,Turkey,3,1,95.0
s2576,Movie,2014,"August 2, 2018",4,TV-MA,Dramas,India,3,1,154.0
s2577,TV Show,2015,"November 1, 2019",4,TV-14,Anime Series,Japan,3,1,2.0
s2578,Movie,2016,"April 16, 2020",4,PG-13,Comedies,United States,1,3,106.0
s2579,Movie,2007,"January 1, 2020",13,PG,Children & Family Movies,United States,3,3,116.0
s2580,Movie,2018,"March 8, 2019",1,TV-14,Action & Adventure,United Arab Emirates,3,1,116.0
s2581,Movie,2016,"November 1, 2017",1,TV-PG,Action & Adventure,United Arab Emirates,3,1,97.0
s2582,Movie,2017,"January 31, 2020",3,TV-14,Comedies,Nigeria,3,1,93.0
s2583,TV Show,2005,"October 15, 2020",15,TV-14,TV Comedies,United States,1,1,4.0
s2584,Movie,2017,"January 2, 2020",3,TV-14,Dramas,India,3,1,129.0
s2585,Movie,2018,"November 15, 2018",0,TV-14,Comedies,India,3,1,111.0
s2586,Movie,2009,"May 1, 2017",8,PG-13,Action & Adventure,United States,3,2,117.0
s2587,Movie,2015,"March 7, 2016",1,TV-14,Action & Adventure,United States,2,1,65.0
s2588,TV Show,2017,"December 14, 2017",0,TV-14,TV Dramas,United States,1,1,4.0
s2589,Movie,2000,"March 1, 2018",18,TV-14,Dramas,India,3,1,158.0
s2590,Movie,1987,"November 23, 2019",32,R,Action & Adventure,United States,2,1,110.0
s2591,Movie,2018,"May 15, 2019",1,TV-MA,Dramas,India,3,1,108.0
s2592,Movie,2017,"May 2, 2019",2,TV-14,Comedies,Egypt,2,1,79.0
s2593,Movie,2016,"August 1, 2017",1,TV-MA,Comedies,Ireland,3,1,95.0
s2594,TV Show,2020,"January 16, 2020",0,TV-14,International TV Shows,China,3,1,1.0
s2595,Movie,2017,"May 5, 2017",0,TV-MA,Comedies,United States,1,1,81.0
s2596,TV Show,2014,"May 2, 2020",6,TV-PG,Docuseries,Unknown,1,0,1.0
s2597,Movie,2017,"May 6, 2020",3,R,Thrillers,United States,1,1,99.0
s2598,Movie,2013,"August 25, 2018",5,TV-14,Documentaries,United States,1,1,86.0
s2599,Movie,2020,"May 26, 2020",0,TV-MA,Stand-Up Comedy,Australia,1,1,73.0
s2600,Movie,2018,"June 19, 2018",0,TV-MA,Stand-Up Comedy,Australia,1,1,70.0
s2601,TV Show,2015,"June 6, 2020",5,TV-MA,TV Horror,United States,3,1,3.0
s2602,Movie,2016,"February 5, 2016",0,TV-MA,Stand-Up Comedy,United States,1,1,68.0
s2604,Movie,2017,"March 1, 2018",1,TV-G,International Movies,United Kingdom,2,1,138.0
s2605,Movie,2018,"January 31, 2019",1,TV-PG,Comedies,Malaysia,3,1,110.0
s2606,TV Show,2018,"March 6, 2019",1,TV-MA,Crime TV Shows,United States,2,1,3.0
s2607,TV Show,2013,"January 1, 2017",4,TV-14,International TV Shows,Taiwan,3,1,1.0
s2608,TV Show,2012,"December 15, 2016",4,TV-14,International TV Shows,South Korea,3,1,1.0
s2609,Movie,2018,"March 30, 2018",0,TV-MA,Comedies,United States,2,1,78.0
s2610,Movie,2018,"November 30, 2018",0,PG-13,Dramas,Italy,3,4,127.0
s2611,Movie,2014,"October 1, 2018",4,TV-14,Comedies,India,3,1,129.0
s2612,Movie,2017,"January 1, 2018",1,TV-MA,Horror Movies,United States,2,1,91.0
s2613,TV Show,2019,"August 14, 2019",0,TV-MA,Crime TV Shows,Unknown,2,0,1.0
s2614,Movie,2014,"February 1, 2017",3,TV-14,Action & Adventure,India,3,1,179.0
s2615,Movie,2019,"March 26, 2020",1,TV-MA,Dramas,Thailand,3,1,113.0
s2616,Movie,2014,"February 8, 2017",3,NR,Comedies,Mexico,3,1,79.0
s2618,TV Show,2019,"March 27, 2020",1,TV-MA,Crime TV Shows,United States,3,1,2.0
s2619,TV Show,2015,"July 1, 2016",1,TV-MA,TV Comedies,United States,2,1,1.0
s2620,Movie,2020,"May 2, 2020",0,TV-14,Dramas,India,2,1,105.0
s2621,Movie,2015,"February 1, 2017",2,TV-14,Dramas,India,3,1,93.0
s2622,Movie,2020,"November 23, 2020",0,R,Action & Adventure,United States,1,1,98.0
s2623,Movie,1986,"October 1, 2011",25,TV-14,Dramas,United States,1,1,94.0
s2624,Movie,2015,"September 6, 2017",2,TV-MA,Dramas,United Kingdom,2,1,79.0
s2625,Movie,2015,"August 1, 2020",5,R,Action & Adventure,Russia,3,3,96.0
s2626,TV Show,2018,"January 11, 2019",1,TV-MA,TV Comedies,Ireland,1,1,4.0
s2627,Movie,2018,"May 8, 2018",0,TV-MA,Stand-Up Comedy,United States,1,1,67.0
s2628,Movie,2009,"October 1, 2018",9,TV-PG,Dramas,India,2,1,99.0
s2629,Movie,2018,"January 19, 2018",0,TV-14,Stand-Up Comedy,United States,1,1,62.0
s2630,Movie,2005,"November 1, 2019",14,TV-14,Documentaries,Unknown,2,0,55.0
s2631,Movie,2008,"October 1, 2019",11,R,Comedies,United States,2,1,101.0
s2632,Movie,2004,"January 1, 2020",16,R,Comedies,United States,2,3,88.0
s2633,Movie,2015,"November 25, 2018",3,TV-14,Documentaries,United States,1,1,95.0
s2634,TV Show,2014,"February 1, 2019",5,TV-14,British TV Shows,United Kingdom,3,1,1.0
s2635,Movie,2010,"April 15, 2018",8,TV-G,Children & Family Movies,United States,2,2,87.0
s2636,TV Show,2017,"October 15, 2017",0,TV-Y7,Kids' TV,Malaysia,2,1,1.0
s2637,Movie,2015,"January 15, 2017",2,TV-PG,Documentaries,United States,2,1,83.0
s2638,Movie,2016,"May 1, 2017",1,NR,Documentaries,United States,1,1,90.0
s2640,Movie,2010,"October 1, 2016",6,TV-MA,Dramas,India,2,1,100.0
s2641,TV Show,2020,"January 10, 2020",0,TV-Y7,Kids' TV,United States,2,1,4.0
s2642,Movie,2017,"May 23, 2017",0,TV-MA,Stand-Up Comedy,Unknown,1,0,73.0
s2643,Movie,2014,"April 1, 2020",6,TV-14,Comedies,India,3,1,135.0
s2644,Movie,1999,"March 1, 2018",19,TV-PG,Action & Adventure,India,3,1,151.0
s2645,TV Show,2015,"December 28, 2018",3,TV-MA,Crime TV Shows,Israel,3,1,1.0
s2646,TV Show,2020,"April 17, 2020",0,TV-MA,Crime TV Shows,India,3,1,1.0
s2647,Movie,2018,"August 13, 2019",1,TV-MA,Documentaries,Mexico,2,1,109.0
s2648,TV Show,2018,"July 1, 2019",1,TV-Y,Kids' TV,United States,1,1,2.0
s2649,TV Show,2017,"October 20, 2017",0,TV-PG,TV Comedies,United States,2,1,2.0
s2650,TV Show,2015,"August 21, 2017",2,TV-14,International TV Shows,Indonesia,3,1,1.0
s2651,Movie,2007,"November 1, 2018",11,TV-14,Comedies,India,3,1,109.0
s2652,TV Show,2019,"October 11, 2019",0,TV-MA,Reality TV,United States,3,2,2.0
s2653,TV Show,2017,"December 1, 2018",1,TV-G,Kids' TV,Unknown,2,0,1.0
s2654,Movie,2017,"January 2, 2018",1,TV-MA,Documentaries,United States,2,1,89.0
s2655,Movie,2018,"March 1, 2019",1,TV-MA,Horror Movies,United States,2,1,99.0
s2656,Movie,2020,"May 11, 2020",0,TV-MA,Documentaries,United States,1,1,86.0
s2657,TV Show,2016,"August 1, 2017",1,TV-14,Crime TV Shows,Unknown,3,0,1.0
s2658,Movie,2017,"February 1, 2019",2,TV-MA,Documentaries,Australia,2,1,86.0
s2660,Movie,2016,"June 10, 2017",1,TV-MA,Horror Movies,United States,2,1,85.0
s2661,Movie,2015,"November 19, 2020",5,TV-14,Dramas,India,3,1,129.0
s2662,Movie,2015,"March 10, 2017",2,TV-14,Comedies,Turkey,3,1,98.0
s2663,Movie,2011,"March 1, 2020",9,R,Action & Adventure,Ireland,1,2,93.0
s2664,Movie,2003,"April 15, 2019",16,TV-MA,Dramas,India,3,2,111.0
s2665,Movie,2020,"December 2, 2020",0,TV-MA,Stand-Up Comedy,Germany,1,1,58.0
s2666,Movie,2016,"May 1, 2017",1,TV-MA,Comedies,France,2,2,95.0
s2667,Movie,2015,"June 1, 2018",3,PG-13,Documentaries,United States,1,2,89.0
s2668,Movie,2015,"March 18, 2016",1,R,Comedies,Canada,2,1,97.0
s2669,Movie,2018,"January 12, 2019",1,R,Horror Movies,United States,2,1,89.0
s2670,Movie,2018,"September 13, 2019",1,TV-MA,Horror Movies,United States,2,1,90.0
s2671,Movie,1998,"August 25, 2018",20,TV-MA,Dramas,Australia,3,1,104.0
s2672,Movie,2016,"June 3, 2017",1,TV-MA,Action & Adventure,Indonesia,2,1,119.0
s2673,TV Show,2021,"January 1, 2021",0,TV-G,Docuseries,United States,2,1,1.0
s2674,Movie,2011,"January 1, 2017",6,TV-MA,Dramas,France,3,2,92.0
s2675,Movie,2017,"February 1, 2019",2,TV-14,Documentaries,United States,1,1,107.0
s2676,TV Show,2019,"November 20, 2020",1,TV-14,International TV Shows,Unknown,2,0,1.0
s2677,TV Show,1999,"November 27, 2020",21,TV-14,International TV Shows,Australia,3,1,7.0
s2678,Movie,2001,"December 31, 2019",18,PG-13,Comedies,United States,2,1,124.0
s2679,TV Show,2017,"August 1, 2019",2,TV-14,TV Dramas,Canada,1,1,11.0
s2680,Movie,2017,"January 1, 2018",1,TV-MA,Thrillers,United States,1,1,87.0
s2681,Movie,2017,"May 15, 2020",3,TV-MA,Dramas,Lebanon,2,1,91.0
s2682,TV Show,2011,"December 15, 2016",5,TV-MA,International TV Shows,South Korea,3,1,1.0
s2683,TV Show,2018,"June 22, 2018",0,TV-MA,International TV Shows,Canada,2,1,2.0
s2684,Movie,2016,"April 1, 2019",3,PG,Children & Family Movies,United States,1,2,94.0
s2685,TV Show,2020,"September 1, 2020",0,TV-Y7,Kids' TV,France,1,3,1.0
s2686,TV Show,2017,"May 15, 2019",2,TV-Y,Kids' TV,Argentina,2,1,1.0
s2687,Movie,2015,"December 1, 2018",3,TV-14,Action & Adventure,Hong Kong,2,3,118.0
s2688,TV Show,2015,"November 10, 2018",3,TV-MA,TV Horror,United States,3,2,1.0
s2689,Movie,2015,"September 6, 2018",3,R,Action & Adventure,United States,3,1,86.0
s2691,Movie,2016,"January 1, 2019",3,R,Dramas,United States,2,1,102.0
s2692,Movie,2004,"December 1, 2018",14,PG-13,Action & Adventure,United States,3,1,122.0
s2693,Movie,1999,"January 4, 2021",22,TV-14,Action & Adventure,India,3,1,126.0
s2694,TV Show,2020,"July 10, 2020",0,TV-Y,Kids' TV,United States,1,1,3.0
s2695,Movie,2019,"December 24, 2020",1,TV-14,Dramas,Philippines,3,1,117.0
s2696,TV Show,2017,"December 18, 2017",0,TV-MA,International TV Shows,South Korea,3,1,2.0
s2697,Movie,2019,"September 13, 2019",0,TV-MA,Documentaries,United States,1,1,65.0
s2698,TV Show,2015,"October 23, 2015",0,TV-MA,TV Horror,United States,3,1,3.0
s2699,Movie,2015,"October 31, 2018",3,R,Dramas,Philippines,2,1,118.0
s2700,TV Show,2016,"January 15, 2021",5,TV-G,Kids' TV,United States,2,1,3.0
s2701,Movie,2013,"July 29, 2018",5,R,Dramas,United States,3,1,126.0
s2702,TV Show,2020,"August 26, 2020",0,TV-MA,International TV Shows,Colombia,3,1,1.0
s2703,Movie,2018,"May 2, 2019",1,TV-14,Dramas,United States,1,1,87.0
s2704,Movie,1976,"December 31, 2019",43,TV-14,Action & Adventure,India,3,1,156.0
s2705,Movie,2016,"July 1, 2017",1,TV-MA,Horror Movies,United States,1,1,97.0
s2706,TV Show,2018,"October 23, 2018",0,TV-14,International TV Shows,China,3,1,1.0
s2707,Movie,2014,"October 19, 2020",6,TV-14,Documentaries,Lebanon,2,5,96.0
s2708,Movie,1997,"August 1, 2018",21,TV-MA,Action & Adventure,Hong Kong,2,2,89.0
s2709,TV Show,2019,"August 23, 2019",0,TV-14,Anime Series,Unknown,3,0,2.0
s2710,Movie,2016,"February 1, 2017",1,TV-MA,Action & Adventure,Spain,3,1,97.0
s2711,Movie,2017,"September 12, 2017",0,TV-14,Documentaries,United States,1,1,40.0
s2712,Movie,2012,"November 1, 2018",6,TV-MA,Dramas,India,2,1,143.0
s2713,TV Show,2018,"June 1, 2019",1,TV-MA,International TV Shows,Denmark,2,1,2.0
s2714,Movie,2017,"November 2, 2019",2,TV-PG,Children & Family Movies,United States,2,3,81.0
s2715,TV Show,2020,"February 23, 2020",0,TV-14,International TV Shows,South Korea,3,1,1.0
s2716,TV Show,2019,"April 9, 2020",1,TV-14,Anime Series,Japan,3,1,2.0
s2717,TV Show,2016,"June 2, 2016",0,TV-MA,International TV Shows,Japan,2,1,1.0
s2718,Movie,2017,"July 24, 2020",3,TV-MA,Action & Adventure,United States,1,1,88.0
s2719,Movie,2019,"October 30, 2020",1,TV-14,Dramas,United States,3,1,87.0
s2720,TV Show,2015,"May 19, 2017",2,TV-Y7,International TV Shows,South Korea,3,1,1.0
s2721,TV Show,2018,"February 5, 2019",1,TV-14,Crime TV Shows,Egypt,3,1,1.0
s2722,Movie,2010,"March 1, 2018",8,TV-14,Horror Movies,India,3,1,96.0
s2723,Movie,2016,"August 19, 2017",1,TV-14,International Movies,China,2,1,104.0
s2724,Movie,2016,"September 20, 2020",4,TV-MA,Action & Adventure,Japan,2,1,129.0
s2725,Movie,2017,"September 20, 2020",3,TV-MA,Action & Adventure,Japan,2,1,124.0
s2726,Movie,2017,"September 20, 2020",3,TV-MA,Action & Adventure,Japan,2,1,118.0
s2727,Movie,2016,"September 20, 2020",4,TV-MA,Action & Adventure,Japan,2,1,111.0
s2728,Movie,2019,"September 20, 2020",1,TV-MA,Action & Adventure,Unknown,2,0,125.0
s2729,Movie,2019,"December 1, 2019",0,TV-14,Comedies,India,3,1,120.0
s2730,Movie,2019,"February 8, 2019",0,TV-MA,Dramas,United States,2,1,91.0
s2731,TV Show,1988,"September 1, 2017",29,TV-PG,Docuseries,United States,2,1,1.0
s2732,TV Show,2020,"August 19, 2020",0,TV-14,Docuseries,United States,2,1,1.0
s2733,TV Show,2020,"August 7, 2020",0,TV-MA,Crime TV Shows,Spain,3,1,3.0
s2734,Movie,2018,"January 29, 2019",1,TV-MA,Dramas,South Korea,2,1,137.0
s2735,Movie,2019,"May 31, 2020",1,TV-14,Dramas,Romania,3,2,104.0
s2736,TV Show,2017,"May 19, 2017",0,TV-MA,Docuseries,Thailand,2,1,1.0
s2737,Movie,2015,"February 1, 2017",2,TV-14,Documentaries,Australia,3,1,80.0
s2738,Movie,2014,"August 2, 2018",4,TV-14,Action & Adventure,India,3,1,127.0
s2741,Movie,2018,"June 26, 2019",1,TV-PG,International Movies,Japan,2,1,141.0
s2743,Movie,2020,"November 24, 2020",0,R,Dramas,United States,1,1,117.0
s2744,Movie,2013,"November 1, 2018",5,TV-14,Action & Adventure,India,3,1,140.0
s2745,TV Show,2016,"August 1, 2017",1,TV-14,British TV Shows,United Kingdom,3,1,3.0
s2746,TV Show,2020,"January 17, 2020",0,TV-MA,Docuseries,Canada,2,1,4.0
s2747,Movie,2015,"March 31, 2017",2,TV-PG,Documentaries,United Kingdom,1,1,95.0
s2748,Movie,2020,"October 30, 2020",0,TV-14,Horror Movies,United Kingdom,2,1,93.0
s2749,Movie,2010,"December 1, 2017",7,TV-MA,Horror Movies,India,3,2,97.0
s2750,TV Show,2015,"January 13, 2017",2,TV-MA,Crime TV Shows,Argentina,3,1,1.0
s2751,TV Show,2019,"May 27, 2019",0,TV-MA,Stand-Up Comedy & Talk Shows,United States,2,1,1.0
s2752,TV Show,2020,"May 22, 2020",0,TV-14,British TV Shows,United Kingdom,3,1,1.0
s2753,Movie,2017,"August 1, 2018",1,TV-14,Dramas,India,2,1,118.0
s2754,TV Show,2021,"January 5, 2021",0,TV-MA,Docuseries,United States,2,1,1.0
s2755,TV Show,2016,"July 12, 2019",3,TV-PG,British TV Shows,Australia,2,1,1.0
s2756,Movie,2012,"November 8, 2019",7,R,Action & Adventure,United States,3,1,100.0
s2757,Movie,2005,"January 1, 2020",15,PG-13,Comedies,United States,2,1,118.0
s2758,Movie,1977,"February 10, 2017",40,TV-MA,Documentaries,West Germany,2,1,150.0
s2759,TV Show,2017,"February 22, 2018",1,TV-14,British TV Shows,United Kingdom,3,1,1.0
s2760,Movie,2016,"August 1, 2016",0,TV-PG,Documentaries,United Kingdom,2,1,44.0
s2761,Movie,2017,"November 1, 2017",0,TV-14,Documentaries,France,2,1,54.0
s2762,TV Show,2015,"February 15, 2019",4,TV-MA,International TV Shows,Denmark,3,1,1.0
s2763,Movie,2015,"July 1, 2017",2,TV-PG,Dramas,Pakistan,3,1,170.0
s2764,TV Show,2019,"May 2, 2020",1,TV-PG,Reality TV,Unknown,1,0,1.0
s2765,TV Show,2016,"March 31, 2017",1,TV-MA,British TV Shows,United Kingdom,2,1,2.0
s2766,TV Show,2016,"August 1, 2017",1,TV-Y,Kids' TV,United States,1,1,1.0
s2767,Movie,2006,"March 10, 2017",11,TV-MA,Comedies,Turkey,3,1,118.0
s2768,Movie,2018,"September 28, 2018",0,TV-MA,Action & Adventure,United States,2,1,126.0
s2769,Movie,2015,"August 1, 2016",1,TV-MA,Dramas,Australia,3,1,128.0
s2770,Movie,2016,"July 11, 2020",4,TV-MA,Dramas,South Africa,2,1,104.0
s2771,Movie,2020,"October 28, 2020",0,TV-MA,Comedies,United States,2,1,105.0
s2772,TV Show,2020,"November 18, 2020",0,TV-G,Reality TV,United States,1,1,1.0
s2773,Movie,2019,"November 1, 2019",0,TV-PG,Children & Family Movies,United States,3,1,86.0
s2774,Movie,2019,"November 28, 2019",0,TV-PG,Children & Family Movies,United States,2,1,94.0
s2775,TV Show,2019,"November 20, 2019",0,TV-MA,International TV Shows,Germany,2,1,1.0
s2776,Movie,2016,"July 15, 2016",0,TV-MA,Comedies,United States,2,2,106.0
s2777,Movie,2018,"November 1, 2019",1,PG,Children & Family Movies,United States,3,1,92.0
s2778,TV Show,2020,"May 1, 2020",0,TV-MA,TV Dramas,United States,1,1,1.0
s2779,Movie,2017,"January 29, 2018",1,TV-MA,Comedies,Spain,3,1,108.0
s2780,Movie,2019,"December 15, 2019",0,TV-14,Children & Family Movies,Unknown,3,0,89.0
s2781,Movie,2017,"April 27, 2018",1,TV-MA,Comedies,Spain,3,1,95.0
s2782,Movie,2016,"September 1, 2016",0,NR,Documentaries,United States,1,1,103.0
s2783,Movie,2008,"July 30, 2018",10,TV-14,Comedies,Thailand,3,1,92.0
s2784,Movie,2010,"July 30, 2018",8,TV-MA,Comedies,Thailand,3,1,102.0
s2785,Movie,2017,"May 1, 2018",1,TV-14,Dramas,India,2,1,126.0
s2786,TV Show,2020,"December 18, 2020",0,TV-MA,International TV Shows,Norway,3,1,2.0
s2787,TV Show,2020,"June 26, 2020",0,TV-MA,Docuseries,United States,1,1,1.0
s2788,Movie,2019,"October 9, 2019",0,TV-14,Dramas,United States,2,1,87.0
s2789,TV Show,2018,"July 20, 2018",0,TV-Y7,Kids' TV,United States,2,1,4.0
s2790,Movie,2019,"April 17, 2019",0,TV-MA,Documentaries,Unknown,2,0,138.0
s2791,Movie,2019,"October 15, 2019",0,TV-PG,Dramas,Unknown,3,0,73.0
s2792,TV Show,2020,"June 30, 2020",0,TV-MA,International TV Shows,Chile,2,2,1.0
s2793,Movie,2018,"November 15, 2020",2,TV-G,Romantic Movies,Canada,1,1,84.0
s2794,Movie,2011,"October 1, 2019",8,PG-13,Dramas,United States,2,1,111.0
s2795,Movie,2018,"April 3, 2018",0,PG-13,Dramas,United States,1,1,100.0
s2796,Movie,2007,"December 15, 2019",12,TV-14,Comedies,India,3,1,119.0
s2797,Movie,2014,"May 20, 2020",6,TV-MA,Dramas,United Kingdom,2,1,94.0
s2798,TV Show,2018,"April 30, 2019",1,TV-MA,International TV Shows,Hong Kong,3,1,1.0
s2799,Movie,2011,"November 3, 2018",7,PG,Children & Family Movies,United States,2,1,86.0
s2800,Movie,1991,"January 15, 2021",30,PG,Children & Family Movies,United States,1,1,142.0
s2801,TV Show,2020,"August 21, 2020",0,TV-MA,TV Comedies,United States,1,1,1.0
s2802,Movie,2011,"January 16, 2020",9,PG,Children & Family Movies,United States,2,1,95.0
s2803,Movie,2018,"September 1, 2018",0,TV-14,Children & Family Movies,India,3,1,95.0
s2804,Movie,2020,"September 15, 2020",0,TV-PG,Documentaries,Thailand,2,2,80.0
s2805,Movie,2018,"November 8, 2018",0,PG,Dramas,United States,1,1,79.0
s2806,Movie,2017,"December 15, 2019",2,TV-14,Documentaries,United States,3,2,81.0
s2807,TV Show,2015,"June 30, 2018",3,TV-MA,International TV Shows,Thailand,3,1,3.0
s2808,Movie,2013,"August 1, 2019",6,R,Dramas,United States,3,2,120.0
s2809,TV Show,2019,"January 11, 2019",0,TV-Y7,British TV Shows,United Kingdom,3,1,2.0
s2810,Movie,2020,"September 17, 2020",0,TV-Y,Children & Family Movies,United Kingdom,2,1,61.0
s2811,TV Show,2016,"October 2, 2019",3,TV-14,British TV Shows,United Kingdom,3,1,1.0
s2812,Movie,2013,"April 12, 2019",6,TV-14,Horror Movies,India,2,1,85.0
s2813,Movie,2020,"February 7, 2020",0,R,Dramas,United States,2,1,104.0
s2814,TV Show,2020,"March 12, 2020",0,TV-MA,International TV Shows,South Korea,3,1,1.0
s2815,Movie,2016,"January 15, 2017",1,TV-14,Documentaries,Ireland,2,4,96.0
s2816,Movie,2017,"January 29, 2018",1,TV-PG,Documentaries,Unknown,2,0,91.0
s2817,Movie,2017,"August 15, 2018",1,R,Dramas,United States,1,1,134.0
s2818,Movie,2016,"March 1, 2016",0,NR,Comedies,United States,1,1,93.0
s2819,TV Show,2018,"October 1, 2018",0,TV-MA,Romantic TV Shows,United States,2,1,1.0
s2820,Movie,2019,"December 28, 2019",0,TV-MA,Dramas,Japan,2,1,120.0
s2821,Movie,2015,"May 29, 2015",0,TV-MA,Documentaries,United States,1,1,83.0
s2822,TV Show,2017,"April 21, 2017",0,TV-MA,Docuseries,United States,1,1,1.0
s2823,Movie,2016,"August 13, 2017",1,TV-MA,Comedies,United Kingdom,2,1,82.0
s2824,Movie,2007,"November 20, 2019",12,PG-13,Comedies,United States,2,1,88.0
s2825,Movie,2017,"June 4, 2020",3,TV-14,Dramas,Turkey,3,1,102.0
s2826,TV Show,2017,"March 16, 2017",0,TV-14,Crime TV Shows,Belgium,3,1,1.0
s2827,Movie,2009,"September 2, 2020",11,PG,Children & Family Movies,Germany,2,2,101.0
s2828,Movie,1975,"October 1, 2019",44,TV-MA,Classic Movies,Poland,3,1,96.0
s2829,TV Show,2017,"June 26, 2018",1,TV-Y7,Kids' TV,United States,2,2,1.0
s2830,Movie,2018,"January 24, 2019",1,PG,Children & Family Movies,United States,2,1,97.0
s2831,Movie,2019,"November 15, 2019",0,TV-14,Comedies,India,3,1,105.0
s2832,Movie,2012,"May 8, 2020",8,PG-13,Horror Movies,United States,2,2,101.0
s2833,TV Show,2018,"November 2, 2018",0,TV-MA,TV Dramas,United States,2,1,6.0
s2834,Movie,2017,"October 11, 2020",3,TV-MA,Horror Movies,United States,1,1,86.0
s2835,Movie,2016,"January 6, 2018",2,TV-14,Documentaries,United States,1,2,88.0
s2836,Movie,2016,"July 20, 2017",1,TV-14,Comedies,Slovenia,3,5,84.0
s2837,Movie,2019,"December 31, 2019",0,TV-MA,Comedies,United States,1,1,89.0
s2838,Movie,2018,"July 13, 2018",0,TV-MA,Action & Adventure,United States,2,1,113.0
s2839,Movie,2017,"February 1, 2018",1,TV-PG,Documentaries,United States,2,2,110.0
s2840,Movie,2000,"June 1, 2017",17,PG,Children & Family Movies,United States,2,1,105.0
s2841,Movie,2017,"November 1, 2019",2,PG-13,Comedies,Mexico,1,2,116.0
s2842,Movie,1997,"November 1, 2019",22,R,Comedies,United States,1,1,94.0
s2843,Movie,2015,"January 1, 2016",1,NR,Documentaries,Canada,2,3,110.0
s2844,TV Show,2020,"April 1, 2020",0,TV-MA,Crime TV Shows,United States,2,1,1.0
s2845,TV Show,2020,"June 13, 2020",0,TV-14,Crime TV Shows,United States,3,1,6.0
s2846,Movie,2018,"October 20, 2018",0,TV-MA,Comedies,Peru,3,1,104.0
s2847,TV Show,2018,"September 15, 2018",0,TV-MA,British TV Shows,Unknown,3,0,1.0
s2848,Movie,1995,"April 1, 2018",23,PG-13,Dramas,United States,2,1,116.0
s2849,TV Show,2020,"December 16, 2020",0,TV-MA,International TV Shows,South Africa,3,1,1.0
s2850,TV Show,2020,"July 21, 2020",0,TV-MA,Crime TV Shows,Germany,3,1,2.0
s2851,Movie,2017,"June 1, 2017",0,TV-14,Documentaries,United Kingdom,1,1,47.0
s2852,Movie,2014,"September 11, 2020",6,PG,Children & Family Movies,United States,1,1,102.0
s2853,Movie,2016,"August 1, 2016",0,TV-PG,Documentaries,United States,1,1,51.0
s2854,Movie,1992,"March 16, 2017",25,PG,Classic Movies,United Kingdom,3,3,143.0
s2855,Movie,2012,"January 1, 2018",6,TV-14,Dramas,India,2,1,103.0
s2856,Movie,2020,"October 7, 2020",0,PG-13,Comedies,United States,2,1,104.0
s2857,TV Show,2019,"April 12, 2019",0,TV-MA,TV Comedies,United States,1,1,1.0
s2858,Movie,2011,"March 1, 2020",9,PG,Children & Family Movies,United Kingdom,2,3,127.0
s2859,Movie,2009,"June 1, 2020",11,PG-13,Action & Adventure,United States,2,1,83.0
s2860,Movie,1994,"February 1, 2020",26,TV-14,Classic Movies,India,3,1,193.0
s2861,Movie,1999,"January 1, 2018",19,TV-G,Dramas,India,3,1,176.0
s2862,Movie,2019,"October 1, 2020",1,TV-PG,Documentaries,United States,1,1,95.0
s2863,Movie,2006,"October 22, 2017",11,TV-PG,International Movies,India,3,1,149.0
s2864,Movie,2014,"April 1, 2020",6,TV-14,Comedies,India,3,1,131.0
s2865,TV Show,2011,"December 15, 2016",5,TV-PG,International TV Shows,Pakistan,3,1,1.0
s2866,Movie,2014,"June 23, 2018",4,TV-MA,Horror Movies,United Kingdom,3,1,79.0
s2867,Movie,2016,"October 1, 2020",4,PG-13,Action & Adventure,New Zealand,3,1,101.0
s2868,Movie,2010,"January 1, 2020",10,R,Action & Adventure,Canada,1,1,97.0
s2869,Movie,2020,"July 3, 2020",0,TV-MA,Dramas,Indonesia,2,2,89.0
s2870,TV Show,2013,"February 28, 2020",7,TV-MA,Anime Series,Japan,2,1,4.0
s2871,Movie,2015,"October 22, 2019",4,R,Action & Adventure,United States,2,3,91.0
s2872,Movie,2015,"October 12, 2020",5,TV-MA,Comedies,India,3,1,140.0
s2873,TV Show,2015,"February 1, 2019",4,TV-14,British TV Shows,United Kingdom,2,1,1.0
s2875,Movie,2016,"January 1, 2017",1,TV-MA,Comedies,United States,3,1,85.0
s2876,Movie,2018,"August 15, 2018",0,TV-MA,Comedies,United States,3,1,85.0
s2877,Movie,2012,"November 1, 2018",6,TV-14,Comedies,India,3,1,150.0
s2878,Movie,2016,"April 8, 2016",0,R,Horror Movies,United States,2,1,82.0
s2879,Movie,2005,"December 1, 2019",14,R,Dramas,United States,3,1,117.0
s2880,TV Show,2020,"February 21, 2020",0,TV-MA,International TV Shows,South Korea,3,1,1.0
s2881,TV Show,2018,"December 14, 2018",0,TV-14,International TV Shows,South Korea,3,1,1.0
s2882,TV Show,2018,"March 29, 2018",0,TV-14,International TV Shows,Unknown,3,0,2.0
s2883,TV Show,2017,"May 24, 2019",2,TV-MA,Docuseries,Unknown,2,0,1.0
s2884,TV Show,2019,"August 21, 2019",0,TV-PG,Reality TV,United States,1,1,1.0
s2885,Movie,2016,"June 8, 2017",1,TV-MA,Horror Movies,Argentina,3,1,84.0
s2886,Movie,2010,"March 4, 2019",9,TV-MA,Dramas,India,3,2,106.0
s2887,TV Show,2020,"January 31, 2020",0,TV-MA,British TV Shows,United Kingdom,3,1,2.0
s2888,TV Show,2020,"August 28, 2020",0,TV-MA,British TV Shows,United Kingdom,3,2,1.0
s2889,Movie,2016,"October 1, 2017",1,PG,Documentaries,United Kingdom,2,1,107.0
s2890,Movie,2013,"May 1, 2020",7,TV-MA,Documentaries,United States,2,1,90.0
s2891,Movie,2017,"May 26, 2017",0,TV-14,Documentaries,United States,1,1,98.0
s2892,Movie,2019,"March 6, 2020",1,TV-MA,Dramas,France,3,1,82.0
s2893,Movie,2010,"July 1, 2018",8,TV-PG,Children & Family Movies,India,3,1,87.0
s2894,Movie,2018,"April 1, 2019",1,TV-14,Documentaries,United States,1,1,54.0
s2895,TV Show,2016,"March 3, 2017",1,TV-14,International TV Shows,Mexico,3,1,1.0
s2896,Movie,2015,"June 26, 2017",2,TV-MA,Dramas,United States,2,1,102.0
s2897,Movie,2019,"June 7, 2019",0,TV-PG,International Movies,Australia,3,1,114.0
s2898,Movie,2018,"April 13, 2018",0,TV-MA,Comedies,France,3,1,99.0
s2899,Movie,2016,"September 2, 2017",1,TV-14,Comedies,China,3,1,139.0
s2900,TV Show,2020,"February 26, 2020",0,TV-MA,TV Comedies,United States,3,1,1.0
s2901,Movie,2017,"July 3, 2020",3,PG-13,Documentaries,Switzerland,1,4,94.0
s2902,Movie,2015,"February 1, 2017",2,NR,Documentaries,China,2,3,88.0
s2903,Movie,2016,"October 28, 2016",0,TV-14,Horror Movies,Canada,3,2,89.0
s2904,Movie,2018,"December 22, 2018",0,R,Action & Adventure,United Kingdom,1,1,93.0
s2905,Movie,2020,"October 17, 2020",0,R,Action & Adventure,United Kingdom,1,1,82.0
s2906,Movie,2019,"October 24, 2020",1,TV-MA,Dramas,Australia,2,1,117.0
s2907,Movie,2016,"September 16, 2019",3,R,Action & Adventure,United States,2,1,91.0
s2908,Movie,2016,"July 24, 2017",1,TV-14,Documentaries,Sweden,2,2,91.0
s2909,Movie,2017,"February 24, 2017",0,TV-MA,Dramas,United States,3,1,97.0
s2910,Movie,2011,"March 23, 2019",8,PG-13,Comedies,United States,1,1,89.0
s2911,Movie,2017,"January 31, 2019",2,TV-14,Children & Family Movies,Unknown,2,0,106.0
s2912,Movie,2014,"September 5, 2018",4,TV-14,Comedies,Thailand,3,1,116.0
s2913,Movie,2010,"August 2, 2018",8,TV-14,Comedies,India,3,1,128.0
s2914,TV Show,2019,"May 7, 2019",0,TV-14,International TV Shows,Unknown,3,0,1.0
s2915,TV Show,2019,"May 15, 2019",0,TV-14,International TV Shows,Unknown,3,0,1.0
s2916,Movie,2019,"November 29, 2019",0,TV-MA,Dramas,France,3,1,81.0
s2917,Movie,2019,"May 15, 2020",1,TV-MA,Comedies,Spain,3,1,88.0
s2918,TV Show,2019,"April 23, 2019",0,TV-MA,TV Comedies,United States,1,1,1.0
s2919,Movie,2010,"May 20, 2020",10,TV-14,Dramas,United States,3,1,80.0
s2920,Movie,2016,"April 19, 2019",3,R,Dramas,United Kingdom,2,3,100.0
s2921,Movie,2015,"October 22, 2019",4,PG-13,Comedies,United States,3,1,96.0
s2922,Movie,2016,"August 19, 2016",0,TV-MA,Documentaries,United States,2,1,80.0
s2923,Movie,2015,"August 6, 2019",4,TV-MA,Stand-Up Comedy,United States,1,1,67.0
s2924,Movie,2013,"October 1, 2017",4,PG,Dramas,United States,3,1,119.0
s2925,Movie,2019,"October 1, 2020",1,TV-MA,Documentaries,United States,2,2,75.0
s2926,Movie,2019,"May 27, 2020",1,TV-MA,Dramas,Mexico,3,2,112.0
s2927,TV Show,2019,"September 13, 2019",0,TV-MA,TV Comedies,United States,1,1,2.0
s2928,Movie,2020,"September 4, 2020",0,R,Dramas,United States,2,1,135.0
s2929,TV Show,2019,"November 15, 2019",0,TV-MA,Reality TV,United States,1,1,1.0
s2930,Movie,2017,"February 28, 2018",1,TV-MA,Dramas,South Korea,3,1,110.0
s2931,Movie,2018,"May 25, 2018",0,TV-MA,Comedies,United States,2,1,94.0
s2932,Movie,2017,"January 27, 2017",0,TV-MA,International Movies,United Kingdom,3,1,91.0
s2933,Movie,2017,"August 4, 2017",0,TV-MA,Documentaries,United States,2,1,121.0
s2934,TV Show,2016,"December 15, 2016",0,TV-14,International TV Shows,China,3,1,1.0
s2935,Movie,2016,"October 1, 2017",1,TV-MA,Documentaries,Canada,3,3,108.0
s2936,Movie,2014,"January 23, 2018",4,R,Action & Adventure,China,3,2,104.0
s2937,TV Show,2017,"October 6, 2017",0,TV-PG,Anime Series,Japan,2,1,1.0
s2938,Movie,2010,"January 1, 2018",8,TV-14,Comedies,India,3,1,124.0
s2939,TV Show,2014,"December 15, 2018",4,TV-PG,Reality TV,United States,2,1,1.0
s2940,Movie,2020,"November 20, 2020",0,PG,Dramas,United States,1,1,13.0
s2941,TV Show,2018,"March 15, 2019",1,TV-MA,International TV Shows,Spain,3,1,1.0
s2942,TV Show,2018,"September 11, 2018",0,TV-G,Docuseries,Unknown,3,0,1.0
s2943,Movie,2008,"September 1, 2019",11,PG,Children & Family Movies,United States,1,2,87.0
s2944,Movie,2017,"June 1, 2019",2,TV-MA,Dramas,India,3,1,128.0
s2945,Movie,2016,"September 23, 2016",0,TV-MA,Stand-Up Comedy,United States,1,1,78.0
s2946,Movie,2018,"July 24, 2018",0,TV-MA,Stand-Up Comedy,United States,1,1,72.0
s2947,Movie,2015,"January 23, 2015",0,TV-MA,Stand-Up Comedy,Unknown,1,0,72.0
s2948,Movie,2019,"November 19, 2019",0,TV-MA,Stand-Up Comedy,United States,1,1,78.0
s2949,Movie,2013,"September 1, 2013",0,NR,Stand-Up Comedy,United States,1,1,75.0
s2950,Movie,2018,"October 19, 2018",0,TV-MA,Action & Adventure,South Korea,3,1,140.0
s2951,Movie,2009,"December 7, 2019",10,PG,Children & Family Movies,United States,3,2,108.0
s2952,Movie,2018,"March 20, 2019",1,TV-PG,Dramas,India,3,1,97.0
s2953,TV Show,2020,"August 3, 2020",0,TV-MA,Docuseries,United States,1,1,1.0
s2954,Movie,1974,"June 6, 2019",45,UR,Dramas,France,3,1,103.0
s2955,TV Show,2012,"December 15, 2016",4,TV-14,International TV Shows,South Korea,3,1,1.0
s2956,TV Show,2018,"March 8, 2019",1,TV-MA,International TV Shows,Turkey,3,1,1.0
s2957,Movie,2012,"December 20, 2018",6,TV-MA,Action & Adventure,Singapore,2,1,95.0
s2958,Movie,2014,"February 3, 2017",3,TV-MA,Dramas,United States,1,1,86.0
s2959,TV Show,2017,"April 5, 2019",2,TV-MA,Crime TV Shows,United States,3,1,2.0
s2960,Movie,2016,"October 16, 2020",4,R,Action & Adventure,United States,1,1,104.0
s2961,TV Show,2012,"January 1, 2017",5,TV-14,International TV Shows,Taiwan,3,1,1.0
s2962,Movie,2018,"September 22, 2018",0,TV-MA,Independent Movies,United Kingdom,3,2,101.0
s2963,Movie,1990,"October 1, 2011",21,TV-14,Dramas,United States,1,1,94.0
s2964,Movie,2018,"May 10, 2019",1,TV-MA,Comedies,Spain,3,1,98.0
s2965,TV Show,2018,"December 29, 2018",0,TV-MA,Crime TV Shows,Thailand,3,1,1.0
s2966,TV Show,2016,"October 16, 2017",1,TV-PG,International TV Shows,Unknown,3,0,1.0
s2967,Movie,2017,"October 30, 2020",3,TV-14,Dramas,Nigeria,2,1,114.0
s2968,Movie,2018,"October 18, 2019",1,TV-MA,Dramas,Unknown,2,0,99.0
s2969,Movie,2019,"May 7, 2020",1,TV-14,International Movies,Kuwait,3,1,94.0
s2970,Movie,2017,"March 19, 2018",1,R,Action & Adventure,United States,2,1,103.0
s2971,TV Show,2019,"May 7, 2019",0,TV-14,International TV Shows,Kuwait,2,1,1.0
s2972,TV Show,2020,"July 17, 2020",0,TV-14,Crime TV Shows,United States,2,1,2.0
s2973,Movie,2017,"January 10, 2018",1,PG-13,Horror Movies,United Kingdom,3,3,89.0
s2974,Movie,2016,"May 1, 2017",1,TV-MA,Dramas,France,3,2,99.0
s2975,Movie,2019,"September 27, 2019",0,TV-MA,Dramas,United States,3,2,116.0
s2976,Movie,2019,"October 4, 2019",0,TV-MA,Horror Movies,Canada,2,2,102.0
s2977,Movie,2016,"March 15, 2018",2,PG-13,Anime Features,Japan,3,1,129.0
s2978,TV Show,2011,"November 1, 2016",5,TV-14,International TV Shows,Taiwan,3,1,1.0
s2979,Movie,2016,"December 16, 2020",4,PG-13,Horror Movies,United States,2,1,87.0
s2980,Movie,2010,"January 1, 2020",10,PG-13,Action & Adventure,United States,3,2,148.0
s2981,Movie,2014,"March 10, 2017",3,TV-14,Dramas,Turkey,3,1,103.0
s2983,Movie,2017,"April 8, 2017",0,TV-MA,Dramas,India,3,1,119.0
s2984,Movie,2017,"March 1, 2018",1,R,Thrillers,United Kingdom,1,2,106.0
s2985,Movie,2015,"September 1, 2017",2,TV-MA,Documentaries,United States,1,2,90.0
s2986,Movie,2018,"February 8, 2019",1,PG,Children & Family Movies,United States,2,1,118.0
s2987,Movie,2014,"February 17, 2017",3,NR,Dramas,India,3,1,95.0
s2988,TV Show,2015,"March 1, 2017",2,TV-PG,British TV Shows,United Kingdom,3,1,1.0
s2989,Movie,2017,"March 31, 2020",3,TV-MA,Dramas,Canada,3,1,101.0
s2990,TV Show,2020,"July 16, 2020",0,TV-14,Reality TV,United States,2,2,1.0
s2991,Movie,2008,"January 1, 2019",11,PG-13,Action & Adventure,United States,3,1,123.0
s2992,Movie,1989,"January 1, 2019",30,PG-13,Action & Adventure,United States,3,1,127.0
s2993,Movie,1981,"January 1, 2019",38,PG,Action & Adventure,United States,3,1,116.0
s2994,Movie,1984,"January 1, 2019",35,PG,Action & Adventure,United States,3,1,119.0
s2995,Movie,2016,"February 1, 2017",1,TV-MA,Dramas,United States,2,1,99.0
s2996,Movie,2013,"August 29, 2018",5,PG,Documentaries,United States,1,1,90.0
s2997,Movie,2016,"April 1, 2018",2,TV-PG,Documentaries,United Kingdom,2,1,90.0
s2998,Movie,2009,"July 22, 2019",10,R,Action & Adventure,Germany,1,2,153.0
s2999,TV Show,2018,"September 14, 2018",0,TV-MA,Crime TV Shows,Mexico,3,1,2.0
s3000,TV Show,2018,"April 30, 2019",1,TV-MA,Anime Series,Japan,3,1,1.0
s3001,TV Show,2013,"November 15, 2019",6,TV-14,International TV Shows,South Korea,3,1,1.0
s3002,Movie,2019,"June 30, 2019",0,TV-MA,Horror Movies,Thailand,3,1,122.0
s3003,TV Show,2020,"May 15, 2020",0,TV-MA,Crime TV Shows,France,3,1,1.0
s3004,Movie,2005,"August 1, 2018",13,TV-14,Action & Adventure,China,2,2,109.0
s3005,TV Show,2012,"December 1, 2020",8,TV-14,Reality TV,United States,1,1,2.0
s3006,Movie,2013,"July 5, 2020",7,TV-MA,Dramas,India,3,1,125.0
s3007,Movie,2008,"July 1, 2019",11,PG,Action & Adventure,Germany,3,3,106.0
s3008,TV Show,2017,"October 1, 2019",2,TV-MA,International TV Shows,India,2,1,1.0
s3009,TV Show,2017,"January 23, 2019",2,TV-MA,Crime TV Shows,Turkey,3,1,1.0
s3010,Movie,2005,"March 1, 2018",13,TV-14,Action & Adventure,India,3,1,141.0
s3011,TV Show,2019,"October 11, 2019",0,TV-MA,TV Comedies,United States,3,1,2.0
s3012,TV Show,2019,"September 20, 2019",0,TV-14,Docuseries,United States,2,1,1.0
s3013,Movie,2019,"September 24, 2019",0,R,Action & Adventure,United States,1,1,106.0
s3014,TV Show,2018,"August 31, 2018",0,TV-MA,Crime TV Shows,United States,3,2,1.0
s3015,TV Show,2017,"September 15, 2018",1,TV-MA,British TV Shows,United Kingdom,3,1,1.0
s3016,TV Show,2015,"July 1, 2019",4,TV-14,Crime TV Shows,United States,2,1,1.0
s3017,TV Show,2017,"January 29, 2019",2,TV-14,Docuseries,Israel,2,1,1.0
s3018,TV Show,2018,"December 14, 2018",0,TV-MA,British TV Shows,Unknown,3,0,1.0
s3019,TV Show,2021,"January 8, 2021",0,TV-MA,British TV Shows,United Kingdom,3,1,5.0
s3020,Movie,2010,"May 9, 2019",9,PG-13,Horror Movies,United States,2,3,103.0
s3021,TV Show,2017,"May 18, 2018",1,TV-Y7,Crime TV Shows,Canada,3,3,4.0
s3022,TV Show,2018,"December 31, 2018",0,TV-MA,Reality TV,United Kingdom,1,1,1.0
s3023,TV Show,2019,"June 28, 2019",0,TV-MA,International TV Shows,Australia,2,1,2.0
s3024,Movie,2013,"January 1, 2020",7,PG-13,Comedies,Mexico,3,1,122.0
s3025,TV Show,2007,"July 19, 2017",10,TV-MA,Crime TV Shows,Canada,2,1,2.0
s3026,TV Show,2019,"October 18, 2019",0,TV-PG,British TV Shows,United Kingdom,3,1,1.0
s3027,Movie,2016,"July 21, 2016",0,TV-14,Comedies,United States,1,1,87.0
s3028,Movie,2015,"December 1, 2016",1,TV-MA,Dramas,India,3,1,116.0
s3029,TV Show,2016,"July 1, 2017",1,TV-MA,International TV Shows,Turkey,3,1,3.0
s3030,Movie,2008,"August 1, 2016",8,TV-MA,Documentaries,United States,1,1,45.0
s3031,TV Show,2018,"March 10, 2019",1,TV-MA,TV Action & Adventure,United States,1,1,3.0
s3032,Movie,2015,"November 7, 2018",3,R,Dramas,Canada,3,1,102.0
s3033,Movie,2016,"October 28, 2016",0,TV-PG,Documentaries,United Kingdom,1,3,107.0
s3034,TV Show,2020,"May 1, 2020",0,TV-MA,International TV Shows,Belgium,3,1,1.0
s3035,Movie,2007,"January 1, 2021",14,R,Action & Adventure,United States,3,1,148.0
s3036,Movie,2020,"May 28, 2020",0,TV-MA,Dramas,Argentina,3,1,116.0
s3037,TV Show,2001,"December 15, 2016",15,TV-14,Anime Series,Japan,2,1,2.0
s3038,Movie,2004,"September 1, 2017",13,TV-PG,Action & Adventure,Japan,3,1,88.0
s3039,Movie,2003,"September 1, 2017",14,TV-14,Action & Adventure,Japan,3,1,99.0
s3040,Movie,2001,"August 25, 2018",17,TV-PG,Action & Adventure,Japan,3,1,100.0
s3041,Movie,2002,"September 1, 2017",15,TV-14,Action & Adventure,Japan,3,1,99.0
s3042,Movie,2019,"August 16, 2019",0,TV-Y7,Children & Family Movies,South Korea,3,2,72.0
s3043,Movie,2009,"November 1, 2019",10,PG-13,Dramas,United States,2,1,134.0
s3044,Movie,2017,"August 1, 2018",1,TV-MA,Dramas,Argentina,3,2,87.0
s3045,Movie,2018,"January 14, 2019",1,TV-PG,Documentaries,Canada,1,1,91.0
s3046,Movie,2017,"February 1, 2018",1,TV-MA,Dramas,South Africa,3,4,88.0
s3047,Movie,2019,"January 18, 2019",0,TV-14,Dramas,United States,2,1,96.0
s3048,Movie,2008,"January 15, 2016",8,R,Action & Adventure,Hong Kong,3,2,107.0
s3049,Movie,2010,"January 15, 2016",6,R,Action & Adventure,Hong Kong,2,2,108.0
s3050,Movie,2015,"June 18, 2016",1,PG-13,Action & Adventure,China,3,2,105.0
s3051,Movie,2019,"July 21, 2020",1,TV-MA,Action & Adventure,Hong Kong,3,2,105.0
s3052,Movie,2006,"March 1, 2018",12,TV-Y7,Dramas,India,3,1,127.0
s3053,Movie,2010,"March 15, 2018",8,TV-14,Comedies,India,3,1,137.0
s3054,TV Show,2009,"May 16, 2020",11,TV-14,International TV Shows,South Korea,3,1,1.0
s3055,Movie,2018,"July 19, 2019",1,TV-14,Documentaries,United States,2,1,77.0
s3056,Movie,2019,"December 1, 2019",0,TV-MA,Documentaries,Australia,2,1,108.0
s3057,TV Show,2018,"February 9, 2019",1,TV-14,International TV Shows,Taiwan,3,1,1.0
s3058,Movie,2014,"October 12, 2014",0,PG,Children & Family Movies,United States,2,1,71.0
s3059,TV Show,2011,"August 1, 2020",9,TV-Y7,Kids' TV,Canada,1,5,2.0
s3060,Movie,2019,"November 16, 2019",0,TV-MA,Action & Adventure,Finland,3,3,93.0
s3061,Movie,2018,"February 16, 2018",0,TV-MA,Dramas,United States,2,1,96.0
s3062,TV Show,2015,"February 1, 2020",5,TV-MA,Anime Series,Japan,2,1,1.0
s3063,Movie,2018,"January 8, 2021",3,TV-MA,Dramas,India,3,2,99.0
s3064,Movie,2019,"December 25, 2020",1,TV-G,International Movies,Philippines,2,1,102.0
s3065,Movie,2003,"September 28, 2020",17,TV-PG,Comedies,India,3,1,129.0
s3066,Movie,2015,"March 1, 2018",3,TV-14,Dramas,India,3,1,130.0
s3067,Movie,2009,"September 28, 2020",11,TV-14,Comedies,India,3,1,115.0
s3068,Movie,2020,"February 14, 2020",0,TV-MA,Comedies,Germany,3,1,113.0
s3069,Movie,2018,"August 17, 2020",2,TV-PG,Documentaries,Indonesia,3,1,88.0
s3070,TV Show,2014,"March 1, 2017",3,TV-PG,Docuseries,United Kingdom,3,1,1.0
s3071,Movie,2017,"December 15, 2019",2,TV-14,Comedies,Nigeria,3,1,98.0
s3072,TV Show,2015,"February 19, 2018",3,TV-MA,International TV Shows,South Korea,3,1,1.0
s3073,Movie,2013,"March 1, 2018",5,TV-MA,Dramas,India,3,1,140.0
s3074,Movie,2017,"December 9, 2019",2,R,Horror Movies,United States,2,1,92.0
s3075,Movie,2019,"October 25, 2019",0,TV-MA,Documentaries,United States,1,3,127.0
s3076,Movie,2013,"February 27, 2019",6,TV-PG,Comedies,Philippines,3,1,127.0
s3077,Movie,1995,"November 20, 2019",24,PG,Children & Family Movies,United States,2,1,101.0
s3078,TV Show,2019,"May 17, 2019",0,TV-MA,TV Comedies,United States,1,1,1.0
s3079,Movie,2012,"May 3, 2019",7,TV-14,Comedies,Unknown,3,0,101.0
s3080,Movie,2016,"July 29, 2020",4,TV-MA,Comedies,Nigeria,3,1,112.0
s3081,Movie,2015,"March 1, 2016",1,TV-MA,Comedies,Spain,3,1,91.0
s3082,TV Show,2020,"June 21, 2020",0,TV-MA,International TV Shows,South Korea,3,1,1.0
s3083,Movie,2017,"June 6, 2019",2,TV-14,Comedies,Egypt,3,1,84.0
s3084,TV Show,2020,"February 1, 2020",0,TV-MA,International TV Shows,South Korea,3,1,1.0
s3085,Movie,2017,"April 3, 2018",1,TV-MA,Dramas,India,3,1,105.0
s3086,Movie,2014,"April 1, 2016",2,NR,Documentaries,United States,2,1,88.0
s3087,Movie,2015,"December 20, 2019",4,TV-PG,Dramas,Nigeria,3,1,141.0
s3088,TV Show,2019,"August 9, 2019",0,TV-MA,TV Comedies,United States,3,1,5.0
s3089,TV Show,2020,"September 15, 2020",0,TV-Y,Kids' TV,Australia,1,1,1.0
s3090,Movie,2018,"September 1, 2018",0,TV-Y7,Children & Family Movies,Unknown,1,0,68.0
s3091,TV Show,2020,"March 22, 2020",0,TV-14,International TV Shows,Taiwan,2,2,1.0
s3092,Movie,1986,"December 8, 2017",31,TV-14,Action & Adventure,India,2,1,162.0
s3093,Movie,2006,"December 31, 2019",13,TV-14,Dramas,India,3,1,163.0
s3094,Movie,2008,"January 10, 2021",13,TV-14,Comedies,India,3,1,147.0
s3095,Movie,2017,"December 2, 2017",0,TV-MA,Comedies,India,3,1,142.0
s3096,Movie,2007,"September 28, 2020",13,TV-14,Comedies,India,3,1,143.0
s3097,Movie,2013,"February 8, 2017",4,PG,Children & Family Movies,France,2,2,93.0
s3098,Movie,2018,"July 16, 2019",1,TV-MA,Documentaries,Canada,2,1,86.0
s3100,Movie,2017,"October 24, 2017",0,TV-MA,Stand-Up Comedy,United Kingdom,1,1,68.0
s3101,Movie,2019,"December 12, 2019",0,TV-MA,Stand-Up Comedy,United Kingdom,1,1,65.0
s3102,Movie,2020,"July 21, 2020",0,TV-MA,Stand-Up Comedy,United Kingdom,1,1,58.0
s3103,TV Show,2020,"September 22, 2020",0,TV-MA,British TV Shows,United Kingdom,3,1,4.0
s3104,Movie,1997,"August 1, 2019",22,R,Dramas,United States,2,1,154.0
s3105,Movie,2017,"June 1, 2017",0,TV-PG,Documentaries,United Kingdom,1,1,44.0
s3106,Movie,2015,"October 6, 2018",3,TV-14,Comedies,Vietnam,3,1,92.0
s3107,Movie,2019,"December 22, 2019",0,R,Thrillers,United States,1,1,90.0
s3108,Movie,2019,"February 7, 2020",1,TV-14,Dramas,India,3,1,124.0
s3109,Movie,2016,"March 15, 2018",2,TV-MA,Comedies,Sweden,3,1,91.0
s3110,Movie,2015,"April 2, 2019",4,TV-MA,Dramas,Malaysia,2,1,76.0
s3111,Movie,2017,"October 1, 2018",1,TV-14,Action & Adventure,India,3,1,155.0
s3112,Movie,2020,"March 14, 2020",0,TV-MA,Comedies,India,3,1,101.0
s3113,Movie,2009,"December 31, 2019",10,TV-14,Dramas,India,2,1,132.0
s3114,TV Show,2019,"May 10, 2019",0,TV-MA,Reality TV,Unknown,1,0,1.0
s3115,Movie,2017,"May 2, 2018",1,TV-MA,Action & Adventure,Cambodia,2,1,92.0
s3116,Movie,2014,"August 6, 2017",3,TV-Y,Movies,Unknown,1,0,22.0
s3117,Movie,2013,"October 15, 2017",4,TV-14,Dramas,India,3,1,132.0
s3118,Movie,2012,"May 19, 2018",6,TV-14,Dramas,India,3,1,94.0
s3119,TV Show,2018,"March 27, 2018",0,TV-14,British TV Shows,United Kingdom,3,1,1.0
s3120,TV Show,2020,"January 10, 2020",0,TV-MA,Crime TV Shows,India,3,1,1.0
s3121,Movie,2016,"September 15, 2017",1,TV-14,Comedies,Pakistan,3,1,132.0
s3122,Movie,2016,"September 9, 2016",0,TV-MA,Stand-Up Comedy,United Kingdom,1,1,94.0
s3123,TV Show,2019,"August 8, 2019",0,TV-14,Romantic TV Shows,United States,3,1,5.0
s3124,Movie,2018,"June 29, 2018",0,TV-MA,Stand-Up Comedy,Chile,1,1,77.0
s3125,Movie,2018,"August 9, 2019",1,TV-MA,Dramas,India,3,1,107.0
s3126,TV Show,2020,"July 9, 2020",0,TV-MA,Anime Series,Japan,2,1,1.0
s3127,TV Show,2008,"May 1, 2017",9,TV-G,International TV Shows,Japan,2,1,1.0
s3128,Movie,2019,"December 25, 2019",0,R,Action & Adventure,Israel,2,2,103.0
s3129,Movie,2014,"October 1, 2018",4,TV-14,Comedies,India,3,1,142.0
s3130,Movie,2013,"November 1, 2018",5,TV-PG,Comedies,India,3,1,128.0
s3131,Movie,2001,"January 1, 2019",18,R,Comedies,United States,2,1,105.0
s3132,Movie,1973,"October 1, 2019",46,TV-MA,Dramas,Poland,3,1,97.0
s3133,Movie,2018,"October 26, 2018",0,TV-MA,Comedies,Spain,3,2,90.0
s3134,Movie,2014,"November 16, 2019",5,TV-MA,Stand-Up Comedy,United States,1,1,84.0
s3135,Movie,2006,"March 15, 2019",13,TV-MA,Stand-Up Comedy,United States,1,1,69.0
s3136,Movie,2019,"September 24, 2019",0,TV-MA,Stand-Up Comedy,United States,1,1,58.0
s3137,Movie,2011,"March 15, 2019",8,TV-MA,Stand-Up Comedy,United States,1,1,97.0
s3138,Movie,2012,"March 15, 2019",7,TV-MA,Stand-Up Comedy,United States,1,1,80.0
s3139,Movie,2017,"September 12, 2017",0,TV-MA,Stand-Up Comedy,United States,1,1,71.0
s3140,Movie,2015,"January 1, 2020",5,TV-MA,Stand-Up Comedy,United States,1,1,71.0
s3141,Movie,2008,"March 15, 2019",11,TV-MA,Stand-Up Comedy,United States,1,1,85.0
s3142,Movie,2016,"August 26, 2016",0,TV-14,Stand-Up Comedy,United States,1,1,75.0
s3143,Movie,2019,"November 12, 2019",0,TV-MA,Stand-Up Comedy,United States,1,1,59.0
s3144,TV Show,2020,"May 27, 2020",0,TV-MA,Crime TV Shows,United States,2,1,1.0
s3145,Movie,2015,"April 16, 2020",5,PG,Dramas,United States,3,1,119.0
s3146,Movie,2015,"May 22, 2015",0,TV-MA,Stand-Up Comedy,United States,1,1,78.0
s3147,Movie,2017,"January 3, 2017",0,TV-MA,Stand-Up Comedy,United States,1,1,69.0
s3148,TV Show,2017,"January 1, 2021",4,TV-MA,Spanish-Language TV Shows,United States,2,1,1.0
s3149,Movie,2019,"October 22, 2019",0,TV-MA,Documentaries,United States,2,1,67.0
s3150,TV Show,2019,"December 18, 2020",1,TV-G,Reality TV,United States,1,1,2.0
s3151,Movie,2016,"December 20, 2017",1,R,Documentaries,Mexico,1,2,103.0
s3152,Movie,2015,"April 1, 2016",1,PG-13,Documentaries,United States,1,1,109.0
s3153,TV Show,2008,"August 16, 2017",9,TV-14,Classic & Cult TV,United States,3,1,2.0
s3154,Movie,2017,"September 19, 2017",0,TV-14,Stand-Up Comedy,United States,1,1,62.0
s3155,Movie,2020,"May 5, 2020",0,TV-PG,Stand-Up Comedy,United States,1,1,61.0
s3156,Movie,2002,"November 7, 2017",15,R,Documentaries,United States,1,1,81.0
s3157,Movie,1998,"January 30, 2018",20,TV-14,Stand-Up Comedy,United States,1,1,69.0
s3158,Movie,2014,"January 1, 2019",5,R,Dramas,United States,2,1,134.0
s3159,Movie,2016,"August 1, 2017",1,TV-Y,Children & Family Movies,United States,2,1,80.0
s3160,Movie,2018,"April 1, 2019",1,TV-14,Documentaries,Ireland,2,3,53.0
s3161,Movie,2016,"May 1, 2018",2,TV-MA,Documentaries,United States,2,1,84.0
s3162,Movie,2019,"January 16, 2020",1,TV-MA,Dramas,United States,2,1,86.0
s3163,Movie,2017,"May 1, 2017",0,TV-PG,Documentaries,United Kingdom,1,1,44.0
s3164,Movie,2003,"April 15, 2019",16,TV-14,Comedies,India,3,1,131.0
s3165,TV Show,2009,"June 1, 2017",8,TV-14,International TV Shows,India,2,1,1.0
s3166,Movie,2017,"November 17, 2017",0,TV-MA,Documentaries,Canada,1,2,94.0
s3167,Movie,2005,"August 11, 2016",11,TV-14,Stand-Up Comedy,United States,1,1,72.0
s3168,Movie,2017,"January 10, 2017",0,TV-14,Stand-Up Comedy,United States,1,1,74.0
s3169,Movie,2009,"August 11, 2016",7,TV-PG,Stand-Up Comedy,United States,1,1,71.0
s3170,Movie,2012,"August 11, 2016",4,TV-14,Stand-Up Comedy,United States,1,1,77.0
s3171,Movie,2014,"August 11, 2016",2,TV-14,Stand-Up Comedy,United States,1,1,70.0
s3172,Movie,2014,"August 6, 2019",5,TV-MA,Stand-Up Comedy,United States,1,1,77.0
s3173,Movie,2016,"July 1, 2016",0,TV-MA,Stand-Up Comedy,United States,1,1,87.0
s3174,Movie,2020,"July 7, 2020",0,TV-MA,Stand-Up Comedy,Unknown,1,0,67.0
s3175,Movie,2018,"July 13, 2018",0,TV-MA,Stand-Up Comedy,United States,1,1,71.0
s3176,Movie,2017,"March 14, 2017",0,TV-MA,Stand-Up Comedy,United States,1,1,62.0
s3177,Movie,1973,"November 1, 2019",46,R,Documentaries,United States,2,1,102.0
s3178,Movie,2016,"March 18, 2016",0,TV-MA,Stand-Up Comedy,United Kingdom,1,1,62.0
s3179,Movie,2019,"March 12, 2019",0,TV-MA,Stand-Up Comedy,Unknown,1,0,58.0
s3180,Movie,2001,"January 1, 2020",19,G,Children & Family Movies,United States,3,1,83.0
s3181,TV Show,2018,"July 20, 2018",0,TV-MA,International TV Shows,Japan,3,1,1.0
s3182,Movie,2017,"December 1, 2019",2,TV-14,Dramas,India,3,1,135.0
s3183,Movie,2020,"November 13, 2020",0,PG,Children & Family Movies,United States,2,1,124.0
s3184,TV Show,2017,"April 1, 2019",2,TV-Y7,Kids' TV,Russia,1,1,1.0
s3185,TV Show,2019,"June 13, 2019",0,TV-MA,International TV Shows,Jordan,3,1,1.0
s3186,Movie,2013,"November 2, 2019",6,TV-Y,Children & Family Movies,United States,2,2,69.0
s3187,Movie,2011,"June 5, 2019",8,PG,Documentaries,United States,1,1,79.0
s3188,Movie,1960,"December 31, 2019",59,TV-14,Action & Adventure,Unknown,3,0,181.0
s3189,Movie,2019,"June 12, 2019",0,TV-MA,Stand-Up Comedy,United States,1,1,60.0
s3190,Movie,2020,"June 12, 2020",0,TV-MA,Stand-Up Comedy,United States,1,1,55.0
s3191,Movie,2017,"March 28, 2017",0,TV-MA,Stand-Up Comedy,United States,1,1,63.0
s3192,Movie,2018,"May 3, 2019",1,TV-MA,Dramas,South Korea,3,1,128.0
s3193,Movie,2017,"October 27, 2017",0,TV-14,Documentaries,United States,1,1,98.0
s3194,Movie,2012,"July 3, 2018",6,TV-MA,Stand-Up Comedy,United States,1,1,69.0
s3195,Movie,2017,"September 8, 2017",0,TV-MA,Stand-Up Comedy,Unknown,1,0,78.0
s3196,Movie,2008,"October 1, 2018",10,TV-14,Action & Adventure,India,3,1,214.0
s3197,Movie,2017,"April 1, 2017",0,TV-14,Documentaries,United Kingdom,3,1,90.0
s3198,Movie,2017,"July 25, 2017",0,TV-MA,Stand-Up Comedy,United States,1,1,67.0
s3199,Movie,2018,"October 2, 2018",0,TV-MA,Stand-Up Comedy,Unknown,1,0,64.0
s3200,Movie,2016,"October 21, 2016",0,TV-MA,Stand-Up Comedy,United States,1,1,64.0
s3201,Movie,2005,"August 15, 2016",11,TV-14,Documentaries,India,2,1,79.0
s3202,Movie,2018,"May 1, 2019",1,TV-MA,Documentaries,United Kingdom,2,1,90.0
s3203,Movie,2012,"May 2, 2019",7,PG-13,Action & Adventure,United States,2,1,133.0
s3204,Movie,2013,"December 31, 2019",6,TV-MA,International Movies,India,2,1,125.0
s3205,Movie,2020,"May 9, 2020",0,R,Dramas,United States,2,1,92.0
s3206,Movie,2018,"November 5, 2018",0,TV-MA,Stand-Up Comedy,United States,1,1,90.0
s3207,Movie,2017,"February 1, 2018",1,TV-MA,Documentaries,Unknown,2,0,80.0
s3208,Movie,2019,"December 24, 2019",0,TV-PG,Children & Family Movies,United States,2,1,70.0
s3209,Movie,2018,"May 1, 2018",0,TV-MA,Stand-Up Comedy,United States,1,1,65.0
s3210,Movie,2012,"April 1, 2018",6,TV-MA,Stand-Up Comedy,United States,1,1,60.0
s3211,Movie,2015,"November 13, 2015",0,TV-MA,Stand-Up Comedy,United States,1,1,62.0
s3212,Movie,2020,"August 20, 2020",0,TV-PG,Documentaries,United States,2,1,17.0
s3213,TV Show,2013,"June 1, 2015",2,TV-Y7,Kids' TV,United States,1,2,6.0
s3214,TV Show,2014,"February 28, 2020",6,TV-MA,Anime Series,Japan,2,1,2.0
s3215,TV Show,2017,"December 21, 2018",1,TV-14,International TV Shows,Taiwan,3,1,1.0
s3216,Movie,2012,"August 2, 2018",6,TV-PG,Comedies,India,3,1,98.0
s3217,Movie,2018,"May 16, 2019",1,TV-MA,Dramas,India,3,1,96.0
s3218,Movie,2015,"February 26, 2017",2,TV-MA,Dramas,Brazil,2,1,97.0
s3219,Movie,2018,"April 16, 2019",1,TV-MA,Dramas,United States,3,1,101.0
s3220,TV Show,2015,"August 25, 2016",1,TV-14,British TV Shows,United Kingdom,3,1,1.0
s3221,Movie,2017,"January 1, 2018",1,TV-MA,Action & Adventure,India,2,1,135.0
s3222,Movie,2000,"September 27, 2011",11,TV-PG,Children & Family Movies,United States,3,1,75.0
s3223,Movie,2017,"May 26, 2017",0,TV-14,Documentaries,United States,1,1,79.0
s3224,TV Show,2018,"October 1, 2020",2,TV-MA,Docuseries,Unknown,2,0,1.0
s3225,Movie,2016,"January 29, 2017",1,TV-14,Comedies,France,2,1,99.0
s3226,Movie,2019,"May 24, 2019",0,TV-MA,Dramas,Austria,3,1,101.0
s3227,TV Show,2020,"July 3, 2020",0,TV-MA,International TV Shows,Japan,3,1,1.0
s3228,TV Show,2015,"March 20, 2017",2,TV-MA,International TV Shows,Chile,3,1,1.0
s3229,TV Show,2016,"January 27, 2017",1,TV-14,International TV Shows,Mexico,3,1,1.0
s3230,Movie,2019,"March 8, 2019",0,TV-MA,Dramas,United States,3,1,90.0
s3231,Movie,2017,"October 31, 2017",0,TV-MA,Stand-Up Comedy,United States,1,1,84.0
s3232,Movie,2017,"December 12, 2017",0,TV-MA,Stand-Up Comedy,United States,1,1,70.0
s3233,Movie,2015,"October 1, 2018",3,TV-PG,Comedies,India,3,1,137.0
s3234,Movie,1997,"December 31, 2019",22,TV-14,Comedies,India,3,1,133.0
s3235,Movie,2017,"March 1, 2018",1,TV-14,Action & Adventure,India,3,1,145.0
s3236,Movie,2011,"August 8, 2019",8,PG,Children & Family Movies,United States,2,1,91.0
s3237,Movie,2017,"September 15, 2018",1,TV-14,Documentaries,Unknown,1,0,52.0
s3238,Movie,2009,"January 1, 2021",12,PG-13,Comedies,United States,2,1,123.0
s3239,TV Show,2020,"September 10, 2020",0,TV-G,Kids' TV,United States,2,1,1.0
s3240,TV Show,2017,"March 17, 2017",0,TV-Y,Kids' TV,United States,1,1,1.0
s3242,TV Show,2019,"December 8, 2020",1,TV-G,International TV Shows,Kuwait,3,1,1.0
s3243,TV Show,2015,"April 28, 2017",2,TV-14,International TV Shows,South Korea,3,1,1.0
s3244,Movie,2011,"November 1, 2020",9,PG-13,Comedies,United States,2,1,113.0
s3245,Movie,2005,"March 1, 2019",14,R,Comedies,United States,3,1,107.0
s3246,Movie,2015,"August 1, 2019",4,PG-13,Action & Adventure,United States,2,2,128.0
s3247,TV Show,2020,"September 18, 2020",0,TV-PG,Kids' TV,United States,3,1,1.0
s3248,Movie,2020,"December 3, 2020",0,TV-MA,Comedies,Brazil,2,1,101.0
s3249,Movie,2007,"May 5, 2009",2,TV-MA,Dramas,Denmark,2,1,104.0
s3250,Movie,2005,"September 1, 2019",14,PG-13,Comedies,Germany,2,3,94.0
s3251,Movie,2018,"January 24, 2019",1,TV-MA,Dramas,Argentina,3,1,96.0
s3252,Movie,2016,"December 10, 2020",4,TV-G,International Movies,Philippines,2,1,107.0
s3253,TV Show,2013,"November 1, 2016",3,TV-14,International TV Shows,Taiwan,3,1,1.0
s3254,Movie,2017,"February 1, 2020",3,R,Movies,United States,1,1,92.0
s3255,TV Show,2012,"October 1, 2017",5,TV-14,International TV Shows,Unknown,2,0,1.0
s3256,Movie,1992,"August 31, 2018",26,TV-14,Action & Adventure,Hong Kong,3,1,95.0
s3257,Movie,2011,"January 1, 2018",7,G,Documentaries,United States,2,1,106.0
s3258,Movie,2016,"October 12, 2016",0,TV-MA,Music & Musicals,United States,1,1,90.0
s3259,TV Show,2012,"April 1, 2016",4,TV-Y,Kids' TV,Canada,1,1,2.0
s3260,TV Show,2016,"June 24, 2016",0,TV-Y,Kids' TV,Unknown,1,0,1.0
s3261,Movie,2019,"March 13, 2020",1,TV-MA,Dramas,United States,2,1,106.0
s3262,TV Show,2012,"December 1, 2016",4,TV-MA,Anime Series,Japan,3,1,1.0
s3263,Movie,2002,"November 21, 2019",17,PG-13,Action & Adventure,United Kingdom,2,4,138.0
s3264,TV Show,2010,"November 15, 2019",9,TV-PG,Anime Series,Japan,2,1,2.0
s3265,Movie,2011,"November 15, 2019",8,TV-PG,Anime Features,Japan,2,1,110.0
s3266,TV Show,2012,"December 15, 2016",4,TV-14,International TV Shows,South Korea,3,1,1.0
s3267,TV Show,2013,"April 30, 2019",6,TV-14,International TV Shows,Unknown,3,0,1.0
s3268,TV Show,2009,"April 30, 2019",10,TV-14,International TV Shows,Taiwan,3,1,1.0
s3269,Movie,2016,"April 28, 2020",4,TV-MA,Comedies,Turkey,2,1,100.0
s3270,TV Show,2013,"December 26, 2016",3,TV-14,Crime TV Shows,Turkey,3,1,1.0
s3271,Movie,2017,"June 25, 2017",0,TV-14,Dramas,India,2,1,139.0
s3272,Movie,2019,"September 10, 2020",1,TV-MA,Dramas,India,3,1,130.0
s3273,Movie,2015,"March 1, 2018",3,TV-PG,Dramas,India,3,1,132.0
s3274,Movie,2019,"August 23, 2019",0,TV-PG,Comedies,India,3,1,133.0
s3275,Movie,2005,"April 1, 2020",15,TV-14,Horror Movies,India,3,1,126.0
s3276,Movie,2020,"October 30, 2020",0,TV-14,Horror Movies,India,2,1,91.0
s3277,Movie,1981,"December 31, 2019",38,TV-14,Action & Adventure,India,3,1,173.0
s3278,Movie,2017,"August 1, 2018",1,TV-PG,Dramas,India,2,1,105.0
s3279,Movie,2016,"December 15, 2017",1,TV-MA,Action & Adventure,India,3,1,148.0
s3280,TV Show,2019,"September 13, 2019",0,TV-MA,Anime Series,Japan,3,1,1.0
s3281,Movie,2006,"April 1, 2020",14,TV-14,Dramas,India,3,1,192.0
s3282,Movie,1994,"May 15, 2017",23,TV-14,Comedies,India,3,1,151.0
s3283,Movie,2001,"April 1, 2020",19,TV-14,Dramas,India,2,1,209.0
s3284,Movie,2019,"September 19, 2019",0,TV-MA,Dramas,India,3,1,171.0
s3285,Movie,2016,"November 1, 2017",1,TV-14,Dramas,India,3,1,120.0
s3286,Movie,2012,"June 26, 2019",7,TV-14,International Movies,India,3,1,122.0
s3287,Movie,2014,"October 1, 2017",3,PG,Children & Family Movies,United States,2,5,85.0
s3288,Movie,2013,"November 1, 2018",5,TV-MA,Dramas,India,3,1,120.0
s3289,Movie,2010,"October 22, 2017",7,TV-14,Dramas,India,3,1,113.0
s3290,TV Show,2019,"July 4, 2019",0,TV-MA,International TV Shows,Unknown,3,0,2.0
s3291,Movie,2003,"April 1, 2020",17,TV-14,Comedies,India,3,1,187.0
s3292,Movie,2012,"November 1, 2018",6,TV-14,Comedies,India,3,1,154.0
s3293,Movie,2016,"May 8, 2018",2,TV-MA,Thrillers,United Kingdom,1,1,99.0
s3294,Movie,2019,"June 1, 2020",1,TV-PG,Comedies,United Arab Emirates,2,1,80.0
s3295,Movie,2019,"December 9, 2020",1,TV-MA,Dramas,Philippines,3,1,105.0
s3296,Movie,2017,"March 1, 2018",1,TV-14,Dramas,India,3,1,41.0
s3297,Movie,2016,"November 29, 2019",3,TV-MA,Dramas,South Africa,2,1,107.0
s3298,Movie,2009,"October 1, 2018",9,TV-14,Dramas,India,3,1,128.0
s3299,Movie,2017,"June 15, 2017",0,TV-PG,Comedies,India,3,1,104.0
s3300,Movie,2019,"September 4, 2020",1,TV-14,Comedies,South Africa,3,1,93.0
s3301,Movie,2017,"March 1, 2018",1,TV-14,Horror Movies,India,3,1,110.0
s3302,Movie,2020,"March 29, 2020",0,TV-14,Comedies,India,3,1,160.0
s3303,TV Show,2017,"December 1, 2017",0,TV-PG,International TV Shows,Japan,2,1,1.0
s3304,Movie,2016,"April 1, 2020",4,TV-14,Comedies,India,3,1,138.0
s3305,Movie,2020,"June 22, 2020",0,TV-14,Dramas,India,3,1,112.0
s3306,Movie,2015,"March 10, 2017",2,TV-14,Comedies,Turkey,2,1,101.0
s3307,Movie,2019,"August 29, 2019",0,TV-14,Dramas,Brazil,3,1,110.0
s3308,Movie,2007,"May 19, 2020",13,TV-14,Comedies,Egypt,2,1,107.0
s3309,Movie,2016,"September 19, 2016",0,TV-MA,Stand-Up Comedy,Unknown,1,0,65.0
s3310,Movie,2010,"December 15, 2019",9,TV-14,Dramas,India,3,1,135.0
s3311,Movie,2017,"October 15, 2020",3,TV-PG,Dramas,Indonesia,2,2,118.0
s3312,Movie,2008,"October 22, 2017",9,TV-14,International Movies,India,3,1,137.0
s3313,Movie,2019,"June 26, 2020",1,TV-14,Comedies,Nigeria,3,1,117.0
s3314,Movie,2016,"September 19, 2016",0,TV-MA,Stand-Up Comedy,Unknown,1,0,65.0
s3315,Movie,2001,"January 1, 2020",19,PG-13,Comedies,United States,2,1,118.0
s3316,Movie,2012,"July 28, 2018",6,TV-14,Comedies,Australia,1,1,86.0
s3317,TV Show,2007,"July 28, 2018",11,TV-MA,TV Comedies,Australia,1,1,6.0
s3318,Movie,1982,"December 31, 2019",37,TV-PG,Comedies,India,3,1,140.0
s3319,Movie,2019,"July 1, 2019",0,TV-MA,Stand-Up Comedy,United States,1,1,66.0
s3320,Movie,2017,"February 14, 2017",0,TV-MA,Stand-Up Comedy,United Kingdom,1,1,64.0
s3321,Movie,2016,"November 10, 2016",0,TV-MA,Stand-Up Comedy,United States,1,1,71.0
s3322,Movie,2007,"May 17, 2018",11,TV-MA,Stand-Up Comedy,United States,1,1,89.0
s3323,Movie,2018,"January 16, 2018",0,TV-MA,Stand-Up Comedy,United States,1,1,60.0
s3324,Movie,2012,"July 3, 2018",6,TV-MA,Stand-Up Comedy,United States,1,1,61.0
s3325,Movie,2006,"July 19, 2018",12,NR,Stand-Up Comedy,United States,1,1,85.0
s3326,Movie,2006,"November 1, 2018",12,TV-MA,Stand-Up Comedy,United States,1,1,45.0
s3327,Movie,2015,"November 1, 2018",3,TV-14,Comedies,India,3,1,132.0
s3328,Movie,2018,"February 2, 2018",0,TV-MA,Stand-Up Comedy,Unknown,1,0,53.0
s3329,Movie,2017,"July 1, 2018",1,TV-14,Dramas,India,2,1,116.0
s3330,Movie,2005,"January 1, 2018",13,TV-14,Comedies,India,3,1,133.0
s3331,TV Show,2017,"May 5, 2017",0,TV-Y,Kids' TV,Australia,1,1,3.0
s3332,Movie,2019,"January 21, 2020",1,TV-14,Comedies,India,3,1,116.0
s3333,Movie,2015,"September 18, 2015",0,TV-14,Documentaries,United States,2,1,82.0
s3334,TV Show,2019,"March 15, 2020",1,TV-MA,Docuseries,United States,1,1,1.0
s3335,TV Show,1990,"February 22, 2017",27,TV-14,Docuseries,United States,1,1,1.0
s3336,TV Show,2014,"February 22, 2017",3,TV-PG,Docuseries,United States,1,1,1.0
s3337,TV Show,1996,"March 14, 2017",21,TV-PG,Docuseries,United States,1,1,1.0
s3338,Movie,2019,"February 14, 2019",0,TV-MA,Stand-Up Comedy,United States,1,1,62.0
s3339,TV Show,2019,"October 31, 2019",0,TV-MA,Anime Series,United States,2,2,2.0
s3340,Movie,2020,"May 29, 2020",0,TV-MA,Stand-Up Comedy,India,1,1,68.0
s3341,TV Show,2019,"December 27, 2019",0,TV-MA,Docuseries,United States,1,1,1.0
s3342,Movie,2009,"January 30, 2020",11,TV-MA,Stand-Up Comedy,United States,1,1,62.0
s3343,Movie,2019,"April 2, 2019",0,TV-MA,Stand-Up Comedy,United States,1,1,60.0
s3344,Movie,2011,"October 1, 2018",7,R,Stand-Up Comedy,United States,1,1,89.0
s3345,Movie,2013,"July 13, 2018",5,R,Stand-Up Comedy,United States,1,1,75.0
s3346,Movie,2010,"October 1, 2018",8,TV-MA,Stand-Up Comedy,United States,1,1,67.0
s3347,Movie,2016,"April 11, 2017",1,R,Stand-Up Comedy,United States,1,1,96.0
s3348,Movie,2020,"November 17, 2020",0,TV-MA,Stand-Up Comedy,United States,1,1,70.0
s3349,Movie,2019,"February 8, 2019",0,TV-PG,Children & Family Movies,United States,2,1,63.0
s3350,Movie,2018,"April 24, 2018",0,TV-PG,Stand-Up Comedy,United States,1,1,62.0
s3351,Movie,2001,"February 20, 2019",18,TV-PG,Stand-Up Comedy,United States,1,1,42.0
s3352,Movie,2017,"January 1, 2019",2,TV-MA,Documentaries,United States,2,1,90.0
s3353,TV Show,2017,"August 1, 2019",2,TV-14,Crime TV Shows,Pakistan,3,1,1.0
s3354,Movie,1993,"March 1, 2018",25,TV-14,Action & Adventure,India,3,1,170.0
s3355,TV Show,2018,"May 1, 2018",0,TV-14,Crime TV Shows,India,3,1,1.0
s3356,TV Show,2013,"April 1, 2017",4,TV-14,International TV Shows,India,2,1,1.0
s3357,Movie,2018,"October 1, 2018",0,TV-14,Dramas,India,3,1,151.0
s3358,Movie,2014,"October 1, 2018",4,TV-14,Comedies,India,3,1,121.0
s3359,Movie,1973,"September 1, 2017",44,TV-14,Action & Adventure,India,2,1,132.0
s3360,Movie,2006,"August 2, 2018",12,TV-14,Comedies,India,3,1,124.0
s3361,TV Show,2011,"March 15, 2018",7,TV-14,Crime TV Shows,India,3,1,1.0
s3362,Movie,1980,"December 31, 2019",39,TV-PG,Classic Movies,India,3,1,120.0
s3363,Movie,2003,"March 1, 2018",15,TV-14,Comedies,India,3,1,157.0
s3364,Movie,2018,"May 1, 2019",1,TV-14,Dramas,India,3,1,124.0
s3365,TV Show,2017,"October 6, 2017",0,TV-Y7,Kids' TV,China,1,1,2.0
s3366,Movie,2017,"April 26, 2018",1,R,Action & Adventure,United States,1,1,110.0
s3367,Movie,2016,"December 8, 2016",0,TV-MA,Action & Adventure,United States,1,1,90.0
s3368,Movie,1995,"November 4, 2019",24,R,Comedies,United States,3,1,97.0
s3369,TV Show,2018,"April 1, 2019",1,TV-Y7,Kids' TV,Unknown,2,0,1.0
s3370,Movie,2015,"March 4, 2019",4,TV-14,Dramas,Philippines,3,1,108.0
s3371,TV Show,2016,"November 1, 2020",4,TV-Y,Kids' TV,Russia,1,1,1.0
s3372,Movie,2015,"September 8, 2017",2,R,Action & Adventure,Netherlands,3,4,95.0
s3373,Movie,2019,"July 12, 2019",0,TV-MA,Dramas,Germany,3,1,90.0
s3374,Movie,2019,"October 4, 2019",0,TV-PG,Children & Family Movies,Turkey,2,1,102.0
s3376,Movie,2003,"January 1, 2020",17,R,Action & Adventure,United States,1,2,111.0
s3377,Movie,2004,"January 1, 2020",16,R,Action & Adventure,United States,1,1,137.0
s3378,Movie,2016,"February 23, 2017",1,TV-MA,Action & Adventure,United Kingdom,3,1,100.0
s3379,Movie,2015,"May 1, 2019",4,TV-14,Documentaries,France,2,1,53.0
s3380,TV Show,2014,"June 15, 2019",5,TV-MA,Anime Series,Japan,2,1,1.0
s3381,Movie,2019,"September 6, 2019",0,TV-14,Comedies,Turkey,3,1,100.0
s3382,Movie,2016,"February 17, 2017",1,TV-MA,Action & Adventure,United States,1,1,87.0
s3383,Movie,2011,"August 21, 2020",9,R,Action & Adventure,United States,3,1,106.0
s3384,Movie,2014,"December 16, 2018",4,R,Dramas,United States,2,1,112.0
s3385,Movie,2014,"April 1, 2017",3,TV-14,Dramas,India,2,1,107.0
s3386,Movie,2019,"November 14, 2020",1,TV-14,Thrillers,United States,1,1,87.0
s3387,TV Show,2020,"January 15, 2020",0,TV-MA,Crime TV Shows,United States,2,1,1.0
s3388,Movie,1988,"April 1, 2020",32,PG-13,Comedies,United States,3,1,86.0
s3389,TV Show,2019,"May 31, 2019",0,TV-MA,Crime TV Shows,Unknown,3,0,1.0
s3390,TV Show,2017,"July 19, 2020",3,TV-MA,British TV Shows,United Kingdom,3,1,1.0
s3391,Movie,2010,"January 1, 2021",11,PG-13,Action & Adventure,United States,3,1,100.0
s3392,Movie,2017,"August 1, 2020",3,R,Comedies,United States,1,1,80.0
s3393,Movie,2012,"March 30, 2020",8,R,Dramas,United States,1,1,97.0
s3394,Movie,2016,"March 15, 2018",2,TV-MA,Action & Adventure,Hungary,3,1,103.0
s3395,Movie,2014,"March 1, 2019",5,R,Dramas,United Kingdom,3,1,109.0
s3396,TV Show,2020,"April 1, 2020",0,TV-MA,TV Comedies,Canada,1,1,4.0
s3397,Movie,2015,"July 1, 2016",1,NR,Dramas,United States,2,1,81.0
s3398,Movie,2018,"September 21, 2019",1,TV-MA,Dramas,Nigeria,2,1,182.0
s3399,Movie,2018,"July 2, 2018",0,TV-14,Comedies,China,3,3,88.0
s3400,Movie,2005,"November 1, 2019",14,PG-13,Action & Adventure,United States,2,2,98.0
s3401,TV Show,2012,"July 7, 2017",5,TV-14,International TV Shows,China,2,1,1.0
s3402,TV Show,2017,"July 1, 2020",3,TV-MA,TV Dramas,United States,1,1,3.0
s3403,Movie,2017,"October 13, 2017",0,TV-MA,Documentaries,United Kingdom,1,1,110.0
s3404,TV Show,2018,"October 1, 2018",0,TV-PG,British TV Shows,Unknown,3,0,1.0
s3405,Movie,1996,"January 1, 2020",24,PG-13,Comedies,United States,3,1,114.0
s3406,Movie,2017,"October 29, 2018",1,R,Dramas,France,1,4,87.0
s3407,TV Show,2020,"December 4, 2020",0,TV-MA,Crime TV Shows,South Africa,3,1,1.0
s3408,TV Show,2020,"October 12, 2020",0,TV-Y7,Kids' TV,United States,2,1,3.0
s3409,Movie,2015,"November 1, 2017",2,TV-PG,Comedies,India,2,1,132.0
s3410,Movie,2009,"October 1, 2018",9,TV-14,Action & Adventure,India,3,1,101.0
s3411,Movie,2008,"October 1, 2018",10,TV-PG,Comedies,India,3,1,145.0
s3412,Movie,2017,"May 1, 2017",0,TV-MA,Dramas,Canada,3,1,93.0
s3413,TV Show,2018,"June 29, 2018",0,TV-MA,British TV Shows,United Kingdom,3,2,1.0
s3414,Movie,1997,"January 1, 2020",23,R,Thrillers,United States,1,1,116.0
s3415,Movie,2020,"September 22, 2020",0,TV-G,Documentaries,United States,1,1,85.0
s3416,TV Show,2016,"May 26, 2019",3,TV-14,International TV Shows,Unknown,3,0,1.0
s3417,TV Show,2020,"July 17, 2020",0,TV-MA,International TV Shows,Brazil,3,1,1.0
s3418,Movie,2017,"December 15, 2018",1,TV-14,Comedies,Philippines,3,1,84.0
s3419,TV Show,2017,"October 2, 2019",2,TV-14,British TV Shows,United Kingdom,3,1,1.0
s3420,Movie,2013,"August 21, 2017",4,TV-14,Comedies,Malaysia,3,1,92.0
s3421,Movie,2019,"November 15, 2019",0,PG,Children & Family Movies,Spain,2,2,98.0
s3422,TV Show,2019,"August 13, 2019",0,TV-MA,TV Dramas,United States,1,1,2.0
s3424,Movie,2019,"May 1, 2019",0,PG,Documentaries,United States,1,1,88.0
s3425,Movie,2015,"November 1, 2020",5,R,Horror Movies,United States,2,3,99.0
s3426,Movie,1945,"March 31, 2017",72,TV-14,Classic Movies,United States,2,1,63.0
s3427,Movie,2009,"October 1, 2019",10,PG-13,Sci-Fi & Fantasy,United States,2,3,121.0
s3428,TV Show,2005,"April 19, 2019",14,TV-MA,International TV Shows,Taiwan,3,1,1.0
s3429,TV Show,2012,"April 30, 2019",7,TV-MA,International TV Shows,Unknown,3,0,1.0
s3430,Movie,2015,"March 10, 2017",2,TV-14,Comedies,Turkey,3,1,104.0
s3431,Movie,2016,"March 10, 2017",1,TV-14,Comedies,Turkey,3,1,104.0
s3432,Movie,2018,"April 20, 2018",0,TV-MA,Comedies,Canada,2,2,105.0
s3433,Movie,2006,"May 31, 2019",13,TV-14,Comedies,India,3,1,135.0
s3434,Movie,2016,"March 1, 2017",1,TV-G,Documentaries,United Kingdom,1,1,56.0
s3435,Movie,2019,"April 24, 2020",1,TV-14,International Movies,India,2,1,107.0
s3436,Movie,2018,"January 7, 2019",1,TV-14,Dramas,Bangladesh,3,1,95.0
s3437,TV Show,2014,"February 16, 2018",4,TV-PG,Docuseries,Unknown,2,0,1.0
s3438,Movie,2012,"April 26, 2019",7,PG-13,Action & Adventure,United Kingdom,3,5,96.0
s3439,TV Show,2018,"May 4, 2018",0,TV-Y7,Kids' TV,United States,1,3,2.0
s3440,TV Show,2020,"October 30, 2020",0,TV-Y,Kids' TV,Unknown,2,0,2.0
s3441,TV Show,2003,"November 3, 2018",15,TV-14,International TV Shows,Malaysia,2,1,7.0
s3442,TV Show,2020,"January 4, 2021",1,TV-G,Docuseries,Unknown,2,0,1.0
s3443,Movie,1972,"December 31, 2019",47,TV-14,International Movies,India,2,1,115.0
s3444,Movie,2014,"January 5, 2017",3,TV-MA,Comedies,Norway,3,3,117.0
s3445,Movie,2009,"September 8, 2017",8,TV-Y7,Children & Family Movies,Unknown,1,0,58.0
s3446,Movie,2013,"September 8, 2017",4,TV-Y7,Children & Family Movies,Unknown,1,0,62.0
s3447,Movie,2016,"September 8, 2017",1,TV-Y,Children & Family Movies,Unknown,1,0,65.0
s3448,Movie,2012,"September 8, 2017",5,TV-Y7,Children & Family Movies,Unknown,1,0,61.0
s3449,Movie,2017,"November 17, 2017",0,TV-Y7,Children & Family Movies,India,1,1,65.0
s3450,Movie,2017,"September 8, 2017",0,TV-Y7,Children & Family Movies,Unknown,1,0,65.0
s3451,Movie,2010,"September 8, 2017",7,TV-Y7,Children & Family Movies,Unknown,1,0,58.0
s3452,Movie,2013,"September 8, 2017",4,TV-Y7,Children & Family Movies,Unknown,1,0,60.0
s3453,Movie,2015,"November 7, 2018",3,R,Dramas,United States,2,1,81.0
s3454,Movie,2020,"June 25, 2020",0,TV-MA,International Movies,India,2,1,126.0
s3455,TV Show,2019,"July 8, 2019",0,TV-Y7,Kids' TV,Unknown,1,0,1.0
s3456,Movie,2004,"May 31, 2019",15,TV-MA,Action & Adventure,India,3,1,124.0
s3457,Movie,2013,"October 31, 2015",2,NR,Horror Movies,United States,1,1,85.0
s3458,Movie,2019,"June 2, 2019",0,TV-14,Dramas,India,2,1,114.0
s3459,Movie,2017,"January 1, 2019",2,R,Comedies,United States,2,1,93.0
s3460,Movie,2003,"May 15, 2019",16,TV-14,Dramas,India,3,1,136.0
s3461,Movie,1998,"April 1, 2020",22,TV-14,Comedies,India,3,1,185.0
s3462,Movie,2017,"December 31, 2019",2,TV-MA,Dramas,India,3,1,126.0
s3463,TV Show,2016,"September 2, 2016",0,TV-Y7,Kids' TV,United States,1,1,1.0
s3464,TV Show,2018,"November 20, 2018",0,TV-Y7,Kids' TV,Unknown,1,0,1.0
s3465,Movie,2004,"April 1, 2020",16,R,Action & Adventure,Hong Kong,3,3,99.0
s3466,Movie,2010,"August 1, 2018",8,TV-Y7,Children & Family Movies,Mexico,2,2,79.0
s3467,Movie,2010,"December 1, 2012",2,TV-PG,Children & Family Movies,United States,2,1,26.0
s3468,Movie,2016,"March 25, 2016",0,TV-PG,Children & Family Movies,United States,2,1,23.0
s3469,Movie,2017,"October 6, 2017",0,TV-PG,Action & Adventure,China,3,3,107.0
s3470,Movie,2018,"October 12, 2018",0,TV-14,Horror Movies,Indonesia,2,1,106.0
s3471,Movie,2017,"August 1, 2018",1,TV-14,Dramas,Unknown,3,0,133.0
s3472,Movie,2009,"October 1, 2018",9,TV-14,International Movies,India,2,1,147.0
s3473,TV Show,2013,"January 15, 2021",8,TV-MA,Anime Series,Japan,3,1,1.0
s3474,TV Show,2016,"July 4, 2016",0,TV-14,Anime Series,Japan,2,1,2.0
s3475,Movie,1998,"January 8, 2019",21,R,Documentaries,United Kingdom,2,1,95.0
s3476,TV Show,2014,"December 26, 2016",2,TV-14,International TV Shows,Turkey,3,1,1.0
s3477,Movie,2012,"March 10, 2017",5,TV-MA,Comedies,Turkey,3,1,100.0
s3478,Movie,2000,"April 1, 2018",18,TV-PG,Dramas,India,3,1,149.0
s3479,Movie,2005,"May 15, 2019",14,TV-14,Comedies,India,3,1,165.0
s3480,Movie,2016,"May 15, 2019",3,R,Comedies,India,2,1,124.0
s3481,Movie,2017,"March 12, 2018",1,TV-MA,Music & Musicals,United States,1,1,52.0
s3482,Movie,2001,"May 16, 2019",18,TV-PG,Comedies,India,3,1,150.0
s3483,Movie,2004,"March 1, 2018",14,TV-PG,International Movies,India,2,1,165.0
s3484,TV Show,2019,"January 5, 2021",2,TV-14,Crime TV Shows,United States,3,1,1.0
s3485,Movie,2019,"August 2, 2019",0,TV-MA,Documentaries,Unknown,1,0,84.0
s3486,Movie,2016,"February 1, 2017",1,TV-MA,Comedies,Argentina,2,1,104.0
s3487,Movie,2017,"March 1, 2018",1,R,Documentaries,United States,1,1,114.0
s3488,Movie,1987,"January 1, 2020",33,PG-13,Classic Movies,United States,3,1,109.0
s3489,TV Show,2020,"April 3, 2020",0,TV-MA,Crime TV Shows,Spain,3,1,4.0
s3490,Movie,2016,"February 15, 2017",1,TV-MA,Comedies,Italy,2,1,88.0
s3491,TV Show,2016,"November 17, 2018",2,TV-14,Spanish-Language TV Shows,United States,2,2,1.0
s3492,TV Show,2016,"August 1, 2016",0,TV-MA,International TV Shows,Colombia,3,1,1.0
s3494,TV Show,2016,"October 16, 2017",1,TV-14,International TV Shows,Unknown,2,0,1.0
s3495,Movie,2016,"October 28, 2020",4,TV-14,International Movies,Unknown,1,0,50.0
s3496,TV Show,2016,"January 14, 2019",3,TV-14,International TV Shows,Taiwan,2,1,1.0
s3497,TV Show,2020,"September 9, 2020",0,TV-MA,Crime TV Shows,Spain,3,1,1.0
s3498,Movie,2017,"June 28, 2019",2,TV-MA,Action & Adventure,Mexico,3,1,87.0
s3499,TV Show,2017,"December 29, 2017",0,TV-MA,Crime TV Shows,France,3,1,1.0
s3500,TV Show,2016,"November 18, 2016",0,TV-MA,Crime TV Shows,Colombia,3,1,1.0
s3501,Movie,2020,"April 10, 2020",0,TV-MA,Documentaries,United States,2,2,92.0
s3502,TV Show,2017,"April 2, 2018",1,TV-MA,Crime TV Shows,Mexico,3,1,1.0
s3503,TV Show,2020,"October 16, 2020",0,TV-MA,International TV Shows,France,3,1,1.0
s3504,TV Show,2019,"November 29, 2019",0,TV-MA,Crime TV Shows,Mexico,3,4,2.0
s3505,TV Show,2004,"November 15, 2019",15,TV-MA,International TV Shows,Taiwan,2,1,1.0
s3506,TV Show,2010,"January 15, 2019",9,TV-PG,Classic & Cult TV,Mexico,3,1,1.0
s3507,TV Show,2016,"January 15, 2019",3,TV-14,Crime TV Shows,Colombia,3,3,1.0
s3508,Movie,2016,"March 1, 2018",2,TV-14,Dramas,India,3,1,143.0
s3509,Movie,2018,"May 2, 2019",1,TV-PG,Comedies,India,3,1,116.0
s3510,Movie,2011,"September 7, 2018",7,TV-MA,Horror Movies,Thailand,2,1,112.0
s3511,Movie,2018,"March 8, 2018",0,TV-G,Documentaries,India,3,1,40.0
s3512,TV Show,2019,"March 27, 2020",1,TV-MA,International TV Shows,India,3,1,1.0
s3513,Movie,2017,"June 3, 2020",3,R,Comedies,United States,3,1,94.0
s3514,Movie,2016,"August 5, 2017",1,R,Action & Adventure,Hong Kong,1,1,101.0
s3515,Movie,2019,"May 2, 2020",1,PG,Dramas,United States,2,1,104.0
s3516,TV Show,2017,"November 10, 2017",0,TV-MA,TV Comedies,United States,1,1,2.0
s3517,Movie,2006,"July 1, 2019",13,PG-13,Sci-Fi & Fantasy,United States,2,1,110.0
s3518,Movie,2019,"March 8, 2019",0,TV-MA,Dramas,France,3,1,111.0
s3519,Movie,2018,"January 18, 2019",1,NC-17,Comedies,United States,2,1,83.0
s3520,TV Show,2015,"April 1, 2018",3,TV-14,International TV Shows,Colombia,3,1,1.0
s3521,Movie,2017,"May 19, 2017",0,TV-MA,Documentaries,Brazil,3,1,101.0
s3522,Movie,2001,"January 10, 2021",20,PG,Dramas,India,3,1,224.0
s3523,Movie,2018,"November 29, 2019",1,TV-MA,Comedies,Unknown,2,0,118.0
s3524,Movie,2016,"December 1, 2019",3,TV-PG,Dramas,India,3,1,111.0
s3525,Movie,2004,"December 15, 2019",15,TV-PG,Action & Adventure,India,3,1,185.0
s3526,Movie,1971,"July 1, 2017",46,TV-14,Classic Movies,India,3,1,153.0
s3527,Movie,2010,"March 15, 2018",8,TV-MA,Dramas,India,2,1,145.0
s3528,TV Show,2011,"August 1, 2017",6,TV-14,British TV Shows,United Kingdom,3,1,3.0
s3529,Movie,2015,"December 20, 2018",3,TV-MA,International Movies,Singapore,2,1,82.0
s3530,Movie,2018,"September 14, 2020",2,TV-MA,Dramas,Nigeria,3,1,140.0
s3531,Movie,2017,"September 15, 2017",0,TV-14,Action & Adventure,United States,1,2,87.0
s3532,TV Show,2019,"February 15, 2019",0,TV-MA,Docuseries,Unknown,2,0,1.0
s3533,Movie,2020,"November 26, 2020",0,TV-14,Stand-Up Comedy,United States,1,1,68.0
s3534,TV Show,2015,"February 1, 2016",1,TV-Y7,Kids' TV,Russia,3,1,3.0
s3535,TV Show,2019,"March 1, 2019",0,TV-Y7,Kids' TV,Unknown,3,0,2.0
s3536,TV Show,2018,"March 15, 2019",1,TV-MA,Crime TV Shows,Colombia,3,1,2.0
s3537,TV Show,2015,"May 22, 2017",2,TV-14,Crime TV Shows,South Korea,3,1,1.0
s3538,Movie,2019,"May 6, 2019",0,TV-MA,Documentaries,United Kingdom,2,3,86.0
s3539,TV Show,2020,"July 28, 2020",0,TV-MA,Docuseries,United States,1,1,5.0
s3540,Movie,2019,"March 11, 2020",1,TV-MA,Dramas,United States,3,1,86.0
s3541,Movie,2012,"June 16, 2020",8,TV-14,Dramas,Nigeria,2,2,76.0
s3542,TV Show,2018,"December 21, 2018",0,TV-14,Anime Series,Japan,2,1,2.0
s3543,Movie,2015,"August 1, 2019",4,R,Action & Adventure,United Kingdom,1,2,115.0
s3544,Movie,2010,"January 1, 2019",9,R,Dramas,United States,3,2,93.0
s3545,TV Show,2020,"January 12, 2021",1,TV-MA,British TV Shows,United Kingdom,3,1,4.0
s3546,Movie,2018,"March 15, 2019",1,TV-14,Documentaries,United States,2,2,98.0
s3547,Movie,2020,"July 31, 2020",0,TV-Y,Children & Family Movies,Germany,2,1,83.0
s3548,Movie,2011,"August 2, 2016",5,TV-MA,Stand-Up Comedy,United States,1,1,81.0
s3549,TV Show,2002,"January 15, 2019",17,TV-14,International TV Shows,Taiwan,3,1,1.0
s3550,Movie,2012,"December 29, 2019",7,R,Dramas,United States,1,1,116.0
s3551,TV Show,2012,"October 16, 2017",5,TV-14,International TV Shows,Unknown,3,0,1.0
s3552,Movie,2004,"March 1, 2019",15,R,Independent Movies,United Kingdom,3,1,105.0
s3553,Movie,2016,"March 23, 2018",2,TV-MA,Dramas,Netherlands,2,4,99.0
s3554,Movie,2017,"May 1, 2018",1,TV-14,Documentaries,France,3,1,121.0
s3555,Movie,2014,"May 1, 2019",5,TV-PG,Documentaries,France,2,1,54.0
s3556,Movie,2019,"October 16, 2019",0,TV-MA,Documentaries,United States,1,1,78.0
s3557,TV Show,2018,"November 1, 2020",2,TV-14,Docuseries,United States,1,1,3.0
s3558,Movie,2010,"November 15, 2019",9,PG,Comedies,United States,2,2,100.0
s3559,Movie,2016,"January 7, 2021",5,PG,Children & Family Movies,France,2,2,89.0
s3560,Movie,2003,"April 15, 2020",17,TV-Y,Children & Family Movies,United States,1,1,37.0
s3561,Movie,2011,"April 15, 2020",9,TV-Y,Movies,United States,1,1,33.0
s3562,Movie,2011,"April 15, 2020",9,TV-Y,Movies,United States,1,1,35.0
s3563,Movie,2011,"April 15, 2020",9,TV-Y,Children & Family Movies,Unknown,1,0,32.0
s3564,TV Show,2015,"July 1, 2017",2,TV-Y,British TV Shows,Unknown,2,0,1.0
s3565,TV Show,2018,"May 15, 2020",2,TV-Y,British TV Shows,United Kingdom,2,1,1.0
s3566,Movie,2017,"August 1, 2018",1,TV-MA,Comedies,India,3,1,147.0
s3567,Movie,2013,"December 16, 2020",7,PG-13,Dramas,United States,1,1,132.0
s3568,Movie,2014,"December 26, 2018",4,PG-13,Action & Adventure,United States,3,2,110.0
s3569,TV Show,2019,"April 3, 2020",1,TV-14,TV Dramas,United States,3,1,2.0
s3570,Movie,2015,"January 16, 2020",5,R,Dramas,United Kingdom,3,3,132.0
s3571,Movie,2010,"January 1, 2020",10,PG,Children & Family Movies,United States,1,2,97.0
s3572,Movie,2017,"March 30, 2018",1,TV-MA,Action & Adventure,China,3,1,108.0
s3573,TV Show,2017,"February 24, 2017",0,TV-Y7,Kids' TV,Mexico,1,1,1.0
s3574,TV Show,2019,"October 5, 2019",0,TV-Y7,Kids' TV,Mexico,1,1,1.0
s3575,Movie,1982,"August 16, 2018",36,TV-14,Action & Adventure,Hong Kong,3,1,101.0
s3576,TV Show,2017,"January 18, 2019",2,TV-PG,Docuseries,United States,1,1,1.0
s3577,Movie,2016,"November 2, 2019",3,TV-PG,Children & Family Movies,United States,1,1,68.0
s3578,Movie,2010,"November 1, 2019",9,R,Action & Adventure,United States,3,1,100.0
s3579,TV Show,2016,"July 29, 2016",0,TV-Y7,Kids' TV,United States,1,1,2.0
s3580,Movie,2014,"February 1, 2019",5,TV-Y7,Movies,United States,1,1,22.0
s3581,TV Show,2017,"September 1, 2017",0,TV-Y7,Kids' TV,United States,1,1,1.0
s3583,TV Show,2018,"February 1, 2019",1,TV-Y,Kids' TV,Denmark,1,1,1.0
s3584,TV Show,2016,"June 10, 2016",0,TV-Y7,Kids' TV,Denmark,1,1,2.0
s3585,Movie,2018,"June 15, 2018",0,TV-G,Documentaries,Unknown,2,0,48.0
s3586,TV Show,2019,"November 1, 2020",1,TV-Y,Kids' TV,United States,1,1,1.0
s3587,TV Show,2018,"November 1, 2020",2,TV-Y,Kids' TV,United States,1,1,1.0
s3588,Movie,2016,"October 4, 2016",0,TV-Y7,Children & Family Movies,United States,2,1,25.0
s3589,Movie,2015,"August 6, 2017",2,TV-Y7,Children & Family Movies,United States,1,1,22.0
s3590,Movie,2018,"February 1, 2019",1,TV-Y7,Children & Family Movies,United States,1,1,22.0
s3591,Movie,2017,"February 1, 2019",2,TV-Y,Children & Family Movies,United States,1,1,22.0
s3592,TV Show,2020,"November 1, 2020",0,TV-Y7,Kids' TV,Canada,1,1,2.0
s3593,TV Show,2019,"November 1, 2020",1,TV-Y7,Kids' TV,Denmark,1,4,10.0
s3594,Movie,2016,"February 1, 2019",3,TV-Y7-FV,Action & Adventure,Denmark,2,2,44.0
s3595,TV Show,2019,"November 1, 2020",1,TV-Y,Kids' TV,United States,2,2,1.0
s3596,Movie,2013,"January 6, 2017",4,TV-Y7,Children & Family Movies,United States,1,1,22.0
s3597,TV Show,2019,"June 14, 2019",0,TV-MA,International TV Shows,India,3,1,1.0
s3598,Movie,2010,"April 28, 2020",10,TV-MA,Comedies,Unknown,2,0,111.0
s3599,TV Show,2020,"June 10, 2020",0,TV-MA,Docuseries,United States,2,1,1.0
s3600,Movie,2015,"June 1, 2017",2,TV-MA,Dramas,India,3,1,109.0
s3601,TV Show,2017,"August 20, 2018",1,TV-Y,Kids' TV,Unknown,1,0,1.0
s3602,Movie,2013,"December 20, 2015",2,TV-Y7-FV,Children & Family Movies,United States,2,2,78.0
s3603,Movie,2016,"March 15, 2017",1,TV-MA,Documentaries,France,3,1,103.0
s3604,Movie,2012,"August 16, 2020",8,PG-13,Dramas,United Kingdom,3,2,158.0
s3605,Movie,2020,"January 14, 2020",0,TV-MA,Stand-Up Comedy,United States,1,1,66.0
s3606,Movie,2018,"September 28, 2018",0,TV-14,Documentaries,United States,1,1,24.0
s3607,Movie,2017,"November 6, 2017",0,TV-MA,Documentaries,United States,1,1,144.0
s3608,Movie,2019,"November 8, 2019",0,PG-13,Comedies,United States,3,1,93.0
s3609,Movie,1946,"March 31, 2017",71,TV-PG,Classic Movies,United States,2,1,58.0
s3610,Movie,2006,"June 2, 2020",14,TV-14,Comedies,Egypt,3,1,116.0
s3611,TV Show,2015,"August 8, 2019",4,TV-MA,International TV Shows,Malaysia,3,3,1.0
s3612,TV Show,2013,"August 8, 2019",6,TV-PG,International TV Shows,South Korea,3,1,1.0
s3613,TV Show,2019,"November 28, 2019",0,TV-14,Anime Series,Japan,2,1,1.0
s3614,TV Show,2014,"April 15, 2017",3,TV-MA,International TV Shows,Turkey,3,1,3.0
s3615,Movie,2020,"December 4, 2020",0,TV-MA,Comedies,Turkey,2,1,113.0
s3616,Movie,2018,"February 7, 2019",1,TV-14,Comedies,United States,2,1,90.0
s3617,Movie,2015,"November 2, 2019",4,TV-PG,Children & Family Movies,United States,2,1,68.0
s3618,Movie,2013,"July 1, 2017",4,TV-MA,Dramas,India,3,1,104.0
s3619,Movie,2017,"February 1, 2018",1,TV-MA,Documentaries,United States,1,2,86.0
s3620,TV Show,2014,"October 2, 2019",5,TV-PG,Reality TV,Canada,1,1,1.0
s3621,Movie,2010,"February 14, 2020",10,TV-PG,Comedies,South Africa,3,1,118.0
s3622,TV Show,2018,"September 12, 2018",0,TV-MA,International TV Shows,South Korea,3,1,1.0
s3623,Movie,2010,"April 1, 2017",7,TV-MA,Documentaries,United States,1,1,99.0
s3624,Movie,2014,"July 21, 2018",4,R,Comedies,United States,3,1,89.0
s3625,Movie,2007,"November 1, 2018",11,TV-14,Dramas,India,3,1,126.0
s3626,Movie,2018,"June 1, 2019",1,TV-PG,Documentaries,United States,2,1,83.0
s3627,Movie,2012,"December 28, 2018",6,TV-MA,Action & Adventure,India,3,1,109.0
s3628,Movie,2018,"February 25, 2019",1,TV-PG,Dramas,India,3,1,80.0
s3629,TV Show,2009,"April 22, 2015",6,TV-G,British TV Shows,United States,3,1,1.0
s3630,Movie,2019,"June 15, 2019",0,TV-PG,Documentaries,Sweden,1,2,40.0
s3631,TV Show,2016,"August 1, 2017",1,TV-PG,International TV Shows,Taiwan,3,1,1.0
s3632,TV Show,2018,"June 23, 2018",0,TV-14,TV Dramas,United States,1,1,1.0
s3633,TV Show,2014,"June 20, 2016",2,TV-14,British TV Shows,United Kingdom,3,1,1.0
s3634,Movie,2006,"June 2, 2020",14,TV-14,Comedies,Egypt,2,1,109.0
s3635,Movie,2018,"May 28, 2019",1,TV-MA,Horror Movies,Canada,3,1,84.0
s3636,Movie,1997,"August 16, 2018",21,TV-14,Action & Adventure,Hong Kong,2,1,104.0
s3637,Movie,2019,"May 18, 2020",1,TV-14,Dramas,Nigeria,2,1,105.0
s3638,Movie,2018,"May 6, 2019",1,TV-PG,Dramas,United States,2,1,99.0
s3639,Movie,2018,"August 3, 2018",0,TV-MA,Comedies,United States,2,1,104.0
s3640,Movie,1992,"November 1, 2019",27,R,Classic Movies,Mexico,3,1,105.0
s3641,Movie,2019,"March 4, 2020",1,TV-MA,Documentaries,United States,2,1,116.0
s3642,Movie,2015,"February 6, 2016",1,R,Dramas,United States,2,1,94.0
s3643,Movie,2018,"December 17, 2018",0,TV-MA,Dramas,India,3,1,85.0
s3644,TV Show,2014,"November 21, 2014",0,TV-MA,Crime TV Shows,Norway,3,2,3.0
s3645,Movie,2017,"October 1, 2019",2,TV-PG,Documentaries,India,3,1,59.0
s3647,Movie,2012,"February 21, 2018",6,PG-13,Dramas,United States,1,2,150.0
s3648,Movie,2016,"December 1, 2018",2,TV-MA,Action & Adventure,China,3,2,109.0
s3649,Movie,2020,"August 26, 2020",0,TV-MA,Dramas,United States,3,2,94.0
s3650,TV Show,2017,"December 21, 2018",1,TV-MA,International TV Shows,Taiwan,3,1,1.0
s3651,Movie,2013,"May 9, 2019",6,TV-14,Action & Adventure,Egypt,2,1,111.0
s3652,Movie,2018,"January 4, 2019",1,TV-PG,Comedies,Nigeria,3,1,95.0
s3653,Movie,2019,"April 10, 2019",0,TV-14,Stand-Up Comedy,Brazil,1,1,59.0
s3654,Movie,2017,"October 19, 2020",3,TV-MA,Dramas,Lebanon,3,1,103.0
s3655,Movie,1990,"November 1, 2019",29,TV-14,Documentaries,Unknown,2,0,116.0
s3656,Movie,2019,"October 1, 2019",0,TV-Y,Children & Family Movies,Unknown,1,0,58.0
s3657,TV Show,2019,"October 18, 2019",0,TV-Y,British TV Shows,United Kingdom,2,1,2.0
s3658,Movie,2016,"June 1, 2017",1,TV-MA,Comedies,United States,3,1,89.0
s3659,Movie,1983,"August 1, 2018",35,TV-14,Action & Adventure,Hong Kong,3,1,92.0
s3660,Movie,2017,"September 1, 2017",0,TV-MA,Comedies,United States,2,1,95.0
s3661,TV Show,2015,"February 1, 2018",3,,Kids' TV,Australia,2,1,1.0
s3662,Movie,2016,"March 15, 2018",2,TV-Y7,Children & Family Movies,Australia,2,1,23.0
s3663,Movie,2016,"March 15, 2018",2,TV-Y7,Children & Family Movies,Australia,2,1,25.0
s3664,Movie,2016,"January 12, 2017",1,PG,Dramas,United States,2,3,85.0
s3665,Movie,2018,"October 28, 2019",1,TV-G,Documentaries,United Kingdom,3,1,20.0
s3666,Movie,1989,"November 1, 2020",31,PG,Children & Family Movies,United States,2,1,102.0
s3667,Movie,2000,"December 1, 2020",20,PG-13,Comedies,United States,1,1,90.0
s3668,TV Show,2020,"July 4, 2020",0,TV-Y7,Kids' TV,India,2,1,2.0
s3669,Movie,2018,"December 1, 2018",0,TV-Y7-FV,Children & Family Movies,Unknown,2,0,68.0
s3670,Movie,2019,"July 11, 2019",0,TV-Y7,Children & Family Movies,Unknown,2,0,67.0
s3671,Movie,2019,"April 22, 2019",0,TV-Y7,Children & Family Movies,Unknown,2,0,66.0
s3672,Movie,2020,"August 19, 2020",0,TV-Y7,Children & Family Movies,Unknown,2,0,70.0
s3673,Movie,2019,"October 19, 2019",0,TV-Y7,Children & Family Movies,Unknown,2,0,66.0
s3674,Movie,2020,"July 15, 2020",0,TV-Y7,Children & Family Movies,Unknown,2,0,68.0
s3675,Movie,2019,"November 27, 2019",0,TV-Y7,Children & Family Movies,Unknown,2,0,69.0
s3676,Movie,2016,"January 14, 2017",1,NR,Comedies,United States,3,1,91.0
s3677,TV Show,2019,"November 9, 2019",0,TV-MA,International TV Shows,India,3,1,3.0
s3678,TV Show,2017,"June 30, 2017",0,TV-Y7,Anime Series,Japan,2,1,2.0
s3679,TV Show,2018,"February 1, 2019",1,TV-Y7,Kids' TV,United States,1,1,2.0
s3680,TV Show,2017,"April 23, 2017",0,TV-G,Kids' TV,United States,2,1,4.0
s3681,TV Show,2018,"February 5, 2019",1,TV-MA,Crime TV Shows,South Korea,3,1,1.0
s3682,Movie,2020,"January 7, 2020",0,TV-MA,Comedies,Spain,3,1,102.0
s3683,TV Show,2017,"January 1, 2020",3,TV-MA,International TV Shows,South Korea,3,1,1.0
s3684,Movie,2019,"May 22, 2020",1,TV-MA,Horror Movies,Nigeria,3,1,149.0
s3685,TV Show,2019,"October 2, 2019",0,TV-MA,Docuseries,United States,1,1,1.0
s3686,TV Show,2019,"October 18, 2019",0,TV-MA,TV Comedies,United States,2,1,1.0
s3687,Movie,2014,"July 25, 2016",2,TV-14,Thrillers,United States,1,1,87.0
s3688,TV Show,2019,"November 15, 2019",0,TV-Y,Kids' TV,United States,1,1,2.0
s3689,Movie,2016,"December 23, 2016",0,PG-13,Documentaries,United States,1,1,98.0
s3690,Movie,2018,"May 4, 2018",0,TV-14,Comedies,Mexico,3,1,94.0
s3691,TV Show,2017,"February 1, 2019",2,TV-14,Crime TV Shows,Spain,3,1,1.0
s3692,TV Show,2013,"December 31, 2017",4,TV-14,Crime TV Shows,Mexico,3,1,1.0
s3693,TV Show,2017,"April 1, 2018",1,TV-MA,British TV Shows,United Kingdom,3,1,1.0
s3694,Movie,2016,"October 1, 2018",2,TV-14,Dramas,India,2,1,90.0
s3695,Movie,1982,"May 21, 2020",38,TV-PG,Comedies,Unknown,3,0,233.0
s3696,Movie,1998,"January 1, 2019",21,R,Action & Adventure,United Kingdom,3,1,108.0
s3697,Movie,2013,"July 15, 2018",5,R,Dramas,United Kingdom,2,2,85.0
s3698,TV Show,2020,"February 7, 2020",0,TV-14,TV Action & Adventure,Canada,3,2,1.0
s3699,Movie,2018,"September 13, 2019",1,TV-14,Comedies,Turkey,2,1,105.0
s3700,TV Show,2020,"July 31, 2020",0,TV-MA,Crime TV Shows,Spain,3,1,5.0
s3701,Movie,2012,"May 7, 2020",8,PG-13,Action & Adventure,France,3,2,95.0
s3702,Movie,2017,"July 30, 2017",0,TV-MA,Dramas,Mexico,3,1,103.0
s3703,TV Show,2014,"August 1, 2017",3,TV-MA,Crime TV Shows,Russia,3,1,1.0
s3704,Movie,2015,"May 1, 2017",2,TV-MA,Dramas,India,3,1,89.0
s3705,Movie,1976,"November 1, 2019",43,PG,Action & Adventure,United States,3,1,118.0
s3706,Movie,2019,"June 18, 2020",1,TV-14,Comedies,Philippines,2,1,114.0
s3708,Movie,1962,"November 1, 2019",57,R,Classic Movies,United Kingdom,3,2,153.0
s3709,Movie,2017,"November 9, 2018",1,TV-MA,Comedies,Germany,2,1,106.0
s3710,Movie,2017,"January 1, 2021",4,R,Action & Adventure,United Kingdom,1,1,96.0
s3711,Movie,2020,"December 22, 2020",0,TV-MA,Stand-Up Comedy,United States,1,1,68.0
s3712,TV Show,2015,"March 31, 2017",2,TV-MA,British TV Shows,United Kingdom,3,1,1.0
s3713,Movie,2017,"September 29, 2017",0,TV-14,Documentaries,United States,1,1,40.0
s3714,Movie,2017,"November 12, 2017",0,TV-14,Documentaries,Canada,3,1,96.0
s3715,TV Show,2017,"November 17, 2017",0,TV-MA,Crime TV Shows,United States,2,1,6.0
s3716,TV Show,2016,"September 1, 2019",3,TV-Y,Kids' TV,Unknown,1,0,1.0
s3717,Movie,2009,"December 1, 2018",9,TV-14,Comedies,Hong Kong,3,1,117.0
s3718,Movie,1990,"August 16, 2018",28,TV-14,Action & Adventure,Hong Kong,3,1,88.0
s3719,Movie,2015,"April 9, 2016",1,NR,Comedies,Germany,2,1,116.0
s3720,Movie,2015,"September 1, 2017",2,TV-14,Dramas,India,3,1,155.0
s3721,Movie,2019,"November 20, 2019",0,TV-G,Documentaries,Mexico,3,1,28.0
s3722,TV Show,2015,"June 29, 2018",3,TV-MA,International TV Shows,Unknown,3,0,1.0
s3723,Movie,2015,"August 12, 2017",2,TV-MA,Dramas,Mexico,2,1,71.0
s3724,Movie,2017,"December 15, 2017",0,TV-14,Documentaries,Unknown,2,0,88.0
s3725,TV Show,2012,"August 1, 2018",6,TV-14,Crime TV Shows,Colombia,3,1,1.0
s3726,Movie,2019,"September 15, 2019",0,TV-PG,Documentaries,United States,3,1,64.0
s3727,TV Show,2019,"March 1, 2019",0,TV-MA,Docuseries,Unknown,1,0,1.0
s3728,Movie,2017,"May 1, 2017",0,TV-14,Documentaries,United States,2,4,92.0
s3729,TV Show,2016,"December 3, 2016",0,TV-G,Kids' TV,Canada,3,1,2.0
s3730,Movie,2020,"June 19, 2020",0,TV-MA,Action & Adventure,France,3,1,93.0
s3732,Movie,2020,"March 13, 2020",0,R,Dramas,United States,1,1,95.0
s3733,Movie,2017,"December 21, 2019",2,TV-PG,Comedies,Nigeria,2,1,86.0
s3734,TV Show,2019,"December 24, 2019",0,TV-PG,TV Action & Adventure,United States,3,1,2.0
s3735,TV Show,2018,"October 5, 2018",0,TV-14,Anime Series,Japan,2,1,1.0
s3736,Movie,2018,"November 13, 2018",0,TV-14,Music & Musicals,Unknown,1,0,92.0
s3737,Movie,2017,"April 4, 2017",0,,Movies,United States,1,1,74.0
s3738,Movie,2010,"September 16, 2016",6,,Movies,United States,1,1,84.0
s3739,Movie,2015,"August 15, 2016",1,,Movies,United States,1,1,66.0
s3740,TV Show,2018,"March 9, 2018",0,TV-MA,Romantic TV Shows,United States,3,1,3.0
s3741,TV Show,2016,"December 21, 2018",2,TV-14,International TV Shows,Taiwan,3,1,1.0
s3742,TV Show,2020,"November 4, 2020",0,TV-MA,International TV Shows,Sweden,3,1,1.0
s3743,TV Show,2020,"April 24, 2020",0,TV-MA,International TV Shows,Turkey,3,1,1.0
s3744,Movie,2020,"April 27, 2020",0,TV-MA,Dramas,India,3,1,140.0
s3745,TV Show,2019,"August 22, 2019",0,TV-MA,International TV Shows,South Korea,3,1,1.0
s3746,TV Show,2018,"November 30, 2018",0,TV-MA,International TV Shows,Japan,3,1,1.0
s3747,TV Show,2017,"January 20, 2018",1,TV-PG,International TV Shows,Japan,3,1,1.0
s3748,Movie,2017,"September 1, 2018",1,TV-MA,Dramas,India,3,1,110.0
s3749,TV Show,2013,"November 1, 2016",3,TV-14,International TV Shows,Taiwan,3,1,1.0
s3750,Movie,2016,"March 1, 2018",2,R,Dramas,United States,2,1,106.0
s3751,TV Show,2014,"October 1, 2016",2,TV-14,International TV Shows,Taiwan,3,1,1.0
s3752,TV Show,2015,"August 1, 2016",1,TV-MA,International TV Shows,Taiwan,3,1,1.0
s3753,Movie,2019,"February 17, 2020",1,TV-MA,Comedies,United States,2,1,98.0
s3754,TV Show,2013,"November 1, 2016",3,TV-MA,International TV Shows,Taiwan,3,1,1.0
s3755,Movie,2018,"October 6, 2019",1,TV-14,Dramas,Indonesia,3,1,101.0
s3756,Movie,2019,"February 10, 2020",1,TV-14,Dramas,Indonesia,3,1,96.0
s3757,TV Show,2013,"February 17, 2017",4,TV-14,International TV Shows,South Korea,3,1,1.0
s3758,Movie,2010,"August 1, 2018",8,TV-MA,Comedies,Hong Kong,3,1,103.0
s3759,Movie,2015,"June 1, 2019",4,TV-MA,International Movies,Romania,3,1,105.0
s3760,Movie,2019,"May 12, 2020",1,TV-MA,Dramas,United States,3,1,93.0
s3761,TV Show,2010,"March 1, 2017",7,TV-14,International TV Shows,United Kingdom,2,1,1.0
s3762,Movie,2019,"April 29, 2020",1,TV-14,Comedies,Nigeria,3,1,111.0
s3763,Movie,2018,"February 1, 2020",2,PG-13,Comedies,Canada,3,2,94.0
s3764,Movie,1997,"November 1, 2019",22,R,Comedies,United States,3,1,109.0
s3765,Movie,2020,"October 15, 2020",0,TV-14,Dramas,Indonesia,3,1,87.0
s3766,TV Show,2015,"February 22, 2017",2,TV-PG,International TV Shows,Turkey,3,1,3.0
s3767,TV Show,2012,"November 1, 2016",4,TV-14,International TV Shows,Taiwan,3,1,1.0
s3768,Movie,2017,"May 1, 2018",1,TV-14,Comedies,India,3,1,163.0
s3769,TV Show,2012,"November 1, 2016",4,TV-14,International TV Shows,Taiwan,3,1,1.0
s3770,Movie,2016,"April 1, 2019",3,TV-14,International Movies,China,3,1,103.0
s3771,Movie,2017,"January 31, 2019",2,TV-MA,Comedies,China,3,2,120.0
s3772,Movie,1994,"August 16, 2018",24,TV-14,Action & Adventure,Hong Kong,3,1,93.0
s3773,TV Show,2019,"July 22, 2020",1,TV-14,Docuseries,Australia,3,1,1.0
s3774,Movie,2018,"February 14, 2018",0,TV-14,Comedies,India,3,1,133.0
s3775,TV Show,2012,"May 1, 2018",6,TV-PG,International TV Shows,South Korea,3,1,1.0
s3776,TV Show,2016,"June 18, 2018",2,TV-MA,International TV Shows,Unknown,3,0,1.0
s3777,Movie,2018,"July 15, 2019",1,TV-MA,Dramas,United States,2,1,77.0
s3778,Movie,2011,"April 25, 2019",8,TV-14,Comedies,Egypt,3,1,97.0
s3779,TV Show,2016,"August 1, 2017",1,TV-14,International TV Shows,Unknown,3,0,1.0
s3780,Movie,2020,"April 10, 2020",0,TV-MA,Comedies,United Kingdom,3,2,101.0
s3781,Movie,2017,"December 17, 2020",3,TV-14,Comedies,Philippines,3,1,111.0
s3782,Movie,2015,"January 5, 2019",4,TV-14,Comedies,Indonesia,3,1,115.0
s3783,TV Show,2013,"July 26, 2019",6,TV-G,British TV Shows,United Kingdom,3,1,1.0
s3784,TV Show,2014,"November 1, 2019",5,TV-PG,Anime Series,Japan,3,1,2.0
s3785,TV Show,2019,"March 15, 2019",0,TV-MA,TV Action & Adventure,United States,3,1,1.0
s3786,Movie,2020,"September 3, 2020",0,TV-PG,Comedies,United States,3,1,91.0
s3787,Movie,2014,"November 20, 2019",5,R,Comedies,Germany,3,2,103.0
s3788,Movie,2017,"October 18, 2019",2,TV-14,Comedies,Turkey,3,1,95.0
s3789,Movie,2017,"June 1, 2017",0,TV-MA,Comedies,Brazil,3,1,92.0
s3790,TV Show,2014,"September 3, 2018",4,TV-MA,International TV Shows,Unknown,3,0,1.0
s3791,Movie,2016,"May 15, 2017",1,TV-MA,Dramas,United States,3,1,84.0
s3792,TV Show,2020,"December 22, 2020",0,TV-14,International TV Shows,South Korea,3,1,1.0
s3793,Movie,2016,"May 7, 2017",1,TV-MA,Documentaries,United States,1,1,82.0
s3794,Movie,2016,"November 16, 2020",4,PG-13,Dramas,United Kingdom,2,2,124.0
s3795,Movie,2006,"July 1, 2018",12,TV-MA,Dramas,United States,3,1,77.0
s3796,Movie,2019,"April 26, 2019",0,TV-MA,Comedies,Colombia,3,1,91.0
s3797,Movie,1995,"August 16, 2018",23,TV-14,Dramas,Hong Kong,2,1,79.0
s3798,Movie,2010,"May 16, 2019",9,TV-MA,Dramas,India,3,1,112.0
s3799,Movie,2017,"March 18, 2020",3,PG,Anime Features,Japan,3,1,113.0
s3800,Movie,2017,"April 18, 2017",0,TV-MA,Stand-Up Comedy,United States,1,1,50.0
s3801,Movie,2020,"May 4, 2020",0,TV-G,Children & Family Movies,Brazil,3,1,81.0
s3802,Movie,2019,"January 1, 2020",1,TV-G,Children & Family Movies,Unknown,3,0,81.0
s3803,Movie,2019,"November 5, 2019",0,TV-G,Children & Family Movies,Brazil,3,1,87.0
s3804,Movie,2019,"March 3, 2020",1,TV-Y,Children & Family Movies,Brazil,3,1,71.0
s3805,Movie,2016,"July 15, 2018",2,TV-PG,Documentaries,Argentina,3,1,98.0
s3806,Movie,2018,"July 6, 2018",0,TV-14,Stand-Up Comedy,Argentina,1,1,66.0
s3807,Movie,2017,"June 2, 2017",0,TV-MA,International Movies,South Korea,3,1,102.0
s3808,TV Show,2020,"August 21, 2020",0,TV-14,Crime TV Shows,United States,3,1,5.0
s3809,Movie,2009,"December 15, 2019",10,TV-14,Dramas,India,3,1,156.0
s3810,Movie,2019,"June 15, 2019",0,TV-14,Comedies,India,3,1,113.0
s3811,Movie,2017,"October 16, 2017",0,TV-14,Dramas,India,3,1,144.0
s3812,TV Show,2010,"September 1, 2016",6,TV-PG,International TV Shows,China,3,1,1.0
s3813,Movie,2005,"November 15, 2017",12,TV-14,Dramas,India,3,1,131.0
s3814,Movie,2020,"November 12, 2020",0,TV-MA,Comedies,India,3,1,150.0
s3815,TV Show,2019,"November 28, 2019",0,TV-MA,International TV Shows,Brazil,3,1,1.0
s3816,TV Show,2018,"July 12, 2019",1,TV-MA,International TV Shows,Mexico,3,1,1.0
s3817,Movie,2019,"June 7, 2019",0,TV-PG,Comedies,India,3,1,125.0
s3818,TV Show,2020,"January 31, 2020",0,TV-MA,International TV Shows,Italy,3,1,1.0
s3819,TV Show,2017,"November 17, 2017",0,TV-Y,Kids' TV,United States,1,1,3.0
s3820,TV Show,2018,"July 20, 2018",0,TV-Y,Kids' TV,Canada,1,2,2.0
s3821,TV Show,2019,"April 19, 2019",0,TV-MA,International TV Shows,Australia,2,1,1.0
s3822,TV Show,2018,"August 31, 2019",1,TV-Y,British TV Shows,China,2,2,1.0
s3823,TV Show,2021,"January 8, 2021",0,TV-MA,Crime TV Shows,United States,3,1,1.0
s3824,Movie,1979,"May 15, 2018",39,PG-13,Action & Adventure,Japan,3,1,100.0
s3825,Movie,2018,"April 5, 2019",1,TV-14,Horror Movies,India,3,1,110.0
s3826,Movie,2015,"July 15, 2016",1,TV-MA,Comedies,Argentina,3,3,100.0
s3827,Movie,2018,"June 15, 2018",0,TV-MA,Comedies,India,3,1,121.0
s3828,Movie,2012,"October 1, 2018",6,TV-14,Comedies,India,3,1,129.0
s3829,Movie,2017,"August 22, 2017",0,TV-MA,Stand-Up Comedy,United States,1,1,51.0
s3830,Movie,2017,"July 1, 2018",1,TV-14,International Movies,India,2,1,117.0
s3831,Movie,2020,"December 18, 2020",0,R,Dramas,United States,2,1,94.0
s3832,Movie,2020,"December 18, 2020",0,TV-PG,Documentaries,Unknown,2,0,32.0
s3833,Movie,2017,"January 1, 2018",1,TV-PG,Dramas,India,2,2,107.0
s3834,Movie,2012,"April 20, 2016",4,R,Comedies,United States,1,1,76.0
s3835,Movie,2014,"October 15, 2017",3,TV-MA,Horror Movies,India,2,1,118.0
s3836,Movie,2013,"November 22, 2020",7,R,Action & Adventure,United States,1,2,108.0
s3837,Movie,2016,"April 12, 2017",1,TV-MA,Comedies,Mexico,3,1,101.0
s3838,Movie,1979,"August 1, 2020",41,R,Action & Adventure,Australia,3,2,93.0
s3840,Movie,2008,"November 1, 2019",11,PG-13,Comedies,United States,1,1,99.0
s3841,Movie,1987,"November 1, 2010",23,NR,Cult Movies,United States,2,1,84.0
s3842,Movie,2016,"September 20, 2018",2,TV-MA,Dramas,Hong Kong,2,1,102.0
s3843,Movie,2016,"February 17, 2017",1,TV-14,Dramas,India,3,1,134.0
s3844,Movie,2008,"May 1, 2020",12,PG,Children & Family Movies,United States,2,1,91.0
s3845,TV Show,2019,"May 15, 2020",1,TV-PG,TV Dramas,United States,1,1,6.0
s3846,Movie,2017,"January 1, 2018",1,TV-MA,Documentaries,United States,1,1,78.0
s3847,Movie,2019,"January 12, 2020",1,TV-MA,Comedies,India,3,1,128.0
s3848,TV Show,2018,"September 28, 2018",0,TV-MA,International TV Shows,United States,3,1,1.0
s3849,Movie,2004,"January 10, 2021",17,TV-14,Documentaries,India,2,1,141.0
s3850,Movie,2013,"July 5, 2020",7,TV-14,Dramas,India,3,1,128.0
s3851,Movie,2016,"August 26, 2017",1,TV-MA,International Movies,Chile,2,1,95.0
s3852,TV Show,2017,"March 31, 2019",2,TV-Y7,Kids' TV,Italy,2,1,1.0
s3853,TV Show,2016,"July 14, 2016",0,TV-14,Anime Series,Japan,2,1,1.0
s3854,TV Show,2013,"June 21, 2019",6,TV-14,Anime Series,Japan,2,1,2.0
s3855,TV Show,2020,"May 15, 2020",0,TV-14,Reality TV,United States,2,1,3.0
s3856,TV Show,2016,"June 10, 2017",1,TV-PG,International TV Shows,South Korea,3,1,1.0
s3857,Movie,2013,"December 20, 2015",2,TV-Y,Children & Family Movies,France,1,2,73.0
s3858,TV Show,2019,"October 15, 2019",0,TV-G,Docuseries,Uruguay,3,2,1.0
s3859,Movie,2018,"June 12, 2020",2,TV-14,Action & Adventure,France,3,1,110.0
s3860,Movie,2015,"April 1, 2020",5,TV-14,Comedies,India,3,1,143.0
s3861,Movie,1999,"January 1, 2020",21,R,Dramas,United States,2,1,189.0
s3862,Movie,2016,"February 22, 2017",1,TV-PG,Children & Family Movies,Norway,3,1,75.0
s3863,Movie,2013,"August 1, 2018",5,TV-14,Action & Adventure,India,3,1,119.0
s3864,Movie,2010,"January 30, 2019",9,TV-14,Dramas,Unknown,2,0,56.0
s3865,TV Show,2015,"April 15, 2017",2,TV-14,International TV Shows,India,3,1,1.0
s3866,TV Show,2014,"April 1, 2017",3,TV-14,International TV Shows,India,3,1,1.0
s3867,Movie,2017,"December 1, 2019",2,TV-14,Comedies,United Kingdom,3,1,134.0
s3868,TV Show,2010,"March 1, 2018",8,TV-14,International TV Shows,India,2,1,1.0
s3869,Movie,1981,"August 16, 2018",37,TV-PG,Comedies,Hong Kong,2,1,92.0
s3870,TV Show,2013,"December 26, 2016",3,TV-14,International TV Shows,Turkey,3,2,1.0
s3871,TV Show,2010,"November 1, 2019",9,TV-14,Anime Series,Japan,2,1,1.0
s3872,Movie,2009,"August 2, 2018",9,TV-14,International Movies,India,3,1,109.0
s3873,Movie,2004,"April 1, 2018",14,TV-14,Action & Adventure,India,3,1,171.0
s3874,Movie,2005,"October 1, 2018",13,TV-PG,Comedies,India,3,1,129.0
s3875,Movie,2005,"December 31, 2019",14,TV-14,Comedies,India,3,1,137.0
s3876,Movie,1989,"January 1, 2018",29,TV-PG,Dramas,India,3,1,192.0
s3877,TV Show,2015,"September 29, 2017",2,TV-PG,International TV Shows,Unknown,3,0,1.0
s3878,TV Show,2018,"October 19, 2018",0,TV-14,Crime TV Shows,United States,2,1,2.0
s3879,Movie,2020,"August 26, 2020",0,TV-MA,Documentaries,United States,1,1,33.0
s3880,Movie,2020,"March 26, 2020",0,TV-G,Documentaries,Germany,2,1,21.0
s3881,TV Show,2016,"May 28, 2020",4,TV-G,Kids' TV,Australia,2,1,4.0
s3882,Movie,2018,"June 15, 2018",0,TV-MA,Comedies,Israel,2,1,106.0
s3883,Movie,2017,"November 15, 2018",1,TV-PG,Dramas,India,2,1,132.0
s3884,Movie,2019,"September 26, 2019",0,TV-14,Dramas,India,3,1,133.0
s3885,Movie,2020,"May 14, 2020",0,TV-MA,Action & Adventure,India,3,1,131.0
s3886,Movie,2018,"March 2, 2018",0,TV-MA,Stand-Up Comedy,Argentina,1,1,51.0
s3887,Movie,2018,"October 5, 2018",0,TV-MA,Horror Movies,United Kingdom,2,1,89.0
s3888,Movie,2019,"May 13, 2019",0,TV-G,Children & Family Movies,United States,2,1,70.0
s3889,Movie,2020,"August 4, 2020",0,TV-G,Children & Family Movies,United States,2,1,71.0
s3890,TV Show,2019,"June 3, 2019",0,TV-G,Kids' TV,United States,3,1,1.0
s3891,Movie,2018,"February 1, 2019",1,TV-MA,Horror Movies,United States,1,1,91.0
s3892,Movie,2019,"November 20, 2019",0,TV-PG,Dramas,India,3,1,131.0
s3893,Movie,2018,"July 10, 2020",2,TV-14,Comedies,Egypt,2,1,101.0
s3894,TV Show,2017,"November 30, 2017",0,TV-MA,British TV Shows,United Kingdom,2,1,4.0
s3895,TV Show,2020,"April 1, 2020",0,TV-MA,British TV Shows,United Kingdom,2,1,3.0
s3896,Movie,2013,"July 26, 2018",5,R,Action & Adventure,United States,2,3,105.0
s3897,TV Show,2017,"June 10, 2017",0,TV-14,Crime TV Shows,South Korea,3,1,1.0
s3898,Movie,2015,"September 4, 2018",3,R,Comedies,United Kingdom,3,2,88.0
s3899,TV Show,2018,"December 1, 2018",0,TV-PG,International TV Shows,Unknown,3,0,1.0
s3900,TV Show,2020,"September 30, 2020",0,TV-PG,TV Comedies,United States,1,1,4.0
s3901,Movie,1983,"January 1, 2020",37,TV-MA,Dramas,India,3,1,155.0
s3902,Movie,2017,"April 1, 2018",1,TV-14,Dramas,India,3,1,103.0
s3903,Movie,2014,"April 16, 2017",3,PG-13,Dramas,United States,2,1,97.0
s3904,Movie,2016,"March 15, 2018",2,TV-14,Dramas,United States,2,1,92.0
s3905,Movie,2014,"September 8, 2017",3,TV-14,Comedies,United States,3,1,98.0
s3906,Movie,2017,"May 4, 2018",1,TV-MA,Action & Adventure,China,2,2,109.0
s3907,TV Show,2020,"December 7, 2020",0,TV-14,Crime TV Shows,Unknown,3,0,1.0
s3908,TV Show,2018,"September 21, 2018",0,TV-MA,TV Comedies,United States,3,1,1.0
s3909,Movie,2020,"August 31, 2020",0,TV-14,Comedies,India,3,1,110.0
s3910,Movie,2017,"October 1, 2018",1,TV-14,Comedies,India,3,1,136.0
s3911,Movie,2020,"December 4, 2020",0,R,Dramas,United States,2,1,133.0
s3912,Movie,2019,"September 23, 2019",0,TV-MA,Comedies,India,3,1,152.0
s3913,Movie,1999,"September 28, 2020",21,TV-14,Dramas,India,3,1,173.0
s3914,Movie,2017,"January 15, 2018",1,TV-MA,Documentaries,United Kingdom,2,1,89.0
s3915,Movie,2007,"September 28, 2020",13,TV-14,Dramas,India,3,1,129.0
s3916,Movie,1974,"September 1, 2017",43,TV-14,Comedies,India,3,1,162.0
s3917,Movie,1999,"January 1, 2020",21,PG-13,Comedies,United Kingdom,3,1,112.0
s3918,Movie,2015,"October 27, 2015",0,TV-MA,Comedies,United States,3,1,85.0
s3919,Movie,2018,"November 30, 2018",0,TV-MA,Dramas,India,3,1,114.0
s3920,Movie,2017,"December 15, 2017",0,TV-MA,Dramas,India,3,1,75.0
s3921,Movie,2017,"December 15, 2017",0,TV-14,Dramas,India,3,1,89.0
s3922,Movie,2018,"August 1, 2019",1,TV-14,Dramas,India,3,1,177.0
s3923,Movie,2017,"February 2, 2019",2,TV-14,Dramas,India,3,1,93.0
s3924,Movie,2014,"December 16, 2018",4,R,Comedies,Canada,2,4,112.0
s3925,TV Show,2017,"April 27, 2017",0,TV-MA,Crime TV Shows,Spain,3,1,2.0
s3926,Movie,2017,"January 5, 2019",2,TV-MA,Horror Movies,United Kingdom,2,1,99.0
s3928,Movie,2016,"December 1, 2020",4,R,Action & Adventure,Canada,1,2,107.0
s3929,Movie,2020,"March 10, 2020",0,TV-MA,Stand-Up Comedy,United States,1,1,71.0
s3930,Movie,2013,"November 1, 2018",5,TV-MA,Stand-Up Comedy,United States,1,1,95.0
s3931,Movie,2017,"September 5, 2017",0,TV-MA,Stand-Up Comedy,United States,1,1,70.0
s3932,TV Show,2019,"June 14, 2020",1,TV-MA,British TV Shows,United Kingdom,3,1,3.0
s3933,TV Show,2017,"June 1, 2019",2,TV-14,Anime Series,Japan,3,1,2.0
s3934,TV Show,2018,"August 3, 2018",0,TV-14,Docuseries,United States,1,1,1.0
s3935,Movie,2017,"June 15, 2017",0,TV-MA,Stand-Up Comedy,Brazil,1,1,73.0
s3936,TV Show,2016,"July 1, 2016",0,TV-MA,TV Action & Adventure,United States,2,1,2.0
s3937,Movie,2015,"December 26, 2015",0,TV-MA,Movies,United States,1,1,29.0
s3938,Movie,2019,"May 17, 2019",0,TV-MA,Action & Adventure,Philippines,2,1,90.0
s3939,Movie,2017,"May 2, 2017",0,TV-MA,Stand-Up Comedy,United States,1,1,64.0
s3940,Movie,2012,"August 25, 2018",6,TV-MA,Stand-Up Comedy,United States,1,1,50.0
s3941,Movie,2015,"December 9, 2016",1,TV-G,Children & Family Movies,United States,2,1,38.0
s3942,TV Show,2019,"September 13, 2019",0,TV-MA,International TV Shows,France,3,1,1.0
s3943,Movie,2016,"September 19, 2016",0,TV-MA,Stand-Up Comedy,Unknown,1,0,69.0
s3944,Movie,2016,"May 1, 2016",0,TV-14,Movies,Unknown,1,0,29.0
s3945,TV Show,2018,"June 14, 2019",1,TV-14,TV Comedies,United States,1,1,2.0
s3946,Movie,2018,"February 27, 2018",0,TV-MA,Stand-Up Comedy,United States,1,1,67.0
s3948,Movie,2016,"February 1, 2017",1,TV-MA,Dramas,India,3,1,94.0
s3949,Movie,2018,"August 23, 2019",1,TV-14,Comedies,India,2,1,135.0
s3950,Movie,2019,"December 6, 2019",0,R,Dramas,United Kingdom,1,2,137.0
s3951,TV Show,2019,"April 13, 2020",1,TV-14,Reality TV,United States,2,1,1.0
s3953,TV Show,2018,"February 23, 2018",0,TV-MA,International TV Shows,France,3,1,2.0
s3954,Movie,1986,"August 16, 2018",32,R,Action & Adventure,Hong Kong,2,2,90.0
s3955,Movie,2002,"December 1, 2019",17,R,Stand-Up Comedy,United States,1,1,104.0
s3956,Movie,2017,"January 1, 2018",1,TV-PG,Documentaries,United States,2,1,55.0
s3957,Movie,2019,"October 14, 2019",0,TV-14,Stand-Up Comedy,Canada,1,1,62.0
s3958,Movie,2016,"March 15, 2018",2,TV-14,Documentaries,India,2,1,83.0
s3959,Movie,2014,"March 15, 2015",1,TV-PG,Documentaries,Unknown,2,0,77.0
s3960,TV Show,2011,"December 16, 2020",9,TV-14,Anime Series,United States,2,2,1.0
s3961,TV Show,2011,"December 16, 2020",9,TV-14,Anime Series,Japan,2,1,1.0
s3962,Movie,2015,"February 24, 2016",1,PG,Children & Family Movies,United States,2,1,74.0
s3963,TV Show,2020,"October 30, 2020",0,TV-14,TV Action & Adventure,United States,2,1,7.0
s3964,TV Show,2018,"October 19, 2018",0,TV-MA,Crime TV Shows,United States,2,1,3.0
s3965,Movie,2016,"January 4, 2017",1,PG,Children & Family Movies,United States,2,1,75.0
s3966,TV Show,2018,"September 7, 2018",0,TV-MA,Crime TV Shows,United States,3,1,2.0
s3967,Movie,2013,"February 16, 2014",1,PG,Action & Adventure,United States,2,1,72.0
s3968,TV Show,2019,"June 14, 2019",0,TV-MA,Crime TV Shows,United States,3,1,3.0
s3969,TV Show,2018,"June 22, 2018",0,TV-MA,Crime TV Shows,United States,3,1,2.0
s3970,TV Show,2017,"August 18, 2017",0,TV-MA,Crime TV Shows,United States,3,1,1.0
s3971,TV Show,2019,"January 18, 2019",0,TV-MA,Crime TV Shows,United States,3,1,2.0
s3972,Movie,2017,"July 17, 2018",1,PG,Anime Features,Japan,2,1,103.0
s3973,Movie,2014,"July 5, 2020",6,TV-PG,Dramas,India,3,1,120.0
s3974,Movie,2018,"July 9, 2019",1,PG,Children & Family Movies,United States,2,2,131.0
s3975,TV Show,2016,"July 26, 2019",3,TV-14,British TV Shows,United Kingdom,3,1,1.0
s3976,TV Show,2020,"August 28, 2020",0,TV-MA,International TV Shows,India,3,1,1.0
s3977,Movie,2020,"March 19, 2020",0,TV-14,Comedies,Saudi Arabia,2,1,100.0
s3978,TV Show,2013,"December 9, 2020",7,TV-14,International TV Shows,Saudi Arabia,2,1,4.0
s3979,Movie,2016,"October 13, 2016",0,TV-MA,Comedies,United States,1,1,95.0
s3980,TV Show,2019,"May 1, 2020",1,TV-Y,Kids' TV,Russia,1,1,4.0
s3981,TV Show,2012,"October 1, 2016",4,TV-Y,Kids' TV,United States,1,2,1.0
s3982,TV Show,2012,"February 1, 2016",4,TV-Y,Kids' TV,Unknown,1,0,1.0
s3983,Movie,2020,"March 27, 2020",0,TV-MA,Comedies,India,3,1,112.0
s3984,Movie,1983,"December 31, 2019",36,TV-14,Dramas,India,3,1,138.0
s3985,Movie,2016,"February 1, 2018",2,NR,Action & Adventure,South Korea,2,1,143.0
s3986,TV Show,2017,"May 12, 2017",0,TV-MA,TV Comedies,United States,1,1,2.0
s3987,Movie,2018,"October 23, 2019",1,TV-14,Action & Adventure,Hong Kong,2,2,108.0
s3988,Movie,2017,"May 14, 2020",3,TV-14,Dramas,Unknown,2,0,91.0
s3989,Movie,2017,"August 1, 2018",1,TV-MA,Dramas,Argentina,3,1,80.0
s3990,Movie,2012,"May 1, 2020",8,TV-14,Comedies,South Africa,3,1,94.0
s3991,Movie,2006,"February 15, 2018",12,TV-14,Comedies,India,3,1,132.0
s3992,Movie,2018,"January 26, 2018",0,TV-MA,Stand-Up Comedy,Mexico,1,1,57.0
s3993,Movie,2018,"July 17, 2019",1,TV-14,Action & Adventure,India,3,1,136.0
s3994,Movie,2020,"April 16, 2020",0,TV-MA,Stand-Up Comedy,Brazil,1,1,63.0
s3995,Movie,2013,"January 15, 2017",4,TV-14,Dramas,United States,2,1,84.0
s3996,Movie,2018,"November 15, 2018",0,TV-MA,Horror Movies,Indonesia,2,1,111.0
s3997,Movie,2014,"August 26, 2018",4,TV-MA,Dramas,Hong Kong,2,1,99.0
s3998,Movie,2017,"July 20, 2019",2,TV-14,Comedies,Egypt,3,1,93.0
s3999,Movie,2016,"May 1, 2017",1,TV-PG,Documentaries,United States,1,1,114.0
s4000,Movie,1993,"June 1, 2017",24,TV-14,Dramas,France,3,3,122.0
s4001,Movie,2019,"August 23, 2019",0,TV-PG,International Movies,China,2,2,120.0
s4002,Movie,2017,"September 2, 2018",1,TV-PG,Documentaries,United States,1,1,100.0
s4003,Movie,2017,"August 1, 2017",0,TV-14,Stand-Up Comedy,Unknown,1,0,67.0
s4004,Movie,1988,"January 1, 2018",30,TV-PG,Comedies,India,3,1,132.0
s4005,Movie,2016,"February 14, 2017",1,TV-MA,Comedies,Mexico,3,1,83.0
s4006,Movie,2017,"November 10, 2017",0,TV-MA,Stand-Up Comedy,Mexico,1,1,54.0
s4007,Movie,2016,"July 1, 2019",3,R,Dramas,Canada,3,1,105.0
s4008,Movie,2011,"January 1, 2021",10,PG-13,Comedies,United States,1,1,98.0
s4009,Movie,1973,"July 1, 2019",46,R,Classic Movies,United States,3,1,112.0
s4010,TV Show,2020,"September 16, 2020",0,TV-14,Docuseries,United States,3,1,3.0
s4011,TV Show,2018,"November 9, 2018",0,TV-MA,Docuseries,United States,2,1,1.0
s4012,TV Show,2020,"January 10, 2020",0,TV-MA,Crime TV Shows,United States,3,1,1.0
s4013,TV Show,2019,"May 1, 2020",1,TV-MA,International TV Shows,Italy,2,3,3.0
s4014,Movie,2017,"March 9, 2018",1,TV-PG,Dramas,Canada,1,1,94.0
s4015,Movie,1985,"October 1, 2019",34,TV-MA,Horror Movies,Poland,3,2,90.0
s4016,TV Show,2016,"November 4, 2019",3,TV-PG,British TV Shows,United Kingdom,3,1,3.0
s4017,Movie,2017,"August 18, 2020",3,TV-PG,Comedies,Nigeria,3,1,75.0
s4018,Movie,2017,"October 25, 2017",0,TV-14,Documentaries,United Kingdom,1,1,48.0
s4019,TV Show,2013,"July 12, 2019",6,TV-G,British TV Shows,United Kingdom,3,1,1.0
s4020,TV Show,2018,"June 1, 2020",2,TV-MA,Anime Series,Japan,2,1,1.0
s4021,TV Show,2012,"July 12, 2019",7,TV-PG,Reality TV,Australia,1,1,1.0
s4022,Movie,2017,"October 15, 2018",1,TV-MA,Dramas,India,2,1,150.0
s4023,Movie,2019,"October 30, 2019",0,TV-MA,Dramas,India,3,1,126.0
s4024,Movie,2017,"August 1, 2018",1,TV-PG,Dramas,India,3,1,110.0
s4025,TV Show,2016,"June 21, 2019",3,TV-14,International TV Shows,Unknown,3,0,1.0
s4026,Movie,2003,"July 1, 2018",15,R,Comedies,United States,3,1,84.0
s4027,Movie,2017,"February 19, 2018",1,TV-MA,Dramas,South Korea,3,1,118.0
s4028,Movie,2019,"November 12, 2020",1,TV-MA,Dramas,Argentina,3,1,97.0
s4029,TV Show,2018,"December 2, 2018",0,TV-MA,Crime TV Shows,South Korea,3,1,1.0
s4030,Movie,2018,"June 19, 2019",1,TV-14,Documentaries,Germany,1,3,86.0
s4031,TV Show,2017,"January 18, 2019",2,TV-14,International TV Shows,Unknown,3,0,1.0
s4032,Movie,1997,"October 19, 2019",22,PG-13,Action & Adventure,United States,3,1,98.0
s4033,Movie,2002,"October 1, 2019",17,PG-13,Action & Adventure,United States,3,1,88.0
s4034,TV Show,2020,"August 10, 2020",0,TV-14,International TV Shows,South Korea,3,1,5.0
s4035,Movie,2008,"June 11, 2020",12,TV-14,Comedies,Saudi Arabia,2,1,101.0
s4036,Movie,2017,"January 25, 2020",3,PG,Dramas,United States,2,1,82.0
s4037,Movie,2016,"August 27, 2017",1,TV-MA,Dramas,Canada,2,2,81.0
s4038,Movie,2009,"February 13, 2019",10,R,Action & Adventure,Indonesia,3,1,112.0
s4039,Movie,2018,"May 12, 2019",1,TV-14,Documentaries,New Zealand,1,1,88.0
s4040,Movie,2016,"December 4, 2016",0,TV-MA,Dramas,France,3,1,99.0
s4041,Movie,2018,"April 20, 2018",0,TV-PG,Documentaries,United States,1,1,79.0
s4042,Movie,2016,"November 22, 2016",0,TV-MA,Dramas,United States,2,1,88.0
s4043,Movie,2019,"March 31, 2019",0,TV-14,Horror Movies,United States,1,1,88.0
s4044,TV Show,2018,"May 1, 2018",0,TV-14,International TV Shows,Unknown,2,0,1.0
s4045,Movie,2019,"May 31, 2019",0,TV-MA,Dramas,India,2,1,103.0
s4046,Movie,2018,"January 1, 2019",1,TV-MA,Dramas,India,3,1,115.0
s4047,TV Show,2015,"December 1, 2016",1,TV-MA,International TV Shows,Spain,3,1,1.0
s4048,TV Show,2012,"December 15, 2016",4,TV-PG,British TV Shows,United Kingdom,3,1,5.0
s4049,TV Show,2019,"November 28, 2019",0,TV-PG,TV Comedies,United States,1,1,1.0
s4050,Movie,2019,"June 5, 2020",1,TV-MA,Comedies,Nigeria,2,1,115.0
s4051,Movie,2018,"September 21, 2019",1,TV-MA,Comedies,Nigeria,2,1,106.0
s4052,Movie,2017,"August 21, 2018",1,TV-14,Action & Adventure,India,3,1,162.0
s4053,Movie,2017,"August 4, 2017",0,TV-MA,Independent Movies,United Kingdom,2,4,103.0
s4054,TV Show,2020,"January 1, 2020",0,TV-MA,TV Dramas,United States,2,1,1.0
s4055,Movie,2013,"October 28, 2020",7,R,Music & Musicals,United States,1,1,93.0
s4056,TV Show,2014,"February 10, 2017",3,TV-MA,TV Shows,United States,1,1,1.0
s4057,TV Show,2018,"July 14, 2018",0,TV-14,International TV Shows,China,3,1,1.0
s4058,Movie,2016,"April 1, 2018",2,TV-14,Dramas,India,3,1,116.0
s4059,Movie,2016,"December 31, 2018",2,TV-MA,Documentaries,Mexico,3,1,100.0
s4060,TV Show,2016,"February 1, 2017",1,TV-PG,International TV Shows,United States,3,1,1.0
s4061,Movie,2017,"December 25, 2019",2,R,Action & Adventure,France,3,2,95.0
s4062,Movie,2019,"August 30, 2019",0,TV-PG,Children & Family Movies,Chile,3,1,102.0
s4063,Movie,2018,"January 25, 2019",1,TV-MA,Comedies,Argentina,2,2,105.0
s4064,Movie,2009,"January 1, 2018",9,TV-14,Comedies,India,3,1,148.0
s4065,Movie,2015,"August 1, 2019",4,R,Action & Adventure,United Kingdom,3,1,105.0
s4066,TV Show,2017,"January 1, 2020",3,TV-Y7,Kids' TV,Netherlands,1,4,2.0
s4067,Movie,2011,"July 5, 2020",9,TV-MA,Dramas,India,3,1,86.0
s4068,Movie,2017,"February 7, 2017",0,TV-MA,Comedies,United States,3,1,54.0
s4069,Movie,2016,"November 25, 2016",0,TV-MA,Stand-Up Comedy,United States,1,1,61.0
s4070,Movie,2017,"June 1, 2017",0,TV-PG,Documentaries,Canada,3,2,19.0
s4071,Movie,2020,"September 15, 2020",0,TV-MA,Stand-Up Comedy,United Kingdom,1,1,63.0
s4072,Movie,2020,"September 29, 2020",0,TV-MA,Stand-Up Comedy,United States,1,1,59.0
s4073,Movie,2019,"December 10, 2019",0,TV-MA,Stand-Up Comedy,United States,1,1,60.0
s4074,Movie,2009,"June 10, 2020",11,R,Comedies,United States,3,1,113.0
s4075,Movie,2016,"March 3, 2019",3,PG,Children & Family Movies,United States,2,2,92.0
s4076,TV Show,2020,"April 21, 2020",0,TV-MA,TV Comedies,United States,1,1,1.0
s4077,Movie,2020,"November 5, 2020",0,TV-G,Comedies,Canada,2,1,87.0
s4078,TV Show,2014,"June 1, 2020",6,TV-MA,International TV Shows,Japan,2,1,3.0
s4079,TV Show,2019,"October 31, 2019",0,TV-MA,International TV Shows,Japan,2,1,2.0
s4080,TV Show,2018,"April 1, 2019",1,TV-14,International TV Shows,India,3,1,1.0
s4081,Movie,2016,"September 7, 2020",4,PG-13,Action & Adventure,United States,2,2,112.0
s4082,TV Show,2020,"September 22, 2020",0,TV-Y,Kids' TV,United States,1,2,1.0
s4083,Movie,2020,"December 5, 2020",0,TV-Y,Children & Family Movies,Canada,1,1,26.0
s4084,TV Show,2020,"September 25, 2020",0,TV-Y,Kids' TV,Unknown,2,0,3.0
s4085,TV Show,2019,"October 18, 2019",0,TV-Y,Kids' TV,India,2,1,1.0
s4086,TV Show,2020,"March 5, 2020",0,TV-Y,Kids' TV,India,2,1,1.0
s4087,TV Show,2021,"January 8, 2021",0,TV-Y,Kids' TV,India,2,1,1.0
s4088,TV Show,1996,"January 1, 2016",20,TV-Y7,Kids' TV,Unknown,1,0,1.0
s4089,TV Show,2010,"January 1, 2016",6,TV-Y7,Kids' TV,United States,1,2,4.0
s4090,Movie,2014,"April 1, 2020",6,TV-Y7,Children & Family Movies,India,2,1,97.0
s4091,Movie,2013,"May 2, 2020",7,TV-14,Stand-Up Comedy,United States,1,1,76.0
s4092,Movie,2017,"February 28, 2017",0,TV-MA,Stand-Up Comedy,United States,1,1,71.0
s4093,Movie,2019,"November 26, 2019",0,TV-MA,Stand-Up Comedy,United States,1,1,86.0
s4094,Movie,2008,"November 22, 2019",11,TV-MA,Stand-Up Comedy,United States,1,1,56.0
s4095,Movie,2015,"December 18, 2015",0,TV-MA,Stand-Up Comedy,United States,1,1,60.0
s4096,Movie,2019,"June 25, 2019",0,TV-MA,Stand-Up Comedy,United States,1,1,63.0
s4097,Movie,2017,"January 12, 2018",1,TV-14,Dramas,Czech Republic,2,2,124.0
s4098,Movie,2018,"November 1, 2020",2,R,Action & Adventure,United States,1,3,94.0
s4099,Movie,2020,"June 13, 2020",0,TV-14,Dramas,Indonesia,3,1,100.0
s4100,Movie,2019,"March 6, 2020",1,TV-MA,Documentaries,United States,2,1,115.0
s4101,Movie,2018,"July 16, 2020",2,TV-MA,Comedies,France,3,2,102.0
s4102,Movie,2008,"February 16, 2017",9,R,Dramas,United States,3,1,128.0
s4103,TV Show,2019,"November 5, 2019",0,TV-MA,International TV Shows,Argentina,3,1,2.0
s4104,TV Show,2020,"August 26, 2020",0,TV-MA,Reality TV,United States,1,1,1.0
s4105,TV Show,2019,"August 27, 2019",0,TV-MA,British TV Shows,United Kingdom,3,1,2.0
s4106,TV Show,2017,"August 15, 2017",0,TV-MA,Crime TV Shows,Japan,3,1,1.0
s4107,TV Show,2015,"June 1, 2017",2,TV-14,Crime TV Shows,Singapore,3,1,1.0
s4108,Movie,2017,"January 15, 2020",3,R,International Movies,Austria,3,1,99.0
s4109,Movie,2017,"May 12, 2017",0,TV-MA,Comedies,United Kingdom,3,1,88.0
s4110,TV Show,2019,"August 16, 2019",0,TV-MA,Crime TV Shows,United States,3,1,2.0
s4111,Movie,2016,"February 28, 2019",3,TV-14,Dramas,United States,3,3,106.0
s4112,Movie,2019,"April 6, 2020",1,TV-MA,Dramas,United States,2,1,83.0
s4113,TV Show,2015,"November 27, 2018",3,TV-PG,Kids' TV,United States,1,2,1.0
s4115,TV Show,2016,"June 1, 2017",1,TV-Y7,Kids' TV,Unknown,2,0,1.0
s4116,TV Show,2018,"October 1, 2019",1,TV-Y7,Kids' TV,South Korea,2,1,1.0
s4117,Movie,2016,"November 4, 2019",3,TV-14,Documentaries,United States,1,1,78.0
s4118,Movie,2017,"August 1, 2018",1,TV-14,Dramas,India,2,1,128.0
s4119,TV Show,2013,"December 15, 2018",5,TV-PG,Reality TV,United States,1,1,1.0
s4120,Movie,2004,"June 1, 2018",14,PG,Children & Family Movies,Canada,3,2,136.0
s4121,Movie,2019,"March 13, 2020",1,TV-14,Dramas,Turkey,2,1,132.0
s4122,TV Show,2019,"February 1, 2020",1,TV-Y7,Kids' TV,France,2,3,5.0
s4123,Movie,2018,"March 22, 2019",1,TV-MA,Dramas,Spain,3,1,129.0
s4124,Movie,2018,"June 1, 2020",2,PG,Action & Adventure,Japan,3,1,98.0
s4125,Movie,2019,"June 4, 2019",0,TV-14,Stand-Up Comedy,United States,1,1,62.0
s4126,Movie,2012,"April 24, 2020",8,PG,Children & Family Movies,United States,2,2,106.0
s4127,Movie,2016,"February 20, 2017",1,TV-MA,Dramas,India,3,1,129.0
s4128,TV Show,2014,"August 8, 2019",5,TV-MA,International TV Shows,South Korea,3,1,1.0
s4129,Movie,2019,"April 15, 2020",1,TV-PG,Comedies,India,3,1,120.0
s4130,Movie,2017,"August 3, 2019",2,TV-14,Children & Family Movies,Netherlands,3,1,81.0
s4131,Movie,2019,"February 1, 2020",1,TV-G,Children & Family Movies,Netherlands,3,1,82.0
s4132,TV Show,2020,"November 20, 2020",0,TV-MA,International TV Shows,India,3,1,1.0
s4133,Movie,2020,"January 31, 2020",0,TV-MA,Documentaries,United States,2,1,85.0
s4134,TV Show,2019,"November 19, 2019",0,TV-14,International TV Shows,Unknown,3,0,1.0
s4135,TV Show,2015,"May 5, 2018",3,TV-14,Crime TV Shows,Mexico,3,1,1.0
s4136,Movie,2015,"October 1, 2017",2,PG-13,Anime Features,Japan,1,1,90.0
s4137,TV Show,2016,"December 8, 2016",0,TV-14,International TV Shows,Taiwan,3,1,1.0
s4138,Movie,2020,"November 4, 2020",0,TV-PG,Dramas,India,2,1,136.0
s4139,Movie,2014,"December 20, 2018",4,TV-MA,Dramas,Singapore,3,1,89.0
s4140,Movie,2014,"September 2, 2015",1,PG-13,Dramas,Norway,2,4,130.0
s4141,Movie,2017,"December 19, 2017",0,TV-14,Romantic Movies,United States,1,1,85.0
s4142,TV Show,2012,"December 15, 2016",4,TV-PG,International TV Shows,South Korea,3,1,1.0
s4143,Movie,2011,"October 20, 2017",6,NR,Documentaries,United States,1,1,90.0
s4144,TV Show,2015,"August 1, 2016",1,TV-MA,International TV Shows,Taiwan,3,1,1.0
s4145,Movie,2015,"January 7, 2017",2,TV-MA,Documentaries,United States,2,1,94.0
s4146,Movie,2016,"December 19, 2016",0,NR,Dramas,United States,2,1,86.0
s4147,Movie,2019,"February 16, 2020",1,TV-MA,Dramas,United States,2,1,102.0
s4148,Movie,2014,"August 15, 2014",0,TV-PG,Documentaries,United States,1,3,94.0
s4149,Movie,2017,"August 13, 2017",0,TV-14,Documentaries,United States,1,2,100.0
s4150,Movie,2008,"May 16, 2019",11,TV-MA,Action & Adventure,India,3,1,119.0
s4151,Movie,2018,"July 29, 2019",1,TV-MA,Action & Adventure,United Kingdom,2,2,107.0
s4152,Movie,2014,"August 7, 2017",3,TV-PG,Comedies,Malaysia,3,1,93.0
s4153,Movie,2015,"July 26, 2018",3,R,Dramas,United States,2,1,109.0
s4154,Movie,2014,"January 24, 2014",0,TV-PG,Documentaries,United States,1,1,93.0
s4155,Movie,2018,"October 9, 2018",0,TV-MA,Stand-Up Comedy,United States,1,1,57.0
s4156,Movie,2019,"September 30, 2019",0,TV-MA,Stand-Up Comedy,United Kingdom,1,1,64.0
s4157,TV Show,2018,"May 22, 2018",0,TV-MA,International TV Shows,Japan,3,1,1.0
s4158,TV Show,2014,"September 20, 2018",4,TV-PG,Anime Series,Japan,2,1,1.0
s4159,TV Show,2016,"November 1, 2019",3,TV-14,Anime Series,Japan,2,1,2.0
s4160,Movie,2018,"May 22, 2020",2,PG,Anime Features,Japan,2,1,54.0
s4161,TV Show,2000,"August 1, 2020",20,TV-PG,TV Comedies,United States,2,1,6.0
s4162,Movie,2016,"May 1, 2017",1,TV-MA,Dramas,India,3,1,109.0
s4163,Movie,2019,"December 20, 2020",1,TV-14,Comedies,Egypt,2,1,96.0
s4164,Movie,2017,"June 30, 2018",1,TV-MA,Action & Adventure,United States,3,1,92.0
s4165,Movie,2016,"August 2, 2018",2,TV-14,Action & Adventure,India,3,1,168.0
s4166,Movie,2015,"July 26, 2018",3,R,Dramas,United States,3,1,93.0
s4167,Movie,2019,"September 1, 2019",0,TV-14,Dramas,Nigeria,2,1,100.0
s4168,TV Show,2015,"July 1, 2019",4,TV-Y,Kids' TV,France,1,1,1.0
s4169,Movie,2017,"April 1, 2020",3,R,Dramas,China,1,3,141.0
s4170,Movie,2017,"August 21, 2018",1,TV-14,Dramas,India,3,1,139.0
s4171,TV Show,2014,"July 1, 2017",3,TV-14,International TV Shows,South Korea,3,1,1.0
s4172,Movie,2018,"April 13, 2020",2,TV-14,Comedies,Nigeria,3,1,92.0
s4173,Movie,2003,"January 1, 2019",16,PG-13,Dramas,United States,1,1,119.0
s4174,TV Show,2021,"January 1, 2021",0,TV-MA,International TV Shows,Mexico,3,1,2.0
s4175,Movie,2016,"October 15, 2017",1,R,Thrillers,United States,1,2,84.0
s4176,TV Show,2015,"July 12, 2019",4,TV-PG,British TV Shows,Unknown,3,0,1.0
s4177,Movie,2020,"April 3, 2020",0,TV-MA,Documentaries,Spain,2,1,57.0
s4178,Movie,1997,"November 1, 2019",22,R,Action & Adventure,United States,2,1,96.0
s4179,Movie,2019,"April 26, 2019",0,TV-MA,Comedies,Turkey,3,1,122.0
s4180,TV Show,2017,"October 18, 2019",2,TV-Y7,Kids' TV,Unknown,2,0,1.0
s4181,TV Show,2014,"March 31, 2017",3,TV-PG,British TV Shows,United Kingdom,3,1,1.0
s4182,TV Show,2018,"September 2, 2018",0,TV-MA,Crime TV Shows,Thailand,3,1,1.0
s4183,Movie,2016,"March 19, 2016",0,PG,Children & Family Movies,Canada,2,1,83.0
s4184,Movie,2017,"June 15, 2019",2,TV-MA,Comedies,Egypt,2,1,117.0
s4185,Movie,2017,"April 4, 2018",1,PG,Children & Family Movies,Germany,1,2,93.0
s4186,Movie,2013,"March 1, 2018",5,TV-Y7,Children & Family Movies,United States,1,1,73.0
s4187,Movie,2015,"September 29, 2015",0,TV-Y7,Children & Family Movies,United States,2,1,72.0
s4188,Movie,2017,"February 15, 2020",3,TV-Y,Movies,Unknown,1,0,72.0
s4189,Movie,2012,"January 1, 2018",6,TV-Y7,Children & Family Movies,United States,1,1,46.0
s4190,Movie,2014,"January 30, 2018",4,TV-Y7,Children & Family Movies,United States,1,1,74.0
s4191,Movie,2013,"January 1, 2018",5,TV-Y7,Children & Family Movies,United States,1,1,46.0
s4192,Movie,2011,"January 1, 2018",7,TV-Y7,Children & Family Movies,United States,1,1,46.0
s4193,Movie,2014,"January 1, 2018",4,TV-Y7,Children & Family Movies,United States,1,1,74.0
s4194,Movie,2012,"March 1, 2018",6,TV-Y7,Children & Family Movies,United States,1,1,71.0
s4195,Movie,2016,"October 1, 2017",1,TV-Y7,Children & Family Movies,United States,1,1,72.0
s4196,Movie,2015,"March 24, 2018",3,TV-Y7,Children & Family Movies,United States,1,1,76.0
s4197,Movie,2010,"October 1, 2017",7,TV-Y7,Children & Family Movies,United States,1,1,23.0
s4198,Movie,2013,"July 7, 2015",2,TV-G,Children & Family Movies,United States,1,1,60.0
s4199,Movie,2013,"January 1, 2018",5,TV-Y7,Children & Family Movies,United States,1,1,46.0
s4200,Movie,2006,"December 1, 2020",14,PG,Children & Family Movies,United States,2,1,91.0
s4201,Movie,2017,"December 1, 2017",0,TV-Y7,Children & Family Movies,India,1,2,81.0
s4202,TV Show,2012,"May 15, 2020",8,TV-Y,Kids' TV,Canada,1,1,2.0
s4203,Movie,2005,"January 1, 2020",15,PG-13,Comedies,United States,2,2,101.0
s4204,Movie,2014,"January 10, 2020",6,R,Action & Adventure,United Kingdom,3,1,119.0
s4205,TV Show,2014,"May 1, 2020",6,TV-PG,Anime Series,Japan,2,1,1.0
s4206,TV Show,2013,"July 26, 2019",6,TV-G,British TV Shows,United Kingdom,3,1,1.0
s4207,TV Show,2011,"July 26, 2019",8,TV-G,British TV Shows,United Kingdom,3,1,1.0
s4208,Movie,1975,"January 2, 2019",44,PG,Action & Adventure,United Kingdom,3,1,92.0
s4209,TV Show,2014,"October 2, 2018",4,TV-MA,British TV Shows,United Kingdom,3,1,1.0
s4210,Movie,2008,"October 2, 2018",10,TV-MA,Documentaries,Unknown,1,0,55.0
s4211,Movie,2014,"October 2, 2018",4,TV-MA,Comedies,United Kingdom,1,1,137.0
s4212,Movie,2000,"October 2, 2018",18,TV-MA,Comedies,United Kingdom,2,1,56.0
s4213,Movie,1998,"October 2, 2018",20,TV-MA,Comedies,United States,2,1,58.0
s4214,Movie,1982,"October 2, 2018",36,R,Comedies,United Kingdom,1,1,80.0
s4215,Movie,2014,"October 2, 2018",4,TV-MA,Documentaries,United Kingdom,1,1,94.0
s4216,TV Show,2009,"October 2, 2018",9,TV-MA,British TV Shows,United Kingdom,2,1,1.0
s4217,TV Show,1972,"October 2, 2018",46,TV-MA,International TV Shows,United Kingdom,2,2,1.0
s4218,TV Show,1974,"October 2, 2018",44,TV-14,British TV Shows,United Kingdom,3,1,4.0
s4219,Movie,1979,"October 2, 2018",39,R,Classic Movies,United Kingdom,3,1,94.0
s4220,TV Show,2005,"October 2, 2018",13,TV-MA,British TV Shows,United States,2,2,1.0
s4221,TV Show,2018,"October 25, 2019",1,TV-MA,Crime TV Shows,Argentina,3,1,1.0
s4222,Movie,2009,"January 1, 2020",11,R,Dramas,United Kingdom,3,2,97.0
s4223,Movie,2016,"May 21, 2019",3,R,Dramas,United States,3,1,111.0
s4224,Movie,2015,"September 8, 2017",2,R,Action & Adventure,France,3,2,96.0
s4225,Movie,2015,"November 1, 2017",2,TV-14,Dramas,Pakistan,3,2,135.0
s4226,TV Show,2018,"March 13, 2019",1,TV-14,International TV Shows,Egypt,3,1,1.0
s4227,TV Show,2020,"December 17, 2020",0,TV-Y,British TV Shows,Netherlands,2,1,2.0
s4228,Movie,2016,"November 1, 2018",2,R,Dramas,Germany,3,2,91.0
s4229,TV Show,2019,"November 21, 2019",0,TV-MA,Crime TV Shows,France,3,1,1.0
s4230,Movie,2013,"February 1, 2018",5,TV-MA,Documentaries,United States,1,1,84.0
s4231,Movie,2011,"February 15, 2018",7,TV-14,Dramas,India,2,1,121.0
s4232,Movie,2012,"January 1, 2019",7,TV-MA,Stand-Up Comedy,United States,1,1,61.0
s4233,TV Show,2017,"July 11, 2018",1,TV-MA,International TV Shows,Israel,3,1,2.0
s4234,TV Show,2020,"June 19, 2020",0,TV-MA,International TV Shows,Brazil,3,1,2.0
s4235,Movie,2016,"May 1, 2017",1,TV-MA,Documentaries,Canada,2,1,83.0
s4236,Movie,2020,"November 26, 2020",0,TV-MA,Action & Adventure,United States,3,1,103.0
s4237,Movie,2020,"November 3, 2020",0,TV-14,Dramas,Japan,2,1,127.0
s4238,TV Show,2016,"May 19, 2017",1,TV-Y,Kids' TV,United States,1,1,2.0
s4239,Movie,2019,"January 20, 2020",1,TV-14,Comedies,India,3,1,132.0
s4240,Movie,2016,"October 1, 2018",2,TV-PG,Comedies,India,2,1,117.0
s4241,TV Show,2019,"June 28, 2019",0,TV-Y,Kids' TV,Australia,1,2,2.0
s4242,Movie,2016,"July 6, 2017",1,TV-Y7-FV,Children & Family Movies,India,2,1,109.0
s4243,Movie,2017,"October 1, 2018",1,PG,Action & Adventure,Australia,3,1,74.0
s4244,TV Show,2020,"October 23, 2020",0,TV-MA,Docuseries,United States,2,1,1.0
s4245,Movie,2013,"April 9, 2019",6,R,Comedies,United States,1,1,94.0
s4246,TV Show,2018,"September 1, 2019",1,TV-G,Docuseries,United States,2,1,3.0
s4247,TV Show,2016,"April 27, 2018",2,TV-PG,International TV Shows,Unknown,2,0,1.0
s4248,Movie,2018,"December 7, 2018",0,PG-13,Action & Adventure,United Kingdom,3,2,105.0
s4249,Movie,2018,"October 18, 2018",0,TV-MA,Dramas,India,3,1,131.0
s4250,Movie,2016,"December 22, 2018",2,PG-13,Dramas,United States,1,1,105.0
s4251,Movie,2002,"August 1, 2020",18,PG-13,Comedies,United States,2,1,97.0
s4252,Movie,2015,"June 15, 2017",2,TV-14,Documentaries,Israel,2,4,102.0
s4253,TV Show,2020,"December 8, 2020",0,TV-14,TV Comedies,United States,2,1,3.0
s4254,Movie,2014,"August 11, 2020",6,PG,Children & Family Movies,United States,3,1,93.0
s4255,Movie,2016,"December 31, 2016",0,TV-MA,Dramas,Mexico,3,1,97.0
s4256,Movie,2015,"February 16, 2020",5,R,Action & Adventure,United States,3,1,96.0
s4257,Movie,2009,"June 2, 2020",11,TV-14,Comedies,Unknown,3,0,97.0
s4258,Movie,2017,"December 26, 2017",0,TV-MA,Comedies,United States,2,1,91.0
s4259,TV Show,2018,"July 8, 2018",0,TV-MA,International TV Shows,South Korea,3,1,1.0
s4260,Movie,1984,"August 16, 2018",34,TV-14,Comedies,Hong Kong,3,1,86.0
s4261,Movie,2007,"September 1, 2019",12,PG-13,Comedies,United States,1,1,88.0
s4263,Movie,2020,"May 1, 2020",0,TV-MA,International Movies,India,2,1,107.0
s4264,Movie,2012,"June 6, 2019",7,TV-14,Comedies,Egypt,2,1,90.0
s4265,Movie,2017,"November 5, 2017",0,PG-13,Comedies,India,3,1,153.0
s4266,Movie,2016,"October 1, 2016",0,TV-MA,Dramas,Chile,3,3,96.0
s4267,Movie,2015,"September 27, 2017",2,TV-MA,Dramas,France,3,2,104.0
s4268,Movie,2020,"July 8, 2020",0,TV-14,Documentaries,United States,2,1,96.0
s4269,Movie,2015,"March 10, 2017",2,TV-14,Dramas,Turkey,2,1,136.0
s4270,Movie,2012,"January 1, 2021",9,PG-13,Dramas,United States,2,1,131.0
s4271,Movie,2017,"November 17, 2017",0,R,Dramas,United States,2,1,135.0
s4272,Movie,2012,"October 1, 2018",6,TV-14,Action & Adventure,India,2,1,150.0
s4273,Movie,2019,"May 21, 2020",1,TV-14,Comedies,Chile,3,1,98.0
s4274,Movie,2004,"December 31, 2019",15,TV-PG,Comedies,India,3,1,158.0
s4275,Movie,1989,"September 1, 2017",28,TV-14,Action & Adventure,India,3,1,163.0
s4276,Movie,2006,"December 18, 2020",14,TV-PG,Children & Family Movies,Malaysia,3,1,98.0
s4277,Movie,2012,"November 15, 2016",4,TV-MA,Dramas,India,3,1,77.0
s4278,Movie,2014,"July 5, 2020",6,TV-MA,Comedies,India,3,1,107.0
s4279,Movie,2003,"April 15, 2019",16,TV-14,Comedies,India,3,1,116.0
s4280,Movie,2008,"November 1, 2018",10,TV-MA,Dramas,India,2,1,135.0
s4281,Movie,2018,"May 1, 2019",1,TV-MA,Horror Movies,Malaysia,2,1,104.0
s4282,Movie,2014,"November 1, 2018",4,TV-14,Comedies,India,3,1,139.0
s4283,Movie,2014,"January 26, 2018",4,PG,Children & Family Movies,France,1,1,85.0
s4284,Movie,2014,"September 1, 2020",6,PG,Children & Family Movies,United States,2,1,110.0
s4285,Movie,1987,"April 1, 2020",33,TV-14,Action & Adventure,India,3,1,172.0
s4286,Movie,2017,"December 15, 2017",0,TV-MA,Comedies,India,3,1,128.0
s4287,Movie,2011,"October 1, 2018",7,TV-14,Action & Adventure,India,2,1,134.0
s4288,TV Show,2017,"March 1, 2018",1,TV-MA,British TV Shows,United Kingdom,3,1,3.0
s4289,TV Show,2018,"December 28, 2018",0,TV-MA,Crime TV Shows,United States,2,1,1.0
s4290,Movie,2019,"June 14, 2019",0,PG-13,Comedies,United States,1,1,98.0
s4291,Movie,2007,"September 1, 2018",11,NR,Comedies,United States,3,1,79.0
s4292,Movie,2020,"April 29, 2020",0,TV-MA,Documentaries,United States,1,1,97.0
s4293,TV Show,2017,"April 17, 2018",1,TV-MA,Crime TV Shows,United States,2,1,3.0
s4294,TV Show,2015,"October 1, 2016",1,TV-PG,International TV Shows,Taiwan,3,1,1.0
s4295,Movie,2019,"April 19, 2019",0,TV-14,Dramas,India,3,1,102.0
s4296,Movie,2013,"December 3, 2020",7,TV-14,Comedies,Philippines,3,1,106.0
s4297,Movie,2017,"January 2, 2018",1,TV-14,Comedies,United States,3,1,86.0
s4299,Movie,2018,"February 23, 2018",0,TV-MA,Sci-Fi & Fantasy,United Kingdom,2,2,127.0
s4300,Movie,2020,"May 20, 2020",0,TV-MA,Comedies,Mexico,2,1,94.0
s4301,Movie,1962,"November 1, 2019",57,TV-PG,Action & Adventure,United States,3,1,185.0
s4302,Movie,2015,"November 15, 2018",3,TV-MA,Documentaries,India,2,1,136.0
s4303,Movie,2010,"November 19, 2020",10,TV-14,International Movies,Philippines,2,1,105.0
s4304,TV Show,2012,"October 17, 2018",6,TV-PG,Kids' TV,Canada,2,1,2.0
s4305,Movie,2010,"October 17, 2018",8,TV-PG,Children & Family Movies,Canada,2,1,80.0
s4306,Movie,2016,"March 18, 2016",0,TV-14,Documentaries,United Kingdom,2,1,84.0
s4307,Movie,2015,"October 1, 2016",1,TV-MA,Comedies,Spain,3,1,97.0
s4308,Movie,2018,"July 1, 2018",0,TV-14,Dramas,India,3,1,92.0
s4309,Movie,2005,"October 30, 2018",13,TV-PG,Dramas,India,3,1,116.0
s4310,TV Show,2019,"October 5, 2019",0,TV-14,International TV Shows,South Korea,3,1,1.0
s4311,Movie,2017,"June 12, 2018",1,TV-14,Dramas,United States,2,1,95.0
s4312,TV Show,2017,"April 19, 2019",2,TV-MA,International TV Shows,Taiwan,2,1,1.0
s4313,TV Show,2019,"November 14, 2019",0,TV-14,International TV Shows,Thailand,3,1,1.0
s4314,Movie,2013,"April 18, 2019",6,TV-14,Comedies,Egypt,2,1,99.0
s4315,Movie,2016,"January 23, 2018",2,PG-13,Comedies,United States,2,1,77.0
s4316,Movie,2017,"February 27, 2019",2,TV-14,Comedies,Philippines,3,1,121.0
s4317,Movie,2015,"August 15, 2017",2,TV-MA,Comedies,Canada,2,1,91.0
s4318,TV Show,2019,"July 26, 2019",0,TV-14,International TV Shows,South Korea,3,1,2.0
s4319,Movie,2011,"October 1, 2018",7,TV-14,Comedies,India,3,1,100.0
s4320,Movie,2007,"May 7, 2018",11,TV-14,Comedies,Germany,2,1,91.0
s4321,Movie,1991,"January 1, 2020",29,PG-13,Dramas,United States,1,1,102.0
s4322,Movie,2017,"December 1, 2017",0,TV-14,Dramas,Georgia,3,3,119.0
s4323,TV Show,2020,"February 7, 2020",0,TV-14,International TV Shows,Unknown,3,0,1.0
s4324,Movie,2015,"March 1, 2017",2,,Dramas,Italy,1,1,115.0
s4325,Movie,2012,"June 2, 2020",8,TV-MA,Comedies,Egypt,3,1,100.0
s4326,TV Show,2017,"July 22, 2019",2,TV-PG,British TV Shows,United Kingdom,3,1,1.0
s4327,TV Show,2019,"March 20, 2019",0,TV-MA,International TV Shows,Japan,3,1,1.0
s4328,Movie,2016,"October 1, 2017",1,PG-13,Comedies,Switzerland,3,2,68.0
s4329,TV Show,2017,"November 1, 2017",0,TV-14,International TV Shows,Unknown,2,0,1.0
s4330,TV Show,2016,"June 10, 2017",1,TV-PG,Crime TV Shows,South Korea,3,1,1.0
s4331,Movie,2018,"October 1, 2018",0,TV-Y,Children & Family Movies,United States,1,2,44.0
s4332,Movie,2015,"December 1, 2015",0,TV-Y,Children & Family Movies,United States,2,2,72.0
s4333,Movie,2016,"October 1, 2016",0,TV-Y7,Children & Family Movies,United States,2,2,73.0
s4334,Movie,2014,"December 17, 2014",0,TV-Y,Children & Family Movies,United States,2,2,73.0
s4335,Movie,2018,"October 1, 2018",0,TV-Y,Children & Family Movies,United States,1,2,44.0
s4336,Movie,2018,"November 25, 2018",0,TV-Y,Children & Family Movies,United States,1,1,44.0
s4337,TV Show,2018,"November 12, 2018",0,TV-Y,Kids' TV,United States,1,2,8.0
s4338,TV Show,2018,"June 10, 2020",2,TV-MA,Crime TV Shows,South Korea,3,1,1.0
s4339,Movie,2016,"September 25, 2020",4,TV-MA,Dramas,Unknown,2,0,115.0
s4340,TV Show,2002,"November 15, 2019",17,TV-PG,International TV Shows,Taiwan,3,1,1.0
s4341,TV Show,2020,"October 21, 2020",0,TV-MA,Stand-Up Comedy & Talk Shows,United States,1,1,3.0
s4342,Movie,2019,"October 25, 2019",0,TV-PG,International Movies,Unknown,1,0,61.0
s4343,Movie,2020,"September 7, 2020",0,TV-G,Documentaries,South Africa,2,1,86.0
s4344,TV Show,2017,"June 9, 2017",0,TV-MA,International TV Shows,South Korea,3,1,1.0
s4345,Movie,2013,"March 4, 2019",6,TV-14,Comedies,Unknown,3,0,104.0
s4346,Movie,2015,"March 6, 2015",0,TV-MA,Documentaries,United States,1,1,82.0
s4347,TV Show,2020,"August 1, 2020",0,TV-G,Kids' TV,Canada,1,1,1.0
s4348,Movie,2018,"May 1, 2018",0,PG,Comedies,Canada,3,1,92.0
s4349,TV Show,2018,"March 15, 2019",1,TV-14,International TV Shows,Unknown,2,0,1.0
s4350,TV Show,2016,"December 30, 2016",0,TV-14,International TV Shows,South Korea,3,1,1.0
s4351,TV Show,2017,"November 15, 2019",2,TV-14,International TV Shows,South Korea,3,1,1.0
s4352,Movie,2001,"August 16, 2018",17,TV-14,Action & Adventure,Hong Kong,3,1,90.0
s4353,Movie,2015,"July 13, 2017",2,TV-MA,Documentaries,United Kingdom,1,1,99.0
s4354,TV Show,2017,"April 25, 2020",3,TV-14,International TV Shows,South Korea,3,1,1.0
s4355,TV Show,2017,"June 1, 2020",3,TV-MA,International TV Shows,South Korea,3,1,1.0
s4356,Movie,2009,"September 1, 2019",10,PG-13,Dramas,United States,1,1,109.0
s4357,Movie,2008,"May 19, 2020",12,TV-PG,Comedies,Egypt,2,1,93.0
s4358,Movie,2018,"October 9, 2020",2,TV-MA,Comedies,Turkey,2,2,100.0
s4359,Movie,2016,"April 23, 2020",4,TV-G,Comedies,Indonesia,2,1,107.0
s4360,Movie,2019,"April 23, 2020",1,TV-14,Comedies,Indonesia,2,1,95.0
s4361,Movie,2009,"October 1, 2018",9,TV-MA,Comedies,United States,3,1,111.0
s4362,TV Show,2013,"February 1, 2019",6,TV-MA,British TV Shows,United Kingdom,2,1,1.0
s4363,Movie,2018,"September 10, 2018",0,TV-14,Thrillers,United States,1,1,86.0
s4364,Movie,2017,"February 15, 2019",2,TV-MA,Comedies,Turkey,2,1,111.0
s4365,Movie,2012,"July 25, 2018",6,TV-MA,Action & Adventure,Thailand,3,1,108.0
s4366,Movie,2016,"November 8, 2016",0,TV-14,Documentaries,Italy,2,1,101.0
s4367,Movie,2011,"May 30, 2019",8,R,Dramas,United Kingdom,2,2,99.0
s4368,Movie,2017,"December 13, 2019",2,TV-MA,Comedies,South Africa,3,1,100.0
s4369,Movie,2014,"April 18, 2019",5,TV-14,Comedies,Unknown,2,0,99.0
s4370,TV Show,2020,"August 4, 2020",0,TV-PG,Docuseries,Brazil,3,1,1.0
s4371,TV Show,1999,"March 15, 2018",19,TV-14,TV Comedies,United States,2,1,1.0
s4372,TV Show,2018,"November 22, 2018",0,TV-14,TV Comedies,United States,2,1,2.0
s4373,Movie,1988,"January 1, 2021",33,R,Comedies,United States,3,1,104.0
s4374,TV Show,2020,"May 21, 2020",0,TV-MA,International TV Shows,South Korea,3,1,1.0
s4375,Movie,2003,"September 1, 2019",16,R,Dramas,United States,2,2,138.0
s4376,TV Show,2014,"July 1, 2017",3,TV-14,International TV Shows,Singapore,3,1,1.0
s4377,Movie,2017,"August 1, 2018",1,TV-PG,Horror Movies,India,2,1,88.0
s4378,TV Show,2019,"November 28, 2019",0,TV-MA,International TV Shows,France,3,1,1.0
s4379,TV Show,2017,"December 23, 2017",0,TV-PG,British TV Shows,United Kingdom,2,1,1.0
s4380,Movie,2013,"October 19, 2018",5,TV-14,Dramas,India,2,1,122.0
s4381,Movie,2017,"August 28, 2018",1,TV-14,Action & Adventure,India,2,1,141.0
s4382,Movie,2014,"October 1, 2018",4,TV-14,Action & Adventure,India,3,1,147.0
s4383,Movie,2006,"November 1, 2019",13,PG,Comedies,United States,2,2,92.0
s4384,TV Show,2020,"April 29, 2020",0,TV-G,British TV Shows,United Kingdom,3,1,1.0
s4385,Movie,2016,"February 5, 2017",1,TV-PG,Documentaries,Italy,2,2,73.0
s4386,TV Show,2014,"August 1, 2020",6,TV-14,Anime Series,Japan,3,1,1.0
s4387,TV Show,2020,"April 1, 2020",0,TV-PG,Reality TV,United States,1,1,4.0
s4388,TV Show,2019,"October 25, 2019",0,TV-14,International TV Shows,France,2,1,1.0
s4389,TV Show,2020,"January 17, 2020",0,TV-14,International TV Shows,Germany,2,1,1.0
s4390,TV Show,2019,"November 22, 2019",0,TV-PG,Reality TV,United States,1,1,2.0
s4391,TV Show,2021,"January 5, 2021",0,TV-PG,International TV Shows,Mexico,3,2,3.0
s4392,TV Show,2019,"October 25, 2019",0,TV-PG,International TV Shows,Spain,3,1,1.0
s4393,Movie,2017,"March 10, 2018",1,TV-MA,Horror Movies,Ireland,1,1,85.0
s4394,Movie,2017,"August 11, 2017",0,TV-14,Comedies,United States,2,1,97.0
s4395,Movie,2016,"May 28, 2020",4,TV-PG,Documentaries,United States,1,2,91.0
s4396,Movie,1982,"December 31, 2019",37,TV-14,Action & Adventure,India,3,1,171.0
s4397,Movie,2007,"July 1, 2018",11,TV-14,Comedies,India,3,1,130.0
s4398,Movie,2016,"March 15, 2017",1,NR,Dramas,United States,2,1,80.0
s4399,Movie,1999,"January 5, 2019",20,TV-MA,Horror Movies,Thailand,3,1,101.0
s4400,Movie,2015,"November 18, 2015",0,TV-MA,Comedies,United States,3,1,91.0
s4401,Movie,2018,"March 7, 2019",1,TV-MA,Comedies,United States,3,1,99.0
s4402,TV Show,2017,"September 1, 2017",0,TV-MA,Crime TV Shows,United States,3,3,3.0
s4403,TV Show,2020,"February 13, 2020",0,TV-MA,Crime TV Shows,Mexico,3,2,2.0
s4404,TV Show,2019,"November 22, 2019",0,TV-MA,Crime TV Shows,United States,2,1,1.0
s4405,TV Show,2006,"September 1, 2019",13,TV-14,Anime Series,Japan,2,1,9.0
s4406,Movie,2008,"October 15, 2016",8,TV-PG,Action & Adventure,Japan,3,1,93.0
s4407,Movie,2009,"September 1, 2017",8,TV-PG,Action & Adventure,Japan,3,1,96.0
s4408,Movie,2011,"September 1, 2017",6,TV-14,Action & Adventure,Japan,3,1,102.0
s4409,Movie,2007,"October 15, 2016",9,TV-PG,Action & Adventure,Japan,3,1,95.0
s4410,Movie,2010,"September 1, 2017",7,TV-14,Action & Adventure,Japan,3,1,85.0
s4411,Movie,2005,"September 1, 2017",12,TV-PG,Action & Adventure,Japan,3,1,97.0
s4412,Movie,2006,"September 1, 2017",11,TV-PG,Action & Adventure,Japan,3,1,95.0
s4413,Movie,2004,"September 1, 2017",13,TV-PG,Action & Adventure,Japan,3,1,83.0
s4414,Movie,2013,"October 1, 2018",5,TV-14,Dramas,India,3,1,115.0
s4415,Movie,2020,"August 6, 2020",0,TV-PG,Documentaries,Uruguay,3,1,72.0
s4416,Movie,2018,"March 2, 2018",0,TV-MA,Stand-Up Comedy,Chile,1,1,69.0
s4417,Movie,2017,"November 10, 2017",0,TV-MA,Stand-Up Comedy,United States,1,1,76.0
s4418,Movie,2020,"December 1, 2020",0,TV-MA,Comedies,United States,1,1,60.0
s4419,Movie,2010,"May 15, 2017",7,TV-14,Movies,United States,1,1,51.0
s4420,Movie,2019,"March 26, 2019",0,TV-PG,Stand-Up Comedy,United States,1,1,61.0
s4421,Movie,2018,"January 28, 2019",1,TV-MA,Dramas,India,3,1,114.0
s4422,Movie,2016,"May 8, 2017",1,TV-MA,Documentaries,United States,1,1,92.0
s4423,Movie,1993,"November 1, 2019",26,PG-13,Action & Adventure,Unknown,3,0,82.0
s4424,Movie,2016,"February 1, 2018",2,TV-G,Documentaries,United States,1,1,42.0
s4425,Movie,2004,"June 1, 2018",14,PG,Action & Adventure,United States,2,1,131.0
s4426,Movie,2016,"June 1, 2018",2,TV-14,Dramas,India,2,1,165.0
s4427,Movie,2016,"September 15, 2016",0,R,Comedies,United States,1,1,91.0
s4428,Movie,2015,"December 1, 2016",1,R,Dramas,United States,2,1,101.0
s4429,TV Show,2018,"October 1, 2018",0,TV-PG,Docuseries,United Kingdom,2,2,1.0
s4430,TV Show,2016,"March 1, 2017",1,TV-G,Docuseries,United States,2,1,1.0
s4431,Movie,2016,"March 1, 2017",1,TV-G,Documentaries,United States,1,1,53.0
s4432,TV Show,2009,"October 10, 2015",6,TV-PG,British TV Shows,United States,3,2,1.0
s4433,TV Show,2009,"April 22, 2015",6,TV-PG,British TV Shows,United States,3,2,1.0
s4434,TV Show,2016,"October 1, 2017",1,TV-PG,British TV Shows,United Kingdom,3,1,1.0
s4436,Movie,2013,"October 1, 2018",5,TV-PG,Comedies,India,3,1,121.0
s4437,Movie,1945,"March 31, 2017",72,TV-MA,Classic Movies,United States,2,1,59.0
s4439,TV Show,2017,"July 1, 2018",1,TV-14,Crime TV Shows,United States,3,1,15.0
s4440,Movie,2019,"May 25, 2020",1,TV-14,Action & Adventure,China,3,1,110.0
s4441,Movie,2017,"January 17, 2017",0,TV-MA,Stand-Up Comedy,United States,1,1,66.0
s4442,Movie,2014,"September 17, 2020",6,TV-14,International Movies,Unknown,2,0,137.0
s4443,Movie,2016,"October 1, 2018",2,TV-14,Action & Adventure,India,3,1,103.0
s4444,Movie,2018,"February 15, 2019",1,TV-14,Dramas,India,3,1,132.0
s4445,TV Show,2018,"December 7, 2018",0,TV-MA,TV Comedies,United States,3,1,2.0
s4446,TV Show,1995,"June 21, 2019",24,TV-MA,Anime Series,Japan,2,1,1.0
s4447,Movie,2016,"June 26, 2017",1,R,Dramas,Chile,2,5,108.0
s4448,Movie,2009,"April 28, 2020",11,TV-14,Comedies,Turkey,2,1,108.0
s4449,TV Show,2016,"March 11, 2016",0,TV-MA,TV Comedies,United States,1,1,1.0
s4450,TV Show,2020,"April 27, 2020",0,TV-14,TV Comedies,United States,3,1,1.0
s4451,Movie,2018,"February 15, 2019",1,TV-PG,Dramas,United States,2,1,89.0
s4452,TV Show,2018,"April 11, 2019",1,TV-14,Romantic TV Shows,United States,2,1,7.0
s4453,Movie,2018,"April 14, 2020",2,TV-14,Dramas,Nigeria,2,1,107.0
s4454,Movie,2004,"January 1, 2020",16,PG,Children & Family Movies,United States,2,1,91.0
s4455,Movie,2017,"February 1, 2018",1,TV-MA,Dramas,United States,3,1,117.0
s4456,Movie,2016,"April 7, 2017",1,NR,Documentaries,United States,1,1,84.0
s4457,Movie,2007,"July 1, 2019",12,PG-13,Action & Adventure,United States,2,1,96.0
s4458,Movie,2018,"January 9, 2019",1,TV-14,Comedies,India,3,1,117.0
s4459,Movie,2018,"September 7, 2018",0,TV-PG,Children & Family Movies,China,3,3,106.0
s4460,TV Show,2020,"January 29, 2020",0,TV-14,Reality TV,United States,1,1,1.0
s4461,Movie,2017,"May 1, 2018",1,TV-14,Action & Adventure,India,3,1,124.0
s4462,TV Show,2018,"April 21, 2020",2,TV-MA,Crime TV Shows,Puerto Rico,3,3,1.0
s4463,Movie,2018,"August 14, 2020",2,TV-MA,Dramas,United States,2,2,104.0
s4464,Movie,2018,"August 27, 2020",2,TV-MA,Dramas,United States,2,1,87.0
s4465,Movie,2013,"June 30, 2019",6,R,Dramas,United States,3,1,113.0
s4466,Movie,2018,"September 10, 2020",2,TV-MA,Comedies,Turkey,3,1,93.0
s4467,TV Show,2020,"January 29, 2020",0,TV-PG,Docuseries,United Kingdom,2,1,1.0
s4468,Movie,2020,"February 1, 2020",0,TV-PG,Movies,United Kingdom,1,1,59.0
s4469,TV Show,2021,"January 13, 2021",0,TV-MA,Crime TV Shows,Unknown,2,0,1.0
s4470,Movie,2014,"August 10, 2020",6,R,Dramas,United States,3,1,118.0
s4471,TV Show,2018,"December 2, 2019",1,TV-MA,TV Horror,United States,3,1,1.0
s4472,TV Show,2016,"February 15, 2017",1,TV-14,International TV Shows,South Korea,3,1,1.0
s4474,Movie,2008,"July 1, 2019",11,PG-13,Dramas,United States,2,2,97.0
s4475,Movie,2019,"October 1, 2019",0,TV-MA,Stand-Up Comedy,United States,1,1,64.0
s4476,Movie,2016,"March 1, 2017",1,TV-MA,Dramas,India,3,1,94.0
s4477,Movie,2019,"July 24, 2020",1,TV-MA,Dramas,Nigeria,2,1,115.0
s4478,Movie,2009,"February 1, 2019",10,R,Action & Adventure,Germany,1,3,99.0
s4479,TV Show,1981,"December 23, 2018",37,TV-Y7,Anime Series,Japan,2,1,1.0
s4480,TV Show,1997,"January 1, 2016",19,TV-G,Kids' TV,Canada,2,2,1.0
s4481,Movie,2019,"January 16, 2020",1,TV-14,Action & Adventure,Japan,3,1,107.0
s4482,TV Show,2020,"January 1, 2020",0,TV-MA,Crime TV Shows,Spain,3,4,1.0
s4483,Movie,2015,"March 10, 2017",2,TV-14,Comedies,Turkey,2,1,102.0
s4484,Movie,2018,"April 26, 2019",1,TV-PG,Comedies,India,3,1,125.0
s4485,Movie,2005,"April 25, 2020",15,TV-MA,Documentaries,United Kingdom,2,3,208.0
s4486,Movie,2005,"March 1, 2018",13,TV-PG,Comedies,India,2,1,161.0
s4487,Movie,2018,"May 4, 2018",0,TV-MA,Comedies,Chile,3,1,116.0
s4488,TV Show,2014,"February 1, 2020",6,TV-MA,Anime Series,Japan,2,1,1.0
s4489,Movie,2017,"December 6, 2019",2,TV-MA,Action & Adventure,Japan,3,1,106.0
s4490,TV Show,2019,"August 5, 2019",0,TV-PG,Kids' TV,United States,3,1,2.0
s4491,Movie,1979,"May 21, 2020",41,TV-14,Comedies,Egypt,3,1,237.0
s4492,Movie,2011,"November 1, 2018",7,TV-MA,Dramas,India,2,1,131.0
s4493,Movie,2017,"August 5, 2019",2,TV-MA,Dramas,Mexico,2,1,102.0
s4494,Movie,2011,"March 4, 2019",8,TV-MA,Dramas,Philippines,3,1,103.0
s4495,Movie,2007,"October 1, 2019",12,PG,Comedies,United States,2,1,104.0
s4496,TV Show,2019,"November 19, 2019",0,TV-MA,International TV Shows,Argentina,3,1,1.0
s4497,TV Show,2016,"September 5, 2017",1,TV-PG,Romantic TV Shows,United States,3,1,1.0
s4498,TV Show,2016,"December 10, 2016",0,R,International TV Shows,Norway,3,1,1.0
s4499,Movie,2019,"October 5, 2019",0,TV-MA,Dramas,India,3,1,109.0
s4500,Movie,2020,"June 24, 2020",0,TV-MA,Dramas,Chile,3,1,92.0
s4501,Movie,2020,"October 28, 2020",0,TV-MA,Horror Movies,Poland,2,1,103.0
s4502,Movie,2017,"June 23, 2017",0,TV-14,Documentaries,Netherlands,1,2,96.0
s4503,TV Show,2019,"November 22, 2019",0,TV-MA,International TV Shows,Brazil,3,1,1.0
s4504,Movie,2016,"December 16, 2020",4,R,Dramas,United States,2,1,117.0
s4505,TV Show,2016,"October 1, 2017",1,TV-Y,Kids' TV,France,1,3,2.0
s4506,TV Show,2018,"September 14, 2018",0,TV-MA,Stand-Up Comedy & Talk Shows,United States,2,1,1.0
s4507,Movie,2017,"May 9, 2017",0,TV-MA,Stand-Up Comedy,United States,1,1,61.0
s4508,Movie,2020,"May 25, 2020",0,TV-Y7,Children & Family Movies,United States,1,1,89.0
s4509,Movie,2019,"August 21, 2020",1,TV-PG,Children & Family Movies,India,1,2,92.0
s4510,Movie,2019,"September 9, 2019",0,TV-PG,Children & Family Movies,United States,2,4,90.0
s4511,Movie,2016,"November 1, 2016",0,TV-MA,Documentaries,United States,1,1,91.0
s4512,TV Show,2020,"July 22, 2020",0,TV-MA,International TV Shows,Norway,2,1,3.0
s4513,TV Show,2004,"March 31, 2017",13,NR,British TV Shows,United Kingdom,3,1,1.0
s4514,TV Show,2019,"March 1, 2019",0,TV-14,TV Dramas,Canada,1,1,1.0
s4515,Movie,2017,"January 1, 2018",1,TV-14,Documentaries,United States,1,1,50.0
s4516,Movie,2020,"November 24, 2020",0,TV-MA,Dramas,Argentina,2,1,84.0
s4517,Movie,2016,"March 15, 2017",1,TV-PG,Documentaries,United Kingdom,3,1,87.0
s4518,Movie,2018,"November 16, 2018",0,TV-MA,Comedies,France,3,2,94.0
s4519,Movie,2018,"July 20, 2018",0,PG,Dramas,Brazil,3,1,133.0
s4520,Movie,2019,"December 7, 2019",0,PG-13,Dramas,Brazil,3,1,97.0
s4521,Movie,2017,"July 1, 2019",2,TV-G,Children & Family Movies,United States,2,1,53.0
s4522,Movie,2018,"July 1, 2019",1,TV-G,Documentaries,United States,1,1,113.0
s4523,Movie,2017,"July 1, 2019",2,TV-PG,Documentaries,United States,1,1,53.0
s4524,Movie,2017,"July 1, 2019",2,TV-PG,Documentaries,United States,1,1,54.0
s4525,Movie,2017,"July 1, 2019",2,TV-PG,Documentaries,United States,1,1,53.0
s4526,Movie,2017,"July 1, 2019",2,TV-G,Documentaries,United States,1,1,54.0
s4527,Movie,2018,"July 1, 2019",1,TV-14,Documentaries,United States,1,1,113.0
s4528,Movie,2017,"July 1, 2019",2,TV-G,Documentaries,United States,1,1,53.0
s4529,Movie,2017,"July 1, 2019",2,TV-PG,Documentaries,United States,1,1,53.0
s4530,Movie,2018,"July 1, 2019",1,TV-PG,Documentaries,United States,1,1,53.0
s4531,Movie,2017,"July 1, 2019",2,TV-14,Documentaries,United States,1,1,54.0
s4532,Movie,2017,"July 1, 2019",2,TV-PG,Documentaries,United States,1,1,54.0
s4533,Movie,2017,"July 1, 2019",2,TV-PG,Documentaries,United States,1,1,52.0
s4534,Movie,2017,"July 1, 2019",2,TV-PG,Documentaries,United States,1,1,54.0
s4535,Movie,2017,"July 1, 2019",2,TV-PG,Documentaries,United States,1,1,54.0
s4536,Movie,2018,"July 1, 2019",1,TV-G,Documentaries,United States,1,1,53.0
s4537,Movie,2017,"July 1, 2019",2,TV-PG,Documentaries,United States,1,1,53.0
s4538,Movie,2018,"July 1, 2019",1,TV-PG,Documentaries,United States,1,1,53.0
s4539,Movie,2018,"July 1, 2019",1,TV-PG,Documentaries,United States,1,1,113.0
s4540,Movie,2012,"July 1, 2019",7,TV-G,Movies,United States,1,1,53.0
s4541,TV Show,2018,"June 1, 2018",0,TV-MA,Crime TV Shows,France,3,1,1.0
s4542,Movie,2017,"July 3, 2020",3,PG-13,Dramas,United States,2,1,86.0
s4543,Movie,1995,"August 2, 2019",24,PG-13,Dramas,United States,1,1,102.0
s4544,Movie,2016,"January 1, 2018",2,TV-MA,Documentaries,United States,2,1,114.0
s4545,Movie,2009,"April 14, 2018",9,R,Dramas,United Kingdom,1,2,99.0
s4546,TV Show,2019,"October 31, 2019",0,TV-MA,Crime TV Shows,Taiwan,3,1,1.0
s4547,TV Show,2016,"July 7, 2016",0,TV-MA,Crime TV Shows,Germany,3,1,1.0
s4548,TV Show,2018,"August 15, 2018",0,TV-MA,Docuseries,Unknown,3,0,1.0
s4549,TV Show,2019,"May 25, 2020",1,TV-Y,Kids' TV,United Kingdom,1,1,5.0
s4550,Movie,2012,"December 31, 2017",5,TV-PG,Documentaries,Israel,2,1,55.0
s4551,Movie,2015,"April 15, 2018",3,TV-MA,Documentaries,Italy,3,1,91.0
s4552,TV Show,2011,"December 1, 2016",5,TV-MA,Anime Series,Japan,2,1,1.0
s4554,TV Show,2016,"August 1, 2017",1,TV-14,British TV Shows,United Kingdom,3,1,1.0
s4555,Movie,2013,"January 1, 2018",5,NR,Dramas,Denmark,3,5,117.0
s4556,Movie,2013,"August 25, 2018",5,TV-MA,Dramas,Denmark,3,6,124.0
s4557,Movie,2016,"January 25, 2017",1,TV-MA,Dramas,Brazil,2,1,102.0
s4558,TV Show,2016,"April 13, 2018",2,TV-MA,International TV Shows,Unknown,3,0,1.0
s4559,Movie,2016,"December 28, 2018",2,R,Documentaries,United Kingdom,3,1,122.0
s4560,Movie,2014,"July 19, 2018",4,R,Comedies,United States,3,1,84.0
s4561,Movie,2009,"September 19, 2019",10,G,Documentaries,France,2,5,84.0
s4562,Movie,2018,"January 3, 2019",1,R,Action & Adventure,Australia,2,1,120.0
s4563,TV Show,2019,"December 31, 2019",0,TV-MA,International TV Shows,Norway,3,2,3.0
s4564,Movie,1960,"November 1, 2019",59,TV-PG,Action & Adventure,United States,3,1,127.0
s4565,Movie,2007,"October 1, 2019",12,PG-13,Action & Adventure,United States,2,1,122.0
s4566,Movie,2004,"October 1, 2019",15,PG-13,Action & Adventure,United States,2,1,125.0
s4567,TV Show,2017,"February 5, 2018",1,TV-14,Crime TV Shows,Hong Kong,3,1,1.0
s4568,TV Show,2020,"January 23, 2020",0,TV-MA,TV Action & Adventure,United States,3,1,1.0
s4569,TV Show,2015,"December 1, 2020",5,TV-Y,British TV Shows,United States,2,4,4.0
s4570,Movie,2020,"August 14, 2020",0,TV-Y,Children & Family Movies,United Kingdom,1,1,72.0
s4571,Movie,2020,"October 13, 2020",0,TV-Y,Children & Family Movies,United Kingdom,1,1,47.0
s4572,TV Show,2017,"December 1, 2020",3,TV-Y,Kids' TV,United Kingdom,2,2,1.0
s4573,Movie,2018,"October 19, 2018",0,TV-Y,Movies,Unknown,1,0,23.0
s4574,Movie,2018,"December 1, 2018",0,TV-Y,Movies,Unknown,1,0,23.0
s4575,Movie,2018,"November 15, 2018",0,TV-14,Comedies,India,2,1,121.0
s4576,TV Show,2015,"June 1, 2017",2,TV-MA,Stand-Up Comedy & Talk Shows,United States,1,1,3.0
s4577,Movie,2015,"September 1, 2016",1,TV-MA,Comedies,Spain,2,1,107.0
s4578,Movie,2020,"July 24, 2020",0,TV-MA,International Movies,Spain,2,2,140.0
s4579,TV Show,2011,"August 1, 2016",5,TV-14,International TV Shows,Taiwan,3,1,1.0
s4580,Movie,2016,"March 30, 2017",1,R,Action & Adventure,United States,1,1,91.0
s4581,Movie,2016,"September 1, 2017",1,TV-MA,Action & Adventure,Germany,3,1,89.0
s4582,TV Show,2017,"September 13, 2017",0,TV-MA,TV Comedies,Australia,2,1,7.0
s4583,TV Show,2017,"December 1, 2017",0,TV-Y7,Kids' TV,France,2,1,1.0
s4584,Movie,1995,"June 1, 2017",22,TV-14,Action & Adventure,India,3,1,154.0
s4585,TV Show,2015,"August 8, 2019",4,TV-MA,International TV Shows,South Korea,3,1,1.0
s4586,Movie,2011,"July 25, 2018",7,TV-MA,Comedies,Thailand,3,1,103.0
s4587,Movie,2012,"August 16, 2018",6,TV-MA,Comedies,Thailand,3,1,103.0
s4588,Movie,2015,"July 25, 2018",3,TV-MA,Comedies,Unknown,3,0,106.0
s4589,Movie,2012,"July 5, 2020",8,TV-PG,Comedies,India,3,1,129.0
s4591,TV Show,2020,"May 1, 2020",0,TV-G,Kids' TV,Canada,2,1,1.0
s4592,Movie,2017,"June 13, 2017",0,TV-MA,Stand-Up Comedy,United States,1,1,102.0
s4593,Movie,2019,"June 1, 2019",0,TV-MA,Comedies,Romania,2,1,109.0
s4594,Movie,2019,"September 14, 2019",0,TV-14,Comedies,India,3,1,157.0
s4595,Movie,2019,"September 25, 2019",0,TV-14,Comedies,Unknown,3,0,146.0
s4596,Movie,2019,"September 25, 2019",0,TV-14,Comedies,Unknown,3,0,146.0
s4597,TV Show,2013,"August 22, 2020",7,TV-G,International TV Shows,Nigeria,2,1,1.0
s4598,Movie,2016,"December 13, 2019",3,TV-14,Comedies,Nigeria,3,1,110.0
s4599,Movie,2017,"June 28, 2017",0,TV-MA,Action & Adventure,South Korea,3,2,121.0
s4600,Movie,2018,"June 12, 2020",2,PG,Anime Features,Japan,2,1,96.0
s4601,Movie,2017,"April 19, 2017",0,TV-14,Documentaries,United States,1,1,102.0
s4602,TV Show,2020,"October 1, 2020",0,TV-MA,International TV Shows,Germany,2,2,1.0
s4603,Movie,2018,"January 18, 2019",1,TV-14,Documentaries,Brazil,2,1,96.0
s4604,TV Show,2015,"October 1, 2016",1,TV-MA,International TV Shows,United States,3,1,1.0
s4605,TV Show,2013,"November 15, 2016",3,TV-PG,Docuseries,United States,1,1,1.0
s4606,TV Show,2018,"March 28, 2018",0,TV-Y,Kids' TV,France,1,1,1.0
s4607,Movie,2014,"September 1, 2019",5,TV-MA,Dramas,Denmark,3,5,82.0
s4608,Movie,2013,"May 2, 2019",6,R,Action & Adventure,United States,1,1,119.0
s4609,Movie,2007,"April 1, 2018",11,TV-14,Comedies,India,3,1,169.0
s4610,Movie,2009,"May 19, 2020",11,TV-14,Comedies,Egypt,2,1,101.0
s4611,Movie,2012,"April 25, 2019",7,TV-MA,Comedies,Egypt,3,1,97.0
s4612,TV Show,2020,"January 29, 2020",0,TV-MA,International TV Shows,Brazil,3,1,1.0
s4613,Movie,2017,"February 2, 2018",1,TV-MA,Dramas,Hungary,3,1,116.0
s4614,TV Show,2018,"August 5, 2018",0,TV-14,International TV Shows,Taiwan,3,1,1.0
s4615,TV Show,2020,"March 11, 2020",0,TV-14,Romantic TV Shows,United States,3,1,3.0
s4616,Movie,2018,"September 12, 2018",0,TV-MA,Dramas,Italy,2,1,100.0
s4617,TV Show,2017,"February 16, 2020",3,TV-MA,International TV Shows,Nigeria,2,1,1.0
s4618,Movie,1983,"August 2, 2018",35,TV-14,Action & Adventure,Hong Kong,2,1,89.0
s4619,Movie,2017,"January 10, 2018",1,TV-14,Documentaries,Brazil,2,4,92.0
s4620,Movie,2016,"May 1, 2018",2,TV-14,Dramas,India,2,1,107.0
s4621,Movie,2010,"December 1, 2018",8,TV-MA,Action & Adventure,Hong Kong,3,1,95.0
s4622,Movie,2018,"September 1, 2018",0,TV-PG,Dramas,India,3,3,101.0
s4623,Movie,2018,"December 15, 2018",0,TV-MA,Documentaries,United States,2,1,78.0
s4624,Movie,2018,"December 15, 2018",0,TV-MA,Documentaries,United States,2,1,79.0
s4625,Movie,2018,"August 1, 2018",0,TV-14,Documentaries,United States,2,1,86.0
s4626,Movie,2018,"August 1, 2018",0,TV-PG,Documentaries,United States,2,1,70.0
s4627,Movie,2018,"August 1, 2018",0,TV-MA,Documentaries,United States,2,1,66.0
s4628,Movie,2018,"December 15, 2018",0,TV-PG,Documentaries,United States,2,1,73.0
s4629,Movie,2018,"December 15, 2018",0,TV-MA,Documentaries,United States,2,1,83.0
s4630,Movie,2018,"August 1, 2018",0,TV-PG,Documentaries,United States,2,1,72.0
s4631,TV Show,2019,"December 9, 2020",1,TV-14,International TV Shows,Egypt,3,1,1.0
s4632,TV Show,2019,"November 23, 2019",0,TV-14,International TV Shows,China,3,1,1.0
s4633,Movie,2019,"April 15, 2020",1,TV-MA,Dramas,United Kingdom,2,1,111.0
s4634,Movie,2010,"May 15, 2019",9,NR,Dramas,India,3,1,133.0
s4635,Movie,2013,"May 16, 2019",6,TV-14,Dramas,India,3,1,142.0
s4636,Movie,1968,"November 20, 2019",51,PG-13,Action & Adventure,Italy,3,2,166.0
s4637,Movie,2001,"March 15, 2017",16,TV-14,Action & Adventure,India,3,1,160.0
s4638,Movie,2014,"July 5, 2020",6,TV-14,Comedies,India,3,1,135.0
s4639,Movie,2016,"September 5, 2018",2,TV-PG,Dramas,Thailand,3,1,135.0
s4640,TV Show,2019,"February 8, 2019",0,TV-PG,TV Comedies,United States,1,1,3.0
s4641,Movie,2020,"May 23, 2020",0,TV-G,Dramas,Indonesia,2,1,128.0
s4642,Movie,2019,"May 3, 2020",1,TV-14,Dramas,India,2,1,120.0
s4643,Movie,2013,"October 1, 2019",6,PG,Documentaries,United States,2,1,92.0
s4644,Movie,2017,"November 1, 2017",0,TV-G,Documentaries,India,3,1,87.0
s4645,Movie,2016,"December 6, 2016",0,TV-14,Documentaries,United States,2,1,70.0
s4646,Movie,1998,"August 24, 2018",20,TV-MA,Comedies,Canada,1,1,31.0
s4647,Movie,2018,"August 25, 2019",1,TV-MA,Dramas,United States,1,1,92.0
s4648,Movie,2017,"January 15, 2018",1,TV-MA,Documentaries,United States,1,1,89.0
s4649,TV Show,2016,"March 10, 2017",1,TV-14,International TV Shows,South Korea,3,1,1.0
s4650,Movie,2012,"November 5, 2020",8,TV-14,Dramas,Philippines,3,1,102.0
s4651,Movie,2016,"October 15, 2017",1,TV-MA,Dramas,India,3,1,93.0
s4652,Movie,2017,"October 20, 2017",0,TV-14,Documentaries,United States,1,1,95.0
s4653,TV Show,2006,"October 15, 2020",14,TV-14,TV Comedies,United States,2,1,5.0
s4654,TV Show,2002,"June 12, 2020",18,TV-14,Anime Series,Japan,1,1,4.0
s4655,TV Show,2019,"July 12, 2019",0,TV-14,International TV Shows,South Korea,3,1,1.0
s4656,TV Show,2018,"February 2, 2019",1,TV-PG,Docuseries,United States,2,1,1.0
s4657,Movie,2020,"June 18, 2020",0,TV-G,Documentaries,Thailand,3,1,86.0
s4658,TV Show,2015,"March 20, 2017",2,TV-14,Anime Series,Japan,3,1,1.0
s4659,Movie,2020,"June 19, 2020",0,TV-MA,Dramas,Turkey,3,1,90.0
s4660,Movie,2019,"July 5, 2020",1,TV-MA,Dramas,United States,3,1,97.0
s4661,Movie,2013,"May 15, 2018",5,R,Cult Movies,Denmark,3,4,90.0
s4662,Movie,2018,"January 15, 2019",1,TV-14,Thrillers,United States,1,1,88.0
s4663,Movie,2015,"November 15, 2018",3,TV-MA,Documentaries,Australia,2,2,76.0
s4664,Movie,2006,"September 1, 2019",13,PG,Children & Family Movies,United States,2,1,86.0
s4665,Movie,2016,"August 1, 2017",1,TV-MA,Comedies,United States,3,1,84.0
s4666,Movie,2015,"February 25, 2017",2,TV-MA,Action & Adventure,Brazil,2,1,99.0
s4667,Movie,2020,"November 5, 2020",0,TV-G,Children & Family Movies,United States,3,1,96.0
s4668,Movie,2016,"January 15, 2018",2,NR,Action & Adventure,South Korea,3,1,111.0
s4669,TV Show,2016,"February 1, 2019",3,TV-14,British TV Shows,United Kingdom,2,1,1.0
s4670,Movie,2016,"August 5, 2017",1,TV-MA,Action & Adventure,China,2,2,124.0
s4671,Movie,2018,"April 1, 2020",2,TV-MA,Documentaries,Unknown,1,0,93.0
s4672,TV Show,2012,"August 1, 2020",8,TV-PG,British TV Shows,United Kingdom,3,1,1.0
s4673,TV Show,2012,"July 1, 2016",4,TV-PG,International TV Shows,South Korea,3,1,1.0
s4674,Movie,2018,"November 27, 2018",0,TV-MA,Action & Adventure,China,2,3,139.0
s4675,Movie,2016,"February 16, 2017",1,TV-MA,Comedies,United States,3,1,91.0
s4676,Movie,1984,"August 16, 2018",34,TV-MA,Action & Adventure,Hong Kong,2,1,86.0
s4677,Movie,2019,"June 13, 2019",0,TV-PG,Documentaries,United States,1,1,61.0
s4678,TV Show,2019,"July 26, 2019",0,TV-MA,TV Comedies,United States,2,1,7.0
s4679,Movie,2017,"April 6, 2018",1,TV-14,Dramas,Spain,3,2,95.0
s4680,TV Show,2018,"October 11, 2018",0,TV-MA,Crime TV Shows,Unknown,3,0,1.0
s4681,Movie,2016,"June 26, 2020",4,TV-MA,Dramas,Philippines,3,1,107.0
s4682,Movie,2016,"March 1, 2020",4,TV-14,Comedies,United States,2,1,87.0
s4683,Movie,2005,"April 28, 2020",15,TV-14,Action & Adventure,Turkey,3,1,104.0
s4685,Movie,2017,"August 1, 2018",1,TV-14,Comedies,India,3,1,122.0
s4686,TV Show,2011,"March 15, 2015",4,TV-Y,Kids' TV,France,1,1,1.0
s4687,TV Show,2019,"March 29, 2019",0,TV-MA,International TV Shows,France,3,1,1.0
s4688,Movie,2016,"December 8, 2016",0,TV-MA,Comedies,United States,3,1,97.0
s4689,Movie,2019,"August 2, 2019",0,R,Comedies,United Kingdom,1,2,101.0
s4690,Movie,2017,"October 15, 2017",0,TV-MA,Dramas,Australia,3,2,96.0
s4691,Movie,2019,"November 4, 2019",0,TV-MA,Dramas,India,3,1,103.0
s4692,Movie,2014,"March 15, 2017",3,TV-PG,Dramas,India,2,1,88.0
s4693,Movie,2019,"September 10, 2019",0,TV-MA,Documentaries,United Kingdom,2,1,93.0
s4694,Movie,2018,"June 1, 2020",2,PG-13,Horror Movies,Canada,2,3,90.0
s4695,Movie,2011,"February 26, 2019",8,R,Comedies,United States,3,1,90.0
s4696,Movie,2016,"April 14, 2017",1,TV-MA,Comedies,Spain,3,1,92.0
s4697,TV Show,2019,"April 5, 2019",0,TV-PG,Docuseries,United States,2,2,1.0
s4698,Movie,2019,"August 20, 2019",0,TV-G,Documentaries,United Kingdom,1,1,63.0
s4699,Movie,2017,"July 1, 2018",1,TV-PG,Comedies,China,3,1,103.0
s4700,Movie,2017,"September 29, 2017",0,TV-14,Dramas,United States,2,1,103.0
s4701,TV Show,2006,"April 1, 2017",11,TV-PG,Anime Series,Japan,3,1,1.0
s4702,Movie,1991,"October 19, 2020",29,TV-MA,Classic Movies,France,3,3,94.0
s4703,Movie,2018,"December 12, 2018",0,TV-PG,Documentaries,United States,1,1,35.0
s4704,Movie,2017,"September 29, 2017",0,TV-MA,Documentaries,Unknown,2,0,85.0
s4705,TV Show,2015,"March 17, 2017",2,TV-MA,Reality TV,Australia,1,1,3.0
s4706,TV Show,2020,"April 15, 2020",0,TV-MA,TV Action & Adventure,United States,3,1,1.0
s4707,TV Show,2017,"December 10, 2019",2,TV-MA,Romantic TV Shows,United States,3,1,3.0
s4708,Movie,2018,"November 9, 2018",0,R,Action & Adventure,United Kingdom,2,2,122.0
s4709,Movie,2018,"February 15, 2019",1,TV-MA,Action & Adventure,United Kingdom,1,1,102.0
s4710,Movie,2018,"June 1, 2018",0,TV-MA,Dramas,United States,2,1,110.0
s4711,Movie,2021,"January 15, 2021",0,R,Action & Adventure,Unknown,1,0,116.0
s4712,TV Show,2020,"November 27, 2020",0,TV-MA,International TV Shows,Germany,3,1,1.0
s4713,Movie,2020,"October 23, 2020",0,PG,Children & Family Movies,China,2,2,100.0
s4714,Movie,2017,"June 4, 2020",3,TV-MA,Comedies,Turkey,2,1,105.0
s4715,Movie,2017,"March 23, 2019",2,TV-MA,Action & Adventure,Thailand,3,1,100.0
s4716,Movie,2008,"November 1, 2018",10,TV-14,Comedies,India,3,1,118.0
s4717,TV Show,2020,"March 27, 2020",0,TV-MA,Crime TV Shows,United States,3,1,3.0
s4718,Movie,2006,"May 31, 2019",13,TV-MA,Horror Movies,United Kingdom,2,2,105.0
s4719,Movie,2015,"August 1, 2018",3,TV-14,Comedies,India,3,1,117.0
s4720,TV Show,2016,"November 7, 2017",1,TV-Y,Kids' TV,United States,2,1,1.0
s4721,Movie,2007,"April 1, 2019",12,PG-13,Dramas,United States,2,1,126.0
s4722,Movie,2010,"November 1, 2018",8,TV-14,Action & Adventure,India,3,1,129.0
s4723,TV Show,2017,"November 20, 2018",1,TV-Y7,Kids' TV,Unknown,2,0,1.0
s4724,Movie,2017,"July 1, 2018",1,TV-14,Dramas,India,2,1,89.0
s4725,TV Show,2020,"December 18, 2020",0,TV-MA,International TV Shows,India,2,1,1.0
s4726,TV Show,2017,"March 30, 2019",2,TV-Y,British TV Shows,United Kingdom,2,1,1.0
s4727,TV Show,2012,"June 1, 2017",5,TV-MA,Crime TV Shows,Colombia,3,1,1.0
s4728,Movie,2007,"March 23, 2018",11,NR,Documentaries,Venezuela,2,2,82.0
s4729,TV Show,2014,"June 20, 2017",3,TV-Y7,Kids' TV,United States,2,3,2.0
s4730,Movie,2016,"October 1, 2016",0,TV-Y7,Movies,Unknown,1,0,44.0
s4731,Movie,2019,"June 7, 2019",0,PG,Children & Family Movies,France,1,3,71.0
s4732,TV Show,2016,"December 2, 2016",0,TV-14,Crime TV Shows,Australia,2,1,1.0
s4733,Movie,2017,"June 15, 2018",1,TV-G,Documentaries,Peru,2,1,74.0
s4734,Movie,2018,"August 21, 2018",0,PG-13,Dramas,India,3,1,130.0
s4735,TV Show,2015,"December 1, 2017",2,TV-14,International TV Shows,Unknown,3,0,1.0
s4736,Movie,2019,"February 22, 2019",0,TV-MA,Comedies,United States,3,1,89.0
s4737,Movie,2013,"October 29, 2020",7,TV-14,Horror Movies,Philippines,2,1,106.0
s4738,Movie,2019,"March 31, 2020",1,TV-MA,Dramas,India,3,1,107.0
s4739,Movie,2005,"April 1, 2018",13,TV-PG,Dramas,India,3,1,134.0
s4740,Movie,2018,"January 7, 2019",1,TV-PG,Comedies,India,3,2,82.0
s4741,Movie,2007,"July 26, 2018",11,TV-MA,Action & Adventure,Thailand,2,1,82.0
s4742,Movie,2002,"November 1, 2019",17,R,Action & Adventure,United States,2,1,98.0
s4743,Movie,2016,"February 1, 2018",2,R,Dramas,United States,1,1,96.0
s4744,Movie,1988,"August 16, 2018",30,TV-PG,Dramas,Hong Kong,2,1,108.0
s4745,TV Show,2011,"March 31, 2020",9,TV-Y,Kids' TV,United States,1,1,1.0
s4746,TV Show,2019,"February 13, 2020",1,TV-14,International TV Shows,Unknown,3,0,1.0
s4747,Movie,2004,"October 8, 2020",16,TV-MA,Dramas,Argentina,2,1,106.0
s4748,Movie,2015,"June 30, 2016",1,TV-14,Documentaries,United Kingdom,3,1,91.0
s4749,Movie,2015,"May 1, 2016",1,TV-MA,Dramas,Spain,3,1,163.0
s4750,Movie,2006,"January 1, 2020",14,R,Dramas,Mexico,3,2,119.0
s4751,TV Show,2020,"January 22, 2020",0,TV-14,Docuseries,United States,2,1,1.0
s4752,Movie,2017,"January 15, 2019",2,TV-MA,Action & Adventure,India,3,1,125.0
s4753,Movie,2016,"March 17, 2017",1,TV-MA,Dramas,South Korea,3,1,137.0
s4754,Movie,2002,"August 1, 2019",17,R,Thrillers,United States,1,1,112.0
s4755,Movie,2019,"February 14, 2020",1,TV-14,Dramas,India,3,1,171.0
s4756,Movie,2017,"October 19, 2020",3,TV-MA,Documentaries,Lebanon,2,1,69.0
s4757,Movie,2014,"March 1, 2019",5,TV-G,Children & Family Movies,Canada,2,1,87.0
s4758,Movie,2000,"December 8, 2017",17,TV-PG,Comedies,India,3,1,137.0
s4759,Movie,2018,"April 20, 2019",1,TV-MA,Dramas,Canada,3,1,89.0
s4760,TV Show,2018,"January 31, 2019",1,TV-Y,Kids' TV,Unknown,1,0,1.0
s4761,TV Show,2018,"June 28, 2019",1,TV-MA,International TV Shows,Spain,3,1,3.0
s4762,Movie,2019,"November 8, 2019",0,TV-MA,Action & Adventure,France,3,1,94.0
s4763,Movie,2018,"September 29, 2018",0,TV-MA,Dramas,Brazil,3,1,111.0
s4764,TV Show,2020,"March 6, 2020",0,TV-MA,TV Comedies,United States,1,1,2.0
s4765,Movie,2018,"March 23, 2018",0,TV-MA,Dramas,United States,2,1,74.0
s4766,TV Show,2016,"November 17, 2016",0,TV-MA,British TV Shows,United Kingdom,3,1,1.0
s4767,TV Show,2020,"November 5, 2020",0,TV-14,International TV Shows,Egypt,3,1,1.0
s4768,Movie,2007,"January 1, 2020",13,R,Horror Movies,United States,2,1,86.0
s4769,Movie,2018,"March 1, 2019",1,TV-14,Horror Movies,United States,3,2,93.0
s4771,Movie,2012,"October 18, 2020",8,PG,Children & Family Movies,United States,2,1,93.0
s4772,TV Show,2014,"May 15, 2020",6,TV-MA,Anime Series,Japan,3,1,1.0
s4773,Movie,2019,"July 11, 2019",0,TV-14,Documentaries,Spain,3,1,106.0
s4774,Movie,1997,"March 1, 2018",21,TV-14,Dramas,India,3,1,187.0
s4775,Movie,2017,"July 1, 2018",1,TV-PG,Dramas,India,3,1,109.0
s4776,Movie,2018,"January 15, 2019",1,TV-14,Horror Movies,Pakistan,2,1,116.0
s4777,Movie,1990,"February 1, 2017",27,R,Classic Movies,United States,3,1,77.0
s4778,Movie,2019,"February 22, 2019",0,TV-MA,Dramas,France,3,1,84.0
s4779,Movie,2019,"October 16, 2019",0,TV-MA,Stand-Up Comedy,South Korea,1,1,63.0
s4781,Movie,2018,"July 25, 2018",0,TV-PG,Dramas,India,2,1,124.0
s4782,Movie,1989,"October 2, 2018",29,TV-14,Comedies,United Kingdom,1,1,72.0
s4783,TV Show,2017,"December 25, 2017",0,TV-14,International TV Shows,Unknown,3,0,1.0
s4784,Movie,2018,"August 17, 2018",0,TV-14,Comedies,United States,1,1,33.0
s4785,TV Show,2003,"May 4, 2017",14,TV-14,International TV Shows,Colombia,3,2,1.0
s4786,Movie,2018,"March 15, 2019",1,TV-14,Action & Adventure,Malaysia,3,1,115.0
s4787,Movie,1992,"January 1, 2021",29,R,Action & Adventure,United States,1,1,84.0
s4788,TV Show,2020,"February 21, 2020",0,TV-G,International TV Shows,Unknown,2,0,1.0
s4789,TV Show,2016,"October 3, 2020",4,TV-Y,Kids' TV,Unknown,1,0,1.0
s4790,Movie,2011,"October 22, 2017",6,TV-PG,Dramas,India,3,1,140.0
s4791,Movie,2017,"January 29, 2018",1,TV-14,Documentaries,United States,1,1,68.0
s4792,Movie,2019,"January 18, 2019",0,TV-MA,Documentaries,Mexico,2,1,90.0
s4793,Movie,2019,"May 16, 2019",0,TV-PG,Comedies,United Kingdom,1,1,94.0
s4794,TV Show,2020,"May 17, 2020",0,TV-MA,Stand-Up Comedy & Talk Shows,United States,2,1,6.0
s4795,Movie,1992,"January 1, 2020",28,R,Action & Adventure,United States,1,1,117.0
s4796,Movie,2014,"March 10, 2017",3,TV-MA,Comedies,Turkey,3,1,105.0
s4797,Movie,2017,"October 17, 2017",0,TV-MA,Stand-Up Comedy,United States,1,1,66.0
s4798,TV Show,2020,"May 19, 2020",0,TV-MA,Stand-Up Comedy & Talk Shows,United States,2,1,1.0
s4799,Movie,2016,"April 22, 2016",0,TV-MA,Stand-Up Comedy,United States,1,1,66.0
s4800,Movie,2009,"November 1, 2020",11,PG,Action & Adventure,United States,2,1,91.0
s4801,TV Show,2017,"September 29, 2017",0,TV-14,British TV Shows,United Kingdom,3,1,1.0
s4802,Movie,2016,"July 1, 2018",2,TV-14,Dramas,India,2,1,104.0
s4803,TV Show,2010,"September 15, 2019",9,TV-14,Reality TV,United States,1,1,1.0
s4804,Movie,2018,"November 29, 2019",1,TV-MA,Comedies,Nigeria,3,1,110.0
s4805,Movie,2009,"July 1, 2018",9,TV-14,Comedies,India,2,1,114.0
s4806,Movie,2016,"October 1, 2018",2,TV-14,Comedies,India,3,2,73.0
s4807,TV Show,2019,"October 4, 2019",0,TV-MA,British TV Shows,United Kingdom,3,1,5.0
s4808,TV Show,2018,"April 1, 2019",1,TV-14,International TV Shows,Lebanon,2,1,1.0
s4809,Movie,2015,"June 1, 2018",3,TV-MA,Documentaries,Germany,3,1,85.0
s4810,Movie,2013,"September 1, 2018",5,TV-MA,Comedies,Thailand,3,1,112.0
s4811,Movie,2016,"March 18, 2016",0,TV-PG,Children & Family Movies,United States,3,1,90.0
s4813,Movie,1988,"December 18, 2014",26,TV-PG,Movies,United States,1,1,48.0
s4814,Movie,2010,"January 10, 2021",11,TV-MA,Comedies,India,3,1,109.0
s4815,Movie,2019,"May 31, 2019",0,TV-MA,Comedies,China,3,1,98.0
s4816,Movie,2014,"July 1, 2020",6,TV-MA,Comedies,Turkey,2,1,134.0
s4817,Movie,2016,"August 25, 2017",1,TV-MA,Dramas,Malaysia,2,1,95.0
s4818,Movie,2019,"July 5, 2020",1,TV-14,Dramas,India,3,1,125.0
s4819,Movie,2018,"June 29, 2018",0,TV-14,Comedies,Colombia,3,2,89.0
s4820,Movie,2006,"April 1, 2019",13,PG,Children & Family Movies,United Kingdom,3,2,89.0
s4821,Movie,2014,"January 15, 2021",7,PG,Children & Family Movies,Unknown,2,0,92.0
s4822,TV Show,2016,"September 17, 2016",0,TV-MA,TV Dramas,Ireland,3,3,3.0
s4823,TV Show,2018,"December 22, 2018",0,TV-MA,British TV Shows,United Kingdom,2,1,5.0
s4824,Movie,2016,"February 28, 2017",1,TV-MA,Dramas,United States,2,2,108.0
s4825,Movie,2018,"December 1, 2020",2,R,Action & Adventure,Hong Kong,1,2,102.0
s4826,Movie,2017,"November 25, 2017",0,TV-PG,Documentaries,Uruguay,2,1,76.0
s4827,Movie,2018,"August 9, 2018",0,TV-MA,Dramas,Argentina,3,2,104.0
s4828,Movie,2017,"April 30, 2019",2,TV-MA,Documentaries,Canada,1,1,72.0
s4829,Movie,2007,"January 1, 2019",12,R,Thrillers,United States,1,1,109.0
s4830,TV Show,2018,"December 21, 2018",0,TV-MA,Crime TV Shows,Germany,3,1,1.0
s4831,Movie,2018,"February 12, 2019",1,TV-PG,Documentaries,United States,1,1,26.0
s4833,TV Show,2019,"April 11, 2019",0,TV-MA,International TV Shows,South Korea,3,1,1.0
s4834,Movie,2016,"February 1, 2019",3,R,Dramas,France,3,4,105.0
s4835,Movie,2020,"February 25, 2020",0,TV-MA,Stand-Up Comedy,United States,1,1,50.0
s4836,Movie,2016,"March 9, 2017",1,TV-MA,Documentaries,United States,1,1,92.0
s4837,Movie,2018,"August 18, 2018",0,PG,Children & Family Movies,United States,2,2,95.0
s4838,Movie,2020,"September 11, 2020",0,TV-Y7,Children & Family Movies,Germany,2,3,93.0
s4839,Movie,2019,"April 5, 2019",0,TV-14,Action & Adventure,India,3,1,170.0
s4840,Movie,2019,"April 7, 2019",0,TV-14,Action & Adventure,Unknown,3,0,170.0
s4841,Movie,2016,"November 1, 2017",1,TV-G,Children & Family Movies,Germany,2,1,82.0
s4842,Movie,2018,"December 31, 2019",1,TV-MA,Dramas,Unknown,3,0,108.0
s4843,Movie,2015,"October 1, 2018",3,TV-14,Action & Adventure,India,2,1,129.0
s4844,Movie,2015,"October 1, 2017",2,PG,Action & Adventure,France,3,2,85.0
s4845,Movie,1993,"July 1, 2019",26,PG-13,Classic Movies,United States,3,1,126.0
s4846,Movie,2000,"April 1, 2018",18,TV-14,Comedies,India,3,1,159.0
s4847,Movie,2006,"October 12, 2020",14,TV-14,Comedies,India,2,1,150.0
s4848,Movie,2015,"January 15, 2018",3,TV-14,International Movies,India,2,1,118.0
s4849,Movie,2009,"September 5, 2018",9,TV-MA,Horror Movies,Thailand,2,1,125.0
s4850,Movie,2012,"September 1, 2019",7,TV-14,Comedies,Nigeria,3,1,112.0
s4851,Movie,2016,"September 10, 2020",4,TV-14,Comedies,India,3,1,138.0
s4852,Movie,2017,"December 31, 2019",2,TV-14,Dramas,India,3,1,96.0
s4853,Movie,2018,"August 2, 2020",2,TV-PG,Children & Family Movies,United States,2,1,81.0
s4854,Movie,2017,"April 12, 2018",1,TV-MA,Dramas,Colombia,3,1,108.0
s4855,Movie,2020,"January 7, 2021",1,R,Dramas,Canada,1,3,128.0
s4856,Movie,2018,"November 1, 2020",2,R,Dramas,United States,3,1,81.0
s4857,Movie,2018,"June 29, 2019",1,TV-MA,Romantic Movies,United States,1,1,81.0
s4858,Movie,2018,"June 15, 2019",1,TV-14,Dramas,India,3,1,90.0
s4859,TV Show,2019,"July 12, 2019",0,TV-14,International TV Shows,Unknown,3,0,1.0
s4860,Movie,2017,"November 15, 2018",1,TV-PG,Dramas,India,3,1,92.0
s4861,TV Show,2018,"December 7, 2018",0,TV-MA,International TV Shows,Australia,2,1,1.0
s4862,Movie,2008,"September 1, 2020",12,R,Action & Adventure,United States,2,1,112.0
s4863,Movie,2016,"January 20, 2017",1,TV-14,Dramas,India,2,1,130.0
s4864,Movie,2019,"January 15, 2021",2,TV-Y,Children & Family Movies,Unknown,1,0,65.0
s4865,TV Show,2019,"July 17, 2019",0,TV-Y7,Kids' TV,United States,2,1,3.0
s4866,Movie,2018,"April 1, 2019",1,TV-MA,Dramas,Pakistan,3,2,124.0
s4867,TV Show,1946,"February 1, 2017",71,TV-14,TV Shows,United States,1,1,1.0
s4868,TV Show,1925,"December 30, 2018",93,TV-14,TV Shows,Unknown,1,0,1.0
s4869,Movie,2002,"March 1, 2018",16,TV-MA,Dramas,India,3,1,127.0
s4870,Movie,2014,"October 1, 2018",4,TV-14,Horror Movies,India,3,1,102.0
s4871,Movie,1998,"March 15, 2018",20,TV-MA,Dramas,Argentina,2,1,81.0
s4872,TV Show,2018,"January 15, 2020",2,TV-Y,Kids' TV,France,1,2,2.0
s4873,Movie,2014,"September 6, 2018",4,TV-14,Comedies,India,3,1,146.0
s4874,Movie,2018,"July 13, 2019",1,TV-MA,Dramas,France,3,1,133.0
s4875,Movie,2009,"January 23, 2019",10,PG,Children & Family Movies,Spain,3,3,91.0
s4876,TV Show,2016,"December 25, 2017",1,TV-G,British TV Shows,United Kingdom,3,1,1.0
s4877,TV Show,2006,"April 22, 2015",9,TV-PG,British TV Shows,United Kingdom,3,1,1.0
s4878,Movie,2010,"June 1, 2020",10,TV-14,Action & Adventure,United States,2,1,81.0
s4879,Movie,2016,"January 1, 2018",2,TV-MA,Dramas,France,2,2,108.0
s4880,Movie,1986,"November 1, 2020",34,R,Action & Adventure,United States,3,2,120.0
s4881,Movie,2012,"July 5, 2020",8,TV-14,Action & Adventure,India,2,1,162.0
s4882,Movie,2012,"January 3, 2021",9,PG-13,Comedies,United States,3,1,106.0
s4883,Movie,1980,"December 1, 2017",37,TV-14,Dramas,United States,1,1,149.0
s4884,Movie,2018,"April 5, 2019",1,TV-MA,Documentaries,Canada,2,2,92.0
s4885,TV Show,2019,"January 22, 2020",1,TV-MA,International TV Shows,United States,3,1,1.0
s4886,Movie,2020,"July 6, 2020",0,TV-MA,International Movies,Unknown,2,0,65.0
s4887,Movie,2018,"September 30, 2020",2,TV-MA,Dramas,United Kingdom,3,2,28.0
s4888,TV Show,2017,"January 10, 2019",2,TV-Y,Kids' TV,Spain,2,2,4.0
s4889,Movie,2015,"May 1, 2018",3,TV-Y,Movies,Unknown,1,0,19.0
s4890,Movie,2008,"May 1, 2018",10,TV-Y,Movies,Spain,1,1,25.0
s4891,Movie,2015,"May 1, 2018",3,TV-Y,Movies,Unknown,1,0,22.0
s4892,Movie,2015,"May 1, 2018",3,TV-Y,Movies,United States,1,1,40.0
s4893,Movie,2014,"May 1, 2018",4,TV-Y,Movies,Unknown,1,0,22.0
s4894,Movie,2016,"May 1, 2018",2,TV-Y,Movies,Unknown,1,0,24.0
s4895,Movie,2019,"July 12, 2019",0,TV-MA,Action & Adventure,France,1,2,87.0
s4896,TV Show,2020,"December 4, 2020",0,TV-Y7,Anime Series,Unknown,3,0,3.0
s4897,Movie,2017,"January 1, 2019",2,TV-Y7,Anime Features,Japan,2,1,97.0
s4898,Movie,2018,"January 1, 2020",2,TV-Y7,Anime Features,Japan,2,1,98.0
s4899,TV Show,2019,"April 1, 2020",1,TV-Y7,Anime Series,Unknown,2,0,3.0
s4900,TV Show,2000,"January 1, 2018",18,TV-Y7,Anime Series,Japan,2,1,1.0
s4901,Movie,2019,"February 27, 2020",1,TV-Y7,Anime Features,Japan,2,1,98.0
s4902,Movie,2019,"January 25, 2019",0,TV-MA,Action & Adventure,United States,2,2,119.0
s4903,Movie,2019,"February 9, 2020",1,PG-13,Horror Movies,United States,1,3,88.0
s4904,TV Show,2020,"November 15, 2020",0,TV-Y,Kids' TV,Canada,1,3,2.0
s4905,TV Show,2018,"November 16, 2018",0,TV-G,Kids' TV,Canada,2,1,2.0
s4906,Movie,2013,"October 1, 2018",5,TV-PG,Comedies,India,3,1,122.0
s4907,TV Show,2018,"February 1, 2020",2,TV-14,Anime Series,Japan,2,1,1.0
s4908,Movie,2017,"March 1, 2020",3,TV-14,Dramas,South Africa,3,1,88.0
s4909,Movie,2018,"January 3, 2019",1,PG,Documentaries,Switzerland,3,5,96.0
s4910,Movie,1980,"November 24, 2019",39,PG,Action & Adventure,United States,3,1,114.0
s4911,TV Show,2016,"July 24, 2016",0,TV-Y,Kids' TV,United States,1,2,3.0
s4912,TV Show,2013,"April 19, 2019",6,TV-Y7,Kids' TV,South Korea,2,1,2.0
s4913,TV Show,2018,"September 25, 2019",1,TV-14,TV Comedies,United States,1,1,8.0
s4914,Movie,2016,"April 16, 2018",2,TV-MA,Dramas,Portugal,3,4,77.0
s4915,TV Show,2019,"June 11, 2020",1,TV-MA,TV Dramas,United States,1,1,2.0
s4916,Movie,2006,"September 1, 2019",13,PG-13,Action & Adventure,United States,2,1,98.0
s4917,Movie,2017,"January 1, 2020",3,TV-MA,Dramas,Indonesia,3,1,102.0
s4918,Movie,2016,"September 10, 2020",4,TV-14,Comedies,India,3,1,138.0
s4919,TV Show,2019,"April 4, 2019",0,TV-MA,Crime TV Shows,South Korea,3,1,1.0
s4920,Movie,2018,"February 19, 2019",1,TV-MA,Dramas,United Kingdom,3,1,90.0
s4921,Movie,2017,"November 27, 2017",0,PG-13,Comedies,India,2,1,128.0
s4922,Movie,2017,"December 15, 2019",2,TV-MA,Comedies,Ghana,3,1,104.0
s4923,Movie,2017,"December 15, 2017",0,PG-13,Comedies,United States,2,1,86.0
s4924,TV Show,2010,"February 15, 2018",8,TV-14,Crime TV Shows,India,3,1,1.0
s4925,TV Show,2016,"June 1, 2017",1,TV-Y7,Kids' TV,Unknown,2,0,1.0
s4926,Movie,2017,"December 1, 2018",1,TV-MA,Dramas,India,2,1,124.0
s4927,TV Show,2020,"August 1, 2020",0,TV-Y7,Kids' TV,United States,1,2,2.0
s4928,TV Show,2020,"October 15, 2020",0,TV-Y7,Kids' TV,United States,1,1,2.0
s4929,TV Show,2015,"December 2, 2015",0,TV-Y7,Kids' TV,United States,1,1,1.0
s4930,TV Show,2016,"October 15, 2016",0,TV-Y7,Kids' TV,Unknown,1,0,1.0
s4931,TV Show,2004,"January 1, 2016",12,TV-Y7,Kids' TV,United States,1,1,1.0
s4932,TV Show,1998,"January 1, 2016",18,TV-Y7,Kids' TV,United States,1,3,1.0
s4933,TV Show,2008,"January 1, 2016",8,TV-Y7,Kids' TV,United States,1,1,1.0
s4934,TV Show,2000,"January 1, 2016",16,TV-Y7,Kids' TV,France,1,3,1.0
s4935,TV Show,1999,"January 1, 2016",17,TV-Y7,Kids' TV,United States,1,3,1.0
s4936,TV Show,2006,"January 1, 2016",10,TV-Y7,Kids' TV,United States,1,1,1.0
s4937,TV Show,2018,"October 15, 2018",0,TV-Y7,Kids' TV,United States,1,1,2.0
s4938,TV Show,2003,"January 1, 2016",13,TV-Y7,Kids' TV,United States,1,2,1.0
s4939,TV Show,2007,"January 1, 2016",9,TV-Y7,Kids' TV,United States,1,3,1.0
s4940,TV Show,2009,"January 1, 2016",7,TV-Y7,Kids' TV,United States,1,1,1.0
s4941,TV Show,2005,"January 1, 2016",11,TV-Y7,Kids' TV,United States,1,2,1.0
s4942,TV Show,2011,"January 1, 2016",5,TV-Y7,Kids' TV,United States,1,1,1.0
s4943,Movie,2011,"January 1, 2016",5,TV-Y7,Movies,United States,1,1,24.0
s4944,Movie,2011,"January 1, 2016",5,TV-Y7,Children & Family Movies,United States,1,1,46.0
s4945,Movie,2011,"January 1, 2016",5,TV-Y7,Movies,United States,1,1,24.0
s4946,TV Show,2014,"January 1, 2016",2,TV-Y7,Kids' TV,Unknown,1,0,1.0
s4947,Movie,2014,"January 1, 2016",2,TV-Y7,Movies,United States,1,1,55.0
s4948,TV Show,2012,"January 1, 2016",4,TV-Y7,Kids' TV,Unknown,1,0,1.0
s4949,Movie,2012,"January 1, 2016",4,TV-Y7,Children & Family Movies,United States,2,1,24.0
s4950,Movie,2012,"January 1, 2016",4,TV-Y7,Movies,United States,1,1,23.0
s4951,TV Show,2001,"January 1, 2016",15,TV-Y7,Kids' TV,United States,1,1,1.0
s4952,TV Show,1997,"January 1, 2016",19,TV-Y7,Kids' TV,United States,1,3,1.0
s4953,TV Show,2002,"January 1, 2016",14,TV-Y7,Kids' TV,United States,1,4,1.0
s4954,TV Show,1996,"January 1, 2016",20,TV-Y7,Kids' TV,United States,1,3,1.0
s4955,TV Show,2013,"January 1, 2016",3,TV-Y7,Kids' TV,United States,1,1,1.0
s4956,Movie,2013,"January 1, 2016",3,TV-Y7,Children & Family Movies,United States,1,1,24.0
s4957,Movie,2013,"January 1, 2016",3,TV-Y7,Children & Family Movies,United States,1,1,24.0
s4958,Movie,2013,"December 1, 2017",4,TV-MA,Dramas,India,3,2,106.0
s4959,Movie,2019,"November 25, 2019",0,TV-14,Action & Adventure,India,3,1,117.0
s4960,TV Show,2019,"October 25, 2019",0,TV-MA,Reality TV,United States,3,1,1.0
s4961,Movie,1942,"March 31, 2017",75,TV-14,Classic Movies,United States,2,1,52.0
s4962,Movie,2015,"June 25, 2020",5,TV-14,Action & Adventure,India,3,1,164.0
s4963,Movie,2013,"February 15, 2018",5,TV-14,International Movies,India,2,1,127.0
s4964,Movie,2015,"April 15, 2016",1,NR,Documentaries,United States,1,1,86.0
s4965,TV Show,2010,"April 28, 2017",7,TV-14,International TV Shows,South Korea,3,1,1.0
s4966,TV Show,2021,"January 8, 2021",0,TV-14,Docuseries,United States,1,1,1.0
s4967,Movie,2018,"March 31, 2020",2,TV-14,Thrillers,United States,1,1,84.0
s4968,TV Show,2018,"August 8, 2018",0,TV-14,International TV Shows,Unknown,3,0,1.0
s4969,Movie,2012,"February 20, 2020",8,TV-PG,Comedies,South Africa,3,1,95.0
s4970,Movie,1996,"December 1, 2019",23,R,Dramas,United States,2,1,131.0
s4971,Movie,1969,"June 1, 2017",48,TV-PG,Dramas,India,3,1,152.0
s4972,Movie,1984,"August 31, 2018",34,TV-14,Comedies,Hong Kong,3,1,93.0
s4973,TV Show,2017,"October 18, 2020",3,TV-Y,Kids' TV,Unknown,2,0,1.0
s4974,TV Show,2019,"May 20, 2019",0,TV-G,Kids' TV,United States,2,1,2.0
s4975,Movie,2018,"December 17, 2018",0,TV-G,Children & Family Movies,United States,2,1,29.0
s4976,Movie,2017,"February 5, 2018",1,TV-MA,Dramas,United States,3,1,97.0
s4977,Movie,2014,"September 26, 2014",0,TV-14,Documentaries,United States,1,1,100.0
s4978,TV Show,2017,"January 24, 2018",1,TV-MA,International TV Shows,South Korea,3,1,1.0
s4979,Movie,2018,"October 5, 2018",0,R,Comedies,United States,3,1,124.0
s4980,TV Show,2020,"October 8, 2020",0,TV-14,Crime TV Shows,South Korea,3,1,1.0
s4981,TV Show,2012,"December 22, 2019",7,TV-14,TV Comedies,United States,2,1,6.0
s4982,Movie,1962,"July 1, 2017",55,TV-PG,Comedies,India,3,1,163.0
s4983,Movie,2018,"August 6, 2019",1,TV-MA,Comedies,United States,2,1,84.0
s4984,TV Show,2011,"February 22, 2017",6,TV-PG,Crime TV Shows,United States,2,1,1.0
s4985,Movie,2016,"July 25, 2020",4,TV-MA,Dramas,India,3,1,103.0
s4986,TV Show,2017,"November 7, 2017",0,TV-G,Kids' TV,United States,1,1,6.0
s4987,Movie,2018,"June 7, 2020",2,TV-14,Dramas,India,3,1,92.0
s4988,Movie,2020,"August 14, 2020",0,R,Action & Adventure,United States,1,1,113.0
s4989,TV Show,2017,"October 19, 2018",1,TV-MA,International TV Shows,Thailand,3,1,4.0
s4990,Movie,2008,"November 12, 2020",12,PG-13,Horror Movies,United States,1,2,88.0
s4991,Movie,2019,"June 1, 2019",0,TV-MA,Documentaries,Canada,1,1,83.0
s4992,Movie,2018,"November 2, 2020",2,R,Sci-Fi & Fantasy,Canada,2,2,100.0
s4993,TV Show,2016,"April 15, 2018",2,TV-MA,International TV Shows,Argentina,3,1,2.0
s4994,Movie,2020,"May 1, 2020",0,TV-MA,Horror Movies,India,3,1,143.0
s4995,Movie,2018,"April 25, 2018",0,TV-MA,Action & Adventure,South Korea,3,1,102.0
s4996,TV Show,2018,"December 31, 2019",1,TV-Y7,Kids' TV,Unknown,2,0,1.0
s4997,TV Show,2011,"June 15, 2019",8,TV-14,Anime Series,Japan,2,1,1.0
s4998,TV Show,2020,"February 21, 2020",0,TV-MA,Crime TV Shows,Argentina,3,1,1.0
s4999,Movie,2015,"April 16, 2020",5,R,Comedies,United States,1,1,82.0
s5000,TV Show,2016,"August 17, 2016",0,TV-Y,Kids' TV,Ireland,1,1,2.0
s5001,Movie,2000,"March 1, 2018",18,TV-14,Action & Adventure,India,3,1,165.0
s5002,Movie,2018,"October 8, 2018",0,TV-14,Action & Adventure,Malaysia,3,1,119.0
s5003,Movie,1994,"January 1, 2019",25,R,Classic Movies,United States,3,1,154.0
s5004,Movie,2014,"November 1, 2017",3,TV-14,Dramas,Canada,2,2,158.0
s5005,TV Show,2020,"December 15, 2020",0,TV-Y,Kids' TV,United States,2,1,2.0
s5006,Movie,2016,"October 29, 2016",0,G,Children & Family Movies,Canada,2,1,92.0
s5007,Movie,2017,"October 28, 2017",0,PG,Children & Family Movies,Canada,2,1,93.0
s5008,Movie,2018,"May 5, 2018",0,G,Children & Family Movies,Canada,3,3,87.0
s5009,Movie,2018,"November 20, 2018",0,PG,Children & Family Movies,United States,2,1,91.0
s5010,Movie,2017,"January 1, 2019",2,TV-MA,International Movies,India,2,1,120.0
s5011,Movie,2012,"December 27, 2017",5,R,Action & Adventure,United Kingdom,1,1,89.0
s5012,Movie,2017,"June 20, 2017",0,TV-Y7,Children & Family Movies,United States,2,1,24.0
s5013,Movie,2011,"September 1, 2020",9,PG,Children & Family Movies,United States,2,1,92.0
s5014,TV Show,2019,"November 11, 2019",0,TV-14,International TV Shows,China,3,1,1.0
s5015,Movie,2011,"May 1, 2017",6,TV-14,Comedies,India,3,1,149.0
s5016,Movie,2015,"July 5, 2020",5,TV-MA,Comedies,India,3,1,136.0
s5017,Movie,2006,"February 15, 2019",13,TV-MA,Comedies,India,3,1,120.0
s5019,Movie,1986,"January 15, 2018",32,TV-14,Dramas,India,3,1,153.0
s5020,Movie,2019,"March 11, 2020",1,TV-MA,Documentaries,United States,2,1,96.0
s5021,Movie,2017,"August 28, 2018",1,TV-14,Comedies,India,3,1,120.0
s5022,TV Show,2019,"January 4, 2021",2,TV-14,Docuseries,United States,1,1,1.0
s5023,Movie,1998,"June 1, 2017",19,TV-14,Dramas,India,2,1,161.0
s5024,TV Show,2012,"July 7, 2017",5,TV-14,International TV Shows,China,2,1,1.0
s5025,Movie,2018,"December 1, 2019",1,TV-PG,Dramas,India,3,1,137.0
s5026,Movie,2020,"December 22, 2020",0,TV-14,Music & Musicals,Netherlands,1,1,57.0
s5027,TV Show,2015,"November 4, 2016",1,TV-MA,International TV Shows,United States,3,1,1.0
s5028,TV Show,2018,"September 2, 2018",0,TV-14,Crime TV Shows,United States,3,1,3.0
s5029,Movie,2008,"August 31, 2020",12,PG-13,Action & Adventure,United Kingdom,1,2,106.0
s5030,Movie,2012,"May 11, 2020",8,PG-13,Comedies,United Kingdom,3,1,98.0
s5031,Movie,2014,"July 5, 2020",6,TV-MA,Comedies,India,3,1,138.0
s5032,TV Show,2009,"August 1, 2016",7,TV-MA,International TV Shows,Taiwan,3,1,1.0
s5033,Movie,2015,"April 6, 2019",4,PG-13,Dramas,United States,1,2,128.0
s5034,TV Show,2018,"June 6, 2020",2,TV-MA,Crime TV Shows,United States,3,4,4.0
s5035,TV Show,2020,"February 28, 2020",0,TV-MA,International TV Shows,South Africa,3,1,1.0
s5036,TV Show,2017,"May 1, 2018",1,TV-MA,International TV Shows,Unknown,3,0,1.0
s5037,TV Show,2018,"October 25, 2018",0,TV-14,Stand-Up Comedy & Talk Shows,Unknown,2,0,1.0
s5038,TV Show,2020,"June 5, 2020",0,TV-14,Reality TV,United States,1,1,5.0
s5039,TV Show,2019,"November 1, 2019",0,TV-14,International TV Shows,United States,2,2,1.0
s5040,Movie,2018,"February 28, 2019",1,TV-MA,Dramas,Spain,3,2,125.0
s5041,TV Show,2019,"April 5, 2019",0,TV-MA,Crime TV Shows,Sweden,3,1,1.0
s5042,Movie,1988,"October 1, 2011",23,TV-PG,Dramas,United States,2,1,93.0
s5043,Movie,1990,"December 1, 2020",30,PG-13,Action & Adventure,Australia,1,2,120.0
s5044,Movie,2018,"September 21, 2018",0,TV-MA,Documentaries,United States,2,1,124.0
s5045,TV Show,2017,"October 3, 2020",3,TV-Y,Kids' TV,Unknown,1,0,1.0
s5046,Movie,2019,"April 29, 2020",1,TV-14,Action & Adventure,India,3,1,132.0
s5047,Movie,2008,"August 1, 2018",10,PG,Children & Family Movies,United States,2,1,98.0
s5048,Movie,2010,"August 2, 2018",8,TV-14,Dramas,India,3,1,162.0
s5049,Movie,2020,"July 31, 2020",0,TV-MA,Dramas,India,3,1,150.0
s5050,TV Show,2012,"June 1, 2017",5,TV-14,International TV Shows,Unknown,3,0,1.0
s5051,TV Show,2018,"July 1, 2019",1,TV-Y7,Kids' TV,France,2,1,1.0
s5052,Movie,2004,"December 18, 2020",16,TV-PG,Dramas,Malaysia,3,1,85.0
s5053,Movie,2008,"October 1, 2018",10,TV-14,Action & Adventure,India,3,1,155.0
s5054,Movie,2013,"October 1, 2018",5,TV-14,Action & Adventure,India,3,1,139.0
s5055,Movie,2009,"July 1, 2019",10,PG,Children & Family Movies,United States,1,1,99.0
s5056,Movie,2008,"September 1, 2019",11,R,Dramas,United States,2,1,113.0
s5057,Movie,2013,"April 12, 2017",4,TV-MA,Documentaries,Brazil,3,1,71.0
s5058,Movie,2012,"March 1, 2019",7,TV-G,Children & Family Movies,United States,2,1,90.0
s5059,Movie,2015,"January 1, 2017",2,TV-PG,Dramas,India,2,1,83.0
s5060,Movie,2018,"January 16, 2021",3,TV-14,Dramas,United States,2,1,103.0
s5061,Movie,2017,"May 26, 2017",0,TV-14,Action & Adventure,India,3,1,143.0
s5062,Movie,2016,"September 19, 2016",0,TV-MA,Stand-Up Comedy,Unknown,1,0,64.0
s5063,Movie,2018,"September 21, 2018",0,TV-MA,Stand-Up Comedy,Brazil,1,1,63.0
s5064,Movie,1980,"October 1, 2019",39,R,Classic Movies,United States,3,1,129.0
s5065,Movie,2011,"May 31, 2019",8,TV-MA,Horror Movies,India,2,1,93.0
s5066,Movie,2014,"May 31, 2019",5,TV-MA,Horror Movies,India,2,1,113.0
s5067,TV Show,2020,"January 31, 2020",0,TV-MA,International TV Shows,Norway,3,2,1.0
s5068,Movie,2015,"March 1, 2018",3,TV-14,Dramas,India,2,1,117.0
s5069,Movie,2015,"September 16, 2016",1,NR,Documentaries,United States,1,1,93.0
s5070,Movie,2016,"August 19, 2017",1,TV-14,Action & Adventure,China,3,1,124.0
s5071,Movie,1988,"July 1, 2019",31,R,Classic Movies,United States,2,1,134.0
s5072,Movie,2018,"April 15, 2019",1,TV-14,Dramas,India,3,1,119.0
s5073,TV Show,2016,"December 31, 2019",3,TV-Y,Kids' TV,South Korea,1,4,1.0
s5074,Movie,2016,"December 1, 2016",0,TV-MA,Comedies,United States,3,1,92.0
s5075,TV Show,2019,"October 4, 2019",0,TV-PG,Kids' TV,United States,3,1,1.0
s5076,Movie,2016,"August 1, 2017",1,TV-Y,Children & Family Movies,Australia,3,1,97.0
s5077,Movie,2002,"September 15, 2020",18,R,Dramas,France,3,2,88.0
s5078,Movie,1996,"May 1, 2017",21,TV-14,Dramas,India,3,1,177.0
s5079,Movie,2014,"November 1, 2018",4,TV-14,Dramas,India,3,1,131.0
s5080,TV Show,2014,"July 5, 2018",4,TV-G,Docuseries,India,2,1,1.0
s5081,Movie,2018,"November 30, 2018",0,TV-MA,Comedies,India,3,1,119.0
s5082,Movie,1974,"December 31, 2019",45,TV-PG,Comedies,India,3,1,104.0
s5083,TV Show,2018,"October 16, 2018",0,TV-MA,Crime TV Shows,Australia,3,1,5.0
s5084,Movie,2019,"June 20, 2019",0,TV-MA,Horror Movies,India,3,1,116.0
s5085,Movie,2018,"June 11, 2019",1,PG,Children & Family Movies,United States,2,1,113.0
s5086,Movie,2015,"June 29, 2015",0,TV-MA,Stand-Up Comedy,United States,1,1,69.0
s5087,Movie,2015,"February 27, 2015",0,TV-MA,Stand-Up Comedy,United States,1,1,83.0
s5088,Movie,2018,"April 6, 2018",0,TV-14,Documentaries,United States,2,1,32.0
s5089,Movie,1995,"May 15, 2017",22,TV-14,Dramas,India,3,1,142.0
s5090,Movie,1985,"December 31, 2019",34,TV-14,Classic Movies,India,3,1,178.0
s5091,Movie,2016,"November 19, 2020",4,TV-MA,International Movies,India,2,1,133.0
s5092,TV Show,2012,"April 1, 2018",6,TV-14,International TV Shows,India,2,1,1.0
s5093,Movie,2018,"July 31, 2019",1,TV-PG,Dramas,Singapore,2,3,90.0
s5094,Movie,2005,"December 31, 2019",14,TV-14,Comedies,India,3,1,154.0
s5095,Movie,2016,"January 5, 2017",1,TV-MA,Action & Adventure,Canada,2,1,100.0
s5096,Movie,2018,"May 26, 2019",1,TV-MA,Action & Adventure,South Korea,3,1,122.0
s5097,Movie,2010,"March 15, 2018",8,TV-MA,Horror Movies,India,3,1,115.0
s5098,Movie,2006,"August 2, 2018",12,TV-14,Dramas,India,2,1,159.0
s5099,Movie,2011,"December 28, 2020",9,PG,Children & Family Movies,United States,2,1,110.0
s5100,Movie,2017,"May 29, 2017",0,TV-14,Action & Adventure,India,3,1,153.0
s5101,Movie,2017,"August 1, 2018",1,TV-14,Dramas,Pakistan,3,1,126.0
s5102,TV Show,2018,"March 30, 2018",0,TV-MA,Docuseries,United States,1,1,1.0
s5103,TV Show,2020,"September 18, 2020",0,TV-MA,TV Dramas,United States,3,1,1.0
s5104,Movie,2021,"January 6, 2021",0,TV-MA,Documentaries,Unknown,3,0,76.0
s5105,Movie,2016,"December 16, 2016",0,NR,Documentaries,United States,1,1,88.0
s5106,Movie,2019,"October 25, 2019",0,TV-MA,Horror Movies,United States,3,1,86.0
s5107,Movie,2017,"March 2, 2018",1,TV-MA,Horror Movies,Canada,2,1,104.0
s5108,Movie,2019,"February 5, 2019",0,TV-MA,Stand-Up Comedy,United States,1,1,59.0
s5109,Movie,1984,"May 21, 2020",36,TV-14,Comedies,Unknown,3,0,230.0
s5110,TV Show,2015,"April 1, 2017",2,TV-14,International TV Shows,India,3,1,1.0
s5111,TV Show,2017,"February 15, 2018",1,TV-MA,International TV Shows,Japan,3,1,1.0
s5112,TV Show,2018,"April 27, 2018",0,TV-MA,International TV Shows,Japan,3,1,1.0
s5113,Movie,2011,"June 20, 2019",8,TV-14,Dramas,Egypt,2,1,99.0
s5114,Movie,2011,"October 22, 2017",6,TV-PG,Comedies,India,3,1,144.0
s5115,Movie,2019,"October 2, 2019",0,TV-MA,Comedies,Mexico,3,1,98.0
s5116,Movie,2008,"August 1, 2016",8,TV-14,Documentaries,United Kingdom,1,1,46.0
s5117,Movie,2010,"August 15, 2016",6,TV-14,Documentaries,United Kingdom,1,1,46.0
s5118,TV Show,2017,"September 29, 2017",0,TV-MA,TV Comedies,United States,1,1,2.0
s5119,Movie,2011,"September 24, 2020",9,PG-13,Action & Adventure,United States,3,2,127.0
s5120,TV Show,2015,"July 31, 2018",3,TV-MA,International TV Shows,Unknown,3,0,1.0
s5121,TV Show,2020,"June 10, 2020",0,TV-MA,International TV Shows,Brazil,3,1,1.0
s5122,Movie,2020,"October 21, 2020",0,PG-13,Dramas,United Kingdom,3,1,123.0
s5123,Movie,1955,"November 1, 2019",64,PG-13,Classic Movies,United States,2,1,111.0
s5124,TV Show,2004,"December 31, 2017",13,TV-14,International TV Shows,Mexico,3,1,1.0
s5125,TV Show,2016,"June 27, 2020",4,TV-MA,International TV Shows,Ireland,2,1,1.0
s5126,Movie,2016,"July 15, 2016",0,TV-MA,Dramas,United States,2,1,101.0
s5127,TV Show,2018,"September 28, 2018",0,TV-Y7,Kids' TV,Canada,1,1,2.0
s5128,Movie,2018,"June 25, 2019",1,TV-MA,Dramas,Canada,1,1,73.0
s5129,TV Show,2019,"May 1, 2020",1,TV-MA,Crime TV Shows,Australia,3,2,1.0
s5130,TV Show,2018,"July 1, 2019",1,TV-MA,Anime Series,Japan,1,1,1.0
s5131,TV Show,2020,"September 8, 2020",0,TV-14,International TV Shows,South Korea,3,1,1.0
s5132,Movie,2018,"June 29, 2018",0,TV-MA,Documentaries,United States,1,1,90.0
s5133,TV Show,2016,"March 4, 2017",1,TV-MA,Crime TV Shows,United States,3,1,4.0
s5134,Movie,2016,"December 11, 2017",1,TV-MA,Horror Movies,Australia,1,1,81.0
s5135,Movie,1984,"December 31, 2019",35,PG-13,Action & Adventure,United States,2,1,114.0
s5136,Movie,2017,"September 15, 2018",1,TV-14,Dramas,India,2,1,112.0
s5137,Movie,2017,"March 24, 2018",1,TV-PG,Documentaries,United Kingdom,2,1,80.0
s5139,Movie,2013,"January 1, 2021",8,R,Action & Adventure,United Kingdom,3,2,100.0
s5140,TV Show,2016,"December 1, 2016",0,TV-14,International TV Shows,Taiwan,3,1,1.0
s5141,Movie,2016,"March 10, 2017",1,TV-PG,Documentaries,Unknown,1,0,24.0
s5142,Movie,2015,"May 9, 2019",4,TV-MA,Action & Adventure,Egypt,3,1,100.0
s5143,Movie,2016,"December 6, 2016",0,TV-MA,Music & Musicals,United States,2,1,62.0
s5145,TV Show,2020,"December 26, 2020",0,TV-PG,Docuseries,India,2,1,2.0
s5146,Movie,2012,"December 28, 2018",6,TV-14,Dramas,India,3,1,116.0
s5147,TV Show,2017,"September 5, 2017",0,TV-14,TV Dramas,United States,1,1,4.0
s5148,Movie,2012,"June 13, 2016",4,R,Documentaries,United States,2,1,96.0
s5149,Movie,2019,"April 26, 2019",0,TV-14,Documentaries,United States,2,1,49.0
s5150,Movie,2019,"January 11, 2019",0,TV-MA,Documentaries,United States,2,1,65.0
s5151,Movie,2019,"May 17, 2019",0,TV-14,Documentaries,Unknown,2,0,84.0
s5152,Movie,2019,"March 22, 2019",0,TV-MA,Documentaries,United States,2,1,71.0
s5153,Movie,2019,"February 8, 2019",0,TV-MA,Documentaries,United States,2,1,74.0
s5154,Movie,2018,"November 2, 2018",0,TV-14,Documentaries,United States,2,1,59.0
s5155,Movie,2018,"December 7, 2018",0,TV-MA,Documentaries,Unknown,2,0,59.0
s5156,Movie,2018,"October 12, 2018",0,TV-14,Documentaries,United States,2,1,57.0
s5157,Movie,2015,"August 21, 2017",2,TV-PG,Action & Adventure,Malaysia,3,1,88.0
s5158,Movie,2015,"July 26, 2018",3,R,Action & Adventure,Canada,2,4,95.0
s5159,Movie,2010,"August 1, 2020",10,PG-13,Dramas,United States,2,1,112.0
s5160,Movie,2017,"June 1, 2020",3,PG-13,Dramas,United Kingdom,2,3,112.0
s5161,Movie,2018,"May 14, 2020",2,TV-MA,Dramas,Mexico,3,1,152.0
s5162,TV Show,2015,"January 1, 2020",5,TV-14,International TV Shows,South Korea,3,1,1.0
s5163,TV Show,2014,"August 8, 2019",5,TV-MA,International TV Shows,South Korea,3,1,1.0
s5164,TV Show,2012,"August 8, 2019",7,TV-MA,International TV Shows,South Korea,3,1,1.0
s5165,TV Show,2014,"May 28, 2020",6,TV-14,Crime TV Shows,Canada,3,1,6.0
s5166,TV Show,2018,"March 23, 2018",0,TV-MA,British TV Shows,United Kingdom,3,1,1.0
s5167,Movie,2010,"January 1, 2020",10,R,Action & Adventure,Germany,3,5,97.0
s5168,Movie,2017,"January 1, 2018",1,TV-MA,Documentaries,United States,2,1,97.0
s5169,Movie,2020,"September 17, 2020",0,TV-MA,Dramas,United States,2,1,90.0
s5170,TV Show,2020,"May 8, 2020",0,TV-14,International TV Shows,Canada,2,1,2.0
s5171,Movie,2016,"September 26, 2017",1,TV-MA,Documentaries,United States,1,1,94.0
s5172,Movie,2015,"October 22, 2015",0,R,Comedies,United States,2,1,105.0
s5173,Movie,2017,"September 1, 2017",0,TV-MA,Documentaries,United States,2,1,28.0
s5174,TV Show,2018,"September 24, 2019",1,TV-14,International TV Shows,Turkey,3,1,5.0
s5175,Movie,2017,"July 30, 2020",3,TV-MA,Dramas,Peru,2,3,102.0
s5176,TV Show,2016,"January 30, 2018",2,TV-MA,British TV Shows,United Kingdom,3,1,1.0
s5177,Movie,1976,"June 19, 2020",44,TV-MA,Dramas,Egypt,2,1,124.0
s5178,Movie,1980,"August 16, 2018",38,R,Action & Adventure,Hong Kong,3,1,97.0
s5179,Movie,2016,"March 1, 2017",1,NR,Dramas,India,2,1,118.0
s5180,TV Show,2017,"May 2, 2019",2,TV-MA,Crime TV Shows,Unknown,3,0,1.0
s5181,Movie,2014,"July 21, 2018",4,R,Action & Adventure,Hong Kong,3,2,95.0
s5182,Movie,2019,"October 24, 2019",0,TV-14,Horror Movies,Singapore,2,2,92.0
s5183,Movie,2018,"January 15, 2019",1,TV-MA,Action & Adventure,South Korea,2,1,102.0
s5184,Movie,2018,"September 13, 2018",0,TV-14,Documentaries,United States,1,1,100.0
s5185,TV Show,2018,"May 14, 2019",1,TV-14,Anime Series,Japan,2,1,1.0
s5186,Movie,2017,"March 31, 2018",1,R,Action & Adventure,United Kingdom,2,1,87.0
s5187,TV Show,2017,"February 1, 2018",1,TV-PG,British TV Shows,United Kingdom,2,1,1.0
s5188,TV Show,2017,"June 1, 2020",3,TV-MA,International TV Shows,South Korea,3,1,1.0
s5189,Movie,2008,"November 1, 2019",11,R,Dramas,United States,2,2,120.0
s5190,Movie,2012,"December 3, 2016",4,NR,Dramas,Mexico,3,1,84.0
s5191,TV Show,2020,"June 19, 2020",0,TV-Y,Kids' TV,Unknown,1,0,1.0
s5192,TV Show,2020,"December 22, 2020",0,TV-Y,Kids' TV,United States,1,1,1.0
s5193,Movie,2020,"December 20, 2020",0,TV-MA,Stand-Up Comedy,United Kingdom,1,1,66.0
s5194,TV Show,2019,"October 9, 2019",0,TV-MA,Reality TV,United States,1,1,1.0
s5195,TV Show,2016,"April 26, 2019",3,TV-MA,International TV Shows,United States,3,1,4.0
s5196,Movie,2016,"January 22, 2016",0,TV-MA,Stand-Up Comedy,Mexico,1,1,92.0
s5197,Movie,2016,"December 12, 2016",0,TV-MA,Stand-Up Comedy,Mexico,1,1,31.0
s5198,Movie,2018,"January 24, 2018",0,TV-MA,Stand-Up Comedy,Colombia,1,1,59.0
s5199,Movie,2019,"April 3, 2019",0,TV-MA,Stand-Up Comedy,Unknown,1,0,59.0
s5200,Movie,2020,"April 30, 2020",0,TV-14,Comedies,Brazil,3,1,105.0
s5201,Movie,1979,"December 1, 2016",37,TV-MA,Stand-Up Comedy,United States,1,1,79.0
s5202,TV Show,2015,"May 22, 2015",0,TV-G,Kids' TV,United States,2,1,2.0
s5203,Movie,2018,"March 13, 2018",0,TV-MA,Stand-Up Comedy,United Kingdom,1,1,79.0
s5204,Movie,2020,"June 27, 2020",0,PG,Children & Family Movies,Australia,3,1,99.0
s5205,TV Show,2019,"August 13, 2020",1,TV-PG,Docuseries,Unknown,2,0,2.0
s5206,Movie,2020,"June 17, 2020",0,TV-PG,Children & Family Movies,United States,3,1,81.0
s5207,Movie,2018,"June 16, 2019",1,TV-MA,Comedies,Germany,3,1,91.0
s5208,Movie,2008,"June 1, 2019",11,R,Dramas,United States,2,1,101.0
s5209,TV Show,2019,"April 19, 2019",0,TV-PG,Anime Series,Japan,2,2,1.0
s5210,Movie,2019,"May 24, 2019",0,TV-14,Action & Adventure,United States,3,1,99.0
s5211,TV Show,2017,"April 5, 2019",2,TV-PG,Kids' TV,Malaysia,1,1,1.0
s5212,Movie,2015,"May 1, 2018",3,TV-14,Dramas,India,2,1,103.0
s5213,Movie,2015,"January 1, 2020",5,TV-MA,Action & Adventure,Unknown,1,0,88.0
s5214,Movie,2017,"January 15, 2018",1,TV-PG,Children & Family Movies,Australia,3,2,87.0
s5215,Movie,2016,"October 1, 2016",0,TV-14,Dramas,Netherlands,2,1,132.0
s5216,TV Show,2017,"September 8, 2017",0,TV-MA,British TV Shows,United Kingdom,3,2,5.0
s5217,TV Show,2020,"January 24, 2020",0,TV-MA,Docuseries,Unknown,1,0,1.0
s5218,Movie,2013,"December 15, 2017",4,TV-MA,Horror Movies,India,2,1,83.0
s5219,Movie,2018,"February 27, 2019",1,TV-PG,Dramas,Malaysia,2,1,101.0
s5220,TV Show,2010,"March 15, 2018",8,TV-14,International TV Shows,India,3,1,1.0
s5221,Movie,2020,"April 17, 2020",0,TV-MA,Dramas,Germany,2,1,95.0
s5222,Movie,2020,"August 26, 2020",0,PG-13,Documentaries,United Kingdom,3,1,107.0
s5223,TV Show,2020,"August 15, 2020",0,TV-MA,International TV Shows,Denmark,3,1,5.0
s5224,Movie,2011,"November 1, 2017",6,TV-MA,Dramas,India,3,1,107.0
s5225,Movie,2019,"July 5, 2019",0,TV-G,Documentaries,Argentina,3,1,105.0
s5226,Movie,2018,"March 2, 2019",1,TV-MA,Dramas,Japan,2,1,118.0
s5227,TV Show,2019,"May 14, 2020",1,TV-14,Crime TV Shows,United States,3,1,4.0
s5228,Movie,2005,"October 1, 2020",15,PG-13,Documentaries,United States,1,2,87.0
s5229,Movie,2016,"September 20, 2020",4,TV-MA,Action & Adventure,Japan,2,1,94.0
s5230,Movie,2020,"February 11, 2020",0,TV-PG,Documentaries,Mexico,2,1,73.0
s5231,Movie,2010,"December 31, 2019",9,TV-14,Dramas,India,3,1,136.0
s5232,Movie,2015,"July 1, 2016",1,TV-14,Dramas,Nigeria,2,1,96.0
s5233,Movie,2009,"January 1, 2020",11,R,Comedies,United States,1,1,97.0
s5234,Movie,2020,"August 11, 2020",0,TV-MA,Stand-Up Comedy,United States,1,1,44.0
s5235,Movie,2016,"May 1, 2018",2,TV-14,Documentaries,Italy,2,1,45.0
s5236,Movie,2018,"May 1, 2019",1,TV-14,Action & Adventure,United Kingdom,3,1,92.0
s5237,TV Show,2015,"September 1, 2017",2,TV-Y,Kids' TV,South Korea,2,1,4.0
s5238,TV Show,2018,"December 31, 2019",1,TV-Y7,Kids' TV,South Korea,2,1,2.0
s5239,TV Show,1985,"October 1, 2016",31,TV-MA,Anime Series,United States,1,2,1.0
s5240,TV Show,2018,"March 15, 2019",1,TV-Y7,British TV Shows,United Kingdom,2,1,2.0
s5241,Movie,2016,"September 1, 2017",1,TV-MA,Documentaries,France,2,1,103.0
s5242,Movie,2019,"June 7, 2019",0,TV-PG,Children & Family Movies,Germany,3,1,110.0
s5243,Movie,2008,"December 15, 2019",11,TV-14,Dramas,India,3,1,139.0
s5244,Movie,2019,"August 9, 2019",0,TV-Y7,Children & Family Movies,United States,3,1,46.0
s5245,Movie,1976,"August 1, 2019",43,PG,Action & Adventure,United States,3,1,120.0
s5246,Movie,2016,"February 17, 2017",1,TV-MA,Action & Adventure,India,2,1,119.0
s5247,Movie,1979,"August 1, 2019",40,PG,Dramas,United States,2,1,119.0
s5248,Movie,1982,"August 1, 2019",37,PG,Dramas,United States,2,1,100.0
s5249,Movie,1985,"August 1, 2019",34,PG,Dramas,United States,2,1,92.0
s5250,Movie,1990,"August 1, 2019",29,PG-13,Dramas,United States,2,1,104.0
s5251,Movie,2017,"October 3, 2017",0,TV-MA,Stand-Up Comedy,United States,1,1,66.0
s5252,Movie,2017,"April 28, 2017",0,TV-MA,Dramas,United States,1,1,53.0
s5253,Movie,2017,"January 17, 2017",0,R,Action & Adventure,United States,2,1,93.0
s5254,Movie,2020,"October 30, 2020",0,TV-MA,Dramas,France,3,1,116.0
s5255,Movie,2019,"March 28, 2020",1,R,Action & Adventure,United States,1,1,103.0
s5256,Movie,2020,"August 1, 2020",0,R,Action & Adventure,United States,1,1,104.0
s5257,Movie,2014,"April 19, 2019",5,TV-MA,Dramas,Egypt,2,1,98.0
s5258,Movie,2018,"August 8, 2019",1,TV-MA,Documentaries,United States,1,1,80.0
s5259,Movie,2017,"December 1, 2018",1,TV-MA,Documentaries,United States,2,1,90.0
s5260,Movie,2015,"September 8, 2017",2,TV-MA,Documentaries,United States,1,2,79.0
s5261,Movie,2019,"June 12, 2019",0,TV-MA,Documentaries,United States,2,1,142.0
s5262,Movie,2018,"December 14, 2018",0,R,Dramas,Mexico,3,2,135.0
s5263,TV Show,2019,"April 5, 2019",0,TV-MA,Docuseries,Canada,1,2,3.0
s5264,Movie,2020,"July 24, 2020",0,TV-MA,Dramas,Japan,3,1,124.0
s5265,TV Show,2019,"February 3, 2019",0,TV-14,International TV Shows,South Korea,3,1,1.0
s5266,Movie,2010,"March 10, 2017",7,NR,Comedies,Turkey,3,1,110.0
s5267,Movie,2013,"March 10, 2017",4,TV-14,Comedies,Turkey,3,1,105.0
s5268,Movie,2019,"June 30, 2019",0,TV-14,Dramas,India,3,1,141.0
s5269,Movie,2014,"November 1, 2017",3,TV-14,Action & Adventure,India,3,2,122.0
s5270,Movie,2018,"July 13, 2018",0,TV-MA,Horror Movies,Mexico,3,1,75.0
s5271,Movie,2018,"October 16, 2018",0,TV-MA,Stand-Up Comedy,United States,1,1,63.0
s5272,Movie,2018,"October 25, 2018",0,TV-MA,Documentaries,United States,1,1,93.0
s5273,Movie,2019,"December 17, 2019",0,TV-MA,Stand-Up Comedy,United States,1,1,63.0
s5274,TV Show,2019,"July 18, 2019",0,TV-14,International TV Shows,South Korea,3,1,1.0
s5275,Movie,2015,"July 19, 2018",3,R,Dramas,Ireland,2,4,118.0
s5276,TV Show,2020,"December 7, 2020",0,TV-MA,Crime TV Shows,France,3,1,1.0
s5277,Movie,2017,"March 1, 2019",2,TV-MA,Comedies,Canada,2,1,89.0
s5278,Movie,2012,"July 1, 2019",7,TV-Y7,Children & Family Movies,United Kingdom,2,2,26.0
s5279,TV Show,2016,"June 21, 2019",3,TV-14,International TV Shows,Thailand,3,1,3.0
s5280,Movie,2020,"October 15, 2020",0,TV-PG,Documentaries,India,2,1,42.0
s5281,Movie,2016,"November 1, 2017",1,TV-PG,Documentaries,Unknown,3,0,62.0
s5282,Movie,2020,"May 2, 2020",0,PG,Children & Family Movies,United States,3,1,90.0
s5283,Movie,2017,"June 20, 2017",0,TV-MA,Stand-Up Comedy,United States,1,1,66.0
s5284,TV Show,2018,"May 20, 2019",1,TV-MA,Crime TV Shows,Mexico,3,1,2.0
s5285,Movie,2020,"December 9, 2020",0,TV-14,Comedies,Italy,3,1,119.0
s5286,Movie,1968,"November 1, 2019",51,R,Classic Movies,United States,3,1,137.0
s5287,TV Show,2020,"June 23, 2020",0,TV-14,Classic & Cult TV,United States,3,1,2.0
s5288,TV Show,2019,"October 4, 2019",0,TV-MA,Docuseries,United States,2,1,2.0
s5289,Movie,1998,"November 1, 2019",21,R,Dramas,United States,1,1,121.0
s5290,Movie,2012,"August 2, 2018",6,TV-14,Action & Adventure,India,3,1,137.0
s5291,Movie,2018,"March 23, 2018",0,TV-MA,Dramas,United States,1,1,100.0
s5293,TV Show,2004,"December 31, 2017",13,TV-PG,International TV Shows,Mexico,3,1,1.0
s5294,Movie,2016,"January 28, 2019",3,TV-14,Dramas,Indonesia,2,1,143.0
s5295,TV Show,2020,"March 29, 2020",0,TV-MA,Crime TV Shows,South Korea,3,1,1.0
s5296,Movie,2000,"October 1, 2019",19,G,Children & Family Movies,Germany,2,2,79.0
s5297,Movie,2017,"April 1, 2018",1,TV-MA,Dramas,India,3,1,103.0
s5298,Movie,2016,"September 15, 2017",1,TV-MA,Action & Adventure,Mexico,2,1,92.0
s5299,Movie,1995,"November 1, 2019",24,R,Action & Adventure,Hong Kong,3,1,89.0
s5300,Movie,2005,"August 1, 2019",14,PG-13,Comedies,United States,2,3,97.0
s5301,Movie,2004,"March 1, 2018",14,TV-14,Action & Adventure,India,3,1,134.0
s5302,TV Show,2020,"December 17, 2020",0,TV-MA,International TV Shows,South Korea,3,1,1.0
s5303,Movie,1999,"December 1, 2020",21,PG,Comedies,United States,2,1,116.0
s5304,Movie,2018,"June 19, 2019",1,TV-14,Dramas,United States,2,1,110.0
s5305,TV Show,2020,"January 1, 2021",1,TV-Y7,Kids' TV,Unknown,2,0,1.0
s5306,Movie,2018,"August 1, 2019",1,TV-14,Thrillers,United States,1,1,88.0
s5307,Movie,2017,"April 30, 2018",1,TV-14,Comedies,India,3,1,115.0
s5309,Movie,2010,"February 15, 2017",7,TV-MA,Documentaries,Canada,2,1,107.0
s5310,Movie,2018,"December 4, 2018",0,TV-MA,Stand-Up Comedy,Unknown,1,0,63.0
s5311,Movie,2017,"December 19, 2017",0,TV-MA,Stand-Up Comedy,United Kingdom,1,1,69.0
s5312,Movie,2015,"May 10, 2015",0,PG,Children & Family Movies,United States,3,1,93.0
s5313,TV Show,2013,"October 14, 2013",0,NR,Docuseries,United States,2,1,1.0
s5314,Movie,2016,"October 7, 2016",0,TV-MA,Stand-Up Comedy,United States,1,1,73.0
s5315,Movie,2013,"October 14, 2013",0,NR,Stand-Up Comedy,United States,1,1,72.0
s5316,TV Show,2019,"February 1, 2019",0,TV-MA,TV Comedies,United States,2,1,1.0
s5317,Movie,2019,"November 30, 2020",1,R,Thrillers,United States,1,1,108.0
s5318,TV Show,2020,"August 21, 2020",0,TV-14,International TV Shows,Canada,2,1,3.0
s5319,Movie,2016,"January 6, 2017",1,TV-14,Dramas,India,2,1,141.0
s5320,Movie,2017,"August 29, 2017",0,TV-14,Stand-Up Comedy,United States,1,1,57.0
s5321,Movie,2016,"June 15, 2017",1,TV-MA,Documentaries,Italy,2,1,82.0
s5322,Movie,2016,"October 19, 2018",2,TV-MA,Action & Adventure,Hong Kong,2,2,95.0
s5323,Movie,2003,"January 1, 2021",18,PG-13,Action & Adventure,United States,1,1,117.0
s5324,Movie,2020,"May 6, 2020",0,TV-MA,Comedies,Unknown,3,0,107.0
s5325,Movie,2015,"October 1, 2018",3,TV-PG,Comedies,India,3,1,131.0
s5326,Movie,2019,"December 8, 2019",0,TV-14,Action & Adventure,India,2,1,172.0
s5327,Movie,1982,"December 31, 2019",37,TV-14,Dramas,India,3,1,118.0
s5328,Movie,2019,"August 23, 2019",0,TV-14,Dramas,India,3,1,118.0
s5329,Movie,2016,"September 4, 2019",3,TV-14,Dramas,Pakistan,3,1,128.0
s5330,TV Show,2017,"October 18, 2020",3,TV-Y7,Kids' TV,India,2,1,3.0
s5331,Movie,2018,"November 20, 2018",0,TV-MA,Horror Movies,Indonesia,2,1,114.0
s5332,TV Show,2019,"August 15, 2019",0,TV-MA,Crime TV Shows,India,3,2,2.0
s5333,Movie,2013,"March 21, 2017",4,TV-MA,Documentaries,Italy,2,2,91.0
s5334,Movie,2017,"December 15, 2018",1,TV-14,Documentaries,Spain,2,1,83.0
s5335,Movie,2014,"March 10, 2017",3,TV-MA,Dramas,Turkey,3,1,105.0
s5336,Movie,2016,"August 22, 2017",1,TV-14,Comedies,Canada,2,1,94.0
s5337,Movie,1983,"December 31, 2019",36,TV-14,Dramas,India,3,1,137.0
s5338,TV Show,2014,"December 15, 2016",2,TV-PG,International TV Shows,Pakistan,3,1,1.0
s5339,Movie,2016,"May 1, 2017",1,TV-MA,Documentaries,India,2,1,61.0
s5340,TV Show,2018,"February 5, 2019",1,TV-MA,British TV Shows,United Kingdom,3,1,1.0
s5341,Movie,2012,"August 13, 2020",8,R,Comedies,United States,3,1,86.0
s5342,Movie,2017,"May 12, 2017",0,TV-Y7,Children & Family Movies,France,1,2,86.0
s5343,Movie,2016,"January 1, 2017",1,TV-MA,Dramas,India,2,1,118.0
s5344,Movie,2013,"September 19, 2020",7,TV-MA,Dramas,India,3,1,139.0
s5345,TV Show,1986,"April 1, 2020",34,TV-14,Anime Series,Japan,1,1,6.0
s5346,TV Show,2009,"May 15, 2018",9,TV-MA,Anime Series,Japan,2,1,1.0
s5347,Movie,2016,"April 1, 2018",2,TV-14,Dramas,India,3,1,173.0
s5348,Movie,2019,"December 17, 2020",1,TV-14,International Movies,Philippines,2,1,90.0
s5349,Movie,2007,"February 15, 2018",11,TV-PG,Dramas,India,3,1,152.0
s5350,TV Show,2019,"December 27, 2020",1,TV-MA,Crime TV Shows,Senegal,3,1,1.0
s5351,Movie,1975,"April 1, 2017",42,TV-14,Action & Adventure,India,3,1,134.0
s5352,Movie,1963,"June 18, 2020",57,TV-MA,Action & Adventure,Egypt,3,1,194.0
s5353,Movie,2018,"October 2, 2019",1,TV-PG,Documentaries,United States,1,1,76.0
s5354,Movie,2014,"June 22, 2019",5,TV-14,Dramas,Egypt,2,1,99.0
s5355,TV Show,2018,"October 11, 2018",0,TV-PG,Docuseries,Unknown,1,0,1.0
s5356,TV Show,2014,"November 5, 2019",5,TV-PG,Kids' TV,United States,2,1,2.0
s5357,Movie,2020,"August 4, 2020",0,TV-MA,Stand-Up Comedy,United States,1,1,64.0
s5358,Movie,1987,"December 31, 2018",31,TV-MA,Stand-Up Comedy,United States,1,1,50.0
s5359,Movie,1991,"December 31, 2018",27,TV-MA,Stand-Up Comedy,United States,1,1,49.0
s5360,Movie,1991,"December 31, 2018",27,TV-MA,Stand-Up Comedy,United States,1,1,71.0
s5361,Movie,2016,"December 31, 2018",2,TV-MA,Documentaries,United States,1,1,29.0
s5362,Movie,2017,"September 15, 2018",1,TV-MA,Dramas,India,2,1,110.0
s5363,TV Show,2019,"April 19, 2019",0,TV-MA,International TV Shows,Brazil,2,1,2.0
s5364,Movie,2017,"March 1, 2018",1,TV-PG,Dramas,India,2,1,116.0
s5365,Movie,2017,"August 17, 2018",1,PG-13,Dramas,United States,2,1,119.0
s5366,Movie,2013,"June 6, 2019",6,TV-14,Comedies,Egypt,2,1,107.0
s5367,TV Show,2014,"December 25, 2015",1,TV-Y,Kids' TV,France,2,1,1.0
s5368,Movie,2012,"September 15, 2016",4,TV-14,Documentaries,United States,2,1,83.0
s5369,Movie,2018,"December 14, 2018",0,PG-13,Action & Adventure,South Africa,3,2,109.0
s5370,Movie,2018,"June 18, 2019",1,TV-Y,Children & Family Movies,Unknown,1,0,65.0
s5371,TV Show,2017,"March 17, 2017",0,TV-PG,International TV Shows,Japan,2,1,1.0
s5372,Movie,1945,"March 31, 2017",72,TV-14,Classic Movies,United States,2,1,32.0
s5373,Movie,2008,"January 1, 2018",10,TV-14,Comedies,India,3,1,122.0
s5374,Movie,2017,"April 21, 2017",0,TV-MA,Action & Adventure,United States,3,1,113.0
s5375,Movie,2016,"December 15, 2016",0,TV-PG,Dramas,Israel,3,3,88.0
s5376,Movie,2017,"April 14, 2017",0,TV-14,Comedies,United States,1,1,131.0
s5377,Movie,1964,"December 31, 2019",55,TV-14,Classic Movies,India,3,1,228.0
s5378,Movie,2018,"October 15, 2018",0,TV-MA,Dramas,India,2,1,159.0
s5379,TV Show,2020,"December 30, 2020",0,TV-MA,Crime TV Shows,Italy,3,1,1.0
s5380,Movie,2016,"September 19, 2020",4,TV-14,Comedies,India,2,1,111.0
s5381,TV Show,2019,"March 29, 2019",0,TV-MA,TV Comedies,United States,3,1,3.0
s5382,Movie,2014,"November 17, 2017",3,TV-PG,Children & Family Movies,United States,2,1,86.0
s5383,Movie,2019,"November 1, 2019",0,TV-PG,Children & Family Movies,United States,3,1,91.0
s5384,Movie,2016,"November 1, 2016",0,TV-Y,Movies,Unknown,1,0,44.0
s5385,Movie,2010,"December 20, 2015",5,TV-G,Children & Family Movies,Australia,1,3,72.0
s5386,Movie,2020,"August 28, 2020",0,TV-MA,Action & Adventure,South Africa,2,2,107.0
s5387,Movie,2018,"October 26, 2018",0,TV-14,Comedies,Colombia,3,1,87.0
s5388,Movie,2018,"May 26, 2018",0,TV-MA,Dramas,Spain,3,1,117.0
s5389,Movie,2020,"October 27, 2020",0,TV-MA,Comedies,United States,1,1,50.0
s5390,Movie,2017,"May 30, 2017",0,TV-MA,Stand-Up Comedy,United States,1,1,71.0
s5391,Movie,2010,"September 21, 2019",9,PG-13,Dramas,France,2,1,102.0
s5392,Movie,2014,"January 15, 2017",3,TV-PG,Dramas,Austria,2,2,98.0
s5393,Movie,2015,"December 1, 2017",2,TV-14,Comedies,Canada,3,1,140.0
s5394,Movie,2016,"October 15, 2017",1,TV-PG,Action & Adventure,Australia,3,2,145.0
s5395,Movie,2005,"February 15, 2018",13,TV-14,Dramas,India,2,1,126.0
s5396,Movie,2018,"March 2, 2019",1,TV-MA,Action & Adventure,Unknown,3,0,162.0
s5397,Movie,2018,"March 1, 2019",1,TV-14,Dramas,Unknown,3,0,131.0
s5398,Movie,2018,"April 8, 2019",1,TV-14,Dramas,India,3,1,131.0
s5399,Movie,2017,"July 1, 2018",1,TV-14,Dramas,India,2,1,133.0
s5400,Movie,2017,"October 1, 2018",1,TV-14,Comedies,India,3,1,127.0
s5401,Movie,2008,"January 30, 2019",11,TV-14,Dramas,India,3,1,141.0
s5402,Movie,2018,"June 1, 2019",1,TV-MA,Documentaries,United States,2,1,78.0
s5403,TV Show,2014,"April 1, 2017",3,TV-PG,Docuseries,Unknown,2,0,1.0
s5404,Movie,2012,"March 15, 2018",6,TV-14,Dramas,India,3,1,150.0
s5405,Movie,2017,"September 10, 2020",3,TV-G,Children & Family Movies,Indonesia,1,1,92.0
s5406,Movie,1982,"December 31, 2019",37,TV-14,Comedies,India,3,1,153.0
s5407,TV Show,2014,"September 29, 2017",3,TV-PG,International TV Shows,Unknown,2,0,1.0
s5408,Movie,2017,"October 6, 2020",3,TV-MA,Dramas,United States,2,1,83.0
s5409,Movie,2013,"November 1, 2018",5,TV-14,Dramas,India,3,1,146.0
s5410,Movie,2016,"September 1, 2016",0,TV-14,Documentaries,United Kingdom,1,1,52.0
s5411,Movie,2017,"November 1, 2017",0,TV-MA,Action & Adventure,United States,2,1,95.0
s5412,Movie,2018,"June 13, 2019",1,TV-MA,Comedies,Egypt,3,1,93.0
s5413,TV Show,2017,"January 1, 2020",3,TV-MA,International TV Shows,South Korea,3,1,1.0
s5414,TV Show,2015,"August 18, 2018",3,TV-G,Reality TV,United States,1,1,1.0
s5415,Movie,2019,"May 17, 2019",0,TV-MA,Stand-Up Comedy,Italy,1,1,53.0
s5416,Movie,2017,"November 21, 2017",0,TV-PG,Documentaries,United States,1,1,73.0
s5417,Movie,2013,"March 2, 2019",6,PG-13,Comedies,United States,2,3,126.0
s5418,Movie,2019,"January 15, 2020",1,R,Dramas,United States,1,1,95.0
s5419,Movie,2018,"November 15, 2018",0,TV-14,Horror Movies,India,2,1,119.0
s5420,TV Show,2020,"July 1, 2020",0,TV-14,Reality TV,United States,2,1,1.0
s5421,Movie,2014,"July 19, 2018",4,R,Comedies,United States,3,1,99.0
s5422,Movie,1985,"May 21, 2020",35,TV-14,Comedies,Unknown,2,0,173.0
s5423,Movie,2017,"January 23, 2020",3,PG,Children & Family Movies,United States,1,1,93.0
s5424,TV Show,2019,"November 6, 2019",0,TV-14,Crime TV Shows,Japan,3,1,1.0
s5426,Movie,1955,"November 13, 2020",65,TV-PG,Classic Movies,Italy,3,2,93.0
s5427,TV Show,2011,"June 30, 2019",8,TV-MA,Reality TV,United States,3,1,2.0
s5428,Movie,2019,"August 20, 2020",1,TV-MA,Comedies,Egypt,2,1,121.0
s5429,Movie,2000,"January 1, 2020",20,R,Comedies,United States,2,1,88.0
s5430,Movie,2013,"August 12, 2020",7,PG-13,Comedies,United States,2,1,88.0
s5431,Movie,1993,"April 1, 2018",25,R,Classic Movies,United States,2,1,195.0
s5432,TV Show,2020,"October 3, 2020",0,TV-MA,TV Comedies,Canada,1,2,6.0
s5433,Movie,1988,"November 1, 2020",32,R,Comedies,United States,2,1,120.0
s5434,Movie,2019,"April 10, 2020",1,TV-MA,Comedies,France,3,1,112.0
s5435,Movie,2016,"March 1, 2018",2,TV-14,Comedies,Germany,2,1,94.0
s5436,TV Show,2020,"December 17, 2020",0,TV-MA,Stand-Up Comedy & Talk Shows,United States,2,1,1.0
s5437,TV Show,2020,"May 7, 2020",0,TV-14,International TV Shows,China,3,1,2.0
s5438,Movie,1998,"December 15, 2019",21,TV-PG,Children & Family Movies,United States,1,1,77.0
s5439,TV Show,2012,"December 15, 2019",7,TV-Y7,Kids' TV,United States,2,1,2.0
s5440,Movie,2018,"October 23, 2018",0,PG-13,Action & Adventure,United States,2,1,102.0
s5441,Movie,2010,"September 16, 2018",8,PG-13,Action & Adventure,United States,3,4,112.0
s5442,TV Show,2019,"September 1, 2019",0,TV-MA,Crime TV Shows,United States,3,1,3.0
s5443,Movie,1997,"October 1, 2019",22,R,Horror Movies,United States,1,1,121.0
s5444,Movie,2000,"July 1, 2019",19,R,Horror Movies,United States,1,1,117.0
s5445,Movie,2018,"August 6, 2019",1,TV-MA,Documentaries,United States,2,1,105.0
s5446,Movie,2013,"December 1, 2018",5,TV-MA,Comedies,Hong Kong,2,1,96.0
s5447,TV Show,2018,"April 28, 2019",1,TV-MA,Crime TV Shows,Mexico,3,2,5.0
s5448,Movie,2012,"January 1, 2020",8,TV-MA,Action & Adventure,United States,1,1,90.0
s5449,Movie,2014,"March 16, 2020",6,R,Comedies,United States,1,1,93.0
s5450,Movie,1993,"December 7, 2020",27,PG,Children & Family Movies,United States,3,1,110.0
s5451,Movie,2012,"December 1, 2019",7,PG-13,Documentaries,Sweden,3,3,86.0
s5452,Movie,2011,"April 26, 2019",8,PG-13,Action & Adventure,United States,2,1,95.0
s5453,Movie,2018,"January 26, 2018",0,TV-MA,Stand-Up Comedy,Argentina,1,1,49.0
s5454,Movie,2019,"January 15, 2019",0,TV-MA,Stand-Up Comedy,United States,1,1,65.0
s5455,Movie,2012,"September 17, 2019",7,TV-MA,Stand-Up Comedy,United States,1,1,76.0
s5456,Movie,2016,"August 6, 2019",3,TV-MA,Stand-Up Comedy,United States,1,1,63.0
s5457,TV Show,2015,"October 16, 2019",4,TV-14,International TV Shows,South Korea,3,1,1.0
s5458,Movie,2007,"July 1, 2018",11,TV-PG,Dramas,Hong Kong,3,2,101.0
s5459,TV Show,2014,"May 22, 2017",3,TV-14,International TV Shows,South Korea,3,1,1.0
s5460,TV Show,2016,"March 6, 2019",3,TV-MA,International TV Shows,Australia,3,1,2.0
s5461,Movie,2015,"April 1, 2018",3,PG-13,Dramas,United States,2,4,111.0
s5462,Movie,2019,"July 18, 2019",0,TV-14,Thrillers,United States,1,1,98.0
s5463,TV Show,2015,"May 8, 2019",4,TV-14,International TV Shows,Unknown,3,0,1.0
s5464,TV Show,2016,"March 15, 2018",2,TV-14,International TV Shows,Egypt,3,1,1.0
s5465,Movie,2017,"March 23, 2018",1,TV-14,Dramas,India,3,1,150.0
s5466,TV Show,2019,"October 1, 2020",1,TV-MA,International TV Shows,Argentina,3,1,1.0
s5467,Movie,2018,"December 31, 2018",0,TV-14,Comedies,Taiwan,3,1,108.0
s5468,Movie,2013,"April 22, 2017",4,TV-PG,Documentaries,United States,2,1,54.0
s5469,Movie,2013,"February 22, 2017",4,TV-PG,Documentaries,United States,2,1,54.0
s5470,TV Show,2016,"April 1, 2019",3,TV-PG,British TV Shows,United Kingdom,3,1,1.0
s5471,Movie,2013,"February 22, 2017",4,TV-PG,Documentaries,United States,2,1,54.0
s5472,Movie,2014,"February 22, 2017",3,TV-PG,Documentaries,United Kingdom,2,1,55.0
s5473,Movie,2013,"February 22, 2017",4,TV-PG,Documentaries,United States,2,1,54.0
s5474,Movie,2013,"April 22, 2017",4,TV-14,Documentaries,United Kingdom,1,1,55.0
s5475,Movie,2014,"April 22, 2017",3,TV-PG,Documentaries,United States,1,1,55.0
s5476,Movie,2020,"October 28, 2020",0,TV-PG,Documentaries,United States,1,1,114.0
s5477,Movie,2013,"February 22, 2017",4,TV-PG,Documentaries,United Kingdom,1,1,55.0
s5478,Movie,2014,"April 22, 2017",3,TV-PG,Documentaries,United Kingdom,2,1,55.0
s5479,Movie,2014,"April 22, 2017",3,TV-PG,Documentaries,United States,2,2,55.0
s5480,Movie,2017,"October 3, 2017",0,R,Action & Adventure,United States,1,1,92.0
s5481,TV Show,2017,"January 4, 2019",2,TV-14,International TV Shows,Unknown,3,0,1.0
s5482,Movie,2019,"May 17, 2019",0,TV-MA,Dramas,United States,3,1,87.0
s5483,Movie,2018,"February 9, 2018",0,TV-14,Documentaries,United States,1,1,96.0
s5484,Movie,2018,"March 25, 2019",1,TV-14,Action & Adventure,India,3,1,126.0
s5485,TV Show,2019,"October 3, 2019",0,TV-MA,Anime Series,United States,2,1,1.0
s5486,TV Show,2018,"December 28, 2018",0,TV-14,International TV Shows,India,3,1,1.0
s5487,TV Show,2020,"December 4, 2020",0,TV-PG,TV Dramas,Mexico,1,2,1.0
s5488,TV Show,2020,"March 20, 2020",0,TV-MA,TV Dramas,United States,1,1,1.0
s5489,Movie,2015,"August 16, 2019",4,PG-13,Sci-Fi & Fantasy,United States,2,1,117.0
s5490,TV Show,2020,"August 7, 2020",0,TV-MA,Reality TV,Unknown,1,0,3.0
s5491,Movie,2015,"January 31, 2017",2,TV-MA,Dramas,Mexico,2,1,87.0
s5492,Movie,2012,"March 10, 2017",5,TV-14,Comedies,Turkey,2,1,102.0
s5493,Movie,2010,"October 1, 2019",9,PG-13,Documentaries,United Kingdom,3,3,106.0
s5496,Movie,2015,"December 15, 2017",2,TV-MA,Comedies,South Korea,3,3,109.0
s5497,Movie,2016,"August 24, 2020",4,PG-13,Dramas,United States,2,1,110.0
s5498,Movie,2017,"March 10, 2018",1,TV-MA,Dramas,Guatemala,3,1,69.0
s5499,Movie,2020,"April 17, 2020",0,R,Dramas,United States,2,1,119.0
s5500,TV Show,2018,"September 1, 2019",1,TV-14,British TV Shows,United Kingdom,3,1,1.0
s5501,Movie,2020,"October 2, 2020",0,TV-MA,Comedies,India,3,1,115.0
s5502,Movie,2020,"July 31, 2020",0,TV-MA,Comedies,South Africa,3,1,108.0
s5503,TV Show,2015,"March 1, 2017",2,TV-14,International TV Shows,Ukraine,2,1,1.0
s5504,Movie,2018,"June 15, 2018",0,TV-MA,Comedies,United States,2,1,106.0
s5505,Movie,2008,"December 1, 2018",10,TV-MA,Dramas,China,2,1,96.0
s5506,Movie,2011,"January 10, 2020",9,R,Action & Adventure,United States,1,1,85.0
s5507,Movie,2019,"November 5, 2019",0,TV-MA,Stand-Up Comedy,United States,1,1,61.0
s5508,Movie,2018,"April 6, 2018",0,TV-MA,Stand-Up Comedy,United States,1,1,70.0
s5509,Movie,2020,"April 1, 2020",0,TV-MA,Dramas,India,3,1,103.0
s5510,Movie,2013,"November 1, 2018",5,TV-14,Comedies,India,3,1,123.0
s5511,Movie,2019,"June 26, 2020",1,TV-MA,Dramas,India,3,1,111.0
s5512,Movie,2019,"June 26, 2020",1,TV-14,Dramas,Unknown,3,0,116.0
s5513,Movie,2018,"December 13, 2019",1,TV-14,Dramas,Unknown,3,0,107.0
s5514,TV Show,2017,"October 15, 2017",0,TV-Y,Kids' TV,France,1,1,1.0
s5515,Movie,2018,"October 6, 2018",0,PG-13,Horror Movies,United States,1,1,94.0
s5516,Movie,2008,"December 1, 2018",10,PG-13,Dramas,United States,2,1,123.0
s5517,TV Show,2018,"February 23, 2018",0,TV-MA,Crime TV Shows,United States,2,1,1.0
s5518,Movie,2017,"March 14, 2019",2,TV-MA,Comedies,Philippines,3,1,128.0
s5519,Movie,2019,"October 18, 2019",0,TV-MA,Comedies,Spain,3,1,100.0
s5520,Movie,2014,"August 16, 2020",6,PG-13,Action & Adventure,United States,2,4,102.0
s5521,Movie,2010,"January 1, 2021",11,R,Comedies,United States,3,1,146.0
s5522,Movie,2008,"January 1, 2021",13,R,Comedies,United States,3,1,145.0
s5523,Movie,2016,"July 10, 2017",1,UR,Dramas,United Kingdom,3,2,103.0
s5524,Movie,2008,"September 1, 2020",12,R,Comedies,United States,1,1,109.0
s5525,TV Show,2020,"January 17, 2020",0,TV-MA,British TV Shows,United Kingdom,3,1,2.0
s5526,TV Show,2020,"January 2, 2020",0,TV-MA,Docuseries,United States,2,1,1.0
s5527,Movie,1999,"December 15, 2017",18,R,Comedies,Mexico,3,1,111.0
s5528,Movie,2019,"August 16, 2019",0,TV-14,Comedies,United States,1,1,100.0
s5529,TV Show,2019,"July 20, 2019",0,TV-MA,International TV Shows,Hong Kong,3,1,1.0
s5530,Movie,2019,"May 19, 2019",0,TV-MA,Dramas,United States,1,1,125.0
s5531,Movie,2019,"May 11, 2019",0,TV-MA,Dramas,France,3,1,111.0
s5532,Movie,2005,"April 15, 2019",14,TV-14,Dramas,India,3,1,146.0
s5533,Movie,2018,"November 6, 2019",1,TV-14,Action & Adventure,China,3,2,116.0
s5534,TV Show,2016,"January 27, 2017",1,TV-MA,Crime TV Shows,Israel,3,1,1.0
s5535,Movie,2011,"January 1, 2018",7,TV-14,Comedies,India,2,1,115.0
s5536,Movie,2011,"July 5, 2020",9,TV-MA,Action & Adventure,India,3,1,126.0
s5537,TV Show,1986,"January 10, 2019",33,TV-14,TV Dramas,Italy,1,5,1.0
s5538,Movie,2002,"March 1, 2018",16,TV-MA,Dramas,India,3,1,168.0
s5539,TV Show,2019,"July 26, 2020",1,TV-MA,TV Comedies,United States,2,1,10.0
s5540,Movie,2012,"March 1, 2018",6,TV-14,Dramas,India,3,1,109.0
s5541,Movie,2019,"September 13, 2019",0,TV-14,Dramas,China,3,1,107.0
s5542,Movie,2002,"March 1, 2018",16,TV-PG,Comedies,India,3,1,148.0
s5543,Movie,2002,"August 16, 2018",16,TV-14,Dramas,Hong Kong,2,1,92.0
s5544,Movie,2011,"November 2, 2019",8,PG-13,Horror Movies,United States,1,1,91.0
s5545,Movie,2018,"October 23, 2020",2,TV-14,Dramas,United States,2,1,86.0
s5546,TV Show,2016,"December 22, 2020",4,TV-Y,British TV Shows,United Kingdom,3,3,2.0
s5547,TV Show,2020,"March 17, 2020",0,TV-Y7,British TV Shows,United Kingdom,3,1,1.0
s5548,Movie,2020,"December 22, 2020",0,TV-Y,Children & Family Movies,United Kingdom,2,1,28.0
s5549,Movie,2008,"March 1, 2018",10,TV-14,Dramas,India,2,1,135.0
s5550,Movie,2020,"November 23, 2020",0,TV-MA,Documentaries,United States,2,1,83.0
s5551,Movie,2020,"November 25, 2020",0,TV-PG,Music & Musicals,United Kingdom,1,2,87.0
s5552,TV Show,2020,"March 20, 2020",0,TV-MA,Crime TV Shows,India,3,1,1.0
s5553,Movie,2019,"February 4, 2020",1,TV-PG,Documentaries,United States,1,1,71.0
s5554,Movie,2006,"April 25, 2020",14,TV-14,Comedies,Egypt,2,1,105.0
s5555,TV Show,2020,"May 15, 2020",0,TV-Y7,Kids' TV,United States,3,1,5.0
s5556,Movie,2014,"February 27, 2019",5,TV-14,Dramas,Philippines,3,1,113.0
s5557,TV Show,2018,"May 24, 2019",1,TV-MA,Romantic TV Shows,United States,3,1,2.0
s5558,Movie,2010,"November 20, 2019",9,R,Comedies,United States,2,1,105.0
s5559,Movie,2013,"December 10, 2020",7,TV-14,Dramas,Philippines,3,1,111.0
s5560,Movie,2019,"November 22, 2019",0,TV-MA,Documentaries,United States,2,1,119.0
s5561,Movie,2010,"December 29, 2017",7,R,Horror Movies,United States,2,1,112.0
s5562,Movie,2016,"April 25, 2017",1,R,Dramas,South Africa,2,3,106.0
s5563,TV Show,2017,"May 15, 2017",0,TV-14,British TV Shows,United Kingdom,3,2,4.0
s5564,Movie,2009,"January 1, 2021",12,PG-13,Action & Adventure,United States,2,4,128.0
s5565,Movie,1991,"December 8, 2017",26,TV-14,Dramas,India,3,2,163.0
s5566,Movie,2020,"January 27, 2020",0,TV-14,Comedies,India,3,1,121.0
s5567,Movie,2017,"June 9, 2017",0,TV-MA,Dramas,Canada,3,2,87.0
s5568,TV Show,2018,"October 29, 2019",1,TV-MA,Docuseries,United States,2,1,1.0
s5569,Movie,2020,"July 29, 2020",0,TV-MA,Dramas,Brazil,3,2,103.0
s5570,Movie,2018,"October 26, 2018",0,TV-14,Documentaries,United States,1,2,97.0
s5571,Movie,1990,"December 31, 2019",29,TV-MA,Action & Adventure,India,3,1,168.0
s5572,Movie,2018,"February 22, 2019",1,TV-PG,Dramas,India,3,1,131.0
s5573,TV Show,2018,"June 21, 2019",1,TV-14,Crime TV Shows,United States,3,1,3.0
s5574,Movie,2007,"May 15, 2019",12,UR,Action & Adventure,India,3,1,116.0
s5575,TV Show,2014,"February 1, 2020",6,TV-Y,Kids' TV,United States,1,1,1.0
s5576,Movie,2016,"November 15, 2018",2,TV-Y,Movies,United States,1,1,45.0
s5577,Movie,2018,"November 15, 2018",0,TV-Y,Movies,Australia,1,1,75.0
s5578,Movie,2017,"November 15, 2018",1,TV-Y,Movies,Australia,1,1,71.0
s5579,Movie,2011,"May 31, 2019",8,TV-MA,Comedies,India,3,1,106.0
s5580,Movie,2016,"October 30, 2018",2,TV-14,Dramas,India,2,1,122.0
s5581,Movie,2013,"July 18, 2019",6,R,Dramas,United States,2,1,97.0
s5582,Movie,2016,"April 15, 2019",3,TV-PG,Action & Adventure,India,3,1,101.0
s5583,Movie,2009,"July 1, 2019",10,PG,Children & Family Movies,United States,2,2,89.0
s5584,Movie,2017,"November 24, 2019",2,R,Dramas,United States,2,1,121.0
s5585,TV Show,2017,"November 17, 2017",0,TV-MA,Reality TV,United States,1,1,1.0
s5586,Movie,2016,"August 10, 2017",1,TV-MA,Documentaries,United Kingdom,2,2,98.0
s5587,TV Show,2004,"September 9, 2018",14,TV-14,International TV Shows,Unknown,2,0,2.0
s5588,Movie,2013,"December 29, 2013",0,TV-G,Children & Family Movies,United States,3,1,130.0
s5589,TV Show,2015,"December 15, 2018",3,TV-14,International TV Shows,Israel,2,1,2.0
s5590,Movie,2017,"March 1, 2018",1,TV-PG,Dramas,India,3,1,127.0
s5591,Movie,2017,"March 1, 2018",1,TV-14,Dramas,India,3,2,115.0
s5592,Movie,2004,"September 5, 2018",14,TV-MA,Horror Movies,Thailand,2,1,96.0
s5593,Movie,2018,"May 7, 2020",2,TV-PG,Dramas,Indonesia,2,1,86.0
s5594,Movie,2019,"May 7, 2020",1,TV-G,Dramas,Indonesia,2,1,95.0
s5595,Movie,2020,"May 23, 2020",0,TV-G,Dramas,Indonesia,3,1,93.0
s5596,Movie,2018,"May 3, 2018",0,TV-MA,Comedies,Colombia,2,1,89.0
s5597,Movie,2017,"July 6, 2019",2,TV-MA,Dramas,Italy,3,3,119.0
s5598,TV Show,2018,"November 23, 2018",0,TV-MA,British TV Shows,United Kingdom,3,1,2.0
s5599,TV Show,2008,"March 31, 2020",12,TV-Y,Kids' TV,United States,1,1,1.0
s5600,Movie,2014,"October 30, 2018",4,TV-G,Dramas,India,3,1,105.0
s5601,Movie,2018,"September 7, 2018",0,PG-13,Comedies,United States,2,1,106.0
s5602,Movie,2014,"November 1, 2018",4,TV-14,Dramas,India,3,1,141.0
s5603,TV Show,2016,"October 1, 2019",3,TV-MA,Crime TV Shows,South Korea,3,1,1.0
s5604,TV Show,2020,"September 16, 2020",0,TV-MA,Crime TV Shows,Poland,3,1,2.0
s5605,Movie,2018,"December 3, 2018",0,TV-MA,Action & Adventure,United States,2,1,88.0
s5606,Movie,2014,"June 4, 2019",5,TV-Y,Children & Family Movies,United States,2,1,3.0
s5607,Movie,2012,"December 13, 2019",7,R,Horror Movies,Canada,1,3,94.0
s5608,Movie,2016,"April 1, 2017",1,TV-PG,Documentaries,United States,1,1,77.0
s5609,Movie,2019,"January 26, 2020",1,TV-14,Comedies,India,3,1,133.0
s5610,TV Show,2016,"November 17, 2018",2,TV-14,Romantic TV Shows,United States,3,1,1.0
s5611,Movie,2012,"March 16, 2020",8,R,Comedies,United States,3,1,122.0
s5612,TV Show,2015,"September 15, 2017",2,TV-MA,Crime TV Shows,Russia,3,1,2.0
s5613,TV Show,2016,"May 1, 2018",2,TV-Y,Kids' TV,France,1,1,1.0
s5614,Movie,2019,"August 20, 2019",0,TV-MA,Stand-Up Comedy,United Kingdom,1,1,52.0
s5615,Movie,2012,"August 13, 2020",8,TV-MA,Dramas,United States,3,2,105.0
s5616,Movie,2017,"May 5, 2017",0,TV-MA,Stand-Up Comedy,Mexico,1,1,72.0
s5617,Movie,2019,"August 5, 2020",1,TV-14,International Movies,Unknown,2,0,101.0
s5618,TV Show,2008,"May 15, 2017",9,TV-14,International TV Shows,Colombia,3,3,1.0
s5620,TV Show,2015,"July 23, 2020",5,TV-14,Docuseries,United States,1,1,1.0
s5621,Movie,2018,"December 16, 2019",1,TV-MA,Comedies,Bangladesh,3,1,136.0
s5622,TV Show,2020,"September 16, 2020",0,TV-PG,Reality TV,United States,1,1,1.0
s5623,TV Show,2020,"August 7, 2020",0,TV-PG,International TV Shows,Germany,2,1,1.0
s5624,TV Show,2020,"July 24, 2020",0,TV-G,International TV Shows,Spain,3,1,1.0
s5625,Movie,1960,"October 15, 2017",57,TV-PG,Comedies,India,3,2,158.0
s5626,TV Show,2019,"November 22, 2019",0,TV-MA,International TV Shows,Singapore,2,2,1.0
s5627,Movie,2013,"July 15, 2017",4,TV-14,Action & Adventure,India,3,1,143.0
s5628,Movie,2011,"November 19, 2020",9,TV-14,Action & Adventure,India,3,1,142.0
s5629,Movie,2015,"September 28, 2018",3,TV-PG,Comedies,Indonesia,3,1,127.0
s5630,TV Show,2018,"December 22, 2018",0,TV-MA,International TV Shows,Unknown,3,0,1.0
s5631,TV Show,2018,"July 18, 2020",2,TV-MA,Reality TV,Australia,2,1,1.0
s5632,TV Show,2015,"June 10, 2017",2,TV-14,International TV Shows,China,3,1,1.0
s5633,Movie,2017,"June 1, 2018",1,PG-13,Action & Adventure,Switzerland,3,2,92.0
s5634,Movie,2015,"October 16, 2019",4,R,Horror Movies,United States,1,2,97.0
s5635,Movie,2017,"October 1, 2019",2,TV-MA,Horror Movies,Peru,2,1,87.0
s5636,TV Show,2019,"August 9, 2019",0,TV-MA,Crime TV Shows,Brazil,3,1,1.0
s5637,Movie,2016,"January 1, 2020",4,TV-MA,Horror Movies,United States,1,1,83.0
s5638,TV Show,2018,"December 21, 2018",0,TV-MA,Anime Series,Japan,3,1,1.0
s5639,Movie,2016,"December 16, 2016",0,TV-MA,Dramas,United States,1,1,88.0
s5640,Movie,2015,"February 14, 2016",1,R,Comedies,United States,3,1,95.0
s5641,TV Show,1998,"September 1, 2020",22,TV-G,TV Comedies,United States,2,1,6.0
s5642,Movie,2012,"March 7, 2019",7,TV-14,Comedies,Philippines,2,1,105.0
s5643,TV Show,2018,"September 1, 2018",0,TV-MA,International TV Shows,Australia,3,1,1.0
s5644,Movie,2020,"March 8, 2020",0,TV-PG,Children & Family Movies,Pakistan,2,2,16.0
s5645,TV Show,2020,"February 27, 2020",0,TV-14,TV Shows,Saudi Arabia,1,1,1.0
s5646,Movie,2019,"June 28, 2020",1,TV-MA,Documentaries,Nigeria,2,1,76.0
s5647,TV Show,2020,"July 15, 2020",0,TV-MA,Reality TV,United States,1,1,1.0
s5648,Movie,2014,"December 17, 2018",4,R,Action & Adventure,Thailand,1,3,96.0
s5649,TV Show,2016,"October 1, 2016",0,TV-14,Reality TV,United States,1,1,3.0
s5650,TV Show,2016,"December 15, 2018",2,TV-14,Reality TV,United States,1,1,1.0
s5651,Movie,2017,"April 1, 2017",0,TV-MA,Dramas,Spain,2,1,78.0
s5652,Movie,2016,"July 4, 2019",3,PG-13,Action & Adventure,China,2,3,107.0
s5653,Movie,2016,"October 14, 2016",0,TV-MA,Documentaries,United States,1,1,80.0
s5654,Movie,2016,"August 5, 2017",1,TV-MA,Action & Adventure,China,2,2,100.0
s5655,Movie,2020,"September 2, 2020",0,TV-G,Documentaries,Vietnam,3,1,93.0
s5656,Movie,2014,"June 27, 2018",4,TV-G,Documentaries,United States,2,2,49.0
s5657,TV Show,2018,"September 28, 2018",0,TV-Y7,Kids' TV,South Korea,2,2,3.0
s5658,Movie,2010,"January 16, 2019",9,PG-13,Action & Adventure,United States,2,1,94.0
s5659,TV Show,2019,"September 27, 2019",0,TV-MA,Crime TV Shows,Germany,3,1,1.0
s5660,Movie,2017,"April 15, 2017",0,TV-MA,Comedies,Italy,3,1,99.0
s5661,TV Show,2019,"June 23, 2020",1,TV-MA,TV Horror,Canada,3,1,3.0
s5662,Movie,2015,"October 2, 2017",2,R,Comedies,United States,3,1,101.0
s5663,TV Show,2019,"October 31, 2019",0,TV-MA,Crime TV Shows,Unknown,3,0,1.0
s5664,TV Show,2019,"February 13, 2020",1,TV-MA,Crime TV Shows,Thailand,3,1,1.0
s5665,TV Show,2019,"August 1, 2019",0,TV-MA,International TV Shows,Thailand,3,1,1.0
s5666,TV Show,2020,"May 15, 2020",0,TV-MA,Crime TV Shows,Thailand,3,1,1.0
s5667,Movie,2004,"March 1, 2020",16,PG,Comedies,United States,2,1,89.0
s5668,Movie,1996,"November 1, 2019",23,R,Dramas,United States,2,1,135.0
s5669,Movie,1993,"January 1, 2020",27,R,Thrillers,United States,1,1,107.0
s5670,TV Show,2018,"December 31, 2018",0,TV-MA,Reality TV,United States,1,1,1.0
s5671,Movie,2017,"December 6, 2019",2,TV-MA,Dramas,Nigeria,2,1,115.0
s5672,Movie,2015,"July 26, 2018",3,R,Action & Adventure,United Kingdom,3,2,84.0
s5673,Movie,2017,"April 28, 2017",0,TV-MA,Dramas,Canada,2,2,95.0
s5674,Movie,1998,"June 1, 2019",21,PG-13,Action & Adventure,United States,3,1,110.0
s5675,Movie,2017,"May 19, 2018",1,R,Thrillers,United States,1,1,92.0
s5676,Movie,2008,"July 12, 2019",11,R,Comedies,United States,3,1,95.0
s5677,Movie,2017,"May 15, 2017",0,TV-MA,Documentaries,United States,2,1,66.0
s5678,Movie,2016,"June 1, 2017",1,TV-14,Dramas,Spain,3,1,123.0
s5679,TV Show,2018,"July 27, 2018",0,TV-MA,Crime TV Shows,Japan,3,1,1.0
s5680,Movie,2015,"September 22, 2015",0,PG-13,Comedies,United States,1,1,83.0
s5681,TV Show,2020,"September 25, 2020",0,TV-MA,TV Comedies,United States,1,1,1.0
s5682,Movie,2016,"January 10, 2020",4,R,Action & Adventure,United States,2,1,86.0
s5683,Movie,2000,"January 1, 2020",20,PG,Children & Family Movies,United States,2,1,89.0
s5684,Movie,2016,"November 1, 2020",4,R,Dramas,United Kingdom,2,4,134.0
s5685,Movie,2013,"May 1, 2019",6,R,Action & Adventure,South Korea,3,2,126.0
s5686,Movie,2020,"September 9, 2020",0,TV-14,Comedies,Argentina,3,1,108.0
s5687,Movie,2005,"July 1, 2018",13,TV-14,Comedies,India,3,1,137.0
s5688,Movie,2018,"March 19, 2019",1,TV-MA,Documentaries,United States,1,1,87.0
s5689,TV Show,2020,"October 15, 2020",0,TV-MA,TV Comedies,United States,2,1,1.0
s5690,Movie,2013,"January 5, 2019",6,TV-MA,Dramas,Indonesia,2,1,142.0
s5691,Movie,2016,"June 24, 2016",0,TV-MA,Stand-Up Comedy,Mexico,1,1,80.0
s5692,Movie,2018,"March 30, 2018",0,TV-MA,Stand-Up Comedy,Mexico,1,1,62.0
s5693,TV Show,2017,"October 8, 2018",1,TV-Y,Kids' TV,United States,1,1,4.0
s5694,Movie,1984,"September 1, 2017",33,TV-14,Dramas,India,3,2,160.0
s5695,Movie,2020,"April 2, 2020",0,TV-14,Action & Adventure,Japan,3,1,5.0
s5696,Movie,1998,"September 1, 2020",22,TV-14,Comedies,India,3,1,155.0
s5697,Movie,2018,"January 11, 2019",1,TV-MA,Dramas,Spain,3,1,91.0
s5698,Movie,1991,"September 1, 2018",27,NR,Comedies,Mexico,3,1,94.0
s5699,Movie,2018,"January 9, 2019",1,PG-13,Action & Adventure,United States,3,1,135.0
s5700,Movie,2018,"January 9, 2019",1,PG-13,Action & Adventure,United States,3,1,135.0
s5701,Movie,2009,"February 15, 2018",9,R,Action & Adventure,Czech Republic,3,3,104.0
s5702,TV Show,2015,"October 16, 2015",0,TV-Y,Kids' TV,Canada,2,1,2.0
s5703,Movie,2017,"December 18, 2017",0,TV-MA,Dramas,United States,2,1,97.0
s5704,TV Show,2020,"October 30, 2020",0,TV-14,Docuseries,United States,2,1,4.0
s5705,Movie,2019,"April 19, 2019",0,R,Comedies,United States,2,1,92.0
s5706,TV Show,2020,"October 16, 2020",0,TV-MA,Crime TV Shows,Mexico,3,2,1.0
s5707,TV Show,2015,"October 1, 2016",1,TV-14,International TV Shows,Taiwan,3,1,1.0
s5708,Movie,2017,"March 1, 2018",1,TV-MA,Comedies,Spain,3,1,87.0
s5709,TV Show,2018,"May 26, 2018",0,TV-MA,International TV Shows,South Korea,3,1,1.0
s5710,Movie,2003,"August 1, 2019",16,PG-13,Comedies,United States,2,1,128.0
s5711,Movie,2016,"May 1, 2018",2,TV-14,Dramas,India,2,1,101.0
s5712,TV Show,2017,"June 30, 2018",1,TV-14,Crime TV Shows,United States,3,1,1.0
s5713,TV Show,2019,"June 15, 2019",0,TV-MA,International TV Shows,China,3,1,1.0
s5714,Movie,2013,"July 4, 2018",5,TV-MA,Stand-Up Comedy,United States,1,1,77.0
s5715,Movie,2015,"November 1, 2018",3,TV-MA,Stand-Up Comedy,United States,1,1,93.0
s5716,Movie,2014,"July 19, 2018",4,R,Action & Adventure,Australia,3,3,109.0
s5717,Movie,2018,"September 10, 2020",2,TV-14,Dramas,Egypt,3,1,110.0
s5718,TV Show,2020,"December 15, 2020",0,TV-MA,Docuseries,United States,1,1,2.0
s5719,Movie,2018,"January 18, 2019",1,TV-MA,Dramas,India,3,1,97.0
s5720,TV Show,2003,"January 29, 2020",17,TV-Y7,Anime Series,Japan,2,1,2.0
s5721,Movie,2016,"December 10, 2016",0,NR,Documentaries,United States,2,1,73.0
s5722,TV Show,2017,"January 24, 2020",3,TV-14,International TV Shows,Nigeria,2,1,2.0
s5723,Movie,2018,"October 13, 2018",0,TV-14,Dramas,India,3,1,131.0
s5724,Movie,2008,"June 2, 2020",12,TV-14,Dramas,Egypt,2,1,116.0
s5725,TV Show,2016,"May 25, 2019",3,TV-MA,International TV Shows,Thailand,3,1,1.0
s5726,TV Show,2008,"January 16, 2020",12,TV-14,Anime Series,Japan,2,1,1.0
s5727,Movie,2015,"July 1, 2018",3,TV-14,Horror Movies,Mexico,2,1,88.0
s5728,Movie,2011,"May 17, 2020",9,PG,Dramas,United States,3,1,106.0
s5729,Movie,2019,"July 1, 2019",0,TV-MA,Horror Movies,United States,2,1,94.0
s5730,TV Show,2019,"December 18, 2019",0,TV-MA,Romantic TV Shows,United States,2,1,1.0
s5731,Movie,2016,"November 18, 2016",0,NR,Documentaries,United Kingdom,1,1,85.0
s5732,TV Show,2020,"July 3, 2020",0,TV-PG,Reality TV,United States,1,1,1.0
s5733,Movie,2000,"August 1, 2019",19,PG-13,Action & Adventure,United States,3,1,130.0
s5734,TV Show,2020,"May 29, 2020",0,TV-MA,TV Comedies,United States,1,1,1.0
s5735,TV Show,2016,"December 1, 2019",3,TV-Y,Kids' TV,Unknown,3,0,2.0
s5736,TV Show,2014,"March 31, 2020",6,TV-Y,Kids' TV,United States,1,1,1.0
s5737,Movie,2015,"November 1, 2016",1,TV-MA,Comedies,Spain,3,1,107.0
s5738,TV Show,2016,"February 15, 2017",1,TV-PG,International TV Shows,South Korea,3,1,1.0
s5739,Movie,1976,"November 1, 2019",43,PG,Dramas,United States,2,1,98.0
s5740,Movie,2017,"September 1, 2018",1,TV-MA,Dramas,France,3,1,94.0
s5741,TV Show,2018,"February 1, 2019",1,TV-MA,Crime TV Shows,Russia,3,1,1.0
s5743,TV Show,2019,"April 12, 2019",0,TV-MA,TV Comedies,United States,1,1,1.0
s5744,Movie,2013,"July 5, 2020",7,TV-PG,Dramas,India,3,1,137.0
s5745,Movie,2016,"April 29, 2016",0,TV-MA,Comedies,Canada,1,3,101.0
s5746,Movie,2016,"December 9, 2016",0,TV-14,Action & Adventure,United States,2,2,108.0
s5747,TV Show,2020,"February 20, 2020",0,TV-MA,International TV Shows,Brazil,3,1,1.0
s5748,Movie,2017,"July 6, 2017",0,PG-13,Comedies,United States,3,1,96.0
s5749,Movie,2019,"January 9, 2020",1,TV-14,Documentaries,United Kingdom,2,1,75.0
s5750,Movie,2020,"June 3, 2020",0,TV-G,Children & Family Movies,United States,2,1,83.0
s5751,Movie,2020,"March 6, 2020",0,R,Action & Adventure,United States,2,1,111.0
s5752,Movie,2017,"October 30, 2017",0,PG-13,Dramas,United States,3,1,75.0
s5753,TV Show,2014,"July 1, 2017",3,TV-14,International TV Shows,Unknown,3,0,1.0
s5754,Movie,2007,"November 1, 2019",12,PG-13,Action & Adventure,United States,2,1,139.0
s5755,Movie,2018,"June 26, 2019",1,PG,Action & Adventure,United States,2,1,117.0
s5756,TV Show,2020,"January 1, 2020",0,TV-MA,TV Dramas,United States,1,1,1.0
s5757,TV Show,2019,"October 18, 2019",0,TV-Y7,Kids' TV,United States,1,1,2.0
s5758,Movie,2020,"December 8, 2020",0,TV-Y7,Children & Family Movies,United States,1,1,79.0
s5759,TV Show,2020,"September 4, 2020",0,TV-Y7,Kids' TV,United States,1,1,2.0
s5760,Movie,2019,"December 6, 2019",0,TV-Y7,Children & Family Movies,United States,1,1,46.0
s5761,TV Show,2019,"April 5, 2019",0,TV-Y7,Kids' TV,United States,1,1,8.0
s5762,TV Show,2017,"May 1, 2018",1,TV-PG,International TV Shows,Unknown,2,0,1.0
s5763,Movie,2018,"November 1, 2019",1,TV-14,Documentaries,United Kingdom,1,1,95.0
s5764,Movie,2017,"May 12, 2018",1,TV-MA,Comedies,United States,2,1,92.0
s5766,Movie,2009,"November 18, 2009",0,TV-MA,Horror Movies,United States,1,1,29.0
s5767,Movie,2019,"November 30, 2020",1,TV-Y,Children & Family Movies,United States,1,1,45.0
s5768,Movie,2004,"September 1, 2019",15,G,Children & Family Movies,United States,1,1,47.0
s5769,TV Show,2015,"October 15, 2016",1,TV-MA,Crime TV Shows,United Kingdom,3,2,1.0
s5770,Movie,2015,"July 22, 2020",5,R,Dramas,United States,2,1,129.0
s5771,Movie,2012,"January 10, 2021",9,R,Comedies,United States,3,2,94.0
s5772,Movie,2018,"December 16, 2018",0,TV-MA,Music & Musicals,United States,1,1,153.0
s5773,Movie,2018,"April 15, 2020",2,TV-MA,Dramas,Jamaica,3,2,112.0
s5774,Movie,2001,"April 1, 2019",18,PG,Children & Family Movies,United States,2,1,88.0
s5775,Movie,2002,"March 8, 2019",17,PG,Children & Family Movies,United States,2,1,100.0
s5776,Movie,2003,"April 1, 2019",16,PG,Children & Family Movies,United States,2,1,83.0
s5777,Movie,2011,"February 19, 2019",8,PG,Children & Family Movies,United States,2,1,88.0
s5778,TV Show,2018,"November 30, 2018",0,TV-Y7,Kids' TV,United States,1,2,2.0
s5779,Movie,2015,"June 1, 2016",1,TV-MA,Action & Adventure,Spain,3,1,93.0
s5780,Movie,2017,"August 28, 2018",1,TV-14,Action & Adventure,India,2,1,140.0
s5781,Movie,2018,"August 8, 2019",1,TV-MA,Horror Movies,United States,2,1,103.0
s5782,Movie,2019,"June 28, 2019",0,TV-14,Thrillers,United States,1,1,88.0
s5783,TV Show,2018,"December 24, 2018",0,TV-PG,Stand-Up Comedy & Talk Shows,United States,2,1,1.0
s5784,Movie,2015,"December 11, 2018",3,R,Action & Adventure,Canada,1,1,86.0
s5785,Movie,2015,"February 5, 2017",2,TV-14,Documentaries,Canada,1,3,88.0
s5786,TV Show,1968,"October 1, 2017",49,TV-14,Classic & Cult TV,United States,3,1,3.0
s5787,TV Show,1999,"January 1, 2017",18,TV-14,TV Action & Adventure,United States,2,1,7.0
s5788,TV Show,2004,"October 1, 2017",13,TV-14,Classic & Cult TV,United States,3,1,4.0
s5789,TV Show,1993,"April 2, 2018",25,TV-PG,TV Action & Adventure,United States,2,1,7.0
s5790,TV Show,2000,"October 1, 2017",17,TV-PG,TV Action & Adventure,United States,2,1,7.0
s5791,Movie,2017,"June 26, 2018",1,PG-13,Action & Adventure,United States,3,1,152.0
s5792,TV Show,2014,"April 16, 2015",1,TV-14,Romantic TV Shows,United States,3,1,1.0
s5793,TV Show,2020,"September 8, 2020",0,TV-Y,Kids' TV,United States,1,1,2.0
s5794,Movie,2020,"October 6, 2020",0,TV-Y,Children & Family Movies,Canada,1,1,33.0
s5795,Movie,2007,"July 1, 2020",13,PG-13,Action & Adventure,United Kingdom,3,2,128.0
s5796,TV Show,2006,"December 1, 2020",14,TV-MA,Classic & Cult TV,United States,3,2,10.0
s5797,Movie,2013,"August 29, 2019",6,TV-MA,Dramas,United Kingdom,3,1,106.0
s5798,Movie,2018,"August 7, 2020",2,TV-14,Documentaries,United States,1,1,69.0
s5799,Movie,2004,"July 1, 2019",15,PG-13,Action & Adventure,United States,2,1,101.0
s5800,TV Show,2020,"October 18, 2020",0,TV-14,International TV Shows,South Korea,3,1,1.0
s5801,Movie,2014,"March 7, 2019",5,TV-14,Dramas,Philippines,3,1,128.0
s5802,TV Show,2020,"July 8, 2020",0,TV-MA,International TV Shows,Australia,2,1,1.0
s5803,TV Show,2015,"September 1, 2016",1,TV-MA,International TV Shows,Switzerland,3,1,1.0
s5804,TV Show,2018,"August 17, 2018",0,TV-PG,Reality TV,United States,1,1,1.0
s5805,TV Show,2019,"March 21, 2019",0,TV-14,International TV Shows,Japan,3,1,1.0
s5806,Movie,2006,"September 15, 2019",13,TV-PG,Documentaries,United States,1,1,94.0
s5807,Movie,2006,"July 1, 2016",10,TV-PG,Documentaries,United States,2,1,52.0
s5808,Movie,2019,"March 15, 2020",1,TV-Y,Children & Family Movies,Unknown,1,0,23.0
s5809,Movie,2018,"March 14, 2018",0,TV-MA,Action & Adventure,South Korea,3,1,140.0
s5810,Movie,2008,"November 1, 2019",11,R,Comedies,United States,1,1,98.0
s5811,Movie,2018,"June 6, 2019",1,TV-14,Comedies,Egypt,2,1,89.0
s5812,Movie,2018,"January 19, 2018",0,PG-13,Comedies,United States,1,1,108.0
s5813,Movie,2017,"September 1, 2018",1,R,Horror Movies,United States,1,1,86.0
s5814,Movie,2014,"January 15, 2017",3,TV-MA,International Movies,Germany,2,1,91.0
s5815,Movie,2015,"January 16, 2020",5,R,Dramas,United Kingdom,1,2,122.0
s5816,Movie,2018,"May 25, 2018",0,TV-14,Stand-Up Comedy,United States,1,1,74.0
s5817,Movie,2010,"March 15, 2018",8,TV-14,Dramas,India,2,1,106.0
s5818,Movie,2010,"September 14, 2018",8,TV-MA,Horror Movies,Thailand,2,1,100.0
s5819,TV Show,2018,"December 30, 2020",2,TV-14,British TV Shows,United Kingdom,3,1,9.0
s5820,Movie,2019,"May 14, 2019",0,TV-MA,Comedies,United States,1,1,61.0
s5821,Movie,2015,"November 1, 2018",3,TV-PG,Documentaries,United States,1,1,91.0
s5822,TV Show,2010,"December 16, 2017",7,TV-PG,Kids' TV,United States,1,2,1.0
s5823,TV Show,2020,"October 23, 2020",0,TV-MA,Crime TV Shows,Spain,3,1,1.0
s5824,TV Show,2017,"July 1, 2019",2,TV-Y7,Kids' TV,South Korea,2,1,1.0
s5825,Movie,2014,"September 8, 2017",3,PG-13,Horror Movies,United States,2,1,113.0
s5826,Movie,2014,"February 15, 2015",1,NR,Documentaries,Australia,3,6,100.0
s5827,TV Show,2015,"July 22, 2019",4,TV-MA,International TV Shows,United States,2,1,1.0
s5828,TV Show,2015,"July 5, 2018",3,TV-PG,International TV Shows,India,2,1,1.0
s5829,Movie,2017,"October 15, 2017",0,TV-PG,Comedies,India,3,1,132.0
s5830,TV Show,2016,"October 7, 2016",0,TV-Y,Kids' TV,United States,1,1,1.0
s5831,Movie,2020,"June 26, 2020",0,TV-MA,Comedies,United States,3,1,96.0
s5832,Movie,2019,"August 30, 2020",1,PG-13,Dramas,Canada,2,1,96.0
s5833,Movie,1987,"October 1, 2011",24,TV-PG,Dramas,United States,1,1,96.0
s5834,Movie,2016,"October 26, 2017",1,R,Dramas,United States,2,1,91.0
s5835,TV Show,2020,"August 16, 2020",0,TV-MA,Crime TV Shows,South Korea,3,1,2.0
s5836,Movie,2006,"October 1, 2020",14,PG-13,Comedies,United States,2,2,113.0
s5837,TV Show,2019,"July 4, 2019",0,TV-14,TV Horror,United States,3,1,3.0
s5838,TV Show,2019,"May 15, 2020",1,TV-MA,International TV Shows,South Korea,3,1,1.0
s5839,TV Show,2015,"January 1, 2016",1,TV-Y,Kids' TV,France,1,3,1.0
s5840,Movie,2010,"June 18, 2020",10,TV-MA,Dramas,Lebanon,3,1,76.0
s5841,Movie,2018,"June 7, 2019",1,TV-MA,Comedies,India,3,1,127.0
s5842,Movie,2019,"October 13, 2019",0,TV-MA,Dramas,France,2,1,96.0
s5843,TV Show,2019,"April 26, 2019",0,TV-PG,Docuseries,United States,1,1,1.0
s5844,TV Show,2020,"July 21, 2020",0,TV-PG,Docuseries,Unknown,2,0,1.0
s5845,TV Show,2018,"September 7, 2018",0,TV-Y7,Kids' TV,United States,1,1,2.0
s5846,Movie,2018,"March 13, 2018",0,TV-Y7,Children & Family Movies,United States,1,1,104.0
s5847,Movie,1992,"January 1, 2020",28,PG,Classic Movies,Australia,3,2,95.0
s5848,Movie,2016,"April 7, 2017",1,TV-MA,Documentaries,Netherlands,3,2,85.0
s5849,Movie,1981,"September 1, 2019",38,R,Classic Movies,United States,3,1,106.0
s5850,Movie,1996,"January 1, 2021",25,R,Comedies,United States,2,1,117.0
s5851,TV Show,2016,"October 1, 2018",2,TV-14,Reality TV,United States,1,1,1.0
s5852,TV Show,2017,"November 24, 2019",2,TV-14,Crime TV Shows,South Korea,3,1,1.0
s5853,Movie,2017,"September 15, 2017",0,TV-MA,Documentaries,United States,1,2,108.0
s5854,Movie,2016,"February 11, 2017",1,NR,Action & Adventure,Brazil,3,1,123.0
s5855,TV Show,2017,"November 23, 2020",3,TV-MA,International TV Shows,South Korea,3,1,1.0
s5856,TV Show,2018,"January 18, 2019",1,TV-PG,Docuseries,Unknown,2,0,1.0
s5857,Movie,2018,"December 21, 2018",0,TV-MA,Documentaries,Poland,1,2,105.0
s5858,Movie,1999,"January 1, 2020",21,PG,Children & Family Movies,Germany,2,2,85.0
s5859,Movie,2002,"January 1, 2020",18,PG,Children & Family Movies,United States,2,1,78.0
s5860,Movie,2021,"January 8, 2021",0,TV-MA,Comedies,Turkey,3,1,97.0
s5861,Movie,2018,"February 16, 2019",1,TV-MA,Documentaries,United States,1,1,99.0
s5862,Movie,2019,"April 16, 2020",1,TV-G,Children & Family Movies,Turkey,3,1,95.0
s5863,TV Show,2018,"October 15, 2018",0,TV-MA,British TV Shows,United Kingdom,3,1,1.0
s5864,Movie,2019,"September 27, 2019",0,TV-MA,Anime Features,United States,3,1,42.0
s5865,TV Show,2019,"August 30, 2019",0,TV-14,Reality TV,Unknown,1,0,1.0
s5866,Movie,2019,"November 11, 2019",0,TV-MA,Action & Adventure,United States,2,1,95.0
s5867,Movie,2015,"October 14, 2015",0,NR,Dramas,Italy,3,2,135.0
s5868,TV Show,2020,"October 30, 2020",0,TV-MA,Crime TV Shows,Italy,3,1,3.0
s5869,Movie,2011,"September 5, 2018",7,TV-MA,Comedies,Thailand,3,1,130.0
s5870,Movie,2018,"August 1, 2018",0,TV-14,Comedies,India,3,1,115.0
s5871,TV Show,2013,"October 1, 2017",4,TV-14,International TV Shows,Singapore,3,1,1.0
s5872,Movie,2015,"November 16, 2019",4,PG-13,Dramas,United Kingdom,2,2,107.0
s5873,Movie,2020,"July 31, 2020",0,TV-G,Children & Family Movies,United States,1,1,44.0
s5874,TV Show,2020,"July 31, 2020",0,TV-PG,Reality TV,United States,1,1,3.0
s5875,TV Show,2020,"November 27, 2020",0,TV-14,Reality TV,United States,1,1,2.0
s5876,Movie,2014,"July 1, 2016",2,TV-MA,International Movies,Israel,2,1,114.0
s5877,Movie,2014,"June 5, 2017",3,TV-MA,Dramas,United Kingdom,3,5,107.0
s5878,TV Show,2018,"December 1, 2019",1,TV-MA,International TV Shows,South Korea,3,1,1.0
s5879,Movie,2019,"March 19, 2020",1,TV-MA,Comedies,United States,3,1,93.0
s5880,Movie,2015,"July 10, 2016",1,TV-MA,Dramas,Denmark,3,3,94.0
s5881,TV Show,2020,"April 29, 2020",0,TV-MA,International TV Shows,Italy,3,1,1.0
s5882,Movie,2017,"April 6, 2018",1,TV-MA,Comedies,Mexico,3,2,94.0
s5883,Movie,2017,"June 15, 2018",1,PG-13,Dramas,Spain,3,1,113.0
s5884,TV Show,2020,"April 1, 2020",0,TV-MA,British TV Shows,United Kingdom,3,1,2.0
s5885,Movie,2018,"November 15, 2019",1,TV-14,Documentaries,India,2,2,74.0
s5886,TV Show,2016,"July 15, 2020",4,TV-Y,British TV Shows,Belarus,3,1,2.0
s5887,Movie,2014,"March 15, 2017",3,TV-MA,Dramas,India,3,2,85.0
s5888,TV Show,2019,"June 28, 2019",0,TV-Y,Kids' TV,India,1,1,1.0
s5889,Movie,2018,"June 18, 2019",1,TV-Y7,Children & Family Movies,India,1,1,63.0
s5890,Movie,2017,"January 1, 2018",1,TV-MA,Dramas,United States,3,1,104.0
s5891,Movie,2019,"June 29, 2019",0,TV-MA,Comedies,India,3,1,176.0
s5892,TV Show,2018,"November 9, 2018",0,TV-MA,International TV Shows,Brazil,2,1,1.0
s5893,TV Show,2019,"October 4, 2019",0,TV-Y,Kids' TV,Unknown,1,0,3.0
s5894,Movie,2018,"December 7, 2018",0,TV-Y,Children & Family Movies,Unknown,1,0,28.0
s5895,Movie,2019,"August 16, 2019",0,TV-Y,Children & Family Movies,Canada,1,1,24.0
s5896,Movie,2019,"April 16, 2019",0,TV-Y,Children & Family Movies,Unknown,1,0,59.0
s5897,TV Show,2018,"September 14, 2018",0,TV-Y,Kids' TV,Unknown,1,0,1.0
s5898,TV Show,2019,"June 7, 2019",0,TV-Y,Kids' TV,United States,1,1,1.0
s5899,Movie,2019,"November 26, 2019",0,TV-Y,Children & Family Movies,United States,1,1,24.0
s5900,Movie,2018,"October 5, 2018",0,TV-Y,Children & Family Movies,Unknown,1,0,25.0
s5901,Movie,2020,"October 9, 2020",0,TV-Y,Children & Family Movies,Canada,1,1,25.0
s5902,Movie,2020,"December 8, 2020",0,TV-Y,Children & Family Movies,Unknown,1,0,24.0
s5903,Movie,2020,"August 1, 2020",0,TV-Y,Children & Family Movies,Canada,1,1,25.0
s5904,Movie,2019,"October 4, 2019",0,TV-Y,Children & Family Movies,United States,1,1,24.0
s5905,Movie,2014,"March 1, 2018",4,TV-PG,Comedies,India,3,1,127.0
s5906,TV Show,2020,"December 1, 2020",0,TV-Y,Kids' TV,United States,2,3,3.0
s5907,Movie,2007,"January 1, 2021",14,R,Comedies,United States,2,1,113.0
s5908,Movie,1972,"November 1, 2019",47,R,Action & Adventure,United States,3,1,91.0
s5909,TV Show,2019,"May 25, 2020",1,TV-14,TV Action & Adventure,United States,2,1,5.0
s5910,Movie,2018,"March 24, 2019",1,TV-MA,Action & Adventure,Spain,3,1,108.0
s5911,Movie,2006,"October 1, 2019",13,PG-13,Action & Adventure,United States,2,1,154.0
s5912,TV Show,1993,"July 2, 2020",27,TV-G,Reality TV,United States,1,1,1.0
s5913,TV Show,2019,"June 5, 2020",1,TV-14,Classic & Cult TV,United States,3,2,15.0
s5914,TV Show,2016,"March 1, 2017",1,TV-PG,British TV Shows,United Kingdom,3,1,1.0
s5915,Movie,1999,"November 20, 2019",20,PG-13,Comedies,United States,1,1,82.0
s5916,Movie,2019,"May 1, 2019",0,TV-14,Comedies,India,3,1,140.0
s5917,Movie,2002,"February 15, 2019",17,TV-14,Dramas,India,2,1,137.0
s5918,Movie,2016,"October 9, 2018",2,TV-14,Dramas,Indonesia,3,1,98.0
s5919,Movie,2007,"January 1, 2021",14,PG,Children & Family Movies,United States,3,1,86.0
s5920,Movie,2015,"January 28, 2019",4,TV-14,Dramas,Indonesia,3,1,121.0
s5921,Movie,2017,"January 28, 2019",2,TV-14,Dramas,Indonesia,3,1,119.0
s5922,TV Show,2021,"January 6, 2021",0,TV-MA,Docuseries,United States,2,1,1.0
s5923,TV Show,2017,"August 1, 2017",0,TV-MA,Crime TV Shows,Unknown,3,0,1.0
s5924,TV Show,2019,"September 15, 2019",0,TV-MA,Crime TV Shows,United States,2,1,1.0
s5925,TV Show,2020,"April 13, 2020",0,TV-MA,Crime TV Shows,United States,2,1,1.0
s5926,Movie,2019,"April 13, 2020",1,TV-14,Documentaries,United States,1,1,85.0
s5927,TV Show,2014,"November 15, 2020",6,TV-14,Reality TV,United States,1,1,2.0
s5928,Movie,2017,"May 24, 2018",1,TV-MA,Documentaries,United States,1,1,103.0
s5929,Movie,2017,"December 10, 2018",1,TV-MA,Documentaries,United States,2,1,86.0
s5930,Movie,2016,"March 1, 2017",1,TV-G,Documentaries,United States,1,1,92.0
s5931,Movie,2018,"April 3, 2019",1,TV-MA,Horror Movies,Indonesia,2,1,126.0
s5932,Movie,2019,"May 30, 2019",0,TV-MA,International Movies,South Korea,2,1,123.0
s5933,Movie,2004,"March 1, 2018",14,TV-PG,Dramas,India,2,1,185.0
s5934,Movie,1977,"December 31, 2019",42,TV-PG,Dramas,India,3,1,123.0
s5935,TV Show,2018,"May 1, 2018",0,TV-14,International TV Shows,Unknown,2,0,1.0
s5936,Movie,2014,"March 1, 2018",4,TV-MA,Comedies,Canada,2,1,75.0
s5937,Movie,2014,"September 24, 2017",3,NC-17,Comedies,Canada,2,1,112.0
s5938,Movie,2007,"January 1, 2020",13,R,Dramas,United States,3,2,116.0
s5939,TV Show,2020,"May 19, 2020",0,TV-14,Romantic TV Shows,United States,2,1,1.0
s5940,Movie,2017,"December 1, 2019",2,R,Dramas,United States,3,2,93.0
s5941,Movie,2019,"December 25, 2019",0,PG-13,Horror Movies,United States,3,1,83.0
s5942,Movie,2018,"July 1, 2019",1,TV-14,Comedies,United States,1,1,94.0
s5943,Movie,2016,"January 30, 2019",3,R,Comedies,United States,3,2,97.0
s5944,TV Show,2018,"August 1, 2018",0,TV-MA,International TV Shows,Japan,3,1,1.0
s5945,TV Show,2018,"October 1, 2020",2,TV-MA,Anime Series,Japan,2,1,3.0
s5946,TV Show,2018,"February 1, 2019",1,TV-MA,Anime Series,Japan,2,1,1.0
s5947,Movie,2016,"June 10, 2017",1,TV-MA,Action & Adventure,China,3,2,108.0
s5948,Movie,1980,"August 16, 2018",38,R,Action & Adventure,Hong Kong,2,1,101.0
s5949,Movie,2001,"July 1, 2019",18,R,Action & Adventure,United States,1,1,99.0
s5950,TV Show,2018,"July 30, 2018",0,TV-MA,Anime Series,Japan,2,1,2.0
s5951,Movie,2018,"July 15, 2020",2,TV-14,Dramas,Nigeria,3,1,104.0
s5952,TV Show,2010,"December 15, 2019",9,TV-PG,Kids' TV,United States,1,1,1.0
s5953,Movie,2020,"February 21, 2020",0,TV-MA,Dramas,Germany,3,1,120.0
s5954,Movie,1999,"March 1, 2018",19,TV-PG,Dramas,India,3,1,177.0
s5955,Movie,2007,"January 10, 2021",14,PG,Dramas,India,2,1,162.0
s5956,TV Show,2017,"March 15, 2018",1,TV-MA,International TV Shows,Belgium,3,1,1.0
s5957,TV Show,2020,"September 15, 2020",0,TV-MA,Docuseries,United States,3,1,2.0
s5958,Movie,2008,"July 15, 2018",10,TV-14,Dramas,India,2,1,95.0
s5959,TV Show,2020,"February 14, 2020",0,TV-MA,International TV Shows,India,3,1,1.0
s5960,Movie,2017,"July 7, 2017",0,TV-MA,Comedies,United States,2,1,84.0
s5961,Movie,2011,"May 16, 2019",8,R,Comedies,United States,2,2,97.0
s5962,TV Show,2018,"August 24, 2018",0,TV-14,International TV Shows,China,3,1,1.0
s5963,Movie,2017,"January 20, 2017",0,TV-MA,Comedies,United States,1,1,80.0
s5964,Movie,2018,"September 1, 2020",2,TV-MA,Documentaries,Spain,3,1,109.0
s5965,Movie,2018,"March 16, 2018",0,TV-14,Documentaries,United States,1,1,88.0
s5967,Movie,2010,"November 3, 2019",9,PG-13,Action & Adventure,United States,1,1,107.0
s5968,TV Show,2014,"August 15, 2020",6,TV-14,International TV Shows,Saudi Arabia,2,1,2.0
s5969,Movie,2012,"December 15, 2019",7,TV-14,Dramas,India,3,1,140.0
s5970,Movie,2009,"December 18, 2020",11,TV-14,Dramas,Malaysia,3,1,120.0
s5971,TV Show,2018,"January 5, 2019",1,TV-14,Docuseries,Australia,3,1,3.0
s5972,Movie,2018,"October 10, 2018",0,R,Cult Movies,United States,3,1,110.0
s5973,TV Show,2019,"June 7, 2019",0,TV-MA,TV Dramas,United States,1,1,1.0
s5974,TV Show,1993,"June 28, 2019",26,TV-MA,TV Dramas,United Kingdom,1,2,1.0
s5975,TV Show,2017,"February 15, 2020",3,TV-Y,Kids' TV,Cyprus,2,1,1.0
s5976,Movie,2019,"September 13, 2019",0,TV-PG,Children & Family Movies,United States,3,1,103.0
s5977,Movie,2016,"July 29, 2016",0,TV-MA,Dramas,United States,2,1,112.0
s5978,Movie,2014,"October 15, 2017",3,TV-MA,Action & Adventure,India,3,1,111.0
s5979,Movie,2015,"August 2, 2018",3,TV-14,Dramas,India,3,1,133.0
s5980,Movie,2011,"January 14, 2021",10,TV-MA,Dramas,Unknown,2,0,102.0
s5981,TV Show,2018,"April 3, 2019",1,TV-14,International TV Shows,Lebanon,3,1,1.0
s5982,Movie,1993,"July 15, 2018",25,TV-MA,Classic Movies,Argentina,3,2,124.0
s5983,Movie,2011,"July 5, 2020",9,TV-14,Comedies,India,3,1,114.0
s5984,Movie,2017,"January 1, 2019",2,TV-MA,Dramas,India,3,1,148.0
s5985,Movie,2006,"May 19, 2020",14,TV-14,Comedies,Egypt,3,1,110.0
s5986,Movie,2018,"November 20, 2018",0,TV-14,Comedies,Indonesia,3,1,91.0
s5987,Movie,2015,"March 1, 2018",3,TV-MA,International Movies,France,2,1,81.0
s5988,Movie,2020,"December 31, 2020",0,TV-PG,Action & Adventure,Indonesia,3,1,116.0
s5989,Movie,1999,"June 23, 2018",19,G,Children & Family Movies,United States,1,1,89.0
s5990,Movie,2005,"June 23, 2017",12,G,Children & Family Movies,United States,1,1,72.0
s5991,Movie,2013,"May 9, 2019",6,TV-14,Comedies,Egypt,2,1,112.0
s5992,Movie,2017,"October 18, 2019",2,TV-MA,Action & Adventure,Nigeria,3,1,101.0
s5993,Movie,2018,"June 29, 2018",0,R,Sci-Fi & Fantasy,United States,2,1,98.0
s5994,Movie,2012,"October 19, 2020",8,TV-MA,Dramas,Lebanon,2,3,81.0
s5995,Movie,1976,"April 1, 2020",44,R,Classic Movies,United States,3,1,114.0
s5996,TV Show,2018,"February 5, 2019",1,TV-MA,International TV Shows,Egypt,2,1,1.0
s5997,Movie,2018,"December 31, 2018",0,TV-PG,Music & Musicals,Unknown,1,0,125.0
s5998,Movie,2020,"March 3, 2020",0,TV-MA,Stand-Up Comedy,United States,1,1,61.0
s5999,TV Show,2014,"July 1, 2019",5,TV-Y,Kids' TV,South Korea,2,1,2.0
s6000,Movie,2016,"July 1, 2019",3,TV-Y7,Children & Family Movies,United States,1,1,48.0
s6001,Movie,2016,"November 19, 2020",4,TV-14,Dramas,India,3,1,128.0
s6002,Movie,2017,"September 25, 2017",0,TV-14,Documentaries,United States,1,1,81.0
s6003,Movie,2016,"April 29, 2016",0,TV-MA,Documentaries,United States,2,1,91.0
s6004,TV Show,2020,"February 3, 2020",0,TV-PG,Kids' TV,United States,2,1,3.0
s6005,Movie,2003,"January 1, 2019",16,R,Action & Adventure,United States,2,1,121.0
s6006,TV Show,2019,"December 6, 2019",0,TV-PG,Anime Series,Japan,3,1,1.0
s6007,Movie,2019,"December 1, 2019",0,TV-14,Children & Family Movies,Thailand,3,1,103.0
s6008,Movie,2018,"December 2, 2018",0,TV-14,Action & Adventure,Pakistan,3,1,155.0
s6009,Movie,2018,"April 29, 2019",1,TV-MA,Dramas,India,3,1,119.0
s6010,TV Show,2011,"December 15, 2020",9,TV-14,Reality TV,United States,1,1,2.0
s6011,Movie,2010,"March 1, 2018",8,TV-PG,Dramas,India,3,1,137.0
s6012,TV Show,2020,"August 14, 2020",0,TV-MA,Crime TV Shows,United States,3,1,1.0
s6013,Movie,2016,"January 15, 2017",1,TV-MA,Dramas,United States,3,1,89.0
s6014,Movie,2007,"May 1, 2019",12,PG,Children & Family Movies,Hong Kong,2,2,87.0
s6015,Movie,1991,"January 1, 2020",29,PG,Children & Family Movies,United States,2,2,88.0
s6016,Movie,1990,"January 1, 2020",30,PG,Action & Adventure,Unknown,2,0,94.0
s6017,Movie,2010,"August 2, 2018",8,TV-PG,Comedies,India,3,1,125.0
s6018,Movie,2019,"October 18, 2019",0,TV-MA,Documentaries,United Kingdom,1,1,86.0
s6019,Movie,2016,"December 1, 2016",0,TV-Y7,Children & Family Movies,United States,1,2,67.0
s6020,Movie,2017,"December 2, 2017",0,TV-MA,Horror Movies,Japan,2,2,78.0
s6021,Movie,2017,"July 15, 2018",1,TV-MA,Dramas,Argentina,2,5,108.0
s6022,Movie,2015,"February 12, 2019",4,TV-MA,Dramas,Hong Kong,3,1,102.0
s6023,Movie,2012,"August 2, 2018",6,TV-14,Comedies,India,3,1,127.0
s6024,TV Show,2010,"December 31, 2017",7,TV-PG,International TV Shows,Mexico,3,1,1.0
s6025,Movie,2016,"February 16, 2020",4,R,Dramas,United States,2,1,93.0
s6026,Movie,2003,"January 1, 2020",17,R,Action & Adventure,United States,2,3,109.0
s6027,Movie,2009,"January 1, 2020",11,PG-13,Action & Adventure,United States,2,4,115.0
s6028,Movie,2015,"May 1, 2016",1,TV-PG,Documentaries,France,2,1,98.0
s6029,TV Show,2017,"September 26, 2017",0,TV-14,International TV Shows,United States,2,2,4.0
s6030,TV Show,2016,"April 1, 2016",0,TV-14,International TV Shows,Japan,2,1,2.0
s6031,TV Show,2018,"March 12, 2019",1,TV-14,International TV Shows,Japan,2,1,6.0
s6032,TV Show,2019,"August 10, 2020",1,TV-MA,International TV Shows,Japan,2,1,2.0
s6033,Movie,2017,"September 1, 2018",1,TV-MA,Horror Movies,United States,3,1,84.0
s6034,TV Show,2018,"October 26, 2018",0,TV-MA,Crime TV Shows,United States,3,2,1.0
s6035,Movie,2016,"October 15, 2017",1,TV-PG,Comedies,India,3,1,133.0
s6036,Movie,2012,"December 1, 2017",5,TV-MA,Action & Adventure,United Kingdom,3,2,121.0
s6037,TV Show,2015,"March 31, 2018",3,TV-Y7,Kids' TV,India,2,1,1.0
s6038,Movie,2012,"October 1, 2018",6,TV-14,Action & Adventure,India,3,1,156.0
s6039,TV Show,2019,"May 25, 2019",0,TV-MA,TV Shows,India,1,1,1.0
s6040,Movie,2019,"June 26, 2020",1,TV-14,Dramas,India,2,1,135.0
s6041,Movie,2019,"June 28, 2020",1,TV-14,Dramas,Unknown,2,0,135.0
s6042,Movie,2019,"February 3, 2020",1,TV-14,International Movies,India,2,1,148.0
s6043,Movie,2011,"August 2, 2018",7,TV-14,Comedies,India,3,1,131.0
s6045,Movie,2015,"March 7, 2019",4,TV-MA,Dramas,Philippines,3,1,91.0
s6046,TV Show,2013,"April 1, 2019",6,TV-MA,International TV Shows,South Korea,3,1,1.0
s6047,TV Show,2018,"March 22, 2019",1,TV-14,International TV Shows,Unknown,2,0,1.0
s6048,TV Show,2020,"October 8, 2020",0,TV-14,TV Action & Adventure,United States,3,2,7.0
s6049,Movie,2016,"April 25, 2017",1,TV-MA,Comedies,Sweden,2,1,108.0
s6050,Movie,2018,"October 31, 2020",2,TV-MA,Action & Adventure,Norway,3,1,130.0
s6051,TV Show,2018,"February 19, 2019",1,TV-MA,Docuseries,United States,1,1,1.0
s6052,Movie,2016,"November 15, 2019",3,TV-MA,Documentaries,United States,2,1,100.0
s6053,Movie,2020,"November 30, 2020",0,TV-MA,Action & Adventure,United States,1,1,93.0
s6054,Movie,2018,"September 28, 2018",0,TV-MA,Horror Movies,Indonesia,2,1,108.0
s6055,Movie,2019,"June 13, 2019",0,TV-MA,Horror Movies,Indonesia,2,1,117.0
s6056,TV Show,2019,"February 15, 2019",0,TV-MA,Crime TV Shows,Unknown,3,0,1.0
s6057,TV Show,2007,"September 1, 2013",6,TV-14,TV Dramas,United States,3,2,4.0
s6058,Movie,2016,"April 6, 2018",2,TV-MA,Action & Adventure,Mexico,3,2,117.0
s6059,Movie,2019,"December 13, 2019",0,TV-MA,International Movies,Taiwan,2,1,95.0
s6060,TV Show,2018,"August 30, 2019",1,TV-PG,British TV Shows,United Kingdom,3,1,1.0
s6061,Movie,2017,"November 29, 2019",2,TV-MA,Action & Adventure,Nigeria,3,1,104.0
s6062,Movie,2018,"July 1, 2019",1,TV-14,Documentaries,Canada,2,1,78.0
s6063,Movie,2015,"July 15, 2018",3,R,Dramas,United States,2,1,87.0
s6064,TV Show,2010,"September 18, 2017",7,TV-PG,International TV Shows,Unknown,2,0,2.0
s6065,Movie,2016,"May 10, 2017",1,TV-Y7,Children & Family Movies,Canada,1,1,88.0
s6067,TV Show,2018,"January 26, 2018",0,TV-Y7,Kids' TV,United States,2,1,6.0
s6068,Movie,2005,"December 2, 2020",15,PG,Children & Family Movies,United States,1,1,93.0
s6069,TV Show,1993,"April 18, 2018",25,TV-Y7,Kids' TV,United States,1,2,1.0
s6070,Movie,2011,"November 20, 2019",8,PG,Children & Family Movies,United States,1,3,107.0
s6071,Movie,2007,"April 1, 2018",11,TV-MA,Dramas,Argentina,3,1,99.0
s6072,Movie,2016,"October 28, 2016",0,TV-14,Comedies,France,3,1,94.0
s6073,Movie,2018,"August 24, 2018",0,TV-MA,Comedies,United States,2,1,90.0
s6074,Movie,2016,"January 1, 2018",2,TV-MA,Action & Adventure,South Korea,3,1,140.0
s6075,TV Show,2019,"June 15, 2019",0,TV-MA,Crime TV Shows,Spain,3,1,1.0
s6076,Movie,2014,"March 21, 2019",5,TV-14,Action & Adventure,Philippines,3,1,105.0
s6077,TV Show,2020,"September 18, 2020",0,TV-G,Reality TV,United States,1,1,1.0
s6078,TV Show,2013,"June 15, 2020",7,TV-G,Reality TV,United States,1,1,2.0
s6079,Movie,2019,"October 1, 2020",1,TV-PG,Comedies,Unknown,3,0,91.0
s6080,Movie,2018,"December 7, 2018",0,TV-MA,Documentaries,United States,1,1,98.0
s6081,Movie,1995,"January 1, 2021",26,PG-13,Comedies,United States,3,1,113.0
s6082,Movie,2005,"January 1, 2020",15,R,Horror Movies,United States,1,1,89.0
s6084,Movie,2018,"September 14, 2018",0,TV-MA,Dramas,Israel,3,2,114.0
s6085,Movie,2019,"February 27, 2020",1,PG,Children & Family Movies,Finland,2,2,97.0
s6086,Movie,2019,"March 11, 2020",1,TV-MA,Documentaries,United States,1,1,97.0
s6087,Movie,2010,"June 13, 2019",9,TV-14,Comedies,Egypt,3,1,108.0
s6089,Movie,2015,"May 10, 2017",2,TV-MA,Comedies,Spain,3,3,80.0
s6090,Movie,2019,"December 26, 2019",0,TV-MA,Dramas,Italy,3,1,79.0
s6091,Movie,2020,"November 20, 2020",0,TV-PG,Children & Family Movies,United States,2,1,64.0
s6092,Movie,2016,"February 26, 2020",4,TV-MA,Dramas,Nigeria,2,1,101.0
s6093,Movie,2017,"March 15, 2018",1,TV-MA,Dramas,Poland,2,1,115.0
s6094,Movie,2013,"December 8, 2018",5,R,Action & Adventure,Canada,3,2,90.0
s6095,Movie,2000,"July 1, 2020",20,R,Action & Adventure,United States,1,2,117.0
s6096,Movie,2011,"April 25, 2020",9,PG-13,Comedies,France,3,3,101.0
s6097,TV Show,2018,"March 6, 2019",1,TV-MA,Crime TV Shows,United States,3,1,1.0
s6098,Movie,2016,"March 15, 2020",4,R,Action & Adventure,France,1,3,95.0
s6099,Movie,2016,"December 30, 2018",2,R,Horror Movies,United Kingdom,3,2,86.0
s6100,Movie,2018,"October 25, 2019",1,TV-MA,Comedies,Switzerland,3,1,94.0
s6101,Movie,2016,"October 31, 2017",1,R,Documentaries,United States,1,1,76.0
s6102,TV Show,2020,"July 3, 2020",0,TV-G,Kids' TV,United States,2,1,1.0
s6103,Movie,2017,"October 13, 2017",0,TV-MA,Comedies,United States,2,1,85.0
s6104,Movie,2020,"September 10, 2020",0,TV-MA,Comedies,United States,2,1,102.0
s6105,TV Show,2009,"December 1, 2019",10,TV-14,Reality TV,Unknown,2,0,1.0
s6106,TV Show,2010,"December 1, 2020",10,TV-14,Reality TV,United States,2,1,1.0
s6107,Movie,2017,"February 21, 2018",1,TV-14,Dramas,United States,1,1,100.0
s6108,Movie,2016,"September 22, 2017",1,R,Dramas,United States,3,1,119.0
s6109,Movie,2015,"December 15, 2018",3,TV-MA,Comedies,United Kingdom,1,1,87.0
s6110,Movie,2016,"April 1, 2017",1,TV-MA,Documentaries,United States,1,1,101.0
s6111,Movie,2018,"November 16, 2018",0,R,Comedies,United States,2,1,133.0
s6112,Movie,2017,"February 7, 2020",3,R,Dramas,United States,1,1,112.0
s6113,Movie,2017,"September 24, 2017",0,TV-MA,Comedies,Spain,3,2,102.0
s6114,Movie,1993,"August 16, 2018",25,TV-14,Action & Adventure,Hong Kong,2,1,83.0
s6115,TV Show,2020,"September 11, 2020",0,TV-MA,International TV Shows,Spain,3,1,1.0
s6116,Movie,2018,"April 9, 2019",1,TV-MA,Horror Movies,United States,2,1,89.0
s6117,Movie,2014,"July 11, 2014",0,TV-MA,Documentaries,United States,2,1,80.0
s6118,Movie,1942,"March 31, 2017",75,TV-14,Classic Movies,United States,2,1,18.0
s6119,Movie,2004,"May 19, 2020",16,TV-14,Comedies,Egypt,2,1,112.0
s6120,Movie,2020,"November 27, 2020",0,TV-MA,Action & Adventure,Italy,2,1,100.0
s6121,Movie,2008,"July 21, 2019",11,TV-14,Action & Adventure,Hong Kong,2,1,110.0
s6122,TV Show,2012,"September 18, 2017",5,TV-MA,International TV Shows,Unknown,2,0,1.0
s6123,Movie,2016,"November 3, 2020",4,TV-PG,Documentaries,Unknown,2,0,96.0
s6124,Movie,2020,"November 13, 2020",0,TV-PG,Documentaries,Brazil,2,1,92.0
s6125,TV Show,2016,"November 11, 2016",0,TV-PG,Docuseries,Brazil,3,1,1.0
s6126,Movie,2016,"September 19, 2016",0,TV-MA,Stand-Up Comedy,Unknown,1,0,63.0
s6127,TV Show,2011,"February 1, 2019",8,TV-14,British TV Shows,United Kingdom,3,1,1.0
s6128,TV Show,2015,"February 1, 2019",4,TV-PG,British TV Shows,United Kingdom,2,1,1.0
s6129,TV Show,2018,"February 22, 2019",1,TV-PG,British TV Shows,United Kingdom,3,1,2.0
s6130,TV Show,2020,"May 18, 2020",0,TV-PG,British TV Shows,United Kingdom,3,1,1.0
s6131,TV Show,2020,"December 9, 2020",0,TV-G,Kids' TV,United States,2,1,2.0
s6132,Movie,2018,"December 31, 2018",0,TV-MA,Documentaries,United States,1,1,72.0
s6133,Movie,2020,"October 2, 2020",0,TV-MA,Horror Movies,Italy,3,1,93.0
s6134,Movie,2018,"October 1, 2018",0,TV-MA,Documentaries,Unknown,2,0,91.0
s6135,Movie,2018,"December 28, 2018",0,TV-14,Documentaries,Unknown,2,0,73.0
s6136,Movie,2017,"November 1, 2017",0,TV-MA,Action & Adventure,China,3,1,98.0
s6137,Movie,2019,"June 7, 2019",0,TV-MA,Documentaries,United States,2,1,118.0
s6138,Movie,2017,"October 3, 2018",1,PG-13,Dramas,United Kingdom,2,3,121.0
s6139,Movie,2016,"August 7, 2017",1,TV-MA,Horror Movies,United States,1,1,95.0
s6140,Movie,2015,"May 18, 2019",4,R,Horror Movies,Canada,3,2,95.0
s6141,TV Show,2019,"September 18, 2020",1,TV-14,Crime TV Shows,United States,3,1,7.0
s6142,Movie,1954,"June 18, 2020",66,TV-14,Classic Movies,Egypt,3,1,116.0
s6143,Movie,2016,"March 29, 2019",3,R,Dramas,United States,2,1,98.0
s6144,Movie,2018,"July 27, 2018",0,TV-14,Documentaries,Australia,1,2,101.0
s6145,Movie,2016,"August 1, 2017",1,TV-MA,Dramas,Chile,3,2,86.0
s6146,Movie,2019,"October 11, 2019",0,TV-14,Dramas,Nigeria,2,1,99.0
s6147,Movie,2013,"January 18, 2020",7,R,Dramas,United States,2,5,91.0
s6148,Movie,2019,"September 20, 2020",1,TV-14,Horror Movies,Egypt,3,1,130.0
s6149,TV Show,2001,"October 10, 2015",14,TV-G,British TV Shows,United Kingdom,3,1,1.0
s6150,Movie,2005,"August 2, 2018",13,TV-PG,Children & Family Movies,India,3,1,90.0
s6151,Movie,2019,"February 21, 2020",1,TV-14,International Movies,India,2,1,101.0
s6152,Movie,2019,"November 27, 2019",0,TV-MA,Dramas,Canada,2,2,106.0
s6153,Movie,2016,"August 1, 2017",1,TV-14,Documentaries,United States,1,1,59.0
s6154,TV Show,2011,"February 1, 2019",8,TV-MA,British TV Shows,United Kingdom,2,1,1.0
s6155,TV Show,2019,"December 26, 2019",0,TV-MA,International TV Shows,France,2,1,1.0
s6156,Movie,2010,"July 1, 2019",9,R,Action & Adventure,United States,2,1,118.0
s6157,Movie,2020,"October 1, 2020",0,TV-14,Comedies,Saudi Arabia,3,1,120.0
s6158,TV Show,2013,"February 1, 2014",1,TV-MA,TV Dramas,United States,1,4,3.0
s6159,TV Show,2020,"November 17, 2020",0,TV-Y7,Kids' TV,United States,2,1,4.0
s6160,Movie,2020,"September 1, 2020",0,TV-Y7,Children & Family Movies,United States,2,1,115.0
s6161,Movie,2015,"March 10, 2017",2,TV-MA,Dramas,France,3,1,98.0
s6162,TV Show,2019,"November 1, 2019",0,TV-MA,Reality TV,United States,1,1,2.0
s6163,Movie,2010,"October 1, 2019",9,PG-13,Action & Adventure,United States,3,1,111.0
s6164,Movie,2009,"June 1, 2019",10,PG-13,Sci-Fi & Fantasy,United States,2,1,116.0
s6165,Movie,2016,"June 1, 2020",4,PG-13,Horror Movies,United States,3,3,97.0
s6166,Movie,2008,"January 1, 2019",11,PG-13,Dramas,United Kingdom,3,2,95.0
s6167,Movie,2010,"November 2, 2019",9,TV-Y,Children & Family Movies,United States,2,2,86.0
s6168,Movie,2019,"March 1, 2019",0,TV-PG,Children & Family Movies,United Kingdom,3,2,114.0
s6169,Movie,2020,"September 30, 2020",0,R,Dramas,United States,2,1,122.0
s6170,Movie,2020,"September 30, 2020",0,TV-MA,Documentaries,United States,2,1,28.0
s6171,Movie,2019,"January 15, 2020",1,TV-MA,Action & Adventure,United States,2,1,103.0
s6172,Movie,2007,"November 1, 2019",12,R,Dramas,United States,2,1,122.0
s6173,Movie,2019,"May 18, 2019",0,TV-MA,Dramas,United States,3,1,95.0
s6174,Movie,2017,"February 20, 2018",1,PG-13,Children & Family Movies,Ireland,3,7,93.0
s6175,TV Show,2018,"February 9, 2019",1,TV-MA,Crime TV Shows,Belgium,3,1,2.0
s6176,TV Show,2018,"May 27, 2018",0,TV-MA,Stand-Up Comedy & Talk Shows,United States,2,1,1.0
s6177,Movie,2006,"July 16, 2019",13,PG-13,Comedies,United States,3,1,107.0
s6178,Movie,2018,"February 15, 2019",1,TV-MA,Comedies,New Zealand,3,1,82.0
s6179,Movie,2015,"February 27, 2019",4,TV-MA,Dramas,Philippines,3,1,118.0
s6180,TV Show,2017,"January 1, 2020",3,TV-14,International TV Shows,South Korea,3,1,1.0
s6181,Movie,2017,"September 1, 2019",2,TV-14,Dramas,Nigeria,3,1,119.0
s6182,Movie,2020,"August 27, 2020",0,TV-MA,Horror Movies,Taiwan,3,1,88.0
s6183,Movie,2017,"February 2, 2018",1,TV-14,Comedies,South Korea,3,1,102.0
s6184,Movie,2005,"July 1, 2019",14,PG-13,Action & Adventure,United States,2,3,119.0
s6185,Movie,2007,"October 1, 2019",12,PG-13,Comedies,United States,2,1,97.0
s6186,Movie,2013,"May 9, 2019",6,TV-MA,Comedies,Unknown,2,0,96.0
s6187,Movie,1983,"September 20, 2018",35,TV-14,Action & Adventure,Hong Kong,3,1,103.0
s6188,Movie,2018,"March 31, 2019",1,TV-14,Dramas,Ghana,3,2,81.0
s6189,TV Show,2020,"July 14, 2020",0,TV-MA,Docuseries,United States,1,1,1.0
s6190,Movie,2013,"March 10, 2017",4,TV-PG,Dramas,Turkey,3,1,118.0
s6191,Movie,2017,"April 1, 2019",2,PG-13,Horror Movies,United States,2,2,96.0
s6192,Movie,2019,"March 23, 2020",1,TV-MA,Independent Movies,United States,2,1,106.0
s6193,Movie,2016,"March 24, 2017",1,TV-14,Documentaries,United States,1,1,93.0
s6194,TV Show,2020,"October 13, 2020",0,TV-MA,Reality TV,United States,2,1,1.0
s6195,Movie,2017,"December 4, 2018",1,TV-14,Dramas,Israel,3,2,109.0
s6196,Movie,2020,"November 27, 2020",0,TV-MA,International Movies,South Korea,2,1,112.0
s6197,TV Show,2018,"April 1, 2019",1,TV-MA,International TV Shows,India,2,1,1.0
s6198,Movie,2014,"July 20, 2018",4,R,Dramas,Canada,2,1,112.0
s6199,Movie,1977,"June 1, 2020",43,PG,Cult Movies,United States,2,1,96.0
s6200,Movie,2019,"February 1, 2020",1,TV-MA,Action & Adventure,United States,3,1,89.0
s6201,Movie,2017,"May 1, 2018",1,TV-MA,Documentaries,United States,2,1,60.0
s6202,Movie,2017,"November 21, 2017",0,TV-PG,Dramas,United States,2,1,113.0
s6203,TV Show,2019,"June 21, 2019",0,TV-14,International TV Shows,New Zealand,2,1,2.0
s6204,TV Show,2014,"January 1, 2021",7,TV-Y,Kids' TV,Canada,1,3,1.0
s6205,Movie,2017,"June 13, 2019",2,TV-MA,Action & Adventure,Egypt,3,1,126.0
s6206,Movie,2016,"September 1, 2019",3,TV-14,Dramas,Nigeria,3,1,109.0
s6207,TV Show,2018,"April 17, 2018",0,TV-MA,Crime TV Shows,France,3,1,1.0
s6208,TV Show,2006,"December 15, 2020",14,TV-14,Reality TV,United States,1,1,2.0
s6209,TV Show,2019,"November 29, 2019",0,TV-14,International TV Shows,Unknown,3,0,1.0
s6210,Movie,2016,"February 4, 2017",1,R,Horror Movies,United States,2,1,93.0
s6211,TV Show,2015,"June 15, 2020",5,TV-PG,Reality TV,United States,1,1,2.0
s6212,TV Show,2020,"September 24, 2020",0,TV-MA,Docuseries,United States,1,1,4.0
s6213,TV Show,2017,"August 1, 2019",2,TV-14,International TV Shows,Australia,2,1,1.0
s6214,Movie,2010,"June 20, 2019",9,TV-MA,Dramas,Egypt,3,1,101.0
s6215,Movie,2016,"April 14, 2017",1,TV-14,Dramas,Spain,3,2,111.0
s6216,TV Show,2019,"December 6, 2019",0,TV-MA,International TV Shows,Brazil,3,1,2.0
s6217,Movie,2015,"May 8, 2016",1,TV-MA,Dramas,Mexico,3,2,107.0
s6218,Movie,2013,"November 1, 2019",6,PG,Dramas,United Kingdom,2,2,100.0
s6219,Movie,2018,"November 22, 2018",0,TV-PG,Children & Family Movies,United States,2,1,104.0
s6220,Movie,2020,"November 25, 2020",0,PG,Children & Family Movies,Canada,2,1,115.0
s6221,Movie,2016,"March 1, 2019",3,TV-PG,Children & Family Movies,United States,2,1,92.0
s6222,Movie,1965,"November 1, 2019",54,TV-14,Classic Movies,United States,2,1,103.0
s6223,TV Show,2020,"January 1, 2020",0,TV-MA,Reality TV,United States,1,2,1.0
s6224,TV Show,2020,"March 11, 2020",0,TV-MA,International TV Shows,Brazil,2,2,1.0
s6225,TV Show,2020,"April 9, 2020",0,TV-MA,International TV Shows,Unknown,2,0,1.0
s6226,Movie,2017,"May 1, 2018",1,R,Comedies,United States,3,1,90.0
s6227,Movie,2020,"July 10, 2020",0,TV-14,Documentaries,United States,1,1,17.0
s6228,Movie,2017,"December 29, 2017",0,TV-14,Action & Adventure,France,3,1,105.0
s6229,Movie,2018,"February 5, 2018",0,PG-13,Action & Adventure,United States,2,1,102.0
s6230,TV Show,2019,"November 15, 2019",0,TV-MA,Crime TV Shows,Mexico,3,1,1.0
s6231,TV Show,2011,"February 1, 2018",7,TV-PG,British TV Shows,United Kingdom,3,1,1.0
s6232,Movie,2019,"February 8, 2020",1,TV-MA,Dramas,Poland,3,2,103.0
s6233,TV Show,2018,"August 31, 2018",0,TV-MA,Stand-Up Comedy & Talk Shows,United States,2,1,2.0
s6234,Movie,2018,"October 19, 2019",1,PG-13,Dramas,France,3,6,118.0
s6235,Movie,2010,"July 28, 2018",8,R,Dramas,United States,2,1,105.0
s6236,Movie,2018,"July 23, 2019",1,TV-14,Comedies,United States,2,1,103.0
s6237,Movie,2018,"December 21, 2020",2,R,Comedies,United States,1,2,95.0
s6238,TV Show,2019,"December 6, 2019",0,TV-14,Crime TV Shows,United States,2,1,1.0
s6239,TV Show,2019,"June 21, 2019",0,TV-MA,Crime TV Shows,United States,2,1,2.0
s6240,Movie,2016,"February 6, 2019",3,PG-13,Comedies,Canada,3,1,101.0
s6241,TV Show,2018,"March 8, 2019",1,TV-PG,International TV Shows,Unknown,2,0,1.0
s6242,Movie,2013,"August 23, 2019",6,TV-MA,Dramas,Israel,3,7,123.0
s6243,Movie,2013,"January 8, 2018",5,R,Horror Movies,United States,2,1,112.0
s6244,Movie,2011,"April 25, 2019",8,TV-14,Comedies,Egypt,3,1,114.0
s6245,TV Show,2018,"August 1, 2018",0,TV-14,International TV Shows,Japan,3,1,1.0
s6246,Movie,1996,"January 1, 2020",24,R,Horror Movies,United States,2,1,101.0
s6248,Movie,2019,"January 1, 2021",2,TV-14,Documentaries,United States,1,1,53.0
s6249,TV Show,2020,"August 24, 2020",0,TV-MA,Docuseries,India,2,1,2.0
s6250,Movie,2015,"November 15, 2018",3,TV-MA,Action & Adventure,France,2,1,81.0
s6251,TV Show,2015,"November 26, 2019",4,TV-MA,Crime TV Shows,Poland,3,1,2.0
s6252,Movie,2020,"August 20, 2020",0,TV-14,Dramas,Argentina,2,1,100.0
s6253,Movie,2013,"July 29, 2019",6,PG,Children & Family Movies,United States,2,1,99.0
s6254,Movie,1994,"January 1, 2019",25,R,Action & Adventure,United States,3,1,102.0
s6255,TV Show,2020,"November 15, 2020",0,TV-MA,British TV Shows,United Kingdom,3,2,4.0
s6256,Movie,1970,"October 1, 2019",49,TV-PG,Comedies,Poland,3,1,66.0
s6257,Movie,1992,"January 1, 2020",28,R,Classic Movies,United Kingdom,3,3,112.0
s6258,Movie,2019,"September 14, 2019",0,TV-PG,Documentaries,United States,2,1,83.0
s6259,TV Show,2015,"December 8, 2016",1,TV-14,Docuseries,France,2,2,1.0
s6260,TV Show,2018,"October 12, 2018",0,TV-PG,TV Comedies,United States,2,1,1.0
s6261,TV Show,2016,"September 15, 2019",3,TV-PG,Docuseries,United States,2,1,1.0
s6262,Movie,2015,"April 2, 2017",2,R,Comedies,United Kingdom,1,2,101.0
s6263,Movie,2006,"December 1, 2020",14,PG-13,Thrillers,United States,1,4,149.0
s6264,Movie,2009,"January 1, 2018",9,TV-14,Dramas,India,2,1,99.0
s6265,Movie,2011,"December 8, 2018",7,TV-MA,Dramas,Indonesia,3,1,105.0
s6266,Movie,2015,"December 16, 2019",4,R,Dramas,United Kingdom,3,6,120.0
s6267,Movie,1982,"May 1, 2019",37,PG,Children & Family Movies,United States,1,2,93.0
s6268,TV Show,2019,"August 30, 2019",0,TV-PG,TV Action & Adventure,United Kingdom,3,2,1.0
s6269,Movie,2018,"December 31, 2019",1,TV-MA,Dramas,India,2,1,121.0
s6270,Movie,2016,"June 23, 2018",2,TV-MA,Action & Adventure,United Kingdom,3,1,75.0
s6271,Movie,2016,"June 16, 2020",4,PG-13,Horror Movies,United States,2,1,92.0
s6272,Movie,2015,"April 26, 2017",2,TV-MA,Dramas,Australia,1,1,95.0
s6273,Movie,2017,"March 4, 2019",2,TV-MA,Documentaries,Austria,2,2,100.0
s6274,TV Show,2017,"October 20, 2017",0,TV-MA,Crime TV Shows,United States,3,1,1.0
s6276,Movie,2020,"October 30, 2020",0,TV-MA,Horror Movies,Mexico,2,2,93.0
s6277,TV Show,2016,"June 1, 2017",1,TV-14,International TV Shows,Denmark,2,1,1.0
s6278,Movie,2010,"April 25, 2020",10,TV-14,Action & Adventure,Egypt,2,1,124.0
s6279,Movie,2017,"October 6, 2017",0,TV-MA,Documentaries,Greece,2,2,106.0
s6280,Movie,2005,"March 4, 2020",15,R,Dramas,Romania,2,1,154.0
s6281,Movie,2017,"April 3, 2020",3,R,Comedies,United Kingdom,3,5,107.0
s6282,Movie,2018,"September 3, 2018",0,TV-MA,Action & Adventure,United Kingdom,1,2,96.0
s6283,Movie,2020,"August 31, 2020",0,TV-MA,Action & Adventure,United States,1,1,97.0
s6284,Movie,2020,"March 27, 2020",0,TV-MA,Action & Adventure,Canada,2,1,83.0
s6285,TV Show,2019,"November 1, 2019",0,TV-Y7,Kids' TV,Canada,1,2,3.0
s6286,TV Show,2019,"May 12, 2019",0,TV-14,Crime TV Shows,China,3,2,1.0
s6287,TV Show,2019,"December 31, 2019",0,TV-MA,Stand-Up Comedy & Talk Shows,Unknown,2,0,2.0
s6288,Movie,2018,"May 14, 2020",2,TV-14,International Movies,Nigeria,2,1,67.0
s6289,Movie,2006,"January 1, 2021",15,R,Dramas,United States,2,2,151.0
s6290,Movie,2017,"November 8, 2018",1,TV-14,Dramas,Argentina,2,2,78.0
s6291,Movie,2017,"February 15, 2019",2,TV-14,Horror Movies,United States,2,1,85.0
s6292,Movie,2020,"September 16, 2020",0,R,Dramas,United States,2,1,139.0
s6293,Movie,2017,"July 23, 2018",1,TV-PG,Documentaries,Italy,2,2,69.0
s6294,Movie,2012,"November 20, 2019",7,R,Horror Movies,United States,2,1,84.0
s6295,TV Show,2013,"April 1, 2019",6,TV-14,Anime Series,Japan,1,1,1.0
s6296,TV Show,2019,"November 4, 2019",0,TV-MA,Crime TV Shows,United States,2,1,1.0
s6297,TV Show,2020,"October 26, 2020",0,TV-14,International TV Shows,Taiwan,3,1,1.0
s6298,Movie,2018,"January 15, 2019",1,TV-14,Documentaries,United States,1,1,88.0
s6299,Movie,2016,"May 15, 2017",1,TV-MA,Dramas,Czech Republic,2,2,110.0
s6300,Movie,2015,"August 1, 2018",3,TV-MA,Horror Movies,United States,3,1,86.0
s6301,Movie,2019,"March 22, 2019",0,TV-MA,Comedies,United States,3,1,108.0
s6302,TV Show,2019,"March 15, 2019",0,TV-14,Crime TV Shows,Unknown,2,0,1.0
s6303,Movie,2017,"June 1, 2020",3,R,Comedies,United States,2,1,104.0
s6304,TV Show,2018,"March 1, 2019",1,TV-14,Anime Series,Japan,3,1,3.0
s6305,TV Show,2019,"December 30, 2019",0,TV-14,Anime Series,Japan,2,1,1.0
s6306,Movie,2017,"March 31, 2017",0,TV-MA,Dramas,United States,3,1,102.0
s6307,Movie,2016,"September 1, 2017",1,TV-MA,Comedies,Argentina,3,2,113.0
s6308,Movie,2016,"May 27, 2016",0,TV-MA,Action & Adventure,United States,2,1,109.0
s6309,Movie,2016,"January 15, 2019",3,TV-MA,Horror Movies,Indonesia,2,1,106.0
s6310,Movie,2017,"January 15, 2019",2,TV-MA,Horror Movies,Indonesia,2,1,117.0
s6311,TV Show,2019,"November 22, 2019",0,TV-Y7,Kids' TV,United States,3,2,3.0
s6312,TV Show,2009,"October 1, 2017",8,TV-14,International TV Shows,Singapore,3,1,1.0
s6313,TV Show,2016,"June 1, 2017",1,TV-14,International TV Shows,Singapore,2,1,1.0
s6314,Movie,2009,"October 4, 2018",9,TV-PG,Dramas,Indonesia,2,1,121.0
s6315,Movie,2016,"September 1, 2017",1,TV-MA,Thrillers,United States,1,2,99.0
s6316,Movie,2018,"February 21, 2019",1,TV-MA,Dramas,South Korea,3,1,139.0
s6317,TV Show,2011,"August 24, 2018",7,TV-MA,International TV Shows,Canada,2,1,1.0
s6318,TV Show,2020,"September 11, 2020",0,TV-MA,British TV Shows,United Kingdom,3,1,1.0
s6319,Movie,2016,"June 2, 2019",3,R,Dramas,United States,1,1,110.0
s6320,Movie,2005,"January 1, 2020",15,PG-13,Action & Adventure,United States,2,1,104.0
s6321,Movie,2007,"January 1, 2020",13,R,Action & Adventure,United States,2,1,95.0
s6322,TV Show,2018,"March 25, 2019",1,TV-14,Crime TV Shows,Unknown,3,0,1.0
s6323,TV Show,2020,"May 8, 2020",0,TV-MA,International TV Shows,United Kingdom,2,4,1.0
s6324,Movie,2019,"June 19, 2019",0,TV-14,Documentaries,Brazil,2,1,122.0
s6325,Movie,2016,"February 1, 2019",3,R,Comedies,United States,2,2,105.0
s6326,Movie,2015,"August 31, 2017",2,TV-MA,Dramas,United Kingdom,2,2,96.0
s6327,TV Show,2016,"September 30, 2018",2,TV-PG,Docuseries,United States,1,1,1.0
s6328,Movie,1994,"June 19, 2020",26,TV-14,Dramas,Egypt,2,2,130.0
s6329,Movie,2019,"May 17, 2020",1,TV-MA,Action & Adventure,Kuwait,3,1,97.0
s6330,Movie,1997,"June 21, 2019",22,TV-MA,Action & Adventure,Japan,3,1,87.0
s6331,TV Show,2019,"November 5, 2019",0,TV-MA,British TV Shows,United Kingdom,3,1,2.0
s6332,Movie,2015,"July 26, 2018",3,R,Dramas,United States,2,1,106.0
s6333,Movie,2017,"September 19, 2018",1,TV-MA,Independent Movies,United States,3,1,112.0
s6334,Movie,2019,"November 6, 2020",1,TV-MA,Dramas,Spain,3,3,148.0
s6335,TV Show,2020,"March 20, 2020",0,TV-14,British TV Shows,United Kingdom,3,1,1.0
s6336,TV Show,2019,"July 19, 2019",0,TV-Y7,Kids' TV,United States,2,1,3.0
s6337,TV Show,2020,"July 10, 2020",0,TV-Y7,Kids' TV,United States,3,1,1.0
s6338,Movie,1981,"January 10, 2020",39,TV-MA,Classic Movies,United States,3,1,85.0
s6339,Movie,2016,"July 26, 2019",3,R,Dramas,United Kingdom,2,2,107.0
s6340,TV Show,2020,"December 9, 2020",0,TV-PG,Kids' TV,United States,3,1,3.0
s6341,Movie,2016,"April 6, 2017",1,R,Horror Movies,United States,2,1,76.0
s6342,Movie,2019,"July 1, 2020",1,TV-MA,Comedies,United States,1,1,103.0
s6343,Movie,2013,"June 1, 2020",7,R,Action & Adventure,France,2,3,112.0
s6344,TV Show,2010,"November 1, 2017",7,TV-MA,International TV Shows,Unknown,2,0,1.0
s6345,TV Show,2012,"March 31, 2017",5,TV-MA,British TV Shows,United Kingdom,3,1,1.0
s6346,Movie,2015,"June 1, 2016",1,TV-MA,Documentaries,United Kingdom,2,1,95.0
s6347,Movie,2018,"July 1, 2018",0,TV-MA,Comedies,United States,3,1,88.0
s6348,TV Show,2010,"September 1, 2016",6,TV-MA,International TV Shows,Taiwan,3,1,1.0
s6349,Movie,2010,"January 13, 2019",9,R,Dramas,United States,2,1,116.0
s6350,Movie,2009,"October 1, 2019",10,TV-14,Horror Movies,Nigeria,3,1,121.0
s6351,Movie,2009,"January 1, 2020",11,R,Horror Movies,United States,1,1,82.0
s6352,TV Show,2018,"November 20, 2018",0,TV-PG,Reality TV,United States,1,1,1.0
s6353,Movie,2015,"December 20, 2019",4,TV-MA,Dramas,Unknown,2,0,107.0
s6354,Movie,2014,"September 20, 2016",2,TV-14,Dramas,United States,2,3,87.0
s6355,Movie,2019,"December 3, 2019",0,TV-MA,Comedies,Brazil,2,1,46.0
s6356,Movie,1996,"November 20, 2019",23,PG,Comedies,United States,1,1,103.0
s6357,TV Show,2016,"September 15, 2017",1,TV-MA,British TV Shows,United Kingdom,3,1,1.0
s6358,Movie,1978,"July 31, 2018",40,R,Action & Adventure,Hong Kong,3,1,97.0
s6359,TV Show,2018,"December 14, 2018",0,TV-MA,TV Comedies,United States,1,1,1.0
s6360,TV Show,2019,"May 20, 2020",1,TV-14,Crime TV Shows,United States,3,1,6.0
s6361,Movie,1994,"October 1, 2019",25,PG,Children & Family Movies,United States,2,1,91.0
s6362,Movie,2000,"October 1, 2019",19,PG,Children & Family Movies,United States,3,1,91.0
s6363,Movie,2017,"April 6, 2020",3,R,Dramas,United States,2,1,111.0
s6364,Movie,1975,"July 28, 2018",43,TV-MA,Action & Adventure,Hong Kong,3,1,101.0
s6365,Movie,2008,"July 1, 2019",11,PG-13,Action & Adventure,United States,2,2,104.0
s6366,Movie,2017,"January 29, 2018",1,TV-MA,Documentaries,United States,1,1,92.0
s6367,Movie,2017,"February 14, 2020",3,R,Action & Adventure,United Kingdom,2,4,113.0
s6368,Movie,2016,"February 16, 2020",4,PG-13,Horror Movies,United States,2,1,93.0
s6369,Movie,2019,"October 11, 2019",0,TV-MA,Dramas,Japan,3,1,151.0
s6370,TV Show,2020,"April 30, 2020",0,TV-MA,Crime TV Shows,Japan,3,1,1.0
s6371,Movie,2014,"September 11, 2017",3,TV-MA,Horror Movies,United Kingdom,1,1,89.0
s6372,Movie,2020,"October 9, 2020",0,R,Comedies,United States,3,1,124.0
s6374,Movie,2016,"August 21, 2020",4,PG-13,Dramas,United States,1,2,115.0
s6375,TV Show,2017,"February 20, 2018",1,TV-MA,British TV Shows,United Kingdom,3,1,2.0
s6376,Movie,2016,"October 1, 2017",1,TV-PG,Documentaries,New Zealand,2,1,84.0
s6377,TV Show,2017,"January 1, 2018",1,TV-MA,Crime TV Shows,France,3,1,1.0
s6378,Movie,2013,"August 27, 2020",7,R,Dramas,United States,2,1,106.0
s6379,Movie,2016,"June 24, 2016",0,TV-MA,Comedies,United States,3,1,97.0
s6381,Movie,2016,"February 15, 2017",1,TV-MA,International Movies,Spain,2,1,92.0
s6382,TV Show,2007,"July 1, 2016",9,TV-PG,Docuseries,Norway,3,1,1.0
s6383,TV Show,2008,"August 15, 2020",12,TV-14,Romantic TV Shows,United States,3,1,3.0
s6384,Movie,2018,"October 16, 2019",1,TV-MA,Documentaries,United States,2,1,86.0
s6385,Movie,2013,"November 15, 2019",6,TV-14,Anime Features,Japan,3,1,46.0
s6386,TV Show,2018,"November 1, 2020",2,TV-Y,Kids' TV,France,2,2,4.0
s6387,Movie,2003,"December 8, 2018",15,TV-14,Comedies,Indonesia,3,1,124.0
s6388,Movie,2018,"January 31, 2019",1,TV-MA,Documentaries,United States,2,1,83.0
s6389,TV Show,2017,"April 7, 2017",0,TV-MA,TV Dramas,United States,1,1,2.0
s6390,Movie,2018,"February 14, 2020",2,TV-14,Comedies,Nigeria,2,1,100.0
s6391,TV Show,2020,"January 23, 2020",0,TV-14,International TV Shows,Taiwan,3,2,1.0
s6392,Movie,2019,"April 7, 2020",1,TV-MA,Dramas,United States,3,1,107.0
s6393,Movie,2017,"November 15, 2018",1,TV-14,Dramas,Spain,2,1,115.0
s6394,TV Show,2020,"September 10, 2020",0,TV-MA,International TV Shows,Turkey,3,1,2.0
s6395,Movie,2018,"August 21, 2019",1,TV-MA,International Movies,Philippines,2,1,104.0
s6396,Movie,2016,"November 24, 2017",1,TV-MA,Dramas,Spain,3,1,101.0
s6397,Movie,2011,"January 5, 2021",10,R,Dramas,United States,2,3,158.0
s6398,TV Show,2007,"November 1, 2017",10,TV-MA,International TV Shows,Unknown,2,0,1.0
s6399,TV Show,2016,"June 1, 2017",1,TV-G,Docuseries,India,2,1,1.0
s6400,Movie,2018,"June 26, 2019",1,TV-MA,Horror Movies,Israel,3,1,95.0
s6401,TV Show,2018,"August 30, 2019",1,TV-MA,Crime TV Shows,Colombia,3,1,1.0
s6402,Movie,2017,"January 24, 2018",1,PG-13,Comedies,United States,3,1,97.0
s6403,TV Show,2018,"September 21, 2018",0,TV-14,Crime TV Shows,United States,3,1,1.0
s6404,TV Show,2020,"November 1, 2020",0,TV-MA,Crime TV Shows,South Korea,3,1,1.0
s6405,Movie,2016,"December 5, 2016",0,TV-MA,Dramas,United States,3,1,97.0
s6406,TV Show,2020,"September 26, 2020",0,TV-14,TV Comedies,United States,1,1,4.0
s6407,Movie,2009,"November 20, 2019",10,R,Comedies,United States,1,1,89.0
s6408,TV Show,2020,"January 24, 2020",0,TV-MA,Reality TV,United States,1,1,1.0
s6409,Movie,2014,"October 20, 2018",4,TV-14,Dramas,United Kingdom,2,3,161.0
s6410,Movie,2015,"October 19, 2018",3,TV-14,Dramas,United States,2,3,205.0
s6411,Movie,2015,"October 19, 2018",3,TV-14,Dramas,Unknown,2,0,123.0
s6412,Movie,2014,"October 19, 2018",4,TV-14,Dramas,Unknown,2,0,190.0
s6413,TV Show,2016,"August 8, 2020",4,TV-14,International TV Shows,Nigeria,2,1,1.0
s6414,Movie,2013,"September 26, 2019",6,PG-13,Action & Adventure,Hong Kong,3,2,108.0
s6415,Movie,2018,"April 8, 2019",1,TV-MA,Action & Adventure,South Korea,3,1,136.0
s6416,TV Show,2020,"September 25, 2020",0,TV-14,British TV Shows,United Kingdom,2,1,8.0
s6417,TV Show,2020,"December 4, 2020",0,TV-14,British TV Shows,Unknown,2,0,3.0
s6418,TV Show,2018,"December 1, 2018",0,TV-PG,British TV Shows,United Kingdom,2,1,4.0
s6419,TV Show,2012,"November 1, 2018",6,TV-PG,British TV Shows,Unknown,2,0,1.0
s6420,Movie,1979,"December 31, 2019",40,TV-14,Action & Adventure,India,3,1,161.0
s6421,Movie,2019,"July 24, 2019",0,TV-MA,Documentaries,United States,1,1,114.0
s6422,TV Show,2020,"August 14, 2020",0,TV-MA,Crime TV Shows,Colombia,3,1,1.0
s6423,Movie,2011,"May 11, 2019",8,TV-14,Action & Adventure,Hong Kong,3,2,128.0
s6424,Movie,2005,"November 1, 2019",14,R,Action & Adventure,United States,2,2,133.0
s6425,TV Show,2013,"March 31, 2017",4,NR,British TV Shows,United Kingdom,3,1,1.0
s6426,Movie,2011,"April 18, 2020",9,PG-13,Action & Adventure,United States,2,1,119.0
s6427,Movie,2013,"November 16, 2019",6,R,Horror Movies,United States,2,2,101.0
s6428,Movie,2016,"September 1, 2017",1,TV-G,Children & Family Movies,China,2,1,86.0
s6429,Movie,2018,"August 10, 2018",0,TV-PG,Dramas,United Kingdom,2,3,124.0
s6430,TV Show,2018,"December 1, 2020",2,TV-14,International TV Shows,South Korea,3,1,1.0
s6431,TV Show,2013,"March 2, 2019",6,TV-MA,TV Comedies,United States,1,1,1.0
s6432,Movie,2020,"May 1, 2020",0,PG-13,Comedies,United States,3,1,105.0
s6433,Movie,2018,"December 1, 2020",2,R,Action & Adventure,United States,2,3,91.0
s6434,Movie,2019,"March 5, 2019",0,TV-MA,Action & Adventure,United States,1,1,94.0
s6435,Movie,2015,"October 25, 2017",2,R,Action & Adventure,United States,2,1,168.0
s6436,TV Show,2015,"April 25, 2019",4,R,TV Shows,Unknown,1,0,1.0
s6437,Movie,2020,"July 29, 2020",0,TV-MA,Dramas,Poland,3,1,136.0
s6438,Movie,2017,"December 11, 2017",0,R,Horror Movies,United States,1,1,94.0
s6439,TV Show,2013,"January 1, 2021",8,TV-G,Kids' TV,United States,3,1,2.0
s6440,TV Show,2020,"October 9, 2020",0,TV-MA,TV Dramas,United States,3,1,1.0
s6441,TV Show,2018,"October 12, 2018",0,TV-MA,TV Dramas,United States,3,1,1.0
s6442,Movie,2008,"October 4, 2018",10,PG-13,Horror Movies,United States,2,1,85.0
s6443,Movie,2017,"June 1, 2020",3,TV-14,Children & Family Movies,Spain,3,3,108.0
s6444,TV Show,2020,"January 13, 2020",0,TV-G,Kids' TV,Unknown,3,0,1.0
s6445,Movie,2020,"January 14, 2021",1,TV-14,Comedies,Indonesia,3,1,101.0
s6446,Movie,2007,"May 1, 2020",13,R,Comedies,United States,2,1,116.0
s6447,Movie,2018,"May 7, 2019",1,TV-MA,Documentaries,Canada,1,1,71.0
s6448,Movie,2011,"June 1, 2020",9,PG-13,Dramas,United States,1,1,147.0
s6449,Movie,2017,"September 4, 2019",2,TV-MA,Horror Movies,Canada,1,1,88.0
s6450,Movie,2015,"June 1, 2016",1,TV-MA,Dramas,Spain,2,1,99.0
s6451,Movie,2017,"February 26, 2018",1,TV-MA,Dramas,United States,2,1,96.0
s6452,Movie,2019,"March 29, 2019",0,R,Dramas,United States,1,1,132.0
s6453,Movie,2012,"December 23, 2020",8,TV-14,Action & Adventure,United States,3,1,85.0
s6454,TV Show,2019,"September 20, 2019",0,TV-MA,International TV Shows,Spain,3,1,1.0
s6455,Movie,2018,"November 2, 2018",0,TV-G,Dramas,United States,2,1,95.0
s6456,TV Show,2020,"December 1, 2020",0,TV-PG,Docuseries,United States,1,1,1.0
s6457,TV Show,2020,"May 8, 2020",0,TV-Y7,Kids' TV,Canada,2,1,2.0
s6458,Movie,2016,"March 16, 2017",1,R,Action & Adventure,United States,1,1,97.0
s6459,TV Show,2017,"October 23, 2018",1,TV-MA,Stand-Up Comedy & Talk Shows,United States,1,1,3.0
s6460,Movie,2005,"July 25, 2018",13,TV-14,Comedies,Thailand,3,1,92.0
s6461,TV Show,2015,"June 2, 2017",2,TV-PG,International TV Shows,Unknown,3,0,1.0
s6462,TV Show,2018,"April 17, 2018",0,TV-MA,Stand-Up Comedy & Talk Shows,United States,2,1,1.0
s6464,Movie,2017,"January 9, 2018",1,TV-MA,Horror Movies,India,3,1,135.0
s6465,TV Show,2020,"April 23, 2020",0,TV-MA,International TV Shows,Mexico,3,1,3.0
s6466,Movie,2019,"November 1, 2019",0,TV-MA,Movies,Unknown,1,0,36.0
s6467,Movie,2016,"June 30, 2017",1,TV-14,Documentaries,United States,1,1,79.0
s6468,TV Show,2015,"March 31, 2017",2,TV-PG,International TV Shows,India,2,1,3.0
s6469,Movie,2018,"October 22, 2020",2,TV-14,Dramas,Philippines,3,1,120.0
s6470,Movie,2013,"April 1, 2017",4,TV-PG,Documentaries,India,3,1,53.0
s6471,Movie,2017,"December 18, 2018",1,R,Action & Adventure,Canada,2,1,94.0
s6472,Movie,2018,"October 22, 2020",2,R,Dramas,Canada,2,2,111.0
s6473,Movie,2014,"January 31, 2019",5,PG,Comedies,United States,2,3,123.0
s6474,TV Show,2015,"May 14, 2017",2,TV-PG,British TV Shows,United Kingdom,3,1,1.0
s6475,Movie,2018,"September 26, 2018",0,PG-13,Action & Adventure,United Kingdom,1,2,103.0
s6476,Movie,2016,"February 1, 2017",1,PG-13,Documentaries,United States,2,1,111.0
s6477,TV Show,2019,"September 12, 2019",0,TV-MA,TV Action & Adventure,United States,3,1,1.0
s6478,TV Show,2021,"January 8, 2021",0,TV-14,Anime Series,Spain,3,1,2.0
s6479,TV Show,2020,"April 1, 2020",0,TV-MA,TV Comedies,United States,1,1,1.0
s6480,Movie,2009,"March 8, 2019",10,PG-13,Action & Adventure,United Kingdom,2,4,123.0
s6481,Movie,2012,"November 1, 2020",8,PG-13,Dramas,Spain,1,3,114.0
s6482,TV Show,2011,"August 1, 2017",6,TV-14,International TV Shows,Singapore,2,1,1.0
s6483,TV Show,2020,"January 10, 2020",0,TV-Y,Kids' TV,Australia,2,1,2.0
s6485,Movie,2014,"June 19, 2017",3,TV-MA,International Movies,Mexico,3,1,100.0
s6486,Movie,2017,"July 28, 2017",0,TV-MA,Comedies,United States,3,1,84.0
s6487,Movie,2018,"March 1, 2019",1,TV-G,Children & Family Movies,Denmark,1,1,75.0
s6488,Movie,2018,"January 30, 2019",1,PG,Children & Family Movies,United States,2,1,118.0
s6489,TV Show,2017,"December 19, 2017",0,TV-14,Crime TV Shows,Canada,3,3,1.0
s6490,Movie,1995,"November 1, 2020",25,PG,Children & Family Movies,United States,2,1,96.0
s6491,Movie,2019,"October 11, 2019",0,TV-MA,Horror Movies,Spain,2,2,102.0
s6492,Movie,2009,"August 1, 2018",9,R,Comedies,United States,2,1,108.0
s6493,TV Show,2018,"September 26, 2019",1,TV-MA,Crime TV Shows,Mexico,3,1,1.0
s6494,TV Show,2020,"April 15, 2020",0,TV-MA,Crime TV Shows,United States,2,1,1.0
s6495,TV Show,2018,"December 14, 2018",0,TV-MA,Crime TV Shows,United States,2,1,1.0
s6496,TV Show,2018,"August 24, 2018",0,TV-MA,British TV Shows,United Kingdom,3,1,1.0
s6497,Movie,2016,"May 15, 2017",1,TV-MA,Dramas,United Kingdom,3,1,99.0
s6498,Movie,2018,"February 21, 2019",1,TV-MA,Dramas,United Kingdom,2,1,103.0
s6499,Movie,2009,"April 25, 2020",11,TV-14,Dramas,Egypt,3,1,93.0
s6500,Movie,1998,"November 1, 2016",18,NR,Cult Movies,Australia,3,1,101.0
s6501,Movie,2011,"January 11, 2021",10,R,Comedies,France,3,1,112.0
s6502,Movie,2009,"January 1, 2020",11,PG-13,Comedies,United States,2,1,99.0
s6503,TV Show,2018,"March 5, 2020",2,TV-MA,British TV Shows,United Kingdom,3,1,2.0
s6504,Movie,2017,"August 3, 2017",0,TV-MA,International Movies,Spain,2,2,129.0
s6505,Movie,2016,"July 1, 2017",1,TV-14,International Movies,Spain,2,1,106.0
s6506,Movie,2015,"July 8, 2016",1,TV-MA,Horror Movies,United States,3,1,100.0
s6507,TV Show,2008,"December 1, 2016",8,TV-MA,Crime TV Shows,Unknown,2,0,1.0
s6508,Movie,2019,"November 27, 2019",0,R,Dramas,United States,1,1,209.0
s6509,Movie,2019,"December 5, 2019",0,TV-MA,Documentaries,United States,1,1,24.0
s6510,Movie,2011,"July 7, 2019",8,PG-13,Dramas,United Kingdom,2,2,105.0
s6511,TV Show,2014,"November 15, 2017",3,TV-14,Anime Series,Japan,3,1,1.0
s6512,Movie,2018,"November 29, 2019",1,TV-14,Dramas,Nigeria,3,1,93.0
s6513,TV Show,2013,"August 1, 2017",4,TV-MA,British TV Shows,United Kingdom,3,1,5.0
s6514,Movie,2016,"November 4, 2016",0,TV-14,Documentaries,Austria,1,1,112.0
s6515,Movie,2015,"January 2, 2018",3,TV-14,Documentaries,France,2,1,52.0
s6516,TV Show,2010,"December 1, 2017",7,TV-PG,Docuseries,United States,3,1,1.0
s6517,Movie,2007,"March 8, 2019",12,PG-13,Comedies,United States,3,1,106.0
s6518,TV Show,2018,"July 15, 2018",0,TV-MA,Stand-Up Comedy & Talk Shows,United States,2,1,2.0
s6519,Movie,2016,"November 7, 2017",1,R,Dramas,United States,1,1,123.0
s6520,TV Show,2018,"November 2, 2018",0,TV-MA,Crime TV Shows,Thailand,3,1,1.0
s6521,TV Show,2010,"May 11, 2019",9,TV-Y7,Kids' TV,India,1,3,1.0
s6522,Movie,2013,"October 30, 2018",5,TV-PG,Dramas,Indonesia,2,1,90.0
s6523,TV Show,2016,"October 1, 2019",3,TV-14,International TV Shows,South Korea,3,1,1.0
s6524,Movie,2010,"October 17, 2019",9,PG,Children & Family Movies,United States,2,2,140.0
s6525,TV Show,2017,"May 19, 2017",0,TV-MA,Crime TV Shows,United States,3,1,1.0
s6526,Movie,2017,"September 1, 2018",1,PG-13,Dramas,United States,2,1,95.0
s6527,Movie,2017,"November 10, 2017",0,TV-MA,Action & Adventure,Brazil,2,1,100.0
s6528,Movie,2017,"April 5, 2020",3,R,Dramas,Ireland,3,2,121.0
s6529,Movie,2018,"October 12, 2018",0,R,Dramas,United States,2,4,97.0
s6530,TV Show,2019,"May 1, 2019",0,TV-PG,Reality TV,Unknown,1,0,1.0
s6531,Movie,2019,"November 1, 2019",0,R,Dramas,United Kingdom,1,3,141.0
s6532,TV Show,2020,"April 18, 2020",0,TV-14,Crime TV Shows,South Korea,3,1,1.0
s6533,TV Show,2019,"August 16, 2019",0,TV-MA,International TV Shows,China,3,1,1.0
s6534,Movie,2010,"June 2, 2018",8,R,Dramas,United Kingdom,2,3,118.0
s6535,TV Show,2017,"February 15, 2019",2,TV-14,International TV Shows,Argentina,3,1,1.0
s6536,Movie,2018,"May 11, 2018",0,TV-14,Comedies,United Kingdom,2,2,105.0
s6537,Movie,2020,"July 24, 2020",0,TV-14,Comedies,United Kingdom,2,2,133.0
s6538,Movie,2003,"October 19, 2020",17,TV-MA,Dramas,Lebanon,3,2,76.0
s6539,Movie,2019,"November 21, 2019",0,TV-14,Children & Family Movies,United States,3,1,93.0
s6540,TV Show,2019,"October 25, 2019",0,TV-MA,TV Comedies,United States,2,1,2.0
s6542,TV Show,2017,"January 30, 2018",1,TV-MA,International TV Shows,South Korea,3,1,1.0
s6543,Movie,2006,"September 1, 2019",13,PG,Dramas,United States,3,1,98.0
s6544,Movie,2017,"June 4, 2018",1,PG,Children & Family Movies,United States,2,1,86.0
s6545,Movie,1970,"June 18, 2020",50,TV-MA,Classic Movies,Egypt,3,1,130.0
s6546,Movie,2012,"November 22, 2016",4,TV-14,Dramas,India,3,1,113.0
s6547,TV Show,2018,"March 13, 2019",1,TV-14,International TV Shows,Egypt,3,1,1.0
s6548,Movie,2018,"September 14, 2018",0,TV-MA,Comedies,United States,3,1,98.0
s6549,Movie,2016,"January 1, 2017",1,TV-MA,Documentaries,Belgium,2,5,84.0
s6550,Movie,2020,"July 23, 2020",0,TV-Y7,Children & Family Movies,South Korea,2,1,91.0
s6551,Movie,2010,"April 8, 2020",10,PG,Action & Adventure,United States,3,1,104.0
s6552,Movie,2019,"March 3, 2020",1,TV-14,Dramas,India,3,1,133.0
s6553,Movie,1991,"November 1, 2019",28,R,Action & Adventure,United States,2,1,105.0
s6554,TV Show,2019,"July 3, 2019",0,TV-MA,Docuseries,United States,2,1,1.0
s6555,TV Show,2020,"July 19, 2020",0,TV-MA,Docuseries,United States,1,1,1.0
s6556,Movie,2020,"June 5, 2020",0,TV-MA,Action & Adventure,United States,3,1,149.0
s6557,Movie,1992,"November 1, 2016",24,R,Classic Movies,Australia,2,1,93.0
s6558,Movie,2010,"September 1, 2019",9,PG-13,Horror Movies,France,3,2,88.0
s6559,Movie,2016,"January 13, 2020",4,R,Dramas,United States,1,1,131.0
s6560,Movie,2018,"December 21, 2018",0,TV-MA,Comedies,Brazil,2,1,44.0
s6561,Movie,2017,"June 15, 2018",1,TV-MA,Dramas,Chile,2,2,119.0
s6562,TV Show,2020,"October 16, 2020",0,TV-Y7,Kids' TV,United States,2,1,3.0
s6563,TV Show,2020,"April 26, 2020",0,TV-MA,British TV Shows,United Kingdom,3,1,4.0
s6564,Movie,2019,"January 11, 2019",0,TV-MA,Comedies,United States,2,1,99.0
s6565,Movie,2014,"May 26, 2016",2,TV-PG,Documentaries,United Kingdom,1,1,96.0
s6566,TV Show,2019,"December 4, 2019",0,TV-MA,TV Comedies,United States,1,1,2.0
s6567,TV Show,2017,"February 7, 2019",2,TV-MA,International TV Shows,Egypt,2,1,1.0
s6568,Movie,2018,"April 21, 2019",1,TV-14,Documentaries,United States,1,1,70.0
s6569,Movie,2018,"March 1, 2019",1,TV-MA,Action & Adventure,Paraguay,2,2,107.0
s6570,Movie,2016,"September 1, 2017",1,TV-14,Documentaries,United Kingdom,2,5,83.0
s6571,Movie,2019,"May 3, 2019",0,TV-14,Comedies,United States,2,1,110.0
s6572,Movie,2020,"February 21, 2020",0,R,Dramas,United States,2,1,116.0
s6573,Movie,2019,"October 26, 2019",0,PG,Dramas,United States,2,1,88.0
s6574,TV Show,2020,"September 17, 2020",0,TV-MA,International TV Shows,Germany,3,1,1.0
s6575,Movie,2016,"November 6, 2020",4,R,Comedies,United States,1,1,95.0
s6576,Movie,2019,"October 18, 2019",0,R,Comedies,United States,2,1,96.0
s6577,Movie,2018,"August 31, 2018",0,TV-MA,Comedies,Spain,3,1,101.0
s6578,TV Show,2020,"March 27, 2020",0,TV-MA,Docuseries,Unknown,3,0,1.0
s6579,Movie,2018,"July 6, 2018",0,TV-14,Action & Adventure,United States,3,1,83.0
s6580,Movie,2019,"April 17, 2020",1,TV-MA,International Movies,Spain,2,2,121.0
s6581,Movie,2017,"December 1, 2017",0,TV-MA,Documentaries,United States,1,1,87.0
s6582,Movie,2002,"October 12, 2020",18,TV-14,Dramas,India,2,1,156.0
s6583,TV Show,2008,"July 7, 2017",9,TV-14,International TV Shows,China,3,1,1.0
s6584,Movie,2019,"March 29, 2019",0,TV-MA,Documentaries,United States,1,1,87.0
s6585,TV Show,2014,"August 14, 2020",6,TV-Y7,Kids' TV,United States,3,1,4.0
s6586,Movie,2016,"April 1, 2019",3,TV-14,Comedies,India,3,1,118.0
s6587,TV Show,2019,"July 5, 2019",0,TV-14,International TV Shows,China,3,1,1.0
s6588,TV Show,2019,"July 31, 2019",0,TV-MA,International TV Shows,Australia,3,1,2.0
s6589,TV Show,2020,"March 20, 2020",0,TV-PG,British TV Shows,United Kingdom,3,1,1.0
s6590,Movie,2019,"July 23, 2020",1,TV-PG,Dramas,South Africa,2,1,30.0
s6591,TV Show,2013,"October 21, 2017",4,TV-14,Crime TV Shows,Unknown,3,0,1.0
s6592,TV Show,2017,"October 1, 2019",2,TV-PG,International TV Shows,South Korea,3,1,1.0
s6593,TV Show,2020,"November 11, 2020",0,TV-MA,TV Action & Adventure,United States,2,1,1.0
s6594,TV Show,2019,"October 13, 2019",0,TV-14,Crime TV Shows,South Korea,3,1,1.0
s6595,Movie,2020,"November 13, 2020",0,PG-13,Dramas,Italy,2,1,95.0
s6596,Movie,2020,"April 27, 2020",0,TV-MA,Dramas,India,3,1,107.0
s6597,Movie,2010,"June 5, 2020",10,TV-MA,Dramas,Unknown,3,0,96.0
s6598,Movie,2016,"April 7, 2017",1,TV-MA,Dramas,Spain,3,2,110.0
s6599,Movie,2016,"October 1, 2017",1,TV-14,Dramas,Norway,2,2,118.0
s6600,Movie,2017,"December 23, 2018",1,R,Comedies,Canada,2,2,89.0
s6601,Movie,2018,"December 1, 2018",0,PG,Children & Family Movies,United States,2,1,85.0
s6602,TV Show,2009,"November 1, 2017",8,TV-14,International TV Shows,Unknown,2,0,1.0
s6603,Movie,2015,"November 6, 2020",5,PG,Children & Family Movies,France,1,5,107.0
s6604,Movie,2019,"August 16, 2019",0,TV-MA,Comedies,Spain,2,1,86.0
s6605,Movie,2017,"April 1, 2020",3,TV-G,Children & Family Movies,Netherlands,1,4,83.0
s6606,Movie,1982,"October 19, 2020",38,TV-14,Dramas,France,2,2,108.0
s6607,Movie,2006,"March 15, 2019",13,R,Dramas,Germany,3,1,138.0
s6608,TV Show,2015,"February 1, 2016",1,TV-14,Crime TV Shows,United States,3,1,1.0
s6609,Movie,2015,"December 2, 2018",3,R,Comedies,Ireland,3,5,119.0
s6610,Movie,2017,"August 23, 2018",1,R,Horror Movies,Ireland,2,1,93.0
s6611,Movie,2019,"May 23, 2019",0,TV-MA,Comedies,Unknown,3,0,30.0
s6612,Movie,2018,"July 8, 2020",2,R,Comedies,United States,2,1,91.0
s6613,Movie,2019,"June 23, 2019",0,TV-PG,Documentaries,United States,2,1,87.0
s6614,Movie,1974,"November 20, 2019",45,R,Classic Movies,United States,3,1,121.0
s6615,Movie,2008,"January 30, 2019",11,PG,Comedies,United States,3,1,95.0
s6616,Movie,2014,"February 26, 2016",2,PG-13,Documentaries,Denmark,2,10,103.0
s6617,Movie,2003,"January 1, 2020",17,PG-13,Action & Adventure,New Zealand,2,2,201.0
s6618,Movie,2002,"January 1, 2020",18,PG-13,Action & Adventure,New Zealand,2,2,179.0
s6619,Movie,2017,"September 1, 2017",0,TV-MA,Dramas,Argentina,2,4,113.0
s6620,Movie,2020,"August 10, 2020",0,PG-13,Dramas,United States,2,1,110.0
s6621,Movie,2019,"September 4, 2020",1,TV-MA,Comedies,Nigeria,3,1,94.0
s6622,Movie,2015,"March 7, 2019",4,TV-MA,Dramas,Philippines,3,1,127.0
s6623,Movie,2008,"November 20, 2019",11,PG-13,Comedies,United Kingdom,2,3,87.0
s6624,Movie,2020,"May 22, 2020",0,R,Action & Adventure,United States,3,1,87.0
s6625,Movie,2017,"November 5, 2019",2,R,Comedies,United States,3,1,98.0
s6626,Movie,2016,"February 23, 2017",1,TV-14,Documentaries,United Kingdom,2,1,98.0
s6627,Movie,1982,"October 1, 2019",37,TV-14,Dramas,Poland,2,1,82.0
s6628,Movie,1993,"August 16, 2018",25,TV-14,Comedies,Hong Kong,3,1,85.0
s6629,Movie,2017,"April 24, 2018",1,TV-PG,Documentaries,United States,1,4,90.0
s6630,TV Show,1997,"November 19, 2014",17,TV-Y,Kids' TV,Canada,1,2,4.0
s6631,TV Show,2018,"April 13, 2018",0,TV-Y,Kids' TV,United States,1,1,2.0
s6632,Movie,2020,"December 26, 2020",0,TV-Y,Children & Family Movies,Canada,1,1,46.0
s6633,Movie,2020,"August 7, 2020",0,TV-Y,Children & Family Movies,United States,1,1,46.0
s6634,Movie,2020,"October 20, 2020",0,TV-Y,Children & Family Movies,Canada,1,1,46.0
s6635,TV Show,2020,"January 15, 2021",1,TV-MA,TV Dramas,United States,2,2,5.0
s6636,Movie,2020,"April 10, 2020",0,TV-G,Children & Family Movies,United States,3,1,103.0
s6637,TV Show,2012,"January 28, 2016",4,TV-PG,British TV Shows,United Kingdom,3,6,1.0
s6638,Movie,2018,"May 22, 2019",1,TV-14,Action & Adventure,India,3,1,137.0
s6639,Movie,2009,"January 12, 2018",9,TV-14,Documentaries,United States,2,1,68.0
s6640,Movie,2019,"November 1, 2019",0,TV-MA,Dramas,Italy,2,2,107.0
s6641,Movie,2017,"July 28, 2018",1,TV-MA,Comedies,France,3,2,100.0
s6642,TV Show,2017,"November 24, 2017",0,TV-14,International TV Shows,Japan,3,1,1.0
s6643,Movie,1981,"May 21, 2020",39,TV-14,Comedies,Egypt,3,1,195.0
s6644,Movie,2017,"May 5, 2017",0,TV-PG,Children & Family Movies,United States,2,1,98.0
s6645,Movie,1998,"January 1, 2020",22,PG-13,Action & Adventure,United States,2,3,138.0
s6646,Movie,2015,"November 2, 2019",4,TV-Y,Children & Family Movies,United States,2,1,40.0
s6647,Movie,2012,"January 14, 2020",8,R,Dramas,United States,2,1,137.0
s6648,Movie,2020,"September 1, 2020",0,TV-MA,Dramas,Italy,3,1,97.0
s6649,Movie,1999,"November 1, 2019",20,R,Action & Adventure,United States,2,1,136.0
s6650,Movie,2003,"November 1, 2019",16,R,Action & Adventure,United States,2,1,138.0
s6651,Movie,2003,"November 1, 2019",16,R,Action & Adventure,United States,2,1,129.0
s6652,Movie,2017,"June 30, 2018",1,TV-MA,Horror Movies,Spain,3,1,90.0
s6653,Movie,2018,"April 19, 2019",1,TV-14,Documentaries,United States,1,1,116.0
s6654,Movie,2017,"September 30, 2017",0,TV-MA,Dramas,South Korea,2,1,130.0
s6655,Movie,2013,"October 2, 2018",5,TV-MA,Documentaries,United Kingdom,1,1,60.0
s6656,TV Show,2019,"May 10, 2019",0,TV-MA,Crime TV Shows,Brazil,3,1,2.0
s6657,Movie,2015,"February 15, 2017",2,TV-MA,Dramas,Chile,2,4,88.0
s6658,Movie,1944,"March 31, 2017",73,TV-PG,Classic Movies,United States,2,1,40.0
s6659,Movie,2009,"June 4, 2019",10,R,Comedies,United States,1,2,94.0
s6660,TV Show,2020,"December 11, 2020",0,TV-MA,International TV Shows,Spain,3,1,1.0
s6661,TV Show,2015,"April 17, 2016",1,TV-14,TV Dramas,United States,3,1,1.0
s6662,TV Show,2015,"November 15, 2017",2,TV-MA,Crime TV Shows,Russia,3,1,1.0
s6663,Movie,2017,"October 13, 2017",0,TV-MA,Comedies,United States,3,1,113.0
s6664,Movie,2013,"July 21, 2019",6,TV-14,Comedies,Hong Kong,2,1,98.0
s6665,TV Show,2020,"April 20, 2020",0,TV-MA,TV Comedies,United States,1,1,1.0
s6666,Movie,2020,"December 23, 2020",0,PG-13,Dramas,United States,1,1,119.0
s6667,Movie,2017,"July 12, 2019",2,TV-14,Documentaries,Germany,2,2,91.0
s6668,Movie,2019,"July 17, 2020",1,TV-MA,Comedies,Nigeria,2,1,95.0
s6670,TV Show,2019,"September 12, 2019",0,TV-14,Docuseries,United States,2,1,1.0
s6671,Movie,2021,"January 1, 2021",0,TV-14,Documentaries,United States,1,1,54.0
s6673,TV Show,2020,"November 13, 2020",0,TV-MA,Crime TV Shows,Spain,3,1,1.0
s6675,TV Show,2016,"April 10, 2017",1,TV-14,International TV Shows,South Korea,3,1,1.0
s6676,TV Show,2018,"March 25, 2020",2,TV-MA,Crime TV Shows,Poland,3,1,1.0
s6677,Movie,2011,"June 30, 2020",9,TV-14,Action & Adventure,United Kingdom,3,2,86.0
s6678,TV Show,2016,"May 8, 2019",3,TV-PG,International TV Shows,Unknown,2,0,1.0
s6679,TV Show,2017,"October 24, 2017",0,TV-MA,TV Dramas,Canada,3,2,1.0
s6680,Movie,2012,"February 27, 2019",7,TV-MA,Dramas,Philippines,3,1,132.0
s6681,Movie,2017,"June 1, 2017",0,TV-PG,Documentaries,United Kingdom,1,1,44.0
s6682,Movie,2016,"December 6, 2016",0,TV-MA,Dramas,Denmark,3,1,104.0
s6683,Movie,2016,"January 9, 2019",3,R,Horror Movies,United States,2,2,91.0
s6684,Movie,2015,"December 15, 2015",0,TV-MA,Dramas,New Zealand,1,1,70.0
s6685,TV Show,2018,"February 14, 2018",0,TV-MA,Docuseries,United States,1,1,1.0
s6686,Movie,2018,"September 7, 2018",0,TV-MA,Dramas,Belgium,3,3,102.0
s6687,TV Show,2017,"July 20, 2017",0,TV-MA,International TV Shows,Sweden,3,1,1.0
s6688,Movie,2017,"March 24, 2017",0,TV-MA,Dramas,United States,1,1,93.0
s6689,Movie,2018,"August 9, 2018",0,TV-PG,Documentaries,United States,1,1,92.0
s6690,Movie,2017,"August 17, 2018",1,TV-MA,Comedies,Spain,3,2,114.0
s6691,TV Show,2019,"November 29, 2019",0,TV-MA,Docuseries,United States,1,1,1.0
s6692,TV Show,2017,"April 21, 2017",0,TV-Y7,Kids' TV,United States,2,1,4.0
s6693,Movie,2011,"September 1, 2020",9,PG,Children & Family Movies,United States,2,1,104.0
s6694,TV Show,2015,"March 31, 2017",2,TV-MA,British TV Shows,United Kingdom,3,1,1.0
s6695,Movie,2017,"July 1, 2018",1,TV-PG,Dramas,Italy,3,1,115.0
s6696,TV Show,2019,"August 8, 2019",0,TV-MA,International TV Shows,Japan,2,1,1.0
s6697,Movie,1991,"January 1, 2020",29,PG-13,Comedies,Unknown,1,0,85.0
s6698,Movie,1988,"January 1, 2021",33,PG-13,Comedies,United States,2,1,85.0
s6699,Movie,1984,"January 1, 2020",36,PG,Classic Movies,United States,3,1,138.0
s6700,Movie,1944,"March 31, 2017",73,TV-14,Classic Movies,United States,2,1,40.0
s6701,TV Show,2019,"December 31, 2019",0,TV-MA,International TV Shows,Spain,3,1,1.0
s6702,TV Show,2021,"January 2, 2021",0,TV-MA,Stand-Up Comedy & Talk Shows,United States,2,1,1.0
s6703,Movie,2020,"December 13, 2020",0,TV-MA,Comedies,United States,1,1,59.0
s6704,TV Show,2020,"August 7, 2020",0,TV-PG,Kids' TV,Australia,3,2,2.0
s6705,Movie,2018,"April 15, 2019",1,TV-MA,Comedies,Canada,3,1,82.0
s6706,Movie,1994,"November 1, 2020",26,PG,Action & Adventure,United States,3,1,107.0
s6707,Movie,2016,"May 1, 2017",1,TV-MA,Dramas,Spain,2,2,104.0
s6708,TV Show,2018,"August 1, 2020",2,TV-G,Kids' TV,Canada,3,1,1.0
s6709,Movie,2020,"June 6, 2020",0,R,Dramas,United States,2,1,90.0
s6710,Movie,2018,"October 19, 2018",0,TV-MA,Action & Adventure,Indonesia,2,2,121.0
s6711,TV Show,2017,"June 7, 2018",1,TV-14,TV Dramas,United States,1,1,4.0
s6712,TV Show,2017,"September 30, 2018",1,TV-14,Docuseries,United States,1,1,1.0
s6713,Movie,2016,"December 28, 2016",0,TV-14,Documentaries,Germany,2,1,90.0
s6714,Movie,2014,"June 18, 2020",6,PG,Children & Family Movies,Canada,2,3,85.0
s6715,Movie,2018,"May 28, 2019",1,PG,Children & Family Movies,United States,1,1,99.0
s6716,TV Show,2019,"March 22, 2019",0,TV-MA,TV Dramas,United States,3,1,2.0
s6717,TV Show,2011,"July 1, 2017",6,TV-14,International TV Shows,Singapore,3,1,1.0
s6718,Movie,2020,"March 25, 2020",0,TV-MA,Independent Movies,Spain,3,1,104.0
s6720,Movie,2020,"July 10, 2020",0,R,Action & Adventure,United States,1,1,126.0
s6721,Movie,2007,"November 1, 2019",12,TV-MA,Documentaries,Mexico,2,1,97.0
s6722,TV Show,2018,"January 14, 2020",2,TV-Y,Kids' TV,France,1,1,1.0
s6723,Movie,2014,"May 30, 2019",5,R,Comedies,United States,3,1,91.0
s6724,Movie,2008,"February 27, 2019",11,TV-PG,Comedies,Philippines,2,1,106.0
s6725,Movie,2018,"January 19, 2018",0,TV-MA,Horror Movies,Canada,2,2,95.0
s6726,TV Show,2020,"June 18, 2020",0,TV-MA,International TV Shows,United States,3,1,2.0
s6727,Movie,2000,"January 1, 2020",20,R,Stand-Up Comedy,United States,1,1,111.0
s6728,TV Show,2018,"August 9, 2018",0,TV-14,TV Dramas,United States,3,1,5.0
s6729,Movie,1999,"May 29, 2020",21,TV-MA,Dramas,France,3,2,106.0
s6730,Movie,2010,"February 1, 2020",10,PG-13,Action & Adventure,United States,2,1,108.0
s6731,Movie,2015,"May 22, 2015",0,TV-14,Documentaries,United States,2,1,84.0
s6732,Movie,2018,"November 2, 2018",0,R,Classic Movies,France,3,3,122.0
s6733,Movie,2017,"August 1, 2020",3,R,Dramas,Turkey,2,2,111.0
s6734,Movie,2017,"August 14, 2017",0,TV-14,Comedies,United States,1,1,94.0
s6735,Movie,2020,"October 1, 2020",0,R,Action & Adventure,United States,2,2,123.0
s6736,Movie,2019,"September 15, 2019",0,TV-MA,Movies,United States,1,1,86.0
s6737,TV Show,2004,"April 30, 2019",15,TV-MA,Crime TV Shows,Taiwan,3,1,1.0
s6738,Movie,2018,"August 10, 2018",0,TV-MA,Comedies,United States,1,1,95.0
s6739,Movie,2019,"December 10, 2020",1,TV-MA,Comedies,Philippines,3,1,108.0
s6740,TV Show,2018,"January 1, 2019",1,TV-MA,International TV Shows,Croatia,2,1,2.0
s6741,Movie,2020,"September 16, 2020",0,TV-MA,Dramas,Spain,3,1,94.0
s6742,TV Show,2003,"October 1, 2020",17,TV-PG,TV Comedies,United States,1,1,5.0
s6743,Movie,2001,"August 1, 2018",17,R,Action & Adventure,United Kingdom,2,1,94.0
s6744,Movie,2016,"January 1, 2019",3,NR,Dramas,United Kingdom,3,1,87.0
s6745,Movie,1997,"January 1, 2020",23,R,Action & Adventure,United States,1,1,124.0
s6746,Movie,1993,"November 1, 2019",26,PG-13,Dramas,United States,2,1,141.0
s6747,Movie,2019,"April 12, 2019",0,TV-14,Comedies,United States,2,1,91.0
s6748,Movie,2018,"September 1, 2018",0,TV-14,Documentaries,Unknown,3,0,93.0
s6749,Movie,2014,"June 1, 2015",1,TV-MA,Comedies,Mexico,3,1,143.0
s6750,TV Show,2017,"January 25, 2019",2,TV-14,International TV Shows,Unknown,3,0,1.0
s6751,Movie,2019,"July 3, 2020",1,TV-MA,Comedies,Ghana,3,1,148.0
s6752,Movie,2019,"May 24, 2019",0,TV-MA,Horror Movies,United States,3,1,91.0
s6753,Movie,2012,"April 1, 2020",8,PG-13,Comedies,United States,2,1,103.0
s6754,Movie,2004,"June 1, 2019",15,PG-13,Dramas,United Kingdom,3,2,141.0
s6755,TV Show,2020,"February 5, 2020",0,TV-MA,Crime TV Shows,United States,2,1,1.0
s6756,Movie,2018,"February 23, 2019",1,TV-MA,Dramas,Spain,2,1,110.0
s6757,Movie,2013,"July 15, 2015",2,R,Action & Adventure,Germany,3,1,155.0
s6758,Movie,2006,"July 1, 2019",13,PG,Children & Family Movies,United States,2,2,93.0
s6759,Movie,2014,"June 15, 2014",0,G,Children & Family Movies,United States,1,1,78.0
s6760,Movie,2017,"March 1, 2018",1,R,Dramas,Somalia,1,5,118.0
s6761,Movie,2012,"October 1, 2020",8,PG,Children & Family Movies,United Kingdom,2,2,88.0
s6762,Movie,2007,"November 18, 2018",11,G,Documentaries,United States,1,1,89.0
s6763,Movie,2012,"May 16, 2017",5,R,Dramas,United States,2,1,140.0
s6764,Movie,2018,"April 22, 2020",2,TV-MA,International Movies,Poland,2,1,94.0
s6765,Movie,2015,"March 1, 2018",3,TV-MA,Dramas,India,3,1,124.0
s6766,TV Show,2020,"September 3, 2020",0,TV-14,International TV Shows,United Arab Emirates,2,1,1.0
s6767,TV Show,2020,"September 22, 2020",0,TV-MA,Docuseries,United States,1,1,1.0
s6768,Movie,2012,"June 20, 2019",7,TV-MA,Comedies,Egypt,2,1,110.0
s6769,Movie,2020,"July 15, 2020",0,TV-MA,Comedies,Italy,2,1,89.0
s6770,Movie,2004,"January 1, 2021",17,G,Children & Family Movies,United States,1,1,100.0
s6771,TV Show,2020,"June 19, 2020",0,TV-MA,TV Comedies,United States,3,1,2.0
s6772,Movie,2018,"January 12, 2018",0,TV-14,Comedies,United States,2,1,94.0
s6773,Movie,2017,"August 24, 2018",1,TV-14,Documentaries,Canada,1,2,96.0
s6774,Movie,2004,"October 1, 2017",13,TV-MA,Comedies,South Korea,3,1,116.0
s6775,Movie,2017,"April 30, 2018",1,TV-MA,Dramas,France,2,1,92.0
s6776,Movie,2014,"February 22, 2019",5,R,Action & Adventure,United States,1,2,91.0
s6777,Movie,2004,"October 1, 2020",16,PG,Comedies,United States,2,2,111.0
s6778,TV Show,2019,"December 4, 2019",0,TV-PG,International TV Shows,China,3,1,1.0
s6779,TV Show,2005,"August 1, 2016",11,TV-14,International TV Shows,Taiwan,3,1,1.0
s6780,Movie,2009,"July 16, 2019",10,G,Children & Family Movies,United States,1,1,98.0
s6781,Movie,2018,"November 16, 2018",0,TV-G,Children & Family Movies,United States,3,1,102.0
s6782,Movie,2020,"November 19, 2020",0,TV-G,Children & Family Movies,United States,3,1,97.0
s6783,TV Show,2016,"May 10, 2019",3,TV-14,International TV Shows,China,3,1,1.0
s6784,Movie,2017,"November 18, 2017",0,TV-MA,Action & Adventure,South Korea,3,1,125.0
s6785,Movie,2019,"December 15, 2020",1,TV-14,Dramas,Ireland,2,8,125.0
s6786,Movie,2020,"December 11, 2020",0,PG-13,Comedies,United States,3,1,132.0
s6787,Movie,2016,"August 9, 2020",4,PG-13,Dramas,Spain,1,2,133.0
s6788,TV Show,2019,"September 1, 2020",1,TV-14,Anime Series,Japan,3,1,1.0
s6789,TV Show,2020,"July 9, 2020",0,TV-MA,International TV Shows,Turkey,3,1,4.0
s6790,Movie,2019,"August 7, 2019",0,TV-14,Documentaries,United States,1,1,76.0
s6791,Movie,2006,"October 1, 2019",13,PG-13,Dramas,United States,1,1,117.0
s6792,Movie,2018,"June 7, 2019",1,TV-MA,Documentaries,United States,2,1,90.0
s6793,TV Show,2009,"February 8, 2016",7,TV-PG,Docuseries,Canada,2,1,1.0
s6794,Movie,1968,"January 23, 2020",52,TV-MA,Cult Movies,United States,3,1,66.0
s6795,TV Show,2020,"May 20, 2020",0,TV-14,International TV Shows,Colombia,3,1,1.0
s6796,TV Show,2018,"November 9, 2018",0,TV-MA,Crime TV Shows,Colombia,3,1,1.0
s6797,TV Show,2020,"October 23, 2020",0,TV-MA,TV Dramas,United States,1,1,1.0
s6798,Movie,2018,"April 27, 2018",0,TV-MA,Documentaries,United States,1,1,105.0
s6799,TV Show,2020,"August 6, 2020",0,TV-MA,International TV Shows,Denmark,3,2,3.0
s6800,Movie,2008,"October 21, 2018",10,TV-PG,Children & Family Movies,Indonesia,3,1,119.0
s6801,Movie,1997,"November 20, 2019",22,PG-13,Dramas,United States,2,2,136.0
s6802,TV Show,2020,"January 24, 2020",0,TV-MA,TV Comedies,United States,2,1,8.0
s6803,TV Show,2016,"September 15, 2019",3,TV-14,Reality TV,United States,1,1,1.0
s6804,Movie,2010,"January 1, 2017",7,TV-PG,Documentaries,India,2,1,52.0
s6805,TV Show,2006,"December 29, 2017",11,TV-MA,British TV Shows,United Kingdom,3,1,1.0
s6806,Movie,2015,"June 16, 2017",2,TV-PG,Documentaries,United States,2,4,81.0
s6807,Movie,2016,"February 28, 2019",3,TV-MA,Documentaries,United States,2,1,77.0
s6808,Movie,2016,"February 1, 2017",1,TV-MA,Dramas,Spain,3,1,108.0
s6809,Movie,2019,"July 31, 2019",0,TV-MA,Dramas,Canada,2,1,130.0
s6810,Movie,2017,"July 1, 2018",1,TV-14,Documentaries,United States,2,1,120.0
s6811,Movie,2016,"January 1, 2018",2,TV-MA,Dramas,New Zealand,3,1,102.0
s6812,Movie,2019,"April 28, 2020",1,PG-13,Dramas,United States,2,1,116.0
s6813,Movie,2019,"July 22, 2020",1,TV-MA,Documentaries,United States,2,1,67.0
s6814,TV Show,2018,"December 1, 2020",2,TV-PG,British TV Shows,United Kingdom,2,1,1.0
s6815,Movie,2015,"June 6, 2019",4,TV-14,Dramas,Unknown,2,0,90.0
s6816,Movie,2017,"January 12, 2018",1,TV-MA,Documentaries,South Korea,2,1,100.0
s6817,Movie,2018,"September 11, 2018",0,TV-MA,Dramas,Netherlands,2,1,123.0
s6818,TV Show,2015,"February 17, 2019",4,TV-MA,International TV Shows,France,3,1,1.0
s6819,Movie,2016,"January 16, 2017",1,TV-MA,Horror Movies,United Kingdom,2,3,90.0
s6820,Movie,2015,"December 11, 2015",0,TV-14,Action & Adventure,United States,2,1,120.0
s6821,Movie,2016,"February 26, 2018",2,TV-MA,Horror Movies,Serbia,3,3,92.0
s6822,Movie,2011,"June 13, 2019",8,TV-14,Dramas,Egypt,3,1,93.0
s6823,Movie,2002,"January 1, 2020",18,PG-13,Horror Movies,United States,2,1,116.0
s6824,Movie,2014,"March 16, 2017",3,R,Dramas,United Kingdom,2,1,107.0
s6825,TV Show,2020,"December 16, 2020",0,TV-MA,British TV Shows,United Kingdom,3,1,1.0
s6826,TV Show,2018,"September 14, 2018",0,TV-14,International TV Shows,China,3,1,1.0
s6827,Movie,2018,"February 9, 2018",0,TV-MA,Horror Movies,United Kingdom,3,2,95.0
s6828,Movie,2016,"January 14, 2017",1,NR,Dramas,United States,2,1,87.0
s6829,Movie,1994,"September 1, 2018",24,PG-13,Action & Adventure,United States,1,1,111.0
s6830,TV Show,2017,"September 1, 2018",1,TV-14,International TV Shows,Russia,2,1,1.0
s6831,Movie,2019,"October 29, 2019",0,TV-14,Documentaries,United States,2,1,14.0
s6832,TV Show,2019,"December 4, 2019",0,TV-14,International TV Shows,Colombia,3,1,1.0
s6833,Movie,2016,"March 22, 2019",3,TV-MA,Documentaries,United Kingdom,3,1,101.0
s6834,Movie,2011,"April 1, 2020",9,PG-13,Thrillers,United States,1,1,91.0
s6835,Movie,2020,"December 30, 2020",0,TV-MA,Horror Movies,Taiwan,2,1,105.0
s6836,Movie,2014,"July 19, 2018",4,R,International Movies,Australia,2,2,103.0
s6837,Movie,2014,"September 19, 2020",6,TV-MA,Dramas,India,3,1,103.0
s6838,Movie,2017,"June 22, 2020",3,TV-PG,Comedies,Nigeria,3,1,90.0
s6839,TV Show,2017,"September 30, 2017",0,TV-MA,British TV Shows,United Kingdom,3,1,1.0
s6840,Movie,1998,"October 1, 2019",21,G,Children & Family Movies,United States,2,1,81.0
s6841,Movie,2011,"December 6, 2019",8,R,Comedies,United States,2,2,120.0
s6842,Movie,2010,"April 1, 2020",10,R,Dramas,United States,3,1,107.0
s6843,Movie,2015,"September 8, 2017",2,R,Dramas,United States,2,1,90.0
s6844,Movie,2017,"June 15, 2017",0,TV-PG,Documentaries,United Kingdom,1,1,47.0
s6845,Movie,2019,"April 19, 2019",0,TV-MA,Dramas,Italy,2,2,111.0
s6846,Movie,1989,"October 1, 2011",22,TV-PG,Dramas,United States,1,1,94.0
s6847,Movie,2017,"August 10, 2017",0,TV-14,Action & Adventure,United States,1,1,92.0
s6848,Movie,2014,"March 2, 2017",3,R,Dramas,Denmark,3,5,92.0
s6849,Movie,2012,"April 26, 2019",7,PG-13,Comedies,Australia,3,1,99.0
s6850,TV Show,2020,"September 25, 2020",0,TV-MA,International TV Shows,South Korea,3,1,1.0
s6851,Movie,1973,"May 21, 2020",47,TV-14,Comedies,Egypt,3,1,253.0
s6852,Movie,2001,"November 28, 2019",18,R,Dramas,Germany,2,3,124.0
s6853,Movie,2015,"November 8, 2018",3,PG-13,Dramas,United States,1,1,111.0
s6854,TV Show,2020,"June 12, 2020",0,TV-MA,Crime TV Shows,Mexico,3,1,1.0
s6855,Movie,2016,"April 1, 2018",2,TV-G,Documentaries,United States,1,1,32.0
s6856,Movie,2018,"September 15, 2018",0,TV-14,Horror Movies,Unknown,2,0,98.0
s6857,Movie,2019,"December 27, 2019",0,PG,Children & Family Movies,United States,2,3,86.0
s6858,Movie,2019,"April 22, 2020",1,TV-MA,Dramas,Nigeria,2,1,105.0
s6859,TV Show,2019,"August 6, 2020",1,TV-14,Anime Series,Japan,2,1,4.0
s6860,Movie,2018,"December 31, 2018",0,TV-14,Action & Adventure,Japan,3,1,100.0
s6861,Movie,2014,"April 14, 2017",3,R,Documentaries,United States,1,1,104.0
s6862,TV Show,2015,"September 30, 2018",3,TV-PG,Docuseries,United States,1,1,1.0
s6863,TV Show,2018,"January 22, 2018",0,TV-MA,TV Action & Adventure,United States,3,2,2.0
s6864,Movie,2014,"March 1, 2018",4,TV-MA,Comedies,India,3,1,123.0
s6865,Movie,2013,"December 12, 2013",0,PG,Children & Family Movies,United States,3,1,100.0
s6866,Movie,2017,"June 1, 2020",3,TV-MA,Dramas,United States,1,1,105.0
s6867,Movie,2019,"June 15, 2020",1,TV-MA,Documentaries,United Kingdom,2,2,85.0
s6868,Movie,2016,"October 7, 2016",0,TV-MA,Action & Adventure,Ireland,3,2,108.0
s6869,Movie,1955,"November 13, 2020",65,TV-14,Classic Movies,Italy,3,1,97.0
s6870,Movie,2014,"July 13, 2018",4,PG-13,Sci-Fi & Fantasy,United States,2,1,97.0
s6871,Movie,2019,"April 10, 2019",0,PG-13,Horror Movies,Canada,2,2,91.0
s6872,Movie,2019,"July 1, 2020",1,TV-14,Documentaries,Spain,2,4,96.0
s6873,Movie,2019,"April 22, 2020",1,TV-MA,International Movies,Spain,2,1,93.0
s6874,Movie,2020,"February 3, 2020",0,TV-MA,Dramas,Spain,3,1,122.0
s6875,Movie,2015,"January 15, 2017",2,NR,Horror Movies,Mexico,3,1,90.0
s6876,Movie,2013,"September 28, 2018",5,TV-14,Dramas,Indonesia,3,1,163.0
s6877,TV Show,2018,"August 1, 2019",1,TV-MA,Crime TV Shows,United States,3,1,2.0
s6878,Movie,2018,"July 6, 2018",0,TV-MA,Dramas,Spain,3,1,110.0
s6879,Movie,2019,"December 11, 2019",0,TV-MA,Dramas,India,2,4,143.0
s6880,Movie,2020,"August 21, 2020",0,TV-PG,Action & Adventure,United States,3,1,104.0
s6881,Movie,2011,"September 1, 2020",9,PG,Children & Family Movies,United States,2,3,103.0
s6882,Movie,2013,"September 15, 2020",7,PG,Children & Family Movies,United States,2,4,105.0
s6884,Movie,2020,"September 9, 2020",0,PG-13,Documentaries,United States,1,1,94.0
s6885,Movie,2010,"April 1, 2020",10,PG-13,Dramas,United States,1,1,121.0
s6886,TV Show,2019,"May 10, 2019",0,TV-MA,TV Dramas,United States,2,1,1.0
s6887,Movie,2019,"July 26, 2019",0,TV-MA,Dramas,Argentina,3,1,93.0
s6888,TV Show,2016,"February 24, 2017",1,TV-14,International TV Shows,South Korea,3,1,1.0
s6889,TV Show,2018,"December 3, 2018",0,TV-14,International TV Shows,South Korea,3,1,2.0
s6890,Movie,2016,"June 1, 2019",3,PG-13,Action & Adventure,United States,3,1,120.0
s6891,Movie,2013,"July 15, 2018",5,R,Dramas,United States,3,1,95.0
s6892,Movie,2020,"July 29, 2020",0,TV-PG,Documentaries,United States,1,1,41.0
s6893,Movie,2008,"March 1, 2019",11,PG,Children & Family Movies,United States,1,1,97.0
s6894,Movie,1978,"October 1, 2019",41,TV-MA,Dramas,Poland,3,1,84.0
s6895,Movie,2019,"October 8, 2019",0,TV-Y7,Children & Family Movies,United States,2,1,46.0
s6896,TV Show,2019,"September 6, 2019",0,TV-MA,International TV Shows,France,3,1,1.0
s6897,Movie,2010,"November 1, 2020",10,PG,Action & Adventure,United States,3,1,94.0
s6898,Movie,2019,"April 5, 2019",0,TV-MA,Documentaries,United Kingdom,2,1,94.0
s6899,Movie,2013,"January 17, 2014",1,TV-MA,Documentaries,United Kingdom,2,3,105.0
s6900,Movie,2005,"October 1, 2019",14,R,Comedies,United States,3,1,81.0
s6901,TV Show,2018,"June 8, 2018",0,TV-MA,Crime TV Shows,France,3,1,1.0
s6902,Movie,2020,"May 2, 2020",0,R,Dramas,United States,3,1,103.0
s6903,TV Show,2018,"March 20, 2018",0,TV-MA,Stand-Up Comedy & Talk Shows,United States,2,1,2.0
s6904,Movie,2015,"June 17, 2017",2,R,Dramas,United States,3,1,122.0
s6905,Movie,2016,"June 1, 2020",4,TV-14,Dramas,United Kingdom,1,4,98.0
s6907,TV Show,2017,"February 1, 2019",2,TV-14,Docuseries,United States,1,1,1.0
s6908,TV Show,2019,"November 15, 2019",0,TV-MA,International TV Shows,Thailand,3,1,1.0
s6909,TV Show,2020,"January 30, 2020",0,TV-MA,Crime TV Shows,United Kingdom,3,1,1.0
s6910,Movie,2017,"March 15, 2019",2,TV-14,Thrillers,United States,1,1,90.0
s6911,Movie,2004,"June 2, 2020",16,TV-14,Action & Adventure,Egypt,3,1,111.0
s6912,Movie,2018,"November 23, 2020",2,TV-14,Action & Adventure,Egypt,3,1,97.0
s6913,Movie,2015,"March 9, 2017",2,TV-MA,Documentaries,United Kingdom,2,1,91.0
s6914,Movie,2017,"February 16, 2019",2,R,Horror Movies,United States,1,1,89.0
s6915,TV Show,1989,"May 22, 2016",27,TV-Y7,Kids' TV,United States,1,2,1.0
s6916,Movie,2016,"March 21, 2019",3,TV-14,Action & Adventure,Philippines,3,1,115.0
s6917,TV Show,2020,"December 9, 2020",0,TV-14,Docuseries,United States,2,1,1.0
s6918,Movie,2018,"August 30, 2018",0,TV-14,Documentaries,United States,1,1,98.0
s6919,Movie,2016,"September 16, 2020",4,R,Action & Adventure,United Kingdom,2,7,92.0
s6920,Movie,2009,"September 1, 2019",10,R,Action & Adventure,United States,1,2,106.0
s6921,Movie,1999,"January 1, 2020",21,R,Dramas,United States,2,1,139.0
s6922,Movie,2016,"April 1, 2017",1,TV-MA,Dramas,Argentina,2,1,81.0
s6923,TV Show,2018,"March 29, 2019",1,TV-14,International TV Shows,Unknown,2,0,1.0
s6924,Movie,1974,"October 22, 2019",45,R,Cult Movies,United States,3,1,83.0
s6925,Movie,2014,"December 16, 2018",4,PG-13,Dramas,United Kingdom,2,3,123.0
s6926,Movie,2013,"June 6, 2019",6,TV-14,Dramas,Egypt,2,1,96.0
s6927,Movie,2016,"March 21, 2019",3,TV-MA,Comedies,Philippines,3,1,118.0
s6928,Movie,2020,"October 14, 2020",0,TV-MA,Documentaries,Mexico,2,1,110.0
s6929,Movie,2016,"April 9, 2018",2,TV-14,Comedies,United States,3,1,94.0
s6930,Movie,2017,"November 1, 2018",1,TV-G,Documentaries,United Kingdom,1,1,58.0
s6931,Movie,2002,"November 23, 2019",17,PG-13,Action & Adventure,United States,2,2,96.0
s6932,Movie,2009,"October 1, 2019",10,PG-13,Dramas,United States,3,1,107.0
s6933,Movie,2018,"March 30, 2018",0,TV-MA,Dramas,United Kingdom,3,4,97.0
s6934,Movie,2010,"January 7, 2020",10,PG-13,Action & Adventure,United States,2,4,103.0
s6935,TV Show,2019,"November 15, 2019",0,TV-14,Docuseries,United States,2,1,3.0
s6936,Movie,2018,"February 9, 2018",0,TV-PG,Documentaries,Georgia,2,1,24.0
s6937,TV Show,2016,"January 22, 2018",2,TV-MA,Crime TV Shows,United States,2,1,1.0
s6938,Movie,2017,"April 1, 2019",2,TV-MA,Comedies,United States,1,1,91.0
s6939,Movie,2018,"February 8, 2019",1,TV-MA,Dramas,Spain,3,1,136.0
s6940,TV Show,2019,"April 10, 2020",1,TV-MA,Crime TV Shows,Italy,3,1,1.0
s6941,Movie,2020,"October 16, 2020",0,R,Dramas,United States,1,3,130.0
s6942,TV Show,2020,"February 26, 2020",0,TV-MA,Crime TV Shows,United States,2,1,1.0
s6943,Movie,2018,"November 21, 2018",0,TV-MA,Comedies,Spain,2,1,91.0
s6944,Movie,2017,"December 1, 2019",2,R,Dramas,United States,3,1,104.0
s6945,Movie,1996,"January 1, 2018",22,R,Thrillers,United States,1,1,94.0
s6946,Movie,2016,"December 12, 2017",1,TV-MA,Comedies,United Kingdom,1,1,108.0
s6947,Movie,2015,"April 1, 2019",4,R,Thrillers,United States,1,1,91.0
s6948,TV Show,2008,"November 1, 2017",9,TV-14,Crime TV Shows,Unknown,3,0,1.0
s6949,Movie,2016,"August 1, 2017",1,TV-14,Documentaries,United Kingdom,2,1,58.0
s6950,TV Show,2016,"July 1, 2017",1,TV-MA,Crime TV Shows,Singapore,3,1,1.0
s6952,Movie,2002,"November 1, 2019",17,PG-13,Action & Adventure,United States,2,1,99.0
s6953,TV Show,2019,"July 10, 2020",1,TV-MA,Crime TV Shows,Belgium,3,1,1.0
s6954,TV Show,1963,"July 1, 2017",54,TV-14,Classic & Cult TV,United States,2,1,4.0
s6955,Movie,2004,"July 21, 2019",15,TV-14,Action & Adventure,Hong Kong,3,2,106.0
s6956,Movie,2019,"December 20, 2019",0,PG-13,Dramas,United Kingdom,1,2,126.0
s6957,Movie,2009,"April 25, 2019",10,R,Comedies,United States,2,1,96.0
s6958,TV Show,2009,"July 1, 2017",8,TV-14,International TV Shows,Singapore,2,1,1.0
s6959,TV Show,2020,"July 31, 2020",0,TV-14,TV Action & Adventure,United States,3,2,2.0
s6960,Movie,2011,"July 30, 2018",7,TV-MA,Horror Movies,Thailand,2,1,93.0
s6961,TV Show,2020,"November 29, 2020",0,TV-14,International TV Shows,South Korea,3,1,1.0
s6962,TV Show,2020,"July 6, 2020",0,TV-MA,International TV Shows,Thailand,3,1,1.0
s6963,TV Show,2017,"June 19, 2018",1,TV-MA,International TV Shows,Unknown,3,0,1.0
s6964,TV Show,2019,"October 1, 2020",1,TV-14,TV Comedies,United States,2,1,1.0
s6965,TV Show,2009,"September 15, 2019",10,TV-14,Docuseries,United States,2,1,1.0
s6966,TV Show,2015,"May 2, 2020",5,TV-PG,Docuseries,Unknown,2,0,1.0
s6967,Movie,2016,"December 12, 2017",1,TV-MA,Dramas,Belgium,2,2,106.0
s6968,Movie,2013,"February 22, 2019",6,PG-13,Documentaries,United States,1,1,103.0
s6969,TV Show,2019,"October 17, 2019",0,TV-PG,Kids' TV,Australia,2,1,1.0
s6970,Movie,2016,"March 21, 2019",3,TV-MA,Dramas,Philippines,3,1,130.0
s6971,TV Show,2020,"May 15, 2020",0,TV-MA,International TV Shows,Unknown,3,0,1.0
s6972,TV Show,2019,"October 25, 2019",0,TV-14,International TV Shows,China,3,1,1.0
s6973,Movie,2017,"November 1, 2018",1,TV-MA,Documentaries,United States,2,1,91.0
s6974,TV Show,2020,"March 13, 2020",0,TV-MA,Crime TV Shows,Iceland,3,1,1.0
s6975,TV Show,2017,"September 4, 2017",0,TV-14,TV Dramas,United States,3,1,8.0
s6976,Movie,2020,"January 15, 2021",1,R,Thrillers,United States,1,1,115.0
s6977,Movie,2015,"April 20, 2020",5,PG-13,Horror Movies,United States,2,1,91.0
s6978,Movie,2017,"January 1, 2018",1,TV-MA,Horror Movies,United States,2,1,92.0
s6979,Movie,2018,"December 27, 2019",1,TV-MA,Comedies,Unknown,2,0,103.0
s6980,TV Show,2020,"April 30, 2020",0,TV-MA,Crime TV Shows,Taiwan,3,1,1.0
s6981,TV Show,2017,"June 20, 2018",1,TV-MA,Docuseries,United States,1,1,1.0
s6982,Movie,2016,"December 1, 2016",0,TV-14,Dramas,India,3,1,72.0
s6983,Movie,2015,"February 26, 2020",5,TV-MA,Dramas,Unknown,3,0,138.0
s6984,TV Show,2018,"September 1, 2019",1,TV-MA,Classic & Cult TV,United States,3,1,9.0
s6985,Movie,2015,"April 18, 2019",4,TV-14,Action & Adventure,Egypt,3,1,98.0
s6986,Movie,2019,"May 6, 2019",0,TV-MA,International Movies,China,2,1,125.0
s6987,TV Show,2007,"February 22, 2017",10,TV-14,Docuseries,United States,1,1,1.0
s6988,Movie,2018,"July 24, 2018",0,TV-MA,International Movies,Spain,2,1,93.0
s6989,Movie,2014,"October 7, 2019",5,R,Dramas,Australia,2,2,111.0
s6990,Movie,2007,"November 1, 2018",11,PG,Children & Family Movies,New Zealand,1,3,112.0
s6991,Movie,1998,"March 8, 2017",19,PG-13,Comedies,United States,2,1,90.0
s6992,Movie,2006,"March 21, 2019",13,TV-PG,Horror Movies,Philippines,2,1,101.0
s6993,Movie,2016,"April 15, 2017",1,TV-14,Comedies,Nigeria,3,1,101.0
s6994,Movie,2017,"September 21, 2019",2,TV-14,Comedies,Nigeria,3,1,98.0
s6995,Movie,2019,"December 17, 2020",1,TV-PG,Dramas,Unknown,3,0,111.0
s6996,Movie,2018,"April 27, 2018",0,TV-14,Comedies,United States,1,1,117.0
s6998,Movie,2016,"September 16, 2016",0,TV-PG,Documentaries,United Kingdom,1,1,41.0
s6999,TV Show,2018,"May 11, 2018",0,TV-PG,Kids' TV,United States,2,1,1.0
s7000,TV Show,2015,"May 15, 2020",5,TV-Y,Kids' TV,Australia,1,1,2.0
s7001,Movie,2020,"April 22, 2020",0,PG,Children & Family Movies,Canada,2,3,92.0
s7002,TV Show,2020,"April 1, 2020",0,TV-MA,British TV Shows,United Kingdom,3,1,3.0
s7003,Movie,2017,"June 5, 2017",0,TV-14,Children & Family Movies,India,3,1,117.0
s7004,Movie,2015,"September 17, 2018",3,R,Horror Movies,United Kingdom,2,3,92.0
s7005,Movie,2018,"February 1, 2019",1,TV-14,Horror Movies,United States,2,1,88.0
s7006,Movie,2018,"June 10, 2020",2,TV-MA,Action & Adventure,South Korea,3,1,126.0
s7007,TV Show,2019,"December 20, 2019",0,TV-MA,TV Action & Adventure,United States,3,2,1.0
s7008,TV Show,2020,"September 2, 2020",0,TV-MA,Docuseries,Unknown,2,0,1.0
s7009,Movie,1976,"May 21, 2020",44,TV-PG,Comedies,Egypt,2,1,157.0
s7010,Movie,2019,"June 20, 2019",0,TV-14,Dramas,France,3,1,116.0
s7011,TV Show,2010,"September 1, 2016",6,TV-MA,International TV Shows,China,3,1,1.0
s7012,Movie,2016,"August 1, 2017",1,TV-MA,Documentaries,United Kingdom,2,1,47.0
s7013,Movie,2016,"December 19, 2017",1,TV-PG,Comedies,Israel,3,1,100.0
s7014,TV Show,2020,"June 12, 2020",0,TV-MA,Crime TV Shows,Poland,3,2,1.0
s7015,Movie,2017,"November 10, 2018",1,TV-MA,Dramas,France,2,1,114.0
s7016,Movie,1999,"December 31, 2019",20,PG-13,Action & Adventure,United Kingdom,1,2,128.0
s7017,Movie,2018,"November 30, 2018",0,TV-MA,Action & Adventure,France,3,1,101.0
s7018,Movie,2019,"September 4, 2019",0,PG,Dramas,United States,2,1,108.0
s7019,TV Show,2019,"January 18, 2019",0,TV-G,British TV Shows,United Kingdom,3,1,3.0
s7020,Movie,2018,"April 1, 2019",1,TV-PG,Documentaries,United Kingdom,1,1,53.0
s7021,TV Show,2020,"October 1, 2020",0,TV-G,British TV Shows,United Kingdom,2,2,4.0
s7022,Movie,2016,"December 1, 2017",1,TV-MA,International Movies,United Arab Emirates,3,2,99.0
s7023,TV Show,2019,"May 7, 2019",0,TV-14,Crime TV Shows,Lebanon,3,1,1.0
s7024,Movie,2017,"June 18, 2019",2,TV-14,Thrillers,Canada,1,1,89.0
s7025,Movie,2020,"May 13, 2020",0,TV-MA,Comedies,United States,2,1,90.0
s7026,TV Show,2019,"November 15, 2019",0,TV-MA,Crime TV Shows,Turkey,3,1,2.0
s7027,TV Show,2009,"September 1, 2016",7,TV-PG,International TV Shows,Taiwan,3,1,1.0
s7028,Movie,2016,"August 27, 2020",4,PG-13,Dramas,United States,2,1,111.0
s7029,Movie,2016,"March 9, 2017",1,TV-MA,Comedies,Ireland,2,1,83.0
s7030,Movie,1985,"August 16, 2018",33,TV-14,Action & Adventure,Hong Kong,3,1,85.0
s7031,Movie,2019,"November 30, 2019",0,TV-14,Comedies,India,3,1,135.0
s7032,Movie,2016,"July 18, 2017",1,TV-PG,Documentaries,Canada,1,1,94.0
s7033,Movie,2017,"July 1, 2018",1,TV-14,Dramas,India,3,1,104.0
s7034,Movie,2013,"October 1, 2018",5,TV-PG,Comedies,India,3,1,132.0
s7035,Movie,1988,"November 1, 2019",31,PG-13,Documentaries,United States,2,1,89.0
s7036,Movie,2019,"June 1, 2019",0,TV-14,Comedies,United States,3,1,97.0
s7037,Movie,2016,"August 7, 2019",3,TV-MA,Stand-Up Comedy,United States,1,1,67.0
s7038,Movie,2016,"December 16, 2016",0,TV-14,Documentaries,United States,1,1,86.0
s7039,Movie,2007,"March 1, 2020",13,R,Dramas,United States,2,1,158.0
s7040,Movie,2019,"March 27, 2020",1,TV-14,Documentaries,Canada,2,1,72.0
s7041,Movie,2016,"October 28, 2016",0,TV-MA,Comedies,France,2,2,110.0
s7042,TV Show,2018,"February 5, 2020",2,TV-MA,British TV Shows,United Kingdom,2,1,1.0
s7043,Movie,2018,"November 2, 2018",0,TV-MA,Documentaries,United States,1,1,98.0
s7044,Movie,2017,"May 4, 2018",1,TV-MA,Comedies,Spain,3,1,99.0
s7045,Movie,2020,"July 2, 2020",0,TV-MA,Stand-Up Comedy,Brazil,1,1,82.0
s7046,TV Show,2019,"January 2, 2020",1,TV-MA,International TV Shows,Belgium,3,1,1.0
s7047,TV Show,2014,"March 1, 2019",5,TV-14,International TV Shows,Thailand,3,1,1.0
s7048,Movie,2019,"April 23, 2020",1,TV-14,Dramas,Indonesia,2,1,180.0
s7049,TV Show,2017,"March 11, 2019",2,TV-14,International TV Shows,Egypt,2,1,1.0
s7050,TV Show,2015,"May 22, 2017",2,TV-14,International TV Shows,South Korea,3,1,1.0
s7051,Movie,2017,"October 14, 2017",0,TV-PG,Comedies,China,3,1,107.0
s7052,Movie,2015,"December 15, 2015",0,NR,Documentaries,Belgium,3,1,77.0
s7053,Movie,2015,"March 9, 2017",2,TV-MA,Dramas,India,3,2,123.0
s7054,Movie,2020,"May 1, 2020",0,TV-Y,Children & Family Movies,Unknown,1,0,23.0
s7055,Movie,2020,"May 1, 2020",0,TV-Y,Children & Family Movies,Unknown,1,0,23.0
s7056,Movie,2020,"May 1, 2020",0,TV-Y,Children & Family Movies,Unknown,1,0,23.0
s7057,TV Show,2020,"September 1, 2020",0,TV-Y,British TV Shows,United Kingdom,3,1,2.0
s7058,Movie,2017,"January 15, 2018",1,TV-MA,Action & Adventure,Thailand,3,1,122.0
s7059,Movie,2017,"June 5, 2018",1,PG-13,Action & Adventure,United States,3,1,131.0
s7060,Movie,2011,"April 15, 2020",9,TV-Y7,Children & Family Movies,United States,1,2,77.0
s7061,Movie,2010,"November 2, 2016",6,NR,Dramas,United Kingdom,2,1,125.0
s7062,Movie,2010,"November 2, 2016",6,NR,Dramas,United Kingdom,2,4,125.0
s7063,Movie,2019,"February 8, 2020",1,TV-14,Comedies,India,3,1,139.0
s7064,Movie,2016,"June 3, 2017",1,TV-MA,Action & Adventure,Hong Kong,2,2,88.0
s7065,TV Show,2019,"December 6, 2019",0,TV-MA,International TV Shows,Spain,3,1,1.0
s7066,TV Show,2018,"October 1, 2018",0,TV-14,British TV Shows,United Kingdom,3,1,1.0
s7067,Movie,2018,"November 19, 2020",2,TV-G,Comedies,Philippines,3,1,107.0
s7068,Movie,2010,"June 20, 2019",9,TV-14,Comedies,Unknown,3,0,96.0
s7069,Movie,2018,"April 14, 2019",1,TV-MA,Horror Movies,United States,1,1,87.0
s7070,Movie,2019,"March 31, 2020",1,R,Documentaries,Canada,2,2,104.0
s7071,Movie,2017,"December 1, 2019",2,TV-14,Comedies,India,3,1,133.0
s7072,Movie,2017,"February 5, 2018",1,TV-MA,Dramas,United States,2,1,93.0
s7073,Movie,1947,"March 31, 2017",70,TV-PG,Classic Movies,United States,2,1,42.0
s7074,TV Show,2018,"December 14, 2018",0,TV-MA,Crime TV Shows,Australia,3,1,1.0
s7075,TV Show,2019,"January 1, 2019",0,TV-PG,Reality TV,United States,1,1,1.0
s7076,TV Show,2017,"January 18, 2018",1,TV-MA,International TV Shows,Spain,3,1,1.0
s7077,TV Show,2017,"February 9, 2018",1,TV-14,Crime TV Shows,China,3,1,1.0
s7078,TV Show,2019,"August 13, 2019",0,TV-MA,Stand-Up Comedy & Talk Shows,United States,2,1,1.0
s7079,Movie,2019,"December 3, 2019",0,TV-MA,Stand-Up Comedy,United States,1,1,56.0
s7080,Movie,2017,"April 7, 2020",3,TV-MA,Stand-Up Comedy,United States,1,1,66.0
s7081,Movie,2015,"July 17, 2015",0,TV-14,Documentaries,United States,2,1,92.0
s7082,Movie,2018,"May 22, 2018",0,TV-14,Stand-Up Comedy,United States,1,1,58.0
s7083,Movie,2016,"October 1, 2018",2,TV-14,Action & Adventure,India,3,1,130.0
s7084,TV Show,2020,"March 20, 2020",0,TV-MA,Crime TV Shows,United States,2,1,1.0
s7085,Movie,2020,"April 10, 2020",0,PG,Dramas,United States,1,1,91.0
s7086,TV Show,2019,"April 5, 2019",0,TV-MA,Crime TV Shows,Mexico,3,1,1.0
s7087,Movie,2016,"July 1, 2017",1,TV-14,Dramas,China,3,1,108.0
s7088,Movie,2017,"August 1, 2018",1,TV-MA,Dramas,India,2,1,151.0
s7089,TV Show,2019,"August 15, 2019",0,TV-MA,International TV Shows,Taiwan,3,1,1.0
s7090,Movie,1990,"December 31, 2018",28,TV-MA,Stand-Up Comedy,United States,1,1,30.0
s7091,Movie,1991,"December 31, 2018",27,TV-MA,Stand-Up Comedy,United States,1,1,30.0
s7092,Movie,2011,"December 31, 2018",7,TV-MA,Music & Musicals,United Kingdom,2,1,146.0
s7093,Movie,2008,"December 31, 2018",10,TV-MA,Music & Musicals,United Kingdom,2,1,127.0
s7094,Movie,2015,"September 26, 2020",5,TV-14,Dramas,India,3,1,98.0
s7095,Movie,2013,"January 1, 2018",5,TV-14,Comedies,India,3,1,125.0
s7096,Movie,2018,"November 30, 2018",0,TV-MA,Dramas,Mexico,3,2,96.0
s7097,Movie,2020,"April 23, 2020",0,TV-MA,International Movies,South Korea,2,1,135.0
s7098,Movie,2017,"September 13, 2019",2,TV-14,Action & Adventure,United States,2,1,88.0
s7099,TV Show,2017,"April 7, 2019",2,TV-MA,Docuseries,United States,1,1,1.0
s7100,TV Show,2009,"September 18, 2017",8,TV-14,International TV Shows,Unknown,2,0,1.0
s7101,TV Show,2014,"February 23, 2018",4,TV-14,Crime TV Shows,Unknown,3,0,1.0
s7102,TV Show,2010,"December 22, 2020",10,TV-Y,British TV Shows,United Kingdom,2,1,1.0
s7103,Movie,2016,"February 19, 2017",1,G,Children & Family Movies,Spain,2,3,99.0
s7104,Movie,2014,"May 17, 2015",1,G,Children & Family Movies,United States,1,1,78.0
s7105,Movie,2018,"March 19, 2019",1,TV-14,Dramas,United States,3,1,97.0
s7106,TV Show,2020,"August 7, 2020",0,TV-PG,Docuseries,United States,3,1,1.0
s7107,TV Show,2019,"January 17, 2020",1,TV-PG,Reality TV,United States,1,1,2.0
s7108,TV Show,2020,"December 14, 2020",0,TV-MA,TV Dramas,United States,3,1,1.0
s7109,TV Show,2014,"September 1, 2017",3,TV-Y,Kids' TV,Germany,1,3,1.0
s7110,TV Show,2018,"July 1, 2019",1,TV-Y,Kids' TV,Unknown,2,0,1.0
s7111,TV Show,2017,"April 29, 2020",3,TV-MA,International TV Shows,South Africa,2,1,2.0
s7112,Movie,2018,"August 17, 2018",0,TV-14,Comedies,United States,3,1,100.0
s7113,Movie,2020,"February 12, 2020",0,TV-14,Comedies,United States,2,1,102.0
s7114,Movie,2006,"January 1, 2008",2,TV-MA,Dramas,United States,3,1,81.0
s7115,Movie,2016,"January 1, 2017",1,TV-14,Documentaries,United States,1,2,84.0
s7116,Movie,2019,"November 11, 2019",0,TV-MA,Documentaries,United States,1,1,88.0
s7117,Movie,2018,"June 24, 2018",0,TV-MA,Comedies,France,3,1,95.0
s7118,Movie,2017,"July 14, 2017",0,TV-MA,Dramas,United States,2,1,108.0
s7119,TV Show,2020,"October 7, 2020",0,TV-MA,International TV Shows,Russia,3,1,1.0
s7120,Movie,1995,"August 1, 2019",24,PG-13,Comedies,United States,3,1,108.0
s7121,TV Show,2015,"September 1, 2017",2,TV-MA,British TV Shows,United Kingdom,3,1,3.0
s7122,TV Show,2018,"September 11, 2019",1,TV-Y7,Kids' TV,Canada,2,1,2.0
s7123,Movie,2017,"May 1, 2018",1,TV-MA,Comedies,Spain,2,1,96.0
s7124,Movie,2017,"December 26, 2017",0,TV-MA,Stand-Up Comedy,United States,1,1,61.0
s7125,Movie,2018,"January 23, 2018",0,TV-MA,Stand-Up Comedy,United States,1,1,63.0
s7126,Movie,2012,"December 31, 2018",6,TV-MA,Stand-Up Comedy,United States,1,1,46.0
s7127,Movie,2018,"April 6, 2018",0,TV-MA,Stand-Up Comedy,Argentina,1,1,78.0
s7128,Movie,2016,"September 1, 2017",1,TV-MA,Documentaries,Argentina,2,1,86.0
s7129,TV Show,2009,"November 1, 2017",8,TV-14,International TV Shows,Singapore,2,1,1.0
s7130,Movie,1999,"February 1, 2020",21,TV-G,Dramas,India,3,1,176.0
s7131,Movie,2017,"August 21, 2018",1,TV-14,Comedies,India,3,1,145.0
s7132,Movie,2017,"October 1, 2017",0,TV-14,Documentaries,United Kingdom,3,3,89.0
s7134,Movie,2010,"September 7, 2020",10,TV-MA,Dramas,Turkey,3,1,98.0
s7135,Movie,2001,"December 15, 2019",18,TV-Y7,Children & Family Movies,Unknown,2,0,60.0
s7136,Movie,2011,"December 31, 2018",7,TV-14,Stand-Up Comedy,United States,1,1,57.0
s7137,Movie,2020,"February 4, 2020",0,TV-14,Stand-Up Comedy,United States,1,1,60.0
s7138,Movie,2020,"March 24, 2020",0,TV-MA,Stand-Up Comedy,United States,1,1,70.0
s7139,Movie,2014,"July 13, 2017",3,TV-MA,Stand-Up Comedy,United States,1,1,74.0
s7140,Movie,2018,"January 12, 2018",0,TV-MA,Stand-Up Comedy,United States,1,1,71.0
s7141,Movie,2016,"January 8, 2016",0,TV-MA,Stand-Up Comedy,United States,1,1,74.0
s7142,Movie,2016,"September 19, 2016",0,TV-MA,Stand-Up Comedy,Unknown,1,0,63.0
s7143,Movie,1997,"December 31, 2019",22,PG-13,Action & Adventure,United Kingdom,1,2,119.0
s7144,TV Show,2017,"October 30, 2019",2,TV-14,International TV Shows,South Korea,3,1,1.0
s7145,TV Show,2016,"March 1, 2017",1,TV-MA,International TV Shows,South Korea,3,1,1.0
s7146,Movie,2020,"January 6, 2021",1,TV-14,Documentaries,France,3,1,99.0
s7147,Movie,2016,"July 15, 2016",0,TV-MA,Documentaries,United States,1,1,117.0
s7148,Movie,2019,"December 31, 2020",1,TV-14,Comedies,Indonesia,3,1,106.0
s7149,TV Show,2020,"April 17, 2020",0,TV-MA,Reality TV,United States,2,1,1.0
s7150,Movie,1988,"October 1, 2011",23,TV-MA,Dramas,United States,1,1,94.0
s7151,TV Show,2017,"October 18, 2019",2,TV-MA,International TV Shows,Netherlands,2,1,2.0
s7152,Movie,2019,"March 5, 2020",1,TV-MA,Comedies,Thailand,3,1,108.0
s7153,TV Show,2018,"March 15, 2019",1,TV-14,British TV Shows,United Kingdom,3,3,1.0
s7154,TV Show,2019,"September 13, 2019",0,TV-MA,British TV Shows,Unknown,3,0,1.0
s7155,TV Show,2018,"December 31, 2018",0,TV-MA,Reality TV,United States,1,1,3.0
s7156,Movie,2016,"March 1, 2018",2,TV-14,Dramas,India,3,1,87.0
s7157,TV Show,2008,"August 1, 2020",12,TV-14,Anime Series,Japan,3,1,1.0
s7158,Movie,2020,"December 11, 2020",0,TV-MA,Dramas,India,3,1,133.0
s7159,Movie,2016,"April 1, 2017",1,TV-MA,Dramas,Spain,3,1,106.0
s7160,Movie,2001,"September 15, 2020",19,PG-13,Comedies,United States,3,1,104.0
s7161,TV Show,2015,"May 3, 2018",3,TV-PG,Kids' TV,Canada,2,3,5.0
s7162,Movie,2016,"December 19, 2016",0,NR,Comedies,United States,1,1,94.0
s7163,Movie,1990,"July 1, 2020",30,R,Action & Adventure,United States,2,2,114.0
s7164,Movie,2018,"June 25, 2019",1,TV-MA,Dramas,India,3,1,107.0
s7165,TV Show,2016,"December 27, 2017",1,TV-MA,International TV Shows,Unknown,2,0,1.0
s7166,TV Show,2019,"February 28, 2020",1,TV-MA,Crime TV Shows,Spain,3,1,1.0
s7167,Movie,2015,"October 22, 2019",4,PG-13,Action & Adventure,United States,1,1,94.0
s7168,Movie,2017,"May 16, 2017",0,TV-MA,Stand-Up Comedy,United States,1,1,59.0
s7169,Movie,2007,"December 31, 2019",12,TV-MA,Dramas,India,3,1,130.0
s7170,TV Show,2018,"March 30, 2018",0,TV-MA,Classic & Cult TV,Canada,3,1,12.0
s7171,Movie,2014,"March 1, 2018",4,TV-MA,Movies,Canada,1,1,89.0
s7172,Movie,2014,"March 1, 2018",4,TV-MA,Movies,Canada,1,1,81.0
s7173,Movie,2009,"March 30, 2018",9,R,Comedies,Canada,2,1,102.0
s7174,Movie,2015,"December 9, 2015",0,TV-MA,Comedies,Canada,2,1,74.0
s7175,TV Show,2016,"October 28, 2016",0,TV-MA,International TV Shows,Canada,2,1,1.0
s7176,TV Show,2017,"November 24, 2017",0,TV-MA,International TV Shows,Unknown,2,0,1.0
s7177,Movie,2008,"March 1, 2018",10,TV-MA,Comedies,Canada,2,1,47.0
s7178,TV Show,2020,"May 22, 2020",0,TV-MA,TV Comedies,Canada,1,1,2.0
s7179,Movie,2006,"March 30, 2018",12,R,Comedies,Canada,2,1,95.0
s7180,Movie,2004,"March 1, 2018",14,TV-MA,Movies,Canada,1,1,46.0
s7181,Movie,2007,"July 25, 2018",11,TV-MA,Horror Movies,Thailand,2,1,88.0
s7182,Movie,2016,"March 18, 2017",1,TV-MA,Action & Adventure,South Korea,3,1,118.0
s7183,Movie,1996,"October 1, 2019",23,R,Comedies,United Kingdom,3,1,94.0
s7184,Movie,2008,"July 1, 2018",10,PG-13,Dramas,United States,2,1,114.0
s7185,TV Show,2019,"March 29, 2019",0,TV-MA,British TV Shows,United Kingdom,3,1,1.0
s7186,Movie,2017,"April 21, 2017",0,TV-MA,Dramas,United States,3,1,83.0
s7187,Movie,2014,"November 1, 2018",4,PG-13,Sci-Fi & Fantasy,United Kingdom,2,3,119.0
s7188,TV Show,2017,"November 8, 2018",1,TV-MA,Crime TV Shows,France,3,2,1.0
s7189,Movie,2017,"February 20, 2019",2,TV-MA,Documentaries,Canada,2,1,79.0
s7190,TV Show,2013,"September 8, 2018",5,TV-Y7,Kids' TV,United States,1,1,1.0
s7191,TV Show,2020,"August 1, 2020",0,TV-Y,Kids' TV,United States,1,1,2.0
s7192,TV Show,2020,"September 7, 2020",0,TV-Y7,Kids' TV,Unknown,1,0,2.0
s7193,TV Show,2016,"September 19, 2018",2,TV-Y7,Kids' TV,Canada,1,2,1.0
s7194,TV Show,2016,"September 8, 2018",2,TV-Y7,Kids' TV,United States,1,1,1.0
s7195,TV Show,2020,"July 30, 2020",0,TV-14,Anime Series,United States,1,1,1.0
s7196,TV Show,2020,"December 30, 2020",0,TV-Y7,Anime Series,Unknown,1,0,1.0
s7197,Movie,2014,"January 1, 2019",5,R,Dramas,United Kingdom,3,3,114.0
s7198,Movie,2016,"February 2, 2017",1,R,Comedies,United States,3,1,94.0
s7199,TV Show,2020,"November 10, 2020",0,TV-Y,Kids' TV,Unknown,1,0,1.0
s7200,Movie,2018,"September 20, 2019",1,TV-MA,Comedies,Turkey,2,1,111.0
s7201,TV Show,2018,"December 14, 2018",0,TV-MA,Crime TV Shows,Canada,3,2,3.0
s7202,Movie,2019,"August 28, 2019",0,TV-MA,Documentaries,United States,2,1,85.0
s7203,Movie,2019,"July 29, 2020",1,TV-MA,Documentaries,United States,1,1,88.0
s7204,Movie,2017,"January 1, 2018",1,TV-G,Documentaries,United Kingdom,3,1,82.0
s7205,TV Show,2019,"March 31, 2020",1,TV-Y,Kids' TV,Unknown,1,0,1.0
s7206,Movie,2015,"November 1, 2016",1,TV-PG,Documentaries,Canada,1,1,82.0
s7207,TV Show,2018,"November 9, 2018",0,TV-Y,Kids' TV,South Korea,2,2,2.0
s7208,Movie,1990,"January 1, 2020",30,PG-13,Comedies,United States,3,1,96.0
s7209,Movie,1995,"January 1, 2020",25,PG-13,Comedies,Unknown,3,0,100.0
s7210,Movie,2001,"January 1, 2020",19,PG,Comedies,United States,3,1,104.0
s7211,Movie,2004,"January 1, 2020",16,PG-13,Comedies,United States,3,1,101.0
s7212,Movie,2015,"January 1, 2020",5,PG-13,Comedies,South Africa,3,2,99.0
s7213,Movie,2018,"May 1, 2018",0,PG-13,Action & Adventure,United States,3,2,98.0
s7214,Movie,2020,"October 20, 2020",0,PG-13,Action & Adventure,United States,2,1,102.0
s7215,Movie,2016,"February 22, 2019",3,R,Dramas,United Kingdom,1,1,100.0
s7216,Movie,2017,"February 21, 2017",0,TV-14,Stand-Up Comedy,United States,1,1,67.0
s7217,Movie,2018,"November 20, 2018",0,TV-MA,Stand-Up Comedy,United States,1,1,64.0
s7218,TV Show,2019,"December 6, 2019",0,TV-MA,Crime TV Shows,Unknown,3,0,1.0
s7219,TV Show,2020,"November 11, 2020",0,TV-MA,Crime TV Shows,United States,2,1,1.0
s7220,TV Show,2020,"May 11, 2020",0,TV-MA,Crime TV Shows,United States,2,1,1.0
s7221,Movie,2021,"January 15, 2021",0,TV-MA,Dramas,Unknown,2,0,96.0
s7222,TV Show,2019,"January 18, 2019",0,TV-MA,Docuseries,Unknown,2,0,1.0
s7223,Movie,1985,"December 31, 2019",34,TV-14,Comedies,India,3,1,134.0
s7224,Movie,1995,"March 1, 2018",23,TV-PG,Action & Adventure,India,3,1,173.0
s7225,TV Show,2020,"August 25, 2020",0,TV-MA,TV Dramas,United States,2,1,2.0
s7226,TV Show,2016,"April 27, 2018",2,TV-PG,International TV Shows,Unknown,3,0,1.0
s7227,Movie,2014,"November 1, 2017",3,TV-MA,International Movies,India,2,1,113.0
s7228,Movie,2016,"December 8, 2020",4,R,Dramas,United States,2,1,115.0
s7229,Movie,2019,"March 13, 2019",0,R,Action & Adventure,United States,1,1,126.0
s7230,Movie,2019,"June 22, 2019",0,R,Action & Adventure,Thailand,2,3,96.0
s7231,Movie,1991,"October 1, 2011",20,TV-PG,Dramas,United States,2,1,93.0
s7232,Movie,2019,"March 27, 2020",1,TV-MA,Documentaries,United States,2,1,91.0
s7233,TV Show,2018,"May 25, 2018",0,TV-Y7,Kids' TV,United States,3,2,3.0
s7234,Movie,2017,"December 6, 2017",0,TV-Y7,Children & Family Movies,United States,3,1,27.0
s7235,TV Show,2019,"November 22, 2019",0,TV-Y7,Kids' TV,United States,2,1,8.0
s7236,Movie,2017,"February 13, 2018",1,TV-MA,Documentaries,United Kingdom,2,5,110.0
s7237,TV Show,2004,"July 1, 2020",16,TV-Y,Kids' TV,France,1,1,1.0
s7238,TV Show,2017,"December 10, 2018",1,TV-MA,International TV Shows,Russia,2,1,1.0
s7239,TV Show,2018,"April 6, 2018",0,TV-MA,British TV Shows,United Kingdom,3,4,1.0
s7240,Movie,2017,"March 12, 2018",1,TV-MA,Action & Adventure,United States,1,1,90.0
s7241,Movie,2018,"February 1, 2019",1,TV-14,Comedies,India,3,1,128.0
s7242,TV Show,2019,"August 30, 2019",0,TV-Y,Kids' TV,United States,1,2,3.0
s7243,Movie,1969,"January 1, 2020",51,G,Classic Movies,United States,2,1,128.0
s7244,Movie,2016,"November 11, 2016",0,TV-14,Action & Adventure,United States,2,1,98.0
s7245,Movie,2017,"March 1, 2018",1,R,Dramas,United States,1,1,108.0
s7246,TV Show,2019,"July 12, 2019",0,TV-Y,Kids' TV,Unknown,1,0,1.0
s7247,Movie,2020,"September 1, 2020",0,TV-Y,Children & Family Movies,Canada,1,1,24.0
s7248,Movie,2019,"November 1, 2019",0,TV-Y,Children & Family Movies,Canada,1,1,24.0
s7249,Movie,2019,"February 1, 2019",0,TV-Y,Children & Family Movies,United States,1,2,24.0
s7250,TV Show,2018,"June 15, 2018",0,TV-Y,Kids' TV,Unknown,1,0,1.0
s7251,Movie,2020,"June 2, 2020",0,TV-Y,Movies,Canada,1,1,24.0
s7252,TV Show,2020,"May 12, 2020",0,TV-Y,Kids' TV,Canada,1,1,1.0
s7253,Movie,2019,"September 20, 2019",0,TV-Y,Children & Family Movies,Canada,1,1,24.0
s7254,Movie,2019,"November 26, 2019",0,TV-Y,Children & Family Movies,Unknown,1,0,46.0
s7255,TV Show,2018,"June 15, 2018",0,TV-Y,Kids' TV,Unknown,1,0,1.0
s7256,Movie,2020,"March 27, 2020",0,TV-Y,Children & Family Movies,Canada,1,1,24.0
s7257,Movie,2015,"May 19, 2020",5,R,Dramas,United States,2,1,124.0
s7258,TV Show,2018,"March 30, 2018",0,TV-14,Docuseries,United Kingdom,1,1,1.0
s7259,Movie,2017,"October 3, 2018",1,TV-MA,Horror Movies,United States,1,1,88.0
s7260,Movie,2016,"March 1, 2018",2,TV-14,Comedies,India,3,1,125.0
s7261,TV Show,2019,"May 3, 2019",0,TV-MA,TV Comedies,United States,1,1,1.0
s7262,Movie,2010,"March 29, 2019",9,R,Comedies,Canada,3,4,89.0
s7263,Movie,2012,"February 15, 2018",6,TV-PG,Dramas,India,3,1,162.0
s7264,Movie,2010,"July 1, 2018",8,TV-14,Comedies,India,3,1,128.0
s7265,Movie,2020,"August 1, 2020",0,TV-MA,Stand-Up Comedy,Unknown,1,0,72.0
s7266,Movie,2019,"September 28, 2019",0,TV-PG,Dramas,Japan,2,1,90.0
s7267,TV Show,2016,"January 8, 2018",2,TV-PG,International TV Shows,Unknown,3,0,1.0
s7268,Movie,2019,"November 5, 2019",0,TV-MA,Dramas,South Korea,3,1,123.0
s7269,Movie,1944,"March 31, 2017",73,TV-14,Classic Movies,United States,2,2,76.0
s7270,TV Show,2019,"October 30, 2019",0,TV-14,Crime TV Shows,Unknown,3,0,1.0
s7271,Movie,2013,"September 12, 2019",6,PG,Children & Family Movies,United States,2,1,96.0
s7272,TV Show,2016,"February 5, 2016",0,TV-Y7,Kids' TV,United States,1,1,3.0
s7273,Movie,2017,"October 2, 2020",3,TV-MA,Comedies,Turkey,3,1,107.0
s7274,TV Show,2019,"March 15, 2019",0,TV-MA,British TV Shows,United Kingdom,3,1,1.0
s7275,TV Show,2017,"December 1, 2017",0,TV-14,TV Dramas,United States,1,1,4.0
s7276,Movie,2014,"July 24, 2018",4,R,Horror Movies,United States,1,1,102.0
s7277,TV Show,2019,"July 29, 2019",0,TV-PG,Kids' TV,United States,1,1,1.0
s7278,Movie,2010,"December 31, 2017",7,TV-14,Documentaries,Japan,2,2,53.0
s7279,TV Show,2019,"December 19, 2019",0,TV-MA,International TV Shows,France,3,1,1.0
s7280,Movie,2020,"March 6, 2020",0,TV-MA,International Movies,Spain,2,1,110.0
s7281,TV Show,1990,"July 1, 2017",27,TV-14,Classic & Cult TV,United States,3,1,2.0
s7282,Movie,2007,"July 21, 2019",12,TV-MA,Action & Adventure,Hong Kong,2,2,102.0
s7283,Movie,2018,"March 15, 2019",1,TV-MA,Horror Movies,United States,3,1,86.0
s7284,TV Show,2018,"May 15, 2020",2,TV-Y,British TV Shows,United Kingdom,2,1,2.0
s7285,Movie,2015,"January 15, 2017",2,TV-14,Dramas,India,2,1,89.0
s7286,Movie,2018,"September 28, 2018",0,TV-MA,Documentaries,Spain,2,1,117.0
s7287,TV Show,2013,"August 1, 2016",3,TV-14,International TV Shows,Taiwan,3,1,1.0
s7288,Movie,2018,"May 1, 2019",1,TV-MA,Thrillers,United Kingdom,1,1,80.0
s7289,Movie,2016,"May 2, 2017",1,R,Dramas,Canada,3,1,95.0
s7290,TV Show,2019,"September 20, 2019",0,TV-14,TV Horror,United States,2,1,1.0
s7291,TV Show,2020,"June 26, 2020",0,TV-G,International TV Shows,South Korea,3,1,1.0
s7292,Movie,2015,"December 1, 2015",0,TV-14,Documentaries,Australia,2,1,78.0
s7293,TV Show,2019,"July 19, 2019",0,TV-MA,International TV Shows,India,3,1,1.0
s7294,Movie,2008,"March 1, 2019",11,R,Documentaries,United States,2,2,90.0
s7295,Movie,2016,"November 7, 2019",3,TV-14,International Movies,India,2,1,121.0
s7296,Movie,2020,"December 1, 2020",0,TV-MA,Horror Movies,Philippines,2,1,99.0
s7297,Movie,2010,"October 1, 2018",8,TV-MA,Dramas,India,3,1,137.0
s7298,Movie,2016,"January 1, 2017",1,TV-MA,Dramas,India,2,1,146.0
s7299,Movie,2013,"March 1, 2017",4,NR,Dramas,India,3,1,125.0
s7300,Movie,2008,"February 15, 2019",11,TV-14,Comedies,India,3,1,115.0
s7301,TV Show,2020,"March 6, 2020",0,TV-MA,Docuseries,United States,1,1,2.0
s7302,TV Show,2015,"February 15, 2019",4,TV-14,International TV Shows,Thailand,3,1,4.0
s7303,Movie,1959,"October 15, 2017",58,TV-14,Dramas,India,2,1,143.0
s7304,TV Show,2018,"August 31, 2018",0,TV-PG,Reality TV,United States,1,6,3.0
s7305,TV Show,2018,"August 31, 2018",0,TV-PG,Reality TV,Unknown,2,0,3.0
s7306,TV Show,2019,"April 1, 2019",0,TV-14,Anime Series,United States,2,2,1.0
s7307,TV Show,2019,"October 10, 2019",0,TV-14,Anime Series,Japan,2,1,1.0
s7308,Movie,2020,"March 20, 2020",0,TV-MA,Dramas,Italy,3,1,109.0
s7309,TV Show,2019,"December 19, 2019",0,TV-MA,Crime TV Shows,Poland,3,1,2.0
s7310,Movie,2020,"July 30, 2020",0,TV-MA,Comedies,India,3,1,137.0
s7311,Movie,2015,"October 1, 2016",1,TV-MA,Dramas,India,3,1,96.0
s7312,Movie,2015,"August 1, 2017",2,TV-MA,Comedies,France,3,1,114.0
s7313,Movie,2016,"April 1, 2018",2,R,Dramas,United Kingdom,2,3,94.0
s7314,TV Show,2018,"February 22, 2020",2,TV-MA,Crime TV Shows,Canada,2,1,1.0
s7315,Movie,2006,"October 1, 2019",13,PG,Children & Family Movies,United States,2,1,90.0
s7316,Movie,2017,"August 21, 2017",0,TV-MA,Documentaries,United States,1,1,104.0
s7317,TV Show,2020,"January 31, 2020",0,TV-MA,Crime TV Shows,Spain,3,1,2.0
s7318,TV Show,2019,"September 13, 2019",0,TV-MA,Crime TV Shows,United States,2,1,1.0
s7320,Movie,2020,"May 12, 2020",0,TV-14,Comedies,United States,1,1,190.0
s7321,Movie,2018,"August 30, 2019",1,TV-MA,International Movies,Spain,2,1,100.0
s7322,Movie,2019,"June 26, 2019",0,TV-14,Documentaries,India,2,1,109.0
s7323,Movie,2017,"July 17, 2017",0,TV-MA,Dramas,Spain,2,1,116.0
s7324,TV Show,2016,"May 8, 2019",3,TV-14,International TV Shows,Unknown,3,0,1.0
s7325,Movie,2016,"October 1, 2016",0,TV-MA,Documentaries,United States,2,1,92.0
s7326,Movie,2019,"September 1, 2019",0,TV-14,Comedies,United Arab Emirates,2,1,95.0
s7327,Movie,2020,"March 27, 2020",0,TV-MA,Dramas,United States,2,1,104.0
s7328,Movie,2019,"March 3, 2020",1,TV-MA,Dramas,South Africa,2,1,98.0
s7329,Movie,2019,"May 25, 2020",1,R,Dramas,United States,2,1,135.0
s7330,Movie,2011,"August 18, 2017",6,PG-13,Documentaries,United States,2,1,113.0
s7331,Movie,2017,"December 15, 2017",0,TV-14,Action & Adventure,United States,3,1,40.0
s7332,TV Show,2016,"February 1, 2018",2,TV-MA,Crime TV Shows,United States,3,1,8.0
s7333,TV Show,2016,"June 10, 2017",1,TV-14,International TV Shows,South Korea,3,1,1.0
s7334,Movie,2007,"October 19, 2020",13,TV-MA,Dramas,France,3,3,94.0
s7335,Movie,2018,"September 23, 2019",1,TV-MA,Comedies,United States,3,1,87.0
s7336,Movie,2020,"July 1, 2020",0,TV-MA,Comedies,Italy,3,1,102.0
s7337,Movie,2016,"January 7, 2017",1,PG-13,Horror Movies,United Kingdom,3,4,84.0
s7338,Movie,2013,"July 15, 2018",5,R,Dramas,Switzerland,3,3,108.0
s7339,TV Show,2020,"November 9, 2020",0,TV-MA,Crime TV Shows,Belgium,3,2,2.0
s7340,Movie,2019,"November 5, 2019",0,R,Comedies,United States,1,1,85.0
s7341,Movie,2016,"November 1, 2017",1,PG-13,Action & Adventure,Canada,3,1,94.0
s7342,TV Show,2017,"August 31, 2018",1,TV-MA,Crime TV Shows,Colombia,3,1,1.0
s7343,Movie,1943,"March 31, 2017",74,TV-PG,Classic Movies,United States,2,1,61.0
s7344,Movie,2013,"June 15, 2020",7,PG,Children & Family Movies,Argentina,2,2,85.0
s7345,Movie,2017,"November 26, 2020",3,TV-14,Comedies,Philippines,3,1,121.0
s7346,Movie,2012,"July 22, 2019",7,PG-13,Comedies,United Kingdom,3,2,94.0
s7347,Movie,2014,"October 16, 2020",6,R,Horror Movies,United States,2,2,83.0
s7348,Movie,2014,"April 1, 2020",6,TV-14,Comedies,India,3,1,114.0
s7349,Movie,2019,"April 5, 2019",0,TV-14,Comedies,United States,3,1,92.0
s7350,Movie,2017,"December 31, 2019",2,TV-14,Dramas,Canada,3,2,105.0
s7351,TV Show,2017,"June 15, 2019",2,TV-MA,Crime TV Shows,Belgium,3,1,1.0
s7352,Movie,2011,"January 1, 2021",10,PG-13,Action & Adventure,United Kingdom,2,4,113.0
s7353,Movie,2020,"August 28, 2020",0,TV-MA,International Movies,Spain,2,1,97.0
s7354,TV Show,2020,"July 30, 2020",0,TV-MA,International TV Shows,Unknown,3,0,1.0
s7355,TV Show,2019,"October 18, 2019",0,TV-MA,Docuseries,United States,2,1,1.0
s7356,TV Show,2020,"March 26, 2020",0,TV-MA,International TV Shows,Germany,2,1,1.0
s7357,TV Show,2019,"July 17, 2019",0,TV-14,International TV Shows,China,3,1,1.0
s7358,Movie,2017,"January 15, 2018",1,TV-14,Documentaries,United Kingdom,1,2,97.0
s7359,TV Show,2012,"July 1, 2017",5,TV-14,Crime TV Shows,Singapore,3,1,2.0
s7360,Movie,2011,"June 20, 2019",8,TV-14,International Movies,Egypt,2,1,83.0
s7361,TV Show,2018,"February 27, 2019",1,TV-MA,Crime TV Shows,United States,2,1,1.0
s7362,TV Show,2020,"October 19, 2020",0,TV-MA,Crime TV Shows,Unknown,2,0,2.0
s7363,Movie,1990,"October 1, 2011",21,TV-14,Dramas,United States,1,1,95.0
s7364,TV Show,2020,"February 28, 2020",0,TV-MA,International TV Shows,Mexico,3,1,1.0
s7365,Movie,2018,"February 20, 2020",2,TV-PG,Children & Family Movies,Romania,3,2,93.0
s7366,TV Show,2020,"January 10, 2020",0,TV-MA,International TV Shows,France,3,1,1.0
s7367,Movie,2018,"January 29, 2019",1,TV-MA,Dramas,Spain,3,1,86.0
s7368,Movie,2009,"January 1, 2020",11,R,Comedies,United States,3,1,110.0
s7369,Movie,2018,"October 18, 2019",1,TV-14,Dramas,Nigeria,2,1,99.0
s7370,TV Show,2011,"June 10, 2019",8,TV-Y,Kids' TV,Malaysia,1,1,1.0
s7371,Movie,2020,"February 5, 2020",0,TV-MA,Documentaries,United States,2,1,106.0
s7372,Movie,2019,"October 18, 2019",0,TV-14,Comedies,India,3,1,112.0
s7373,Movie,2019,"August 2, 2019",0,TV-14,Dramas,India,2,1,116.0
s7374,Movie,2017,"January 15, 2018",1,TV-MA,Dramas,India,3,1,121.0
s7375,Movie,2020,"July 14, 2020",0,TV-MA,Stand-Up Comedy,Australia,1,1,62.0
s7376,Movie,2018,"June 22, 2018",0,TV-MA,Dramas,China,3,1,119.0
s7377,Movie,2018,"September 1, 2019",1,TV-14,Action & Adventure,Egypt,3,1,95.0
s7378,Movie,2016,"September 25, 2019",3,R,Action & Adventure,United States,1,1,130.0
s7379,Movie,2019,"August 14, 2019",0,TV-14,Dramas,India,2,1,119.0
s7380,Movie,2005,"October 1, 2018",13,R,Action & Adventure,United States,3,3,132.0
s7381,TV Show,2019,"December 5, 2019",0,TV-MA,TV Action & Adventure,United States,3,1,1.0
s7382,TV Show,1995,"January 1, 2016",21,TV-G,Kids' TV,United States,1,1,2.0
s7383,TV Show,2019,"September 21, 2019",0,TV-MA,International TV Shows,South Korea,3,1,1.0
s7384,TV Show,2018,"November 16, 2018",0,TV-MA,Docuseries,Brazil,3,1,1.0
s7385,TV Show,2020,"November 24, 2020",0,TV-14,International TV Shows,Egypt,3,1,1.0
s7386,TV Show,2020,"May 8, 2020",0,TV-MA,International TV Shows,Spain,3,1,1.0
s7387,TV Show,2018,"February 6, 2018",0,TV-14,TV Action & Adventure,United States,2,1,1.0
s7388,TV Show,2008,"October 15, 2016",8,TV-14,Anime Series,Japan,3,1,2.0
s7389,TV Show,2020,"March 20, 2020",0,TV-MA,International TV Shows,France,3,1,1.0
s7390,Movie,2020,"October 2, 2020",0,PG-13,Comedies,United States,2,1,86.0
s7391,TV Show,2019,"September 27, 2020",1,TV-MA,International TV Shows,United States,3,1,4.0
s7392,Movie,2018,"December 15, 2018",0,TV-MA,Dramas,India,3,1,145.0
s7393,Movie,2008,"November 1, 2019",11,PG-13,Action & Adventure,United States,1,1,90.0
s7394,Movie,2020,"April 20, 2020",0,TV-14,Comedies,India,3,1,144.0
s7395,Movie,2016,"November 1, 2018",2,TV-MA,Dramas,South Africa,3,1,106.0
s7396,Movie,2016,"October 15, 2017",1,TV-14,Action & Adventure,India,3,1,117.0
s7397,Movie,2018,"December 31, 2019",1,TV-14,Comedies,India,3,1,130.0
s7398,Movie,2016,"July 4, 2017",1,TV-14,Documentaries,United States,1,1,78.0
s7399,TV Show,2017,"September 15, 2017",0,TV-Y,Kids' TV,United States,1,1,2.0
s7400,TV Show,2016,"September 23, 2016",0,TV-Y,Kids' TV,United States,1,1,4.0
s7401,TV Show,2016,"March 4, 2020",4,TV-14,International TV Shows,Spain,3,1,4.0
s7402,Movie,2019,"February 1, 2019",0,R,Dramas,United States,2,1,113.0
s7403,TV Show,2018,"February 14, 2019",1,TV-14,International TV Shows,Spain,3,1,2.0
s7404,Movie,2020,"March 1, 2020",0,TV-14,Dramas,Unknown,3,0,82.0
s7405,Movie,2017,"October 1, 2017",0,TV-MA,Dramas,Mexico,3,1,81.0
s7406,Movie,2017,"February 25, 2018",1,TV-MA,Horror Movies,Spain,3,1,105.0
s7407,TV Show,2018,"March 29, 2019",1,TV-MA,International TV Shows,France,2,2,3.0
s7408,Movie,2008,"March 27, 2019",11,TV-PG,Dramas,Indonesia,3,1,126.0
s7409,Movie,2017,"October 18, 2019",2,TV-14,Dramas,Indonesia,3,1,127.0
s7410,Movie,2015,"January 12, 2017",2,TV-MA,Comedies,Lebanon,3,2,109.0
s7411,Movie,2012,"October 1, 2018",6,TV-14,Action & Adventure,India,3,1,156.0
s7412,TV Show,2012,"August 1, 2017",5,TV-MA,British TV Shows,United Kingdom,3,1,2.0
s7413,Movie,2017,"December 12, 2017",0,NR,Dramas,United Kingdom,1,3,106.0
s7414,TV Show,2018,"August 16, 2019",1,TV-MA,International TV Shows,Spain,3,1,1.0
s7415,Movie,1991,"October 1, 2011",20,TV-14,Dramas,United States,2,1,93.0
s7416,Movie,2015,"July 24, 2017",2,PG-13,Dramas,United States,1,1,110.0
s7417,TV Show,2013,"November 2, 2019",6,TV-G,Kids' TV,United States,2,1,3.0
s7418,TV Show,2006,"November 1, 2019",13,TV-MA,International TV Shows,Argentina,3,2,1.0
s7419,Movie,2018,"February 2, 2019",1,R,Action & Adventure,United Kingdom,2,2,91.0
s7420,Movie,2016,"March 1, 2017",1,TV-PG,Documentaries,United States,1,1,113.0
s7421,Movie,2020,"September 5, 2020",0,R,Dramas,United Kingdom,1,1,97.0
s7422,Movie,2016,"March 21, 2019",3,TV-PG,International Movies,Philippines,2,1,115.0
s7423,Movie,2016,"September 2, 2017",1,R,Dramas,United States,2,1,101.0
s7424,TV Show,2018,"February 5, 2019",1,TV-14,Anime Series,Japan,3,1,1.0
s7425,Movie,2019,"April 2, 2020",1,TV-PG,Anime Features,Japan,3,1,91.0
s7426,TV Show,2018,"October 4, 2018",0,TV-PG,Anime Series,Unknown,3,0,1.0
s7427,Movie,2017,"April 25, 2017",0,TV-MA,Stand-Up Comedy,United States,1,1,66.0
s7428,Movie,2020,"January 26, 2020",0,TV-MA,Stand-Up Comedy,India,1,1,76.0
s7429,Movie,2018,"December 11, 2018",0,TV-MA,Stand-Up Comedy,United States,1,1,68.0
s7430,Movie,2020,"December 16, 2020",0,TV-MA,Stand-Up Comedy,India,1,1,50.0
s7431,TV Show,2013,"March 31, 2018",5,TV-Y7,Kids' TV,Unknown,1,0,2.0
s7432,TV Show,2020,"November 27, 2020",0,TV-14,Romantic TV Shows,United States,2,1,2.0
s7433,Movie,2010,"January 30, 2019",9,TV-14,Dramas,India,3,2,127.0
s7434,Movie,2014,"November 7, 2014",0,TV-MA,Documentaries,United Kingdom,2,1,100.0
s7435,Movie,2015,"February 13, 2015",0,TV-14,Documentaries,United States,1,1,29.0
s7436,Movie,2017,"July 1, 2018",1,TV-14,Dramas,India,2,1,125.0
s7437,Movie,2014,"July 15, 2017",3,TV-14,Dramas,India,2,1,116.0
s7438,Movie,2006,"June 25, 2020",14,TV-14,Dramas,India,3,1,166.0
s7439,Movie,2001,"March 10, 2017",16,NR,Comedies,Turkey,3,1,106.0
s7440,Movie,2004,"March 10, 2017",13,NR,Comedies,Turkey,3,1,106.0
s7441,Movie,2018,"December 31, 2019",1,TV-14,Dramas,India,3,1,113.0
s7442,TV Show,2018,"November 1, 2020",2,TV-14,Crime TV Shows,South Korea,3,1,2.0
s7443,TV Show,2020,"November 20, 2020",0,TV-PG,Docuseries,United States,2,1,1.0
s7444,TV Show,2018,"December 14, 2018",0,TV-Y7,Kids' TV,United States,1,1,8.0
s7445,Movie,2018,"March 1, 2020",2,TV-MA,Documentaries,France,2,1,93.0
s7446,Movie,2017,"December 1, 2017",0,TV-MA,Documentaries,United States,1,1,96.0
s7448,Movie,2018,"June 19, 2019",1,TV-MA,Dramas,United Kingdom,1,1,99.0
s7449,Movie,2018,"June 26, 2018",0,TV-MA,Stand-Up Comedy,United States,1,1,66.0
s7450,Movie,2011,"March 3, 2020",9,R,Dramas,United Kingdom,2,1,119.0
s7451,TV Show,2015,"November 13, 2015",0,TV-MA,TV Comedies,United States,1,1,1.0
s7452,Movie,2018,"October 26, 2018",0,TV-MA,Dramas,India,3,1,115.0
s7453,TV Show,2017,"October 24, 2017",0,TV-MA,British TV Shows,United Kingdom,2,1,3.0
s7454,Movie,2013,"July 1, 2017",4,TV-MA,Action & Adventure,Pakistan,2,1,130.0
s7455,Movie,2016,"November 1, 2017",1,TV-14,Action & Adventure,India,3,1,120.0
s7456,TV Show,2015,"December 29, 2017",2,TV-14,International TV Shows,Unknown,2,0,1.0
s7457,Movie,2012,"May 19, 2020",8,PG,Dramas,Saudi Arabia,3,6,93.0
s7458,TV Show,2019,"October 27, 2019",0,TV-PG,International TV Shows,China,3,1,1.0
s7459,Movie,2015,"May 1, 2018",3,TV-MA,Dramas,India,2,1,94.0
s7460,Movie,2010,"September 7, 2020",10,PG,Documentaries,United States,1,1,111.0
s7461,Movie,2005,"September 23, 2020",15,R,Comedies,United States,2,1,94.0
s7462,TV Show,2017,"March 31, 2018",1,TV-14,International TV Shows,Unknown,2,0,2.0
s7463,Movie,2009,"October 1, 2018",9,TV-14,Comedies,India,3,1,132.0
s7464,Movie,2016,"March 2, 2019",3,R,Dramas,United States,1,1,109.0
s7465,TV Show,2017,"April 6, 2018",1,TV-PG,Kids' TV,France,1,1,3.0
s7466,TV Show,2014,"October 1, 2015",1,TV-PG,Kids' TV,Unknown,1,0,1.0
s7467,Movie,2017,"October 6, 2020",3,TV-14,Dramas,United States,2,1,81.0
s7468,Movie,2017,"December 26, 2017",0,TV-PG,Documentaries,United Kingdom,1,1,94.0
s7469,Movie,2019,"March 8, 2019",0,TV-PG,Children & Family Movies,United States,2,1,100.0
s7470,Movie,2017,"October 1, 2019",2,PG-13,Dramas,United States,3,1,96.0
s7471,Movie,2015,"October 25, 2015",0,TV-Y,Children & Family Movies,United States,1,1,90.0
s7472,Movie,2019,"May 21, 2019",0,TV-MA,Stand-Up Comedy,United States,1,1,66.0
s7473,Movie,2019,"December 1, 2019",0,TV-MA,Documentaries,France,3,1,95.0
s7474,TV Show,2018,"October 19, 2018",0,TV-MA,British TV Shows,United Kingdom,3,1,1.0
s7475,TV Show,2018,"December 13, 2018",0,TV-14,Crime TV Shows,Australia,3,1,3.0
s7476,Movie,2007,"April 1, 2019",12,R,Action & Adventure,United States,1,2,103.0
s7477,Movie,2013,"July 1, 2019",6,TV-MA,Documentaries,United States,2,2,61.0
s7478,Movie,2013,"March 2, 2019",6,TV-14,Comedies,India,3,1,109.0
s7479,Movie,2011,"May 6, 2019",8,PG-13,Dramas,United States,1,2,147.0
s7480,Movie,2017,"May 26, 2017",0,TV-MA,Comedies,United States,2,1,123.0
s7481,Movie,2016,"December 3, 2019",3,R,Action & Adventure,United Kingdom,2,1,98.0
s7482,Movie,2014,"April 18, 2019",5,TV-14,Horror Movies,Egypt,3,1,73.0
s7483,Movie,2015,"November 1, 2017",2,TV-14,Comedies,Mexico,3,1,92.0
s7484,TV Show,2018,"November 13, 2018",0,TV-MA,Crime TV Shows,Denmark,3,1,1.0
s7485,TV Show,2020,"July 2, 2020",0,TV-MA,TV Action & Adventure,United States,3,1,1.0
s7486,TV Show,2014,"September 15, 2016",2,TV-MA,Docuseries,Poland,2,1,1.0
s7487,TV Show,2020,"July 9, 2020",0,TV-14,International TV Shows,South Korea,3,1,1.0
s7488,Movie,2020,"June 19, 2020",0,TV-MA,Dramas,France,3,4,128.0
s7489,TV Show,2020,"March 27, 2020",0,TV-MA,International TV Shows,Unknown,3,0,1.0
s7490,Movie,2019,"September 4, 2019",0,TV-14,Comedies,India,3,1,93.0
s7491,Movie,2017,"February 1, 2018",1,PG,Documentaries,United States,1,1,78.0
s7492,Movie,2018,"July 25, 2018",0,TV-G,Documentaries,United States,1,5,68.0
s7493,TV Show,2018,"December 23, 2018",0,TV-PG,British TV Shows,United Kingdom,3,3,1.0
s7494,TV Show,2011,"December 24, 2018",7,TV-14,International TV Shows,Taiwan,3,1,1.0
s7495,Movie,2016,"August 1, 2019",3,TV-MA,Dramas,India,3,1,98.0
s7496,Movie,1979,"November 11, 2020",41,TV-14,Documentaries,Lebanon,2,3,74.0
s7497,Movie,2010,"October 1, 2018",8,TV-14,Dramas,India,2,2,119.0
s7498,Movie,2019,"June 1, 2019",0,TV-14,Action & Adventure,Hong Kong,3,1,109.0
s7499,Movie,2020,"July 14, 2020",0,TV-MA,Documentaries,France,3,1,86.0
s7500,TV Show,2020,"November 17, 2020",0,TV-MA,Docuseries,United States,2,1,1.0
s7501,TV Show,2019,"November 1, 2019",0,TV-MA,International TV Shows,Germany,3,1,1.0
s7502,Movie,2014,"January 15, 2017",3,TV-MA,Dramas,Germany,2,1,123.0
s7503,Movie,2015,"January 27, 2020",5,R,Dramas,United Kingdom,3,3,96.0
s7504,TV Show,2018,"February 12, 2020",2,TV-Y,Kids' TV,United States,2,1,2.0
s7505,Movie,2018,"July 16, 2019",1,TV-14,Thrillers,United States,1,1,83.0
s7506,Movie,2020,"December 25, 2020",0,PG,Children & Family Movies,United States,2,1,101.0
s7507,Movie,2018,"October 1, 2020",2,TV-14,Dramas,United States,2,1,95.0
s7508,Movie,2016,"September 1, 2016",0,TV-MA,Comedies,Spain,3,1,91.0
s7509,TV Show,2018,"March 17, 2020",2,TV-MA,Docuseries,United States,1,1,1.0
s7510,Movie,2020,"August 8, 2020",0,R,Horror Movies,United States,2,3,90.0
s7511,Movie,2018,"February 11, 2019",1,R,Dramas,United States,2,1,93.0
s7512,Movie,2017,"July 1, 2018",1,TV-PG,Documentaries,United States,2,1,38.0
s7513,Movie,2012,"April 28, 2020",8,TV-14,Action & Adventure,Egypt,3,1,106.0
s7514,TV Show,2017,"January 10, 2017",0,TV-Y,Kids' TV,United States,2,1,1.0
s7515,Movie,2015,"August 15, 2017",2,TV-MA,Comedies,United States,3,2,94.0
s7516,Movie,2018,"March 2, 2019",1,TV-MA,Documentaries,Austria,2,3,89.0
s7517,Movie,1983,"October 1, 2019",36,TV-MA,Dramas,Poland,2,1,91.0
s7518,Movie,2017,"October 19, 2017",0,TV-MA,Comedies,France,3,1,94.0
s7519,Movie,2018,"May 14, 2020",2,TV-PG,Comedies,Kuwait,3,1,72.0
s7520,Movie,2018,"May 14, 2019",1,TV-MA,Documentaries,United States,1,1,94.0
s7521,TV Show,2012,"April 1, 2014",2,TV-MA,TV Comedies,United States,2,1,8.0
s7522,Movie,2016,"September 27, 2018",2,TV-MA,Dramas,Hong Kong,3,1,95.0
s7524,Movie,2007,"September 28, 2020",13,TV-PG,Comedies,India,3,1,149.0
s7525,Movie,2015,"March 1, 2018",3,TV-MA,Comedies,India,2,1,124.0
s7526,Movie,2013,"October 1, 2016",3,TV-MA,Comedies,Italy,2,1,99.0
s7527,Movie,2016,"October 1, 2017",1,TV-Y7,Children & Family Movies,United States,1,1,73.0
s7528,Movie,2014,"March 23, 2017",3,R,Dramas,United States,2,2,108.0
s7529,Movie,2008,"November 1, 2018",10,TV-14,Comedies,India,3,1,131.0
s7530,Movie,2020,"September 29, 2020",0,R,Action & Adventure,United States,1,1,80.0
s7531,TV Show,2018,"July 27, 2018",0,TV-MA,International TV Shows,Spain,3,1,1.0
s7532,Movie,2017,"February 6, 2018",1,TV-MA,Comedies,United States,3,1,84.0
s7533,Movie,2009,"November 19, 2020",11,TV-14,Comedies,India,2,1,135.0
s7534,TV Show,2020,"April 1, 2020",0,TV-14,International TV Shows,China,3,1,2.0
s7535,TV Show,2020,"September 30, 2020",0,TV-MA,Crime TV Shows,Australia,2,1,8.0
s7536,Movie,1999,"October 19, 2020",21,TV-MA,Dramas,France,2,4,106.0
s7537,Movie,2016,"October 28, 2016",0,TV-MA,Comedies,France,3,1,81.0
s7538,TV Show,2015,"October 15, 2017",2,TV-G,Docuseries,United States,2,1,6.0
s7539,Movie,1967,"October 1, 2019",52,TV-MA,Classic Movies,Poland,3,1,93.0
s7540,TV Show,2018,"November 9, 2018",0,TV-MA,Reality TV,United States,1,1,1.0
s7541,TV Show,2003,"November 15, 2019",16,TV-14,International TV Shows,Unknown,3,0,1.0
s7542,Movie,2019,"August 9, 2019",0,TV-MA,Documentaries,Unknown,2,0,96.0
s7543,TV Show,2015,"July 31, 2015",0,TV-MA,TV Comedies,United States,1,1,1.0
s7544,TV Show,2017,"August 4, 2017",0,TV-MA,TV Comedies,United States,1,1,1.0
s7545,TV Show,2019,"May 24, 2019",0,TV-MA,TV Dramas,United States,2,1,1.0
s7546,Movie,2003,"May 1, 2020",17,PG,Children & Family Movies,United States,2,2,105.0
s7547,Movie,2017,"July 1, 2018",1,TV-14,Comedies,China,3,1,102.0
s7548,Movie,2020,"May 20, 2020",0,TV-MA,Comedies,India,3,1,92.0
s7549,Movie,2018,"October 19, 2020",2,TV-14,Comedies,Lebanon,3,1,98.0
s7550,Movie,2020,"January 20, 2020",0,TV-14,Dramas,United States,2,1,17.0
s7551,Movie,2017,"August 18, 2017",0,TV-MA,Action & Adventure,United Kingdom,2,4,124.0
s7552,Movie,2021,"January 1, 2021",0,TV-MA,Comedies,South Korea,2,1,102.0
s7553,Movie,2015,"June 26, 2015",0,TV-14,Documentaries,United States,2,1,103.0
s7554,TV Show,2016,"May 5, 2017",1,TV-14,International TV Shows,Turkey,3,1,1.0
s7555,TV Show,2019,"May 7, 2019",0,TV-14,International TV Shows,Unknown,2,0,1.0
s7556,TV Show,2015,"April 28, 2017",2,TV-14,International TV Shows,South Korea,3,1,1.0
s7557,TV Show,2012,"January 1, 2017",5,TV-14,International TV Shows,Taiwan,3,1,1.0
s7558,Movie,2018,"August 1, 2020",2,R,LGBTQ Movies,Canada,2,1,99.0
s7559,Movie,2000,"January 1, 2020",20,PG-13,Horror Movies,United States,2,1,130.0
s7560,Movie,2017,"February 1, 2019",2,TV-14,Documentaries,United Kingdom,1,1,52.0
s7561,TV Show,2017,"October 1, 2017",0,TV-14,International TV Shows,Taiwan,2,1,1.0
s7562,Movie,2018,"December 21, 2018",0,TV-14,Dramas,United States,2,1,91.0
s7563,Movie,2019,"November 25, 2019",0,TV-MA,Documentaries,Spain,2,1,87.0
s7564,Movie,2013,"July 5, 2020",7,TV-14,Comedies,India,2,1,96.0
s7565,Movie,2017,"June 16, 2017",0,TV-PG,Documentaries,United States,1,1,92.0
s7566,Movie,2015,"October 1, 2018",3,TV-PG,Comedies,India,3,1,140.0
s7567,TV Show,2020,"January 30, 2020",0,TV-14,International TV Shows,United States,3,1,1.0
s7568,Movie,2017,"July 1, 2018",1,TV-MA,Documentaries,United States,2,1,96.0
s7569,Movie,2020,"November 11, 2020",0,TV-MA,Dramas,Austria,2,1,93.0
s7570,Movie,2021,"January 15, 2021",0,TV-14,Documentaries,United States,1,1,32.0
s7571,Movie,1993,"January 1, 2021",28,PG-13,Classic Movies,United States,3,1,118.0
s7572,TV Show,2005,"December 15, 2019",14,TV-Y7,Kids' TV,United States,2,1,3.0
s7573,Movie,2002,"December 8, 2018",16,R,Dramas,Indonesia,3,1,110.0
s7574,Movie,2006,"June 2, 2020",14,TV-PG,Comedies,Saudi Arabia,3,2,95.0
s7575,Movie,2009,"August 15, 2020",11,TV-PG,Comedies,India,3,1,203.0
s7576,Movie,2017,"October 20, 2017",0,TV-MA,Action & Adventure,United States,1,1,82.0
s7577,Movie,2020,"November 1, 2020",0,R,Comedies,United States,2,1,107.0
s7578,Movie,2018,"December 28, 2018",0,TV-MA,Dramas,Spain,3,1,96.0
s7579,TV Show,2017,"December 29, 2018",1,TV-PG,TV Dramas,United States,1,1,5.0
s7580,Movie,2013,"December 25, 2016",3,NR,Documentaries,United Kingdom,2,3,75.0
s7581,TV Show,2018,"January 10, 2019",1,TV-MA,International TV Shows,Israel,3,1,1.0
s7582,TV Show,2015,"October 1, 2016",1,TV-14,International TV Shows,Taiwan,3,1,1.0
s7583,Movie,2014,"February 26, 2020",6,TV-14,International Movies,Nigeria,2,1,109.0
s7584,TV Show,2019,"September 18, 2019",0,TV-14,International TV Shows,South Korea,3,1,1.0
s7585,TV Show,2019,"May 31, 2019",0,TV-MA,Crime TV Shows,United States,2,1,1.0
s7586,Movie,2016,"November 30, 2016",0,TV-14,Documentaries,Peru,2,3,103.0
s7587,Movie,2018,"February 9, 2018",0,TV-14,Comedies,United States,2,1,97.0
s7588,Movie,2000,"January 15, 2020",20,PG-13,Action & Adventure,Germany,3,4,89.0
s7589,Movie,2017,"January 22, 2018",1,R,Comedies,United States,1,1,86.0
s7590,Movie,2015,"October 23, 2017",2,R,Comedies,United States,3,1,97.0
s7591,Movie,2019,"August 15, 2019",0,TV-MA,Stand-Up Comedy,Brazil,1,1,69.0
s7592,Movie,2020,"September 18, 2020",0,TV-14,Comedies,Indonesia,3,1,98.0
s7593,Movie,2004,"January 22, 2020",16,TV-MA,Comedies,Uruguay,3,4,98.0
s7594,Movie,1980,"October 19, 2020",40,TV-14,Documentaries,Lebanon,2,3,93.0
s7595,Movie,2018,"August 1, 2019",1,TV-MA,Sci-Fi & Fantasy,United Kingdom,2,1,89.0
s7596,Movie,1954,"November 15, 2020",66,TV-G,Children & Family Movies,United States,3,1,120.0
s7597,Movie,2018,"July 6, 2018",0,TV-PG,Children & Family Movies,France,2,3,88.0
s7598,Movie,2016,"December 2, 2016",0,TV-MA,Dramas,United States,2,1,90.0
s7599,TV Show,2019,"May 17, 2019",0,TV-MA,British TV Shows,United Kingdom,3,1,2.0
s7600,Movie,2016,"September 25, 2017",1,TV-MA,Comedies,United Kingdom,3,1,91.0
s7601,TV Show,2020,"May 15, 2020",0,TV-MA,British TV Shows,United Kingdom,3,2,1.0
s7602,TV Show,2016,"February 14, 2017",1,TV-14,International TV Shows,South Korea,3,1,1.0
s7603,TV Show,2016,"December 9, 2016",0,TV-14,Docuseries,United States,3,1,1.0
s7604,Movie,2019,"July 30, 2019",0,TV-MA,Stand-Up Comedy,Unknown,1,0,59.0
s7605,Movie,2010,"January 1, 2019",9,TV-MA,Stand-Up Comedy,United States,1,1,48.0
s7606,TV Show,2019,"November 20, 2019",0,TV-MA,Crime TV Shows,France,3,1,1.0
s7607,TV Show,2020,"February 7, 2020",0,TV-MA,Crime TV Shows,United States,2,1,1.0
s7608,Movie,2017,"September 1, 2017",0,TV-MA,Documentaries,United States,3,1,78.0
s7609,Movie,2019,"April 13, 2019",0,TV-MA,Dramas,Spain,2,1,94.0
s7610,Movie,1967,"July 1, 2019",52,R,Classic Movies,United States,3,1,90.0
s7611,TV Show,2011,"January 1, 2017",6,TV-14,International TV Shows,Taiwan,3,1,1.0
s7612,Movie,2017,"November 16, 2020",3,R,Documentaries,United States,1,1,102.0
s7613,TV Show,2020,"September 28, 2020",0,TV-PG,Docuseries,United States,1,1,1.0
s7614,Movie,2016,"February 1, 2019",3,TV-14,Documentaries,United Kingdom,1,1,50.0
s7615,Movie,2016,"October 15, 2017",1,TV-MA,Documentaries,Canada,1,5,84.0
s7616,Movie,2015,"December 1, 2019",4,TV-MA,Dramas,Romania,3,3,126.0
s7617,Movie,1943,"March 31, 2017",74,TV-PG,Documentaries,United States,1,1,82.0
s7618,TV Show,2015,"March 31, 2017",2,TV-PG,British TV Shows,United Kingdom,3,1,1.0
s7619,TV Show,2013,"March 31, 2017",4,TV-PG,British TV Shows,United Kingdom,3,1,1.0
s7620,Movie,2008,"November 1, 2019",11,PG-13,Comedies,United States,2,3,98.0
s7621,TV Show,2019,"November 8, 2019",0,TV-MA,Crime TV Shows,Colombia,3,1,2.0
s7622,Movie,2016,"May 13, 2017",1,PG-13,Comedies,Germany,1,2,86.0
s7623,TV Show,2018,"March 16, 2018",0,TV-MA,Crime TV Shows,United States,2,1,1.0
s7624,Movie,1999,"January 1, 2020",21,PG-13,Action & Adventure,United States,3,1,106.0
s7625,Movie,2018,"September 1, 2020",2,PG-13,Dramas,United States,2,1,105.0
s7626,Movie,2018,"April 1, 2020",2,R,Horror Movies,United States,3,1,93.0
s7627,Movie,2017,"November 4, 2017",0,TV-MA,Documentaries,United Kingdom,3,1,105.0
s7628,Movie,2019,"March 27, 2020",1,TV-Y,Children & Family Movies,Hungary,1,1,72.0
s7629,Movie,1971,"January 1, 2020",49,G,Children & Family Movies,United States,3,3,100.0
s7630,Movie,2017,"April 7, 2017",0,TV-MA,Comedies,United States,3,1,89.0
s7631,TV Show,2020,"April 22, 2020",0,TV-14,British TV Shows,United Kingdom,3,1,1.0
s7632,Movie,2018,"July 1, 2020",2,PG-13,Horror Movies,Australia,2,2,100.0
s7633,Movie,2019,"May 10, 2019",0,R,Comedies,United States,1,1,104.0
s7634,Movie,2017,"February 26, 2018",1,TV-14,Documentaries,France,2,4,85.0
s7635,TV Show,2016,"December 15, 2018",2,TV-G,Reality TV,United States,1,1,1.0
s7636,Movie,1981,"November 1, 2016",35,NR,Classic Movies,Australia,2,1,86.0
s7637,Movie,2015,"October 9, 2015",0,TV-MA,Documentaries,United Kingdom,2,3,99.0
s7638,TV Show,2014,"August 1, 2017",3,TV-MA,International TV Shows,Turkey,3,1,1.0
s7639,Movie,2010,"March 1, 2019",9,R,Dramas,United States,2,1,100.0
s7640,TV Show,2015,"April 15, 2020",5,TV-Y7,Kids' TV,Italy,1,1,1.0
s7641,Movie,2019,"June 15, 2020",1,TV-14,Action & Adventure,Malaysia,3,1,108.0
s7642,Movie,2014,"August 16, 2018",4,R,Comedies,United States,3,1,106.0
s7643,Movie,2019,"December 3, 2019",0,TV-14,Children & Family Movies,United States,2,1,108.0
s7644,Movie,2020,"September 15, 2020",0,PG,Children & Family Movies,Unknown,1,0,93.0
s7645,Movie,2021,"January 15, 2021",0,TV-PG,Dramas,Unknown,3,0,102.0
s7646,TV Show,2015,"September 1, 2016",1,TV-14,British TV Shows,United Kingdom,3,1,1.0
s7647,Movie,2017,"May 1, 2018",1,TV-MA,Dramas,Canada,2,1,74.0
s7648,Movie,2011,"May 31, 2017",6,TV-14,Documentaries,United Kingdom,1,1,80.0
s7649,Movie,2016,"December 6, 2019",3,TV-14,Comedies,Nigeria,3,1,92.0
s7650,Movie,2017,"December 6, 2019",2,TV-PG,Comedies,United Kingdom,3,2,93.0
s7651,TV Show,2020,"August 7, 2020",0,TV-Y7,Kids' TV,United States,3,1,1.0
s7652,TV Show,2018,"December 21, 2018",0,TV-MA,International TV Shows,Turkey,3,1,1.0
s7653,Movie,2016,"March 29, 2019",3,R,Dramas,United States,3,1,109.0
s7655,Movie,2019,"January 14, 2020",1,TV-MA,Action & Adventure,Poland,3,1,132.0
s7656,TV Show,2019,"March 18, 2020",1,TV-MA,Crime TV Shows,Netherlands,3,1,1.0
s7657,Movie,2014,"September 11, 2020",6,TV-14,Stand-Up Comedy,Unknown,1,0,69.0
s7658,Movie,2017,"June 21, 2020",3,R,Dramas,United States,3,1,101.0
s7659,Movie,2019,"August 13, 2019",0,TV-MA,Documentaries,United States,2,1,97.0
s7660,Movie,2017,"February 6, 2018",1,PG,Children & Family Movies,United States,2,1,91.0
s7661,TV Show,2020,"January 21, 2020",0,TV-Y,Kids' TV,United States,1,1,4.0
s7662,TV Show,2020,"August 7, 2020",0,TV-Y,Kids' TV,United States,1,1,1.0
s7663,Movie,2020,"August 7, 2020",0,TV-14,Comedies,United States,1,1,94.0
s7664,TV Show,2020,"May 6, 2020",0,TV-MA,International TV Shows,Canada,2,1,4.0
s7665,TV Show,2014,"July 1, 2017",3,TV-14,International TV Shows,Singapore,2,1,1.0
s7666,Movie,2020,"April 15, 2020",0,TV-MA,Dramas,India,3,1,147.0
s7667,TV Show,2017,"June 16, 2017",0,TV-Y7,Kids' TV,Italy,1,2,2.0
s7668,Movie,2006,"November 20, 2019",13,PG-13,Action & Adventure,United States,2,1,129.0
s7669,TV Show,2009,"August 1, 2017",8,TV-MA,British TV Shows,United Kingdom,3,1,1.0
s7670,TV Show,2017,"February 1, 2019",2,TV-PG,British TV Shows,United Kingdom,2,1,1.0
s7671,TV Show,2020,"August 5, 2020",0,TV-14,Crime TV Shows,United States,3,1,1.0
s7672,Movie,2015,"February 1, 2019",4,TV-PG,Movies,Unknown,1,0,49.0
s7673,TV Show,2017,"December 15, 2017",0,TV-14,Crime TV Shows,United States,2,1,1.0
s7674,Movie,2013,"June 5, 2019",6,TV-MA,Horror Movies,United States,3,1,93.0
s7675,TV Show,2018,"November 6, 2020",2,TV-MA,TV Comedies,Australia,2,1,1.0
s7676,Movie,2015,"July 1, 2017",2,TV-14,Comedies,Pakistan,3,1,133.0
s7677,Movie,2016,"October 1, 2017",1,TV-MA,Dramas,India,2,1,140.0
s7678,TV Show,2019,"August 8, 2019",0,TV-MA,TV Action & Adventure,United States,2,1,1.0
s7679,TV Show,2009,"May 2, 2020",11,TV-14,Docuseries,United States,1,1,1.0
s7680,Movie,1943,"March 31, 2017",74,TV-PG,Documentaries,United States,1,1,45.0
s7681,Movie,2014,"October 21, 2014",0,TV-MA,Stand-Up Comedy,United States,1,1,68.0
s7682,Movie,1994,"January 1, 2020",26,PG-13,Action & Adventure,United States,1,1,191.0
s7683,TV Show,2018,"July 16, 2019",1,TV-14,International TV Shows,Canada,3,2,3.0
s7684,Movie,2011,"June 2, 2020",9,TV-14,Comedies,Egypt,3,1,135.0
s7685,Movie,2015,"July 1, 2016",1,TV-MA,Dramas,India,3,1,105.0
s7686,Movie,2016,"August 26, 2016",0,TV-MA,Dramas,United States,2,1,92.0
s7687,Movie,2016,"March 18, 2020",4,TV-14,Documentaries,United Kingdom,2,1,91.0
s7688,Movie,2017,"June 22, 2017",0,R,Horror Movies,Canada,1,2,81.0
s7689,Movie,2002,"January 1, 2019",17,PG-13,Action & Adventure,United States,2,1,124.0
s7690,Movie,2005,"January 1, 2019",14,PG-13,Action & Adventure,United States,1,1,101.0
s7691,Movie,2001,"June 1, 2017",16,R,Dramas,Mexico,3,1,106.0
s7692,Movie,2008,"March 1, 2018",10,TV-MA,Dramas,India,3,1,137.0
s7693,Movie,2020,"November 3, 2020",0,TV-PG,Documentaries,Unknown,1,0,15.0
s7694,Movie,2001,"March 1, 2018",17,TV-14,Dramas,India,3,1,171.0
s7695,Movie,1994,"July 1, 2017",23,TV-14,Dramas,India,2,1,148.0
s7696,Movie,2011,"November 1, 2017",6,TV-14,Dramas,India,3,1,132.0
s7697,Movie,2013,"May 1, 2017",4,TV-14,Action & Adventure,India,3,1,147.0
s7698,Movie,2006,"January 1, 2018",12,TV-PG,Comedies,India,3,1,151.0
s7699,TV Show,2019,"June 14, 2019",0,TV-MA,Crime TV Shows,Mexico,3,1,1.0
s7700,TV Show,2019,"December 31, 2019",0,TV-14,International TV Shows,China,2,1,1.0
s7701,Movie,2018,"October 22, 2019",1,TV-14,Dramas,Egypt,3,3,97.0
s7702,Movie,2020,"February 21, 2020",0,TV-MA,Dramas,India,2,1,117.0
s7703,Movie,2014,"November 1, 2018",4,TV-PG,Comedies,India,3,1,95.0
s7704,TV Show,2018,"August 31, 2018",0,TV-PG,International TV Shows,India,2,1,1.0
s7705,Movie,2014,"August 5, 2015",1,PG,Children & Family Movies,France,2,2,90.0
s7706,Movie,2008,"January 1, 2020",12,PG-13,Comedies,United States,2,2,104.0
s7707,Movie,2010,"December 6, 2018",8,TV-PG,International Movies,Thailand,3,1,111.0
s7708,Movie,2012,"November 8, 2018",6,TV-PG,International Movies,Thailand,3,1,112.0
s7709,Movie,2015,"November 8, 2018",3,TV-PG,International Movies,Thailand,3,1,107.0
s7710,TV Show,2014,"July 1, 2017",3,TV-14,International TV Shows,Singapore,2,1,1.0
s7711,Movie,2020,"October 22, 2020",0,R,Comedies,United States,3,1,78.0
s7712,TV Show,2018,"October 5, 2018",0,TV-MA,International TV Shows,South Korea,3,1,1.0
s7713,TV Show,2015,"April 1, 2016",1,TV-Y7,Anime Series,United States,2,1,1.0
s7714,Movie,2016,"December 1, 2016",0,TV-Y7,Anime Features,Japan,2,2,96.0
s7715,Movie,2016,"December 2, 2016",0,PG-13,Comedies,United States,3,1,88.0
s7716,TV Show,2016,"June 23, 2018",2,TV-Y,Kids' TV,Unknown,1,0,1.0
s7717,Movie,2015,"June 23, 2018",3,TV-Y,Children & Family Movies,Russia,1,2,78.0
s7718,TV Show,2016,"June 7, 2018",2,TV-Y7,Kids' TV,Unknown,1,0,1.0
s7719,Movie,2018,"August 17, 2018",0,TV-MA,Stand-Up Comedy,South Korea,1,1,54.0
s7720,Movie,2018,"March 16, 2018",0,TV-MA,Stand-Up Comedy,Unknown,1,0,63.0
s7721,TV Show,2020,"March 25, 2020",0,TV-Y,Kids' TV,South Korea,2,1,3.0
s7722,TV Show,2019,"December 26, 2019",0,TV-MA,Crime TV Shows,United States,3,1,2.0
s7723,Movie,2020,"December 4, 2020",0,TV-PG,Children & Family Movies,United States,2,1,93.0
s7724,Movie,2017,"December 31, 2017",0,TV-G,Children & Family Movies,United Kingdom,1,1,87.0
s7725,Movie,2017,"December 19, 2017",0,TV-PG,Comedies,United States,2,1,85.0
s7726,TV Show,2020,"October 1, 2020",0,TV-MA,Crime TV Shows,Mexico,3,1,1.0
s7727,Movie,2015,"July 1, 2016",1,TV-MA,Dramas,Croatia,2,4,157.0
s7728,Movie,2009,"February 27, 2019",10,TV-PG,Comedies,Philippines,3,1,116.0
s7729,Movie,2008,"September 1, 2019",11,UR,Action & Adventure,United States,2,1,113.0
s7730,Movie,2017,"June 23, 2017",0,TV-MA,Dramas,United States,2,1,89.0
s7731,TV Show,2019,"April 10, 2019",0,TV-PG,Kids' TV,United States,3,1,1.0
s7732,Movie,2016,"February 15, 2019",3,TV-PG,Comedies,Turkey,3,1,107.0
s7733,Movie,2015,"September 4, 2020",5,TV-14,Comedies,Philippines,3,1,117.0
s7734,TV Show,2008,"August 1, 2016",8,TV-MA,International TV Shows,Taiwan,3,1,1.0
s7735,Movie,2020,"October 2, 2020",0,TV-MA,Comedies,Mexico,3,1,112.0
s7736,TV Show,2017,"June 21, 2017",0,TV-14,TV Comedies,United States,1,1,5.0
s7737,Movie,2011,"November 20, 2019",8,R,Comedies,United States,3,1,94.0
s7738,Movie,1973,"November 1, 2016",43,NR,Action & Adventure,Hong Kong,2,1,81.0
s7739,TV Show,2020,"September 3, 2020",0,TV-MA,Crime TV Shows,United Kingdom,3,1,1.0
s7740,Movie,2019,"July 10, 2020",1,TV-G,Comedies,Unknown,2,0,120.0
s7741,TV Show,2014,"March 1, 2016",2,TV-14,Anime Series,Japan,3,1,1.0
s7742,Movie,2020,"December 23, 2020",0,TV-MA,Dramas,Taiwan,3,1,115.0
s7743,Movie,2018,"March 1, 2019",1,TV-MA,Dramas,Spain,3,2,103.0
s7744,TV Show,2012,"July 1, 2017",5,TV-14,International TV Shows,Singapore,3,1,1.0
s7745,Movie,2020,"April 24, 2020",0,TV-MA,Stand-Up Comedy,India,1,1,72.0
s7746,Movie,2005,"November 20, 2019",14,PG,Children & Family Movies,United States,2,1,88.0
s7747,TV Show,2019,"April 25, 2020",1,TV-14,International TV Shows,Unknown,2,0,1.0
s7748,Movie,2016,"October 11, 2018",2,TV-14,Dramas,Egypt,3,2,98.0
s7749,Movie,2009,"April 25, 2020",11,TV-14,Comedies,Egypt,3,1,115.0
s7750,TV Show,2005,"July 8, 2020",15,TV-Y7,Anime Series,Japan,2,1,2.0
s7751,TV Show,2015,"May 1, 2018",3,TV-Y7,Anime Series,Japan,2,2,2.0
s7752,Movie,2018,"February 15, 2019",1,TV-MA,Comedies,Spain,2,1,130.0
s7753,TV Show,2019,"July 3, 2019",0,TV-MA,International TV Shows,Australia,2,1,2.0
s7754,TV Show,2016,"January 17, 2017",1,TV-PG,International TV Shows,Turkey,2,1,2.0
s7755,Movie,2004,"March 1, 2018",14,TV-14,Dramas,India,2,1,160.0
s7756,TV Show,2018,"January 27, 2019",1,TV-MA,TV Action & Adventure,United States,3,1,5.0
s7757,TV Show,2018,"February 22, 2019",1,TV-PG,Kids' TV,Brazil,1,1,2.0
s7758,Movie,2006,"February 26, 2019",13,TV-MA,Stand-Up Comedy,United States,1,1,61.0
s7759,Movie,2008,"October 1, 2018",10,R,Comedies,United States,3,1,101.0
s7760,TV Show,2016,"September 13, 2018",2,TV-Y7,Kids' TV,United States,1,4,3.0
s7761,Movie,2005,"May 19, 2020",15,TV-PG,Comedies,Egypt,3,1,109.0
s7762,Movie,2014,"February 1, 2017",3,TV-Y,Children & Family Movies,Canada,2,2,92.0
s7763,Movie,2014,"December 31, 2019",5,TV-MA,Comedies,India,3,1,131.0
s7764,Movie,2009,"February 15, 2018",9,TV-14,Dramas,India,2,1,120.0
s7765,Movie,2018,"May 21, 2019",1,TV-14,Comedies,India,3,1,159.0
s7766,Movie,2018,"December 13, 2019",1,TV-MA,International Movies,Unknown,2,0,89.0
s7767,TV Show,2016,"December 1, 2017",1,TV-Y7,Kids' TV,France,2,1,1.0
s7768,TV Show,2012,"December 15, 2016",4,TV-PG,International TV Shows,Pakistan,3,1,1.0
s7769,Movie,2016,"October 1, 2018",2,TV-14,Dramas,Pakistan,3,1,126.0
s7770,Movie,2011,"December 15, 2019",8,TV-14,Comedies,India,3,1,154.0
s7771,Movie,2015,"March 9, 2016",1,TV-MA,Dramas,United Arab Emirates,3,2,96.0
s7772,Movie,2018,"August 10, 2018",0,TV-PG,Documentaries,United States,2,1,12.0
s7773,Movie,2016,"July 1, 2017",1,TV-PG,Children & Family Movies,Spain,2,1,105.0
s7774,Movie,2016,"November 1, 2019",3,TV-MA,Documentaries,Mexico,3,1,89.0
s7775,Movie,2007,"November 20, 2019",12,R,Cult Movies,United States,3,1,158.0
s7776,TV Show,2018,"August 14, 2020",2,TV-Y7,Anime Series,Japan,2,1,1.0
s7777,Movie,2011,"November 1, 2018",7,PG,Children & Family Movies,India,2,1,104.0
s7778,TV Show,2018,"July 1, 2019",1,TV-Y7,Kids' TV,Unknown,3,0,2.0
s7779,Movie,2009,"November 1, 2019",10,R,Comedies,United States,2,1,88.0
s7780,TV Show,2019,"November 26, 2019",0,TV-MA,International TV Shows,Mexico,3,1,1.0
s7781,Movie,2018,"July 1, 2018",0,TV-MA,Dramas,India,3,1,94.0
s7782,Movie,2006,"January 11, 2020",14,PG,Children & Family Movies,United States,2,1,88.0
s7783,Movie,2005,"October 19, 2020",15,TV-MA,Dramas,Sweden,2,5,99.0
s7784,Movie,2015,"March 2, 2019",4,TV-14,Dramas,India,3,1,111.0
s7785,Movie,2019,"September 25, 2020",1,TV-MA,Documentaries,Unknown,3,0,44.0
s7786,TV Show,2019,"October 31, 2020",1,TV-PG,International TV Shows,Australia,2,1,1.0
s7787,Movie,2019,"March 1, 2020",1,TV-MA,Documentaries,United Kingdom,2,3,90.0
